song_id,pattern,frequency,salience
NLB070996_01,5_3,12,0.15560585286040707
NLB070996_01,5_3_1_3_3,3,0.1554755196061926
NLB070996_01,5_3_1_3_3_5,3,0.1554755196061926
NLB070996_01,3_1_3_3_5,3,0.1496921927857617
NLB070996_01,3_1_3_3,3,0.1425038243617238
NLB070996_01,5_5_5,5,0.13176798835796746
NLB070996_01,5_5,7,0.12648894338046845
NLB070996_01,3_5_3,4,0.09977290825119808
NLB070996_01,3_5,7,0.09519385818476145
NLB070996_01,5_3_1,6,0.09330744106048844
NLB070996_01,3_1,6,0.07780292643020353
