song_id,pattern,frequency,salience
NLB075313_01,1_1,5,0.12502180189057663
NLB075313_01,6_6,3,0.10527292471919332
NLB075313_01,6_6_6,2,0.1046873623785663
NLB075313_01,5_5,4,0.1000174415124613
NLB075313_01,12_1_1_10_10,1,0.0989357258923646
NLB075313_01,5_5_5_6_10,1,0.0989357258923646
NLB075313_01,5_5_6_10_10,1,0.0989357258923646
NLB075313_01,8_6,4,0.08313959676465771
NLB075313_01,10_10,3,0.07890599254108777
NLB075313_01,6_5,4,0.07612342502066087
NLB075313_01,10_8,4,0.07422291673577622
