song_id,pattern,frequency,salience
NLB072254_01,8_8_8_1_3,2,0.17369650198877573
NLB072254_01,8_8,7,0.14412637188384855
NLB072254_01,8_8_1_3,2,0.13680562230439106
NLB072254_01,8_8_8,4,0.13153638032044793
NLB072254_01,8_1_3,3,0.1219801721123474
NLB072254_01,3_6,3,0.12143955008007026
NLB072254_01,3_6_5_3,2,0.1142507971228892
NLB072254_01,3_3,3,0.08126700612248457
NLB072254_01,1_3,3,0.06610323055349321
NLB072254_01,6_5,3,0.06281918126973249
NLB072254_01,8_1,3,0.06264259756664632
