{"id": "KB0908800020", "tunefamily": "", "year": -1, "tunefamily_full": "", "type": "", "freemeter": false, "origin": "", "features": {"scaledegree": [1, 5, 1, 4, 3, 2, 2, 3, 1, 5, 1, 4, 3, 2, 2, 1], "scaledegreespecifier": ["P", "P", "P", "P", "M", "M", "M", "M", "P", "P", "P", "P", "M", "M", "M", "P"], "tonic": ["F", "F", "F", "F", "F", "F", "F", "F", "F", "F", "F", "F", "F", "F", "F", "F"], "mode": ["major", "major", "major", "major", "major", "major", "major", "major", "major", "major", "major", "major", "major", "major", "major", "major"], "metriccontour": [null, "-", "+", "-", "+", "+", "-", "+", "+", "-", "+", "-", "+", "+", "-", "+"], "imaweight": [1.0, 0.362319, 0.362319, 0.362319, 1.0, 0.884058, 0.565217, 0.884058, 1.0, 0.42029, 0.478261, 0.42029, 1.0, 0.956522, 0.304348, 0.956522], "imaweight_spectral": [0.915094, 0.386792, 0.462264, 0.386792, 0.877358, 0.915094, 0.707547, 0.915094, 0.877358, 0.424528, 0.537736, 0.424528, 0.877358, 0.962264, 0.537736, 1.0], "pitch40_hewlett": [140, 123, 140, 157, 152, 146, 146, 152, 140, 123, 140, 157, 152, 146, 146, 140], "pitch40_sapp": [179, 162, 179, 196, 191, 185, 185, 191, 179, 162, 179, 196, 191, 185, 185, 179], "octave": [4, 4, 4, 4, 4, 4, 4, 4, 4, 4, 4, 4, 4, 4, 4, 4], "midipitch": [65, 60, 65, 70, 69, 67, 67, 69, 65, 60, 65, 70, 69, 67, 67, 65], "diatonicpitch": [28, 25, 28, 31, 30, 29, 29, 30, 28, 25, 28, 31, 30, 29, 29, 28], "diatonicinterval": [null, -3, 3, 3, -1, -1, 0, 1, -2, -3, 3, 3, -1, -1, 0, -1], "chromaticinterval": [null, -5, 5, 5, -1, -2, 0, 2, -4, -5, 5, 5, -1, -2, 0, -2], "pitchproximity": [null, null, 5, 5, 1, 2, 0, 2, 4, 5, 5, 5, 1, 2, 0, 2], "pitchreversal": [null, null, 1.5, 0, 0, 0, 0, 0, 1.5, 0, 1.5, 0, 0, 0, 0, 0], "nextisrest": [false, false, false, false, false, false, false, false, false, false, false, false, false, false, false, null], "restduration_frac": [null, null, null, null, null, null, null, null, null, null, null, null, null, null, null, null], "duration": [0.25, 0.25, 0.25, 0.25, 1.0, 0.5, 0.5, 1.0, 0.25, 0.25, 0.25, 0.25, 1.0, 0.5, 0.5, 1.0], "duration_frac": ["1/4", "1/4", "1/4", "1/4", "1", "1/2", "1/2", "1", "1/4", "1/4", "1/4", "1/4", "1", "1/2", "1/2", "1"], "duration_fullname": ["16th", "16th", "16th", "16th", "Quarter", "Eighth", "Eighth", "Quarter", "16th", "16th", "16th", "16th", "Quarter", "Eighth", "Eighth", "Quarter"], "durationcontour": [null, "=", "=", "=", "+", "-", "=", "+", "-", "=", "=", "=", "+", "-", "=", "+"], "onsettick": [0, 1, 2, 3, 4, 8, 10, 12, 16, 17, 18, 19, 20, 24, 26, 28], "beatfraction": ["1/4", "1/4", "1/4", "1/4", "1", "1/2", "1/2", "1", "1/4", "1/4", "1/4", "1/4", "1", "1/2", "1/2", "1"], "phrasepos": [0.0, 0.03571428571428571, 0.07142857142857142, 0.10714285714285714, 0.14285714285714285, 0.2857142857142857, 0.35714285714285715, 0.42857142857142855, 0.5714285714285714, 0.6071428571428571, 0.6428571428571429, 0.6785714285714286, 0.7142857142857143, 0.8571428571428571, 0.9285714285714286, 1.0], "phrase_ix": [0, 0, 0, 0, 0, 0, 0, 0, 0, 0, 0, 0, 0, 0, 0, 0], "phrase_end": [false, false, false, false, false, false, false, false, false, false, false, false, false, false, false, true], "songpos": [0.0, 0.03571428571428571, 0.07142857142857142, 0.10714285714285714, 0.14285714285714285, 0.2857142857142857, 0.35714285714285715, 0.42857142857142855, 0.5714285714285714, 0.6071428571428571, 0.6428571428571429, 0.6785714285714286, 0.7142857142857143, 0.8571428571428571, 0.9285714285714286, 1.0], "beatinsong": ["0", "1/4", "1/2", "3/4", "1", "2", "5/2", "3", "4", "17/4", "9/2", "19/4", "5", "6", "13/2", "7"], "beatinphrase": ["0", "1/4", "1/2", "3/4", "1", "2", "5/2", "3", "4", "17/4", "9/2", "19/4", "5", "6", "13/2", "7"], "beatinphrase_end": ["-6", "-23/4", "-11/2", "-21/4", "-5", "-4", "-7/2", "-3", "-2", "-7/4", "-3/2", "-5/4", "-1", "0", "1/2", "1"], "IOI_frac": ["1/4", "1/4", "1/4", "1/4", "1", "1/2", "1/2", "1", "1/4", "1/4", "1/4", "1/4", "1", "1/2", "1/2", null], "IOI": [0.25, 0.25, 0.25, 0.25, 1.0, 0.5, 0.5, 1.0, 0.25, 0.25, 0.25, 0.25, 1.0, 0.5, 0.5, null], "IOR_frac": [null, "1", "1", "1", "4", "1/2", "1", "2", "1/4", "1", "1", "1", "4", "1/2", "1", null], "IOR": [null, 1.0, 1.0, 1.0, 4.0, 0.5, 1.0, 2.0, 0.25, 1.0, 1.0, 1.0, 4.0, 0.5, 1.0, null], "imacontour": [null, "-", "=", "=", "+", "-", "-", "+", "+", "-", "+", "-", "+", "-", "-", "+"], "pitch": ["F4", "C4", "F4", "B-4", "A4", "G4", "G4", "A4", "F4", "C4", "F4", "B-4", "A4", "G4", "G4", "F4"], "contour3": [null, "-", "+", "+", "-", "-", "=", "+", "-", "-", "+", "+", "-", "-", "=", "-"], "contour5": [null, "--", "++", "++", "-", "-", "=", "+", "--", "--", "++", "++", "-", "-", "=", "-"], "beatstrength": [1.0, 0.125, 0.25, 0.125, 0.5, 1.0, 0.25, 0.5, 1.0, 0.125, 0.25, 0.125, 0.5, 1.0, 0.25, 0.5], "beat_str": ["1", "1", "1", "1", "2", "1", "1", "2", "1", "1", "1", "1", "2", "1", "1", "2"], "beat_fraction_str": ["0", "1/4", "1/2", "3/4", "0", "0", "1/2", "0", "0", "1/4", "1/2", "3/4", "0", "0", "1/2", "0"], "beat": [1.0, 1.25, 1.5, 1.75, 2.0, 1.0, 1.5, 2.0, 1.0, 1.25, 1.5, 1.75, 2.0, 1.0, 1.5, 2.0], "timesignature": ["2/4", "2/4", "2/4", "2/4", "2/4", "2/4", "2/4", "2/4", "2/4", "2/4", "2/4", "2/4", "2/4", "2/4", "2/4", "2/4"], "gpr2a_Frankland": [null, null, null, null, null, null, null, null, null, null, null, null, null, null, null, null], "gpr2b_Frankland": [null, null, null, null, 0.625, null, null, 0.625, null, null, null, null, 0.625, null, null, null], "gpr3a_Frankland": [null, null, null, null, 0.75, null, null, null, null, null, null, null, 0.75, null, null, null], "gpr3d_Frankland": [null, 0.0, null, null, null, null, null, null, null, 0.0, null, null, null, null, null, null], "gpr_Frankland_sum": [0, 0, 0, 0, 1.375, 0, 0, 0.625, 0, 0, 0, 0, 1.375, 0, 0, 0], "lbdm_spitch": [null, 0.0, 1.0, 0.27999999999999997, 0.5599999999999999, 0.0, 0.6, 0.5454545454545455, 0.18181818181818182, 0.0, 1.0, 0.27999999999999997, 0.5599999999999999, 0.0, null, null], "lbdm_sioi": [null, 0.0, 0.0, 0.1607142857142857, 1.0, 0.17857142857142855, 0.17857142857142855, 1.0, 0.1607142857142857, 0.0, 0.0, 0.1607142857142857, 1.0, 0.17857142857142855, null, null], "lbdm_srest": [null, 0.0, 0.0, 0.0, 0.0, 0.0, 0.0, 0.0, 0.0, 0.0, 0.0, 0.0, 0.0, 0.0, null, null], "lbdm_rpitch": [null, 0.0, 0.0, 0.5, 0.2, 0.5, 0.5, 0.25, 0.09090909090909091, 0.0, 0.0, 0.5, 0.2, 0.5, 0.5, null], "lbdm_rioi": [null, 0.0, 0.0, 0.0, 0.6, 0.3333333333333333, 0.0, 0.3333333333333333, 0.6, 0.0, 0.0, 0.0, 0.6, 0.3333333333333333, 0.0, null], "lbdm_rrest": [null, 0.0, 0.0, 0.0, 0.0, 0.0, 0.0, 0.0, 0.0, 0.0, 0.0, 0.0, 0.0, 0.0, 0.0, null], "lbdm_boundarystrength": [null, 0.0, 0.25, 0.15035714285714286, 0.64, 0.08928571428571427, 0.23928571428571427, 0.6363636363636364, 0.12581168831168832, 0.0, 0.25, 0.15035714285714286, 0.64, 0.08928571428571427, null, null]}}
