{"id": "KB0901200001", "tunefamily": "", "year": -1, "tunefamily_full": "", "type": "", "freemeter": false, "origin": "", "features": {"scaledegree": [3, 3, 3, 1, 5, 7, 2, 4, 3, 3, 3, 1, 5, 7, 2, 1], "scaledegreespecifier": ["M", "M", "M", "P", "P", "M", "M", "P", "M", "M", "M", "P", "P", "M", "M", "P"], "tonic": ["C", "C", "C", "C", "C", "C", "C", "C", "C", "C", "C", "C", "C", "C", "C", "C"], "mode": ["major", "major", "major", "major", "major", "major", "major", "major", "major", "major", "major", "major", "major", "major", "major", "major"], "metriccontour": [null, "-", "=", "+", "-", "+", "-", "+", "+", "-", "=", "+", "-", "+", "-", "+"], "imaweight": [0.830769, 0.830769, 0.707692, 0.830769, 0.830769, 0.784615, 0.446154, 0.892308, 1.0, 0.753846, 0.907692, 0.753846, 0.938462, 0.830769, 0.2, 0.646154], "imaweight_spectral": [0.829787, 1.0, 0.744681, 1.0, 0.829787, 0.925532, 0.351064, 1.0, 0.946809, 0.87234, 0.882979, 0.87234, 0.904255, 0.957447, 0.180851, 0.925532], "pitch40_hewlett": [175, 175, 175, 163, 146, 158, 169, 180, 175, 175, 175, 163, 146, 158, 169, 163], "pitch40_sapp": [214, 214, 214, 202, 185, 197, 208, 219, 214, 214, 214, 202, 185, 197, 208, 202], "octave": [5, 5, 5, 5, 4, 4, 5, 5, 5, 5, 5, 5, 4, 4, 5, 5], "midipitch": [76, 76, 76, 72, 67, 71, 74, 77, 76, 76, 76, 72, 67, 71, 74, 72], "diatonicpitch": [37, 37, 37, 35, 32, 34, 36, 38, 37, 37, 37, 35, 32, 34, 36, 35], "diatonicinterval": [null, 0, 0, -2, -3, 2, 2, 2, -1, 0, 0, -2, -3, 2, 2, -1], "chromaticinterval": [null, 0, 0, -4, -5, 4, 3, 3, -1, 0, 0, -4, -5, 4, 3, -2], "pitchproximity": [null, null, 0, 4, 5, 4, 3, 3, 1, 0, 0, 4, 5, 4, 3, 2], "pitchreversal": [null, null, 0, 0, 0, 1.5, 0, 0, 1.5, 0, 0, 0, 0, 1.5, 0, 1.5], "nextisrest": [false, false, false, false, false, false, false, false, false, false, false, false, false, false, false, null], "restduration_frac": [null, null, null, null, null, null, null, null, null, null, null, null, null, null, null, null], "duration": [0.5, 0.5, 0.5, 0.5, 1.0, 0.25, 0.25, 1.0, 0.5, 0.5, 0.5, 0.5, 1.0, 0.25, 0.25, 1.0], "duration_frac": ["1/2", "1/2", "1/2", "1/2", "1", "1/4", "1/4", "1", "1/2", "1/2", "1/2", "1/2", "1", "1/4", "1/4", "1"], "duration_fullname": ["Eighth", "Eighth", "Eighth", "Eighth", "Quarter", "16th", "16th", "Quarter", "Eighth", "Eighth", "Eighth", "Eighth", "Quarter", "16th", "16th", "Quarter"], "durationcontour": [null, "=", "=", "=", "+", "-", "=", "+", "-", "=", "=", "=", "+", "-", "=", "+"], "onsettick": [0, 2, 4, 6, 8, 12, 13, 14, 18, 20, 22, 24, 26, 30, 31, 32], "beatfraction": ["1/3", "1/3", "1/3", "1/3", "2/3", "1/6", "1/6", "2/3", "1/3", "1/3", "1/3", "1/3", "2/3", "1/6", "1/6", "2/3"], "phrasepos": [0.0, 0.0625, 0.125, 0.1875, 0.25, 0.375, 0.40625, 0.4375, 0.5625, 0.625, 0.6875, 0.75, 0.8125, 0.9375, 0.96875, 1.0], "phrase_ix": [0, 0, 0, 0, 0, 0, 0, 0, 0, 0, 0, 0, 0, 0, 0, 0], "phrase_end": [false, false, false, false, false, false, false, false, false, false, false, false, false, false, false, true], "songpos": [0.0, 0.0625, 0.125, 0.1875, 0.25, 0.375, 0.40625, 0.4375, 0.5625, 0.625, 0.6875, 0.75, 0.8125, 0.9375, 0.96875, 1.0], "beatinsong": ["0", "1/3", "2/3", "1", "4/3", "2", "13/6", "7/3", "3", "10/3", "11/3", "4", "13/3", "5", "31/6", "16/3"], "beatinphrase": ["0", "1/3", "2/3", "1", "4/3", "2", "13/6", "7/3", "3", "10/3", "11/3", "4", "13/3", "5", "31/6", "16/3"], "beatinphrase_end": ["-5", "-14/3", "-13/3", "-4", "-11/3", "-3", "-17/6", "-8/3", "-2", "-5/3", "-4/3", "-1", "-2/3", "0", "1/6", "1/3"], "IOI_frac": ["1/2", "1/2", "1/2", "1/2", "1", "1/4", "1/4", "1", "1/2", "1/2", "1/2", "1/2", "1", "1/4", "1/4", null], "IOI": [0.5, 0.5, 0.5, 0.5, 1.0, 0.25, 0.25, 1.0, 0.5, 0.5, 0.5, 0.5, 1.0, 0.25, 0.25, null], "IOR_frac": [null, "1", "1", "1", "2", "1/4", "1", "4", "1/2", "1", "1", "1", "2", "1/4", "1", null], "IOR": [null, 1.0, 1.0, 1.0, 2.0, 0.25, 1.0, 4.0, 0.5, 1.0, 1.0, 1.0, 2.0, 0.25, 1.0, null], "imacontour": [null, "=", "-", "+", "=", "-", "-", "+", "+", "-", "+", "-", "+", "-", "-", "+"], "pitch": ["E5", "E5", "E5", "C5", "G4", "B4", "D5", "F5", "E5", "E5", "E5", "C5", "G4", "B4", "D5", "C5"], "contour3": [null, "=", "=", "-", "-", "+", "+", "+", "-", "=", "=", "-", "-", "+", "+", "-"], "contour5": [null, "=", "=", "--", "--", "++", "++", "++", "-", "=", "=", "--", "--", "++", "++", "-"], "beatstrength": [1.0, 0.5, 0.5, 1.0, 0.5, 1.0, 0.25, 0.5, 1.0, 0.5, 0.5, 1.0, 0.5, 1.0, 0.25, 0.5], "beat_str": ["1", "1", "1", "1", "1", "1", "1", "1", "1", "1", "1", "1", "1", "1", "1", "1"], "beat_fraction_str": ["0", "1/3", "2/3", "0", "1/3", "0", "1/6", "1/3", "0", "1/3", "2/3", "0", "1/3", "0", "1/6", "1/3"], "beat": [1.0, 1.3333333333333333, 1.6666666666666667, 1.0, 1.3333333333333333, 1.0, 1.1666666666666667, 1.3333333333333333, 1.0, 1.3333333333333333, 1.6666666666666667, 1.0, 1.3333333333333333, 1.0, 1.1666666666666667, 1.3333333333333333], "timesignature": ["3/8", "3/8", "3/8", "3/8", "3/8", "3/8", "3/8", "3/8", "3/8", "3/8", "3/8", "3/8", "3/8", "3/8", "3/8", "3/8"], "gpr2a_Frankland": [null, null, null, null, null, null, null, null, null, null, null, null, null, null, null, null], "gpr2b_Frankland": [null, null, null, null, 0.625, null, null, 0.625, null, null, null, null, 0.625, null, null, null], "gpr3a_Frankland": [null, null, null, 0.19999999999999996, null, null, null, null, null, null, null, 0.19999999999999996, null, null, null, null], "gpr3d_Frankland": [null, 0.0, null, null, null, null, null, null, null, 0.0, null, null, null, null, null, null], "gpr_Frankland_sum": [0, 0, 0, 0.19999999999999996, 0.625, 0, 0, 0.625, 0, 0, 0, 0.19999999999999996, 0.625, 0, 0, 0], "lbdm_spitch": [null, 0.0, 1.0, 0.30000000000000004, 0.26666666666666666, 0.11, 0.33, 0.22, 0.0, 0.0, 1.0, 0.30000000000000004, 0.26666666666666666, 0.2514285714285714, null, null], "lbdm_sioi": [null, 0.0, 0.0, 0.17857142857142855, 1.0, 0.1607142857142857, 0.1607142857142857, 1.0, 0.17857142857142855, 0.0, 0.0, 0.17857142857142855, 1.0, 0.1607142857142857, null, null], "lbdm_srest": [null, 0.0, 0.0, 0.0, 0.0, 0.0, 0.0, 0.0, 0.0, 0.0, 0.0, 0.0, 0.0, 0.0, null, null], "lbdm_rpitch": [null, 0.0, 0.6666666666666666, 0.09090909090909091, 0.09090909090909091, 0.1111111111111111, 0.0, 0.3333333333333333, 0.3333333333333333, 0.0, 0.6666666666666666, 0.09090909090909091, 0.09090909090909091, 0.1111111111111111, 0.14285714285714285, null], "lbdm_rioi": [null, 0.0, 0.0, 0.0, 0.3333333333333333, 0.6, 0.0, 0.6, 0.3333333333333333, 0.0, 0.0, 0.0, 0.3333333333333333, 0.6, 0.0, null], "lbdm_rrest": [null, 0.0, 0.0, 0.0, 0.0, 0.0, 0.0, 0.0, 0.0, 0.0, 0.0, 0.0, 0.0, 0.0, 0.0, null], "lbdm_boundarystrength": [null, 0.0, 0.25, 0.16428571428571428, 0.5666666666666667, 0.10785714285714285, 0.16285714285714287, 0.555, 0.08928571428571427, 0.0, 0.25, 0.16428571428571428, 0.5666666666666667, 0.14321428571428568, null, null]}}
