{"id": "KB1014900010", "tunefamily": "", "year": -1, "tunefamily_full": "", "type": "", "freemeter": false, "origin": "", "features": {"scaledegree": [6, 7, 6, 5, 4, 6, 4, 6, 4, 2, 5, 5, 5, 5, 3, 5, 3, 5, 1], "scaledegreespecifier": ["M", "m", "M", "P", "P", "M", "P", "M", "P", "M", "P", "P", "P", "P", "M", "P", "M", "P", "P"], "tonic": ["G", "G", "G", "G", "G", "G", "G", "G", "G", "G", "G", "G", "G", "G", "G", "G", "G", "G", "G"], "mode": ["major", "major", "major", "major", "major", "major", "major", "major", "major", "major", "major", "major", "major", "major", "major", "major", "major", "major", "major"], "metriccontour": [null, "-", "+", "-", "+", "-", "+", "-", "+", "-", "+", "-", "+", "-", "+", "-", "+", "-", "+"], "imaweight": [1.0, 0.115741, 0.981481, 0.134259, 0.981481, 0.944444, 0.925926, 0.990741, 0.944444, 0.944444, 1.0, 0.189815, 0.981481, 0.171296, 1.0, 0.944444, 0.967593, 0.944444, 0.967593], "imaweight_spectral": [0.928, 0.18, 0.944, 0.18, 0.944, 0.944, 0.944, 1.0, 0.96, 0.944, 0.928, 0.228, 0.928, 0.212, 0.928, 0.944, 0.98, 0.96, 0.98], "pitch40_hewlett": [175, 180, 175, 169, 163, 175, 163, 175, 163, 152, 169, 169, 169, 169, 158, 169, 158, 169, 146], "pitch40_sapp": [214, 219, 214, 208, 202, 214, 202, 214, 202, 191, 208, 208, 208, 208, 197, 208, 197, 208, 185], "octave": [5, 5, 5, 5, 5, 5, 5, 5, 5, 4, 5, 5, 5, 5, 4, 5, 4, 5, 4], "midipitch": [76, 77, 76, 74, 72, 76, 72, 76, 72, 69, 74, 74, 74, 74, 71, 74, 71, 74, 67], "diatonicpitch": [33, 34, 33, 32, 31, 33, 31, 33, 31, 29, 32, 32, 32, 32, 30, 32, 30, 32, 28], "diatonicinterval": [null, 1, -1, -1, -1, 2, -2, 2, -2, -2, 3, 0, 0, 0, -2, 2, -2, 2, -4], "chromaticinterval": [null, 1, -1, -2, -2, 4, -4, 4, -4, -3, 5, 0, 0, 0, -3, 3, -3, 3, -7], "pitchproximity": [null, null, 1, 2, 2, 4, 4, 4, 4, 3, 5, 0, 0, 0, 3, 3, 3, 3, 7], "pitchreversal": [null, null, 1.5, 0, 0, 1.5, 1.5, 1.5, 1.5, 0, 1.5, 0, 0, 0, 0, 1.5, 1.5, 1.5, 0], "nextisrest": [false, false, false, false, false, false, false, false, false, false, false, false, false, false, false, false, false, false, null], "restduration_frac": [null, null, null, null, null, null, null, null, null, null, null, null, null, null, null, null, null, null, null], "duration": [0.25, 0.25, 0.25, 0.25, 0.5, 0.5, 0.5, 0.5, 0.5, 0.5, 0.25, 0.25, 0.25, 0.25, 0.5, 0.5, 0.5, 0.5, 1.0], "duration_frac": ["1/4", "1/4", "1/4", "1/4", "1/2", "1/2", "1/2", "1/2", "1/2", "1/2", "1/4", "1/4", "1/4", "1/4", "1/2", "1/2", "1/2", "1/2", "1"], "duration_fullname": ["16th", "16th", "16th", "16th", "Eighth", "Eighth", "Eighth", "Eighth", "Eighth", "Eighth", "16th", "16th", "16th", "16th", "Eighth", "Eighth", "Eighth", "Eighth", "Quarter"], "durationcontour": [null, "=", "=", "=", "+", "=", "=", "=", "=", "=", "-", "=", "=", "=", "+", "=", "=", "=", "+"], "onsettick": [0, 1, 2, 3, 4, 6, 8, 10, 12, 14, 16, 17, 18, 19, 20, 22, 24, 26, 28], "beatfraction": ["1/4", "1/4", "1/4", "1/4", "1/2", "1/2", "1/2", "1/2", "1/2", "1/2", "1/4", "1/4", "1/4", "1/4", "1/2", "1/2", "1/2", "1/2", "1"], "phrasepos": [0.0, 0.03571428571428571, 0.07142857142857142, 0.10714285714285714, 0.14285714285714285, 0.21428571428571427, 0.2857142857142857, 0.35714285714285715, 0.42857142857142855, 0.5, 0.5714285714285714, 0.6071428571428571, 0.6428571428571429, 0.6785714285714286, 0.7142857142857143, 0.7857142857142857, 0.8571428571428571, 0.9285714285714286, 1.0], "phrase_ix": [0, 0, 0, 0, 0, 0, 0, 0, 0, 0, 0, 0, 0, 0, 0, 0, 0, 0, 0], "phrase_end": [false, false, false, false, false, false, false, false, false, false, false, false, false, false, false, false, false, false, true], "songpos": [0.0, 0.03571428571428571, 0.07142857142857142, 0.10714285714285714, 0.14285714285714285, 0.21428571428571427, 0.2857142857142857, 0.35714285714285715, 0.42857142857142855, 0.5, 0.5714285714285714, 0.6071428571428571, 0.6428571428571429, 0.6785714285714286, 0.7142857142857143, 0.7857142857142857, 0.8571428571428571, 0.9285714285714286, 1.0], "beatinsong": ["0", "1/4", "1/2", "3/4", "1", "3/2", "2", "5/2", "3", "7/2", "4", "17/4", "9/2", "19/4", "5", "11/2", "6", "13/2", "7"], "beatinphrase": ["0", "1/4", "1/2", "3/4", "1", "3/2", "2", "5/2", "3", "7/2", "4", "17/4", "9/2", "19/4", "5", "11/2", "6", "13/2", "7"], "beatinphrase_end": ["-6", "-23/4", "-11/2", "-21/4", "-5", "-9/2", "-4", "-7/2", "-3", "-5/2", "-2", "-7/4", "-3/2", "-5/4", "-1", "-1/2", "0", "1/2", "1"], "IOI_frac": ["1/4", "1/4", "1/4", "1/4", "1/2", "1/2", "1/2", "1/2", "1/2", "1/2", "1/4", "1/4", "1/4", "1/4", "1/2", "1/2", "1/2", "1/2", null], "IOI": [0.25, 0.25, 0.25, 0.25, 0.5, 0.5, 0.5, 0.5, 0.5, 0.5, 0.25, 0.25, 0.25, 0.25, 0.5, 0.5, 0.5, 0.5, null], "IOR_frac": [null, "1", "1", "1", "2", "1", "1", "1", "1", "1", "1/2", "1", "1", "1", "2", "1", "1", "1", null], "IOR": [null, 1.0, 1.0, 1.0, 2.0, 1.0, 1.0, 1.0, 1.0, 1.0, 0.5, 1.0, 1.0, 1.0, 2.0, 1.0, 1.0, 1.0, null], "imacontour": [null, "-", "+", "-", "+", "-", "-", "+", "-", "=", "+", "-", "+", "-", "+", "-", "+", "-", "+"], "pitch": ["E5", "F5", "E5", "D5", "C5", "E5", "C5", "E5", "C5", "A4", "D5", "D5", "D5", "D5", "B4", "D5", "B4", "D5", "G4"], "contour3": [null, "+", "-", "-", "-", "+", "-", "+", "-", "-", "+", "=", "=", "=", "-", "+", "-", "+", "-"], "contour5": [null, "+", "-", "-", "-", "++", "--", "++", "--", "--", "++", "=", "=", "=", "--", "++", "--", "++", "--"], "beatstrength": [1.0, 0.125, 0.25, 0.125, 0.5, 0.25, 1.0, 0.25, 0.5, 0.25, 1.0, 0.125, 0.25, 0.125, 0.5, 0.25, 1.0, 0.25, 0.5], "beat_str": ["1", "1", "1", "1", "2", "2", "1", "1", "2", "2", "1", "1", "1", "1", "2", "2", "1", "1", "2"], "beat_fraction_str": ["0", "1/4", "1/2", "3/4", "0", "1/2", "0", "1/2", "0", "1/2", "0", "1/4", "1/2", "3/4", "0", "1/2", "0", "1/2", "0"], "beat": [1.0, 1.25, 1.5, 1.75, 2.0, 2.5, 1.0, 1.5, 2.0, 2.5, 1.0, 1.25, 1.5, 1.75, 2.0, 2.5, 1.0, 1.5, 2.0], "timesignature": ["2/4", "2/4", "2/4", "2/4", "2/4", "2/4", "2/4", "2/4", "2/4", "2/4", "2/4", "2/4", "2/4", "2/4", "2/4", "2/4", "2/4", "2/4", "2/4"], "gpr2a_Frankland": [null, null, null, null, null, null, null, null, null, null, null, null, null, null, null, null, null, null, null], "gpr2b_Frankland": [null, null, null, null, null, null, null, null, null, null, null, null, null, null, null, null, null, null, null], "gpr3a_Frankland": [null, null, null, null, null, null, null, null, null, 0.7, null, null, null, null, null, null, null, null, null], "gpr3d_Frankland": [null, 0.0, null, 0.5, null, 0.0, 0.0, 0.0, null, 0.5, null, 0.0, null, 0.5, null, 0.0, null, null, null], "gpr_Frankland_sum": [0, 0, 0, 0.5, 0, 0, 0, 0, 0, 1.2, 0, 0, 0, 0.5, 0, 0, 0, 0, 0], "lbdm_spitch": [null, 0.04375, 0.0875, 0.10937499999999999, 0.21874999999999997, 0.0, 0.0, 0.09722222222222221, 0.20416666666666664, 1.0, 0.0, 0.0, 0.0, 0.39374999999999993, 0.0, 0.0, 0.21874999999999997, null, null], "lbdm_sioi": [null, 0.0, 0.0, 0.5, 1.0, 0.0, 0.0, 0.0, 0.0, 1.0, 0.5, 0.0, 0.0, 0.5, 1.0, 0.0, 0.0, null, null], "lbdm_srest": [null, 0.0, 0.0, 0.0, 0.0, 0.0, 0.0, 0.0, 0.0, 0.0, 0.0, 0.0, 0.0, 0.0, 0.0, 0.0, 0.0, null, null], "lbdm_rpitch": [null, 0.0, 0.2, 0.0, 0.25, 0.0, 0.0, 0.0, 0.1111111111111111, 0.2, 0.7142857142857143, 0.0, 0.0, 0.6, 0.0, 0.0, 0.0, 0.3333333333333333, null], "lbdm_rioi": [null, 0.0, 0.0, 0.0, 0.3333333333333333, 0.0, 0.0, 0.0, 0.0, 0.0, 0.3333333333333333, 0.0, 0.0, 0.0, 0.3333333333333333, 0.0, 0.0, 0.0, null], "lbdm_rrest": [null, 0.0, 0.0, 0.0, 0.0, 0.0, 0.0, 0.0, 0.0, 0.0, 0.0, 0.0, 0.0, 0.0, 0.0, 0.0, 0.0, 0.0, null], "lbdm_boundarystrength": [null, 0.0109375, 0.021875, 0.27734375, 0.5546875, 0.0, 0.0, 0.024305555555555552, 0.05104166666666666, 0.75, 0.25, 0.0, 0.0, 0.34843749999999996, 0.5, 0.0, 0.05468749999999999, null, null]}}
