{"id": "KB1008300020", "tunefamily": "", "year": -1, "tunefamily_full": "", "type": "", "freemeter": false, "origin": "", "features": {"scaledegree": [2, 7, 5, 5, 1, 3, 1, 1, 2, 7, 5, 7, 2, 7, 1], "scaledegreespecifier": ["M", "M", "P", "P", "P", "M", "P", "P", "M", "M", "P", "M", "M", "M", "P"], "tonic": ["G", "G", "G", "G", "G", "G", "G", "G", "G", "G", "G", "G", "G", "G", "G"], "mode": ["major", "major", "major", "major", "major", "major", "major", "major", "major", "major", "major", "major", "major", "major", "major"], "metriccontour": [null, "-", "+", "=", "+", "-", "+", "=", "+", "-", "+", "=", "+", "-", "+"], "imaweight": [0.794118, 0.294118, 0.794118, 1.0, 0.794118, 0.352941, 0.794118, 1.0, 0.794118, 0.352941, 0.794118, 1.0, 0.794118, 0.294118, 0.794118], "imaweight_spectral": [0.789474, 0.342105, 0.789474, 1.0, 0.789474, 0.394737, 0.789474, 1.0, 0.789474, 0.394737, 0.789474, 1.0, 0.789474, 0.342105, 0.789474], "pitch40_hewlett": [152, 141, 129, 129, 146, 158, 146, 146, 152, 141, 129, 141, 152, 141, 146], "pitch40_sapp": [191, 180, 168, 168, 185, 197, 185, 185, 191, 180, 168, 180, 191, 180, 185], "octave": [4, 4, 4, 4, 4, 4, 4, 4, 4, 4, 4, 4, 4, 4, 4], "midipitch": [69, 66, 62, 62, 67, 71, 67, 67, 69, 66, 62, 66, 69, 66, 67], "diatonicpitch": [29, 27, 25, 25, 28, 30, 28, 28, 29, 27, 25, 27, 29, 27, 28], "diatonicinterval": [null, -2, -2, 0, 3, 2, -2, 0, 1, -2, -2, 2, 2, -2, 1], "chromaticinterval": [null, -3, -4, 0, 5, 4, -4, 0, 2, -3, -4, 4, 3, -3, 1], "pitchproximity": [null, null, 4, 0, 5, 4, 4, 0, 2, 3, 4, 4, 3, 3, 1], "pitchreversal": [null, null, 0, 0, 0, 0, 1.5, 0, 0, 1.5, 0, 1.5, 0, 1.5, 1.5], "nextisrest": [false, false, false, false, false, false, false, false, false, false, false, false, false, false, true], "restduration_frac": [null, null, null, null, null, null, null, null, null, null, null, null, null, null, "1"], "duration": [0.5, 0.5, 1.0, 1.0, 0.5, 0.5, 1.0, 1.0, 0.5, 0.5, 1.0, 1.0, 0.5, 0.5, 1.0], "duration_frac": ["1/2", "1/2", "1", "1", "1/2", "1/2", "1", "1", "1/2", "1/2", "1", "1", "1/2", "1/2", "1"], "duration_fullname": ["Eighth", "Eighth", "Quarter", "Quarter", "Eighth", "Eighth", "Quarter", "Quarter", "Eighth", "Eighth", "Quarter", "Quarter", "Eighth", "Eighth", "Quarter"], "durationcontour": [null, "=", "+", "=", "-", "=", "+", "=", "-", "=", "+", "=", "-", "=", "+"], "onsettick": [0, 1, 2, 4, 6, 7, 8, 10, 12, 13, 14, 16, 18, 19, 20], "beatfraction": ["1/2", "1/2", "1", "1", "1/2", "1/2", "1", "1", "1/2", "1/2", "1", "1", "1/2", "1/2", "1"], "phrasepos": [0.0, 0.05, 0.1, 0.2, 0.3, 0.35, 0.4, 0.5, 0.6, 0.65, 0.7, 0.8, 0.9, 0.95, 1.0], "phrase_ix": [0, 0, 0, 0, 0, 0, 0, 0, 0, 0, 0, 0, 0, 0, 0], "phrase_end": [false, false, false, false, false, false, false, false, false, false, false, false, false, false, true], "songpos": [0.0, 0.05, 0.1, 0.2, 0.3, 0.35, 0.4, 0.5, 0.6, 0.65, 0.7, 0.8, 0.9, 0.95, 1.0], "beatinsong": ["0", "1/2", "1", "2", "3", "7/2", "4", "5", "6", "13/2", "7", "8", "9", "19/2", "10"], "beatinphrase": ["0", "1/2", "1", "2", "3", "7/2", "4", "5", "6", "13/2", "7", "8", "9", "19/2", "10"], "beatinphrase_end": ["-9", "-17/2", "-8", "-7", "-6", "-11/2", "-5", "-4", "-3", "-5/2", "-2", "-1", "0", "1/2", "1"], "IOI_frac": ["1/2", "1/2", "1", "1", "1/2", "1/2", "1", "1", "1/2", "1/2", "1", "1", "1/2", "1/2", "2"], "IOI": [0.5, 0.5, 1.0, 1.0, 0.5, 0.5, 1.0, 1.0, 0.5, 0.5, 1.0, 1.0, 0.5, 0.5, 2.0], "IOR_frac": [null, "1", "2", "1", "1/2", "1", "2", "1", "1/2", "1", "2", "1", "1/2", "1", "4"], "IOR": [null, 1.0, 2.0, 1.0, 0.5, 1.0, 2.0, 1.0, 0.5, 1.0, 2.0, 1.0, 0.5, 1.0, 4.0], "imacontour": [null, "-", "+", "+", "-", "-", "+", "+", "-", "-", "+", "+", "-", "-", "+"], "pitch": ["A4", "F#4", "D4", "D4", "G4", "B4", "G4", "G4", "A4", "F#4", "D4", "F#4", "A4", "F#4", "G4"], "contour3": [null, "-", "-", "=", "+", "+", "-", "=", "+", "-", "-", "+", "+", "-", "+"], "contour5": [null, "--", "--", "=", "++", "++", "--", "=", "+", "--", "--", "++", "++", "--", "+"], "beatstrength": [1.0, 0.25, 0.5, 0.5, 1.0, 0.25, 0.5, 0.5, 1.0, 0.25, 0.5, 0.5, 1.0, 0.25, 0.5], "beat_str": ["1", "1", "2", "3", "1", "1", "2", "3", "1", "1", "2", "3", "1", "1", "2"], "beat_fraction_str": ["0", "1/2", "0", "0", "0", "1/2", "0", "0", "0", "1/2", "0", "0", "0", "1/2", "0"], "beat": [1.0, 1.5, 2.0, 3.0, 1.0, 1.5, 2.0, 3.0, 1.0, 1.5, 2.0, 3.0, 1.0, 1.5, 2.0], "timesignature": ["3/4", "3/4", "3/4", "3/4", "3/4", "3/4", "3/4", "3/4", "3/4", "3/4", "3/4", "3/4", "3/4", "3/4", "3/4"], "gpr2a_Frankland": [null, null, null, null, null, null, null, null, null, null, null, null, null, null, 0.25], "gpr2b_Frankland": [null, null, null, null, null, null, null, null, null, null, null, null, null, null, null], "gpr3a_Frankland": [null, 0.625, null, 0.6, null, null, null, null, null, null, null, null, null, null, null], "gpr3d_Frankland": [null, 0.5, null, 0.5, null, 0.5, null, 0.5, null, 0.5, null, 0.5, null, null, null], "gpr_Frankland_sum": [0, 1.125, 0, 1.1, 0, 0.5, 0, 0.5, 0, 0.5, 0, 0.5, 0, 0, 0.25], "lbdm_spitch": [null, 0.7727598566308242, 0.0, 1.0, 0.09032258064516129, 0.6623655913978493, 0.0, 0.31935483870967735, 0.18924731182795695, 0.1103942652329749, 0.1103942652329749, 0.08279569892473117, 0.24838709677419354, null, null], "lbdm_sioi": [null, 0.5, 1.0, 1.0, 0.5, 0.5, 1.0, 1.0, 0.5, 0.5, 1.0, 1.0, 0.5, null, null], "lbdm_srest": [null, 0.0, 0.0, 0.0, 0.0, 0.0, 0.0, 0.0, 0.0, 0.0, 0.0, 0.0, 0.0, null, null], "lbdm_rpitch": [null, 0.1111111111111111, 0.6666666666666666, 0.7142857142857143, 0.09090909090909091, 0.0, 0.6666666666666666, 0.5, 0.14285714285714285, 0.1111111111111111, 0.0, 0.1111111111111111, 0.0, 0.3333333333333333, null], "lbdm_rioi": [null, 0.0, 0.3333333333333333, 0.0, 0.3333333333333333, 0.0, 0.3333333333333333, 0.0, 0.3333333333333333, 0.0, 0.3333333333333333, 0.0, 0.3333333333333333, 0.0, null], "lbdm_rrest": [null, 0.0, 0.0, 0.0, 0.0, 0.0, 0.0, 0.0, 0.0, 0.0, 0.0, 0.0, 0.0, 0.0, null], "lbdm_boundarystrength": [null, 0.44318996415770606, 0.5, 0.75, 0.2725806451612903, 0.4155913978494623, 0.5, 0.5798387096774194, 0.29731182795698924, 0.2775985663082437, 0.5275985663082438, 0.5206989247311828, 0.31209677419354837, null, null]}}
