{"id": "KB1100500002", "tunefamily": "", "year": -1, "tunefamily_full": "", "type": "", "freemeter": false, "origin": "", "features": {"scaledegree": [5, 5, 6, 4, 2, 5, 3, 1, 3, 1, 1, 1, 2, 7, 5, 5, 5, 3, 1], "scaledegreespecifier": ["P", "P", "M", "P", "M", "P", "M", "P", "M", "P", "P", "P", "M", "M", "P", "P", "P", "M", "P"], "tonic": ["G", "G", "G", "G", "G", "G", "G", "G", "G", "G", "G", "G", "G", "G", "G", "G", "G", "G", "G"], "mode": ["major", "major", "major", "major", "major", "major", "major", "major", "major", "major", "major", "major", "major", "major", "major", "major", "major", "major", "major"], "metriccontour": [null, "-", "+", "-", "+", "-", "+", "-", "+", "-", "+", "-", "+", "-", "+", "-", "+", "+", "-"], "imaweight": [0.479452, 0.287671, 0.472603, 0.143836, 0.773973, 0.479452, 0.732877, 0.575342, 0.80137, 0.363014, 0.534247, 0.219178, 1.0, 0.226027, 0.60274, 0.116438, 0.458904, 0.506849, 0.321918], "imaweight_spectral": [0.894737, 0.77193, 0.836257, 0.269006, 1.0, 0.654971, 0.847953, 0.71345, 0.836257, 0.362573, 0.584795, 0.263158, 0.982456, 0.28655, 0.842105, 0.216374, 0.719298, 0.883041, 0.654971], "pitch40_hewlett": [169, 169, 175, 163, 152, 169, 158, 146, 158, 146, 146, 146, 152, 141, 129, 129, 169, 158, 146], "pitch40_sapp": [208, 208, 214, 202, 191, 208, 197, 185, 197, 185, 185, 185, 191, 180, 168, 168, 208, 197, 185], "octave": [5, 5, 5, 5, 4, 5, 4, 4, 4, 4, 4, 4, 4, 4, 4, 4, 5, 4, 4], "midipitch": [74, 74, 76, 72, 69, 74, 71, 67, 71, 67, 67, 67, 69, 66, 62, 62, 74, 71, 67], "diatonicpitch": [32, 32, 33, 31, 29, 32, 30, 28, 30, 28, 28, 28, 29, 27, 25, 25, 32, 30, 28], "diatonicinterval": [null, 0, 1, -2, -2, 3, -2, -2, 2, -2, 0, 0, 1, -2, -2, 0, 7, -2, -2], "chromaticinterval": [null, 0, 2, -4, -3, 5, -3, -4, 4, -4, 0, 0, 2, -3, -4, 0, 12, -3, -4], "pitchproximity": [null, null, 2, 4, 3, 5, 3, 4, 4, 4, 0, 0, 2, 3, 4, 0, null, 3, 4], "pitchreversal": [null, null, 0, 1.5, 0, 1.5, 1.5, 0, 1.5, 1.5, 0, 0, 0, 1.5, 0, 0, 0, null, 0], "nextisrest": [false, false, false, false, false, false, false, false, false, false, false, false, false, false, false, false, false, false, null], "restduration_frac": [null, null, null, null, null, null, null, null, null, null, null, null, null, null, null, null, null, null, null], "duration": [1.0, 1.0, 1.5, 0.5, 1.0, 1.0, 1.0, 1.0, 0.5, 0.5, 0.5, 0.5, 1.5, 0.5, 0.5, 0.5, 1.0, 1.0, 1.0], "duration_frac": ["1", "1", "3/2", "1/2", "1", "1", "1", "1", "1/2", "1/2", "1/2", "1/2", "3/2", "1/2", "1/2", "1/2", "1", "1", "1"], "duration_fullname": ["Quarter", "Quarter", "Dotted Quarter", "Eighth", "Quarter", "Quarter", "Quarter", "Quarter", "Eighth", "Eighth", "Eighth", "Eighth", "Dotted Quarter", "Eighth", "Eighth", "Eighth", "Quarter", "Quarter", "Quarter"], "durationcontour": [null, "=", "+", "-", "+", "=", "=", "=", "-", "=", "=", "=", "+", "-", "=", "=", "+", "=", "="], "onsettick": [0, 2, 4, 7, 8, 10, 12, 14, 16, 17, 18, 19, 20, 23, 24, 25, 26, 28, 30], "beatfraction": ["1", "1", "3/2", "1/2", "1", "1", "1", "1", "1/2", "1/2", "1/2", "1/2", "3/2", "1/2", "1/2", "1/2", "1", "1", "1"], "phrasepos": [0.0, 0.06666666666666667, 0.13333333333333333, 0.23333333333333334, 0.26666666666666666, 0.3333333333333333, 0.4, 0.4666666666666667, 0.5333333333333333, 0.5666666666666667, 0.6, 0.6333333333333333, 0.6666666666666666, 0.7666666666666667, 0.8, 0.8333333333333334, 0.8666666666666667, 0.9333333333333333, 1.0], "phrase_ix": [0, 0, 0, 0, 0, 0, 0, 0, 0, 0, 0, 0, 0, 0, 0, 0, 0, 0, 0], "phrase_end": [false, false, false, false, false, false, false, false, false, false, false, false, false, false, false, false, false, false, true], "songpos": [0.0, 0.06666666666666667, 0.13333333333333333, 0.23333333333333334, 0.26666666666666666, 0.3333333333333333, 0.4, 0.4666666666666667, 0.5333333333333333, 0.5666666666666667, 0.6, 0.6333333333333333, 0.6666666666666666, 0.7666666666666667, 0.8, 0.8333333333333334, 0.8666666666666667, 0.9333333333333333, 1.0], "beatinsong": ["0", "1", "2", "7/2", "4", "5", "6", "7", "8", "17/2", "9", "19/2", "10", "23/2", "12", "25/2", "13", "14", "15"], "beatinphrase": ["0", "1", "2", "7/2", "4", "5", "6", "7", "8", "17/2", "9", "19/2", "10", "23/2", "12", "25/2", "13", "14", "15"], "beatinphrase_end": ["-12", "-11", "-10", "-17/2", "-8", "-7", "-6", "-5", "-4", "-7/2", "-3", "-5/2", "-2", "-1/2", "0", "1/2", "1", "2", "3"], "IOI_frac": ["1", "1", "3/2", "1/2", "1", "1", "1", "1", "1/2", "1/2", "1/2", "1/2", "3/2", "1/2", "1/2", "1/2", "1", "1", null], "IOI": [1.0, 1.0, 1.5, 0.5, 1.0, 1.0, 1.0, 1.0, 0.5, 0.5, 0.5, 0.5, 1.5, 0.5, 0.5, 0.5, 1.0, 1.0, null], "IOR_frac": [null, "1", "3/2", "1/3", "2", "1", "1", "1", "1/2", "1", "1", "1", "3", "1/3", "1", "1", "2", "1", null], "IOR": [null, 1.0, 1.5, 0.3333333333333333, 2.0, 1.0, 1.0, 1.0, 0.5, 1.0, 1.0, 1.0, 3.0, 0.3333333333333333, 1.0, 1.0, 2.0, 1.0, null], "imacontour": [null, "-", "+", "-", "+", "-", "+", "-", "+", "-", "+", "-", "+", "-", "+", "-", "+", "+", "-"], "pitch": ["D5", "D5", "E5", "C5", "A4", "D5", "B4", "G4", "B4", "G4", "G4", "G4", "A4", "F#4", "D4", "D4", "D5", "B4", "G4"], "contour3": [null, "=", "+", "-", "-", "+", "-", "-", "+", "-", "=", "=", "+", "-", "-", "=", "+", "-", "-"], "contour5": [null, "=", "+", "--", "--", "++", "--", "--", "++", "--", "=", "=", "+", "--", "--", "=", "++", "--", "--"], "beatstrength": [1.0, 0.25, 0.5, 0.125, 1.0, 0.25, 0.5, 0.25, 1.0, 0.125, 0.25, 0.125, 0.5, 0.125, 1.0, 0.125, 0.25, 0.5, 0.25], "beat_str": ["1", "2", "3", "4", "1", "2", "3", "4", "1", "1", "2", "2", "3", "4", "1", "1", "2", "3", "4"], "beat_fraction_str": ["0", "0", "0", "1/2", "0", "0", "0", "0", "0", "1/2", "0", "1/2", "0", "1/2", "0", "1/2", "0", "0", "0"], "beat": [1.0, 2.0, 3.0, 4.5, 1.0, 2.0, 3.0, 4.0, 1.0, 1.5, 2.0, 2.5, 3.0, 4.5, 1.0, 1.5, 2.0, 3.0, 4.0], "timesignature": ["4/4", "4/4", "4/4", "4/4", "4/4", "4/4", "4/4", "4/4", "4/4", "4/4", "4/4", "4/4", "4/4", "4/4", "4/4", "4/4", "4/4", "4/4", "4/4"], "gpr2a_Frankland": [null, null, null, null, null, null, null, null, null, null, null, null, null, null, null, null, null, null, null], "gpr2b_Frankland": [null, null, 0.5, null, null, null, null, null, null, null, null, null, 0.6666666666666667, null, null, null, null, null, null], "gpr3a_Frankland": [null, null, 0.375, null, 0.4, null, null, null, null, null, null, null, null, 0.625, null, 0.875, null, null, null], "gpr3d_Frankland": [null, null, null, null, null, 0.0, null, 0.5, null, 0.0, null, null, null, null, null, 0.5, null, null, null], "gpr_Frankland_sum": [0, 0, 0.875, 0, 0.4, 0, 0, 0.5, 0, 0, 0, 0, 0.6666666666666667, 0.625, 0, 1.375, 0, 0, 0], "lbdm_spitch": [null, 0.09015151515151516, 0.08681257014590349, 0.056094276094276106, 0.12020202020202021, 0.056094276094276106, 0.02671156004489338, 0.0, 0.16026936026936028, 0.0, 0.0, 0.07727272727272727, 0.04579124579124579, 0.18698092031425365, 0.0, 1.0, 0.11548821548821549, null, null], "lbdm_sioi": [null, 0.13333333333333333, 0.6999999999999998, 0.27777777777777773, 0.2222222222222222, 0.0, 0.0, 0.2222222222222222, 0.1111111111111111, 0.0, 0.0, 0.16666666666666666, 1.0, 0.16666666666666666, 0.0, 0.1111111111111111, 0.2222222222222222, null, null], "lbdm_srest": [null, 0.0, 0.0, 0.0, 0.0, 0.0, 0.0, 0.0, 0.0, 0.0, 0.0, 0.0, 0.0, 0.0, 0.0, 0.0, 0.0, null, null], "lbdm_rpitch": [null, 0.5, 0.25, 0.1111111111111111, 0.2, 0.2, 0.1111111111111111, 0.0, 0.0, 0.6666666666666666, 0.0, 0.5, 0.14285714285714285, 0.1111111111111111, 0.6666666666666666, 0.8571428571428571, 0.5294117647058824, 0.1111111111111111, null], "lbdm_rioi": [null, 0.0, 0.2, 0.5, 0.3333333333333333, 0.0, 0.0, 0.0, 0.3333333333333333, 0.0, 0.0, 0.0, 0.5, 0.5, 0.0, 0.0, 0.3333333333333333, 0.0, null], "lbdm_rrest": [null, 0.0, 0.0, 0.0, 0.0, 0.0, 0.0, 0.0, 0.0, 0.0, 0.0, 0.0, 0.0, 0.0, 0.0, 0.0, 0.0, 0.0, null],