{"id": "KB1206700001", "tunefamily": "", "year": -1, "tunefamily_full": "", "type": "", "freemeter": false, "origin": "", "features": {"scaledegree": [5, 7, 2, 4, 2, 1, 3, 3, 2, 7, 5, 4, 2, 1, 3, 3, 1, 1, 2, 7, 5], "scaledegreespecifier": ["P", "M", "M", "P", "M", "P", "M", "M", "M", "M", "P", "P", "M", "P", "M", "M", "P", "P", "M", "M", "P"], "tonic": ["G", "G", "G", "G", "G", "G", "G", "G", "G", "G", "G", "G", "G", "G", "G", "G", "G", "G", "G", "G", "G"], "mode": ["major", "major", "major", "major", "major", "major", "major", "major", "major", "major", "major", "major", "major", "major", "major", "major", "major", "major", "major", "major", "major"], "metriccontour": [null, "-", "=", "+", "-", "+", "-", "=", "+", "-", "-", "+", "-", "+", "-", "+", "-", "=", "+", "-", "-"], "imaweight": [0.655462, 0.638655, 0.344538, 0.764706, 0.756303, 0.798319, 0.588235, 0.504202, 1.0, 0.588235, 0.235294, 0.689076, 0.596639, 0.789916, 0.722689, 0.764706, 0.521008, 0.411765, 1.0, 0.420168, 0.0], "imaweight_spectral": [0.815029, 0.843931, 0.578035, 0.953757, 0.809249, 0.768786, 0.693642, 0.543353, 0.976879, 0.601156, 0.16185, 0.815029, 0.843931, 1.0, 0.809249, 0.843931, 0.67052, 0.554913, 1.0, 0.583815, 0.0231214], "pitch40_hewlett": [129, 141, 152, 163, 152, 146, 158, 158, 152, 141, 129, 163, 152, 146, 158, 158, 146, 146, 152, 141, 129], "pitch40_sapp": [168, 180, 191, 202, 191, 185, 197, 197, 191, 180, 168, 202, 191, 185, 197, 197, 185, 185, 191, 180, 168], "octave": [4, 4, 4, 5, 4, 4, 4, 4, 4, 4, 4, 5, 4, 4, 4, 4, 4, 4, 4, 4, 4], "midipitch": [62, 66, 69, 72, 69, 67, 71, 71, 69, 66, 62, 72, 69, 67, 71, 71, 67, 67, 69, 66, 62], "diatonicpitch": [25, 27, 29, 31, 29, 28, 30, 30, 29, 27, 25, 31, 29, 28, 30, 30, 28, 28, 29, 27, 25], "diatonicinterval": [null, 2, 2, 2, -2, -1, 2, 0, -1, -2, -2, 6, -2, -1, 2, 0, -2, 0, 1, -2, -2], "chromaticinterval": [null, 4, 3, 3, -3, -2, 4, 0, -2, -3, -4, 10, -3, -2, 4, 0, -4, 0, 2, -3, -4], "pitchproximity": [null, null, 3, 3, 3, 2, 4, 0, 2, 3, 4, 10, 3, 2, 4, 0, 4, 0, 2, 3, 4], "pitchreversal": [null, null, 0, 0, 1.5, 0, 1.5, 0, 0, 0, 0, 0, 1, 0, 1.5, 0, 0, 0, 0, 1.5, 0], "nextisrest": [false, false, false, false, false, false, false, false, false, false, true, false, false, false, false, false, false, false, false, false, true], "restduration_frac": [null, null, null, null, null, null, null, null, null, null, "1/2", null, null, null, null, null, null, null, null, null, "1/2"], "duration": [0.5, 0.5, 0.5, 1.0, 0.5, 0.5, 0.5, 0.5, 0.5, 0.25, 0.25, 0.5, 1.0, 1.0, 0.5, 0.5, 0.5, 0.5, 0.5, 0.25, 0.25], "duration_frac": ["1/2", "1/2", "1/2", "1", "1/2", "1/2", "1/2", "1/2", "1/2", "1/4", "1/4", "1/2", "1", "1", "1/2", "1/2", "1/2", "1/2", "1/2", "1/4", "1/4"], "duration_fullname": ["Eighth", "Eighth", "Eighth", "Quarter", "Eighth", "Eighth", "Eighth", "Eighth", "Eighth", "16th", "16th", "Eighth", "Quarter", "Quarter", "Eighth", "Eighth", "Eighth", "Eighth", "Eighth", "16th", "16th"], "durationcontour": [null, "=", "=", "+", "-", "=", "=", "=", "=", "-", "=", "+", "+", "=", "-", "=", "=", "=", "=", "-", "="], "onsettick": [0, 2, 4, 6, 10, 12, 14, 16, 18, 20, 21, 24, 26, 30, 34, 36, 38, 40, 42, 44, 45], "beatfraction": ["1/3", "1/3", "1/3", "2/3", "1/3", "1/3", "1/3", "1/3", "1/3", "1/6", "1/6", "1/3", "2/3", "2/3", "1/3", "1/3", "1/3", "1/3", "1/3", "1/6", "1/6"], "phrasepos": [0.0, 0.09523809523809523, 0.19047619047619047, 0.2857142857142857, 0.47619047619047616, 0.5714285714285714, 0.6666666666666666, 0.7619047619047619, 0.8571428571428571, 0.9523809523809523, 1.0, 0.0, 0.09523809523809523, 0.2857142857142857, 0.47619047619047616, 0.5714285714285714, 0.6666666666666666, 0.7619047619047619, 0.8571428571428571, 0.9523809523809523, 1.0], "phrase_ix": [0, 0, 0, 0, 0, 0, 0, 0, 0, 0, 0, 1, 1, 1, 1, 1, 1, 1, 1, 1, 1], "phrase_end": [false, false, false, false, false, false, false, false, false, false, true, false, false, false, false, false, false, false, false, false, true], "songpos": [0.0, 0.044444444444444446, 0.08888888888888889, 0.13333333333333333, 0.2222222222222222, 0.26666666666666666, 0.3111111111111111, 0.35555555555555557, 0.4, 0.4444444444444444, 0.4666666666666667, 0.5333333333333333, 0.5777777777777777, 0.6666666666666666, 0.7555555555555555, 0.8, 0.8444444444444444, 0.8888888888888888, 0.9333333333333333, 0.9777777777777777, 1.0], "beatinsong": ["0", "1/3", "2/3", "1", "5/3", "2", "7/3", "8/3", "3", "10/3", "7/2", "4", "13/3", "5", "17/3", "6", "19/3", "20/3", "7", "22/3", "15/2"], "beatinphrase": ["0", "1/3", "2/3", "1", "5/3", "2", "7/3", "8/3", "3", "10/3", "7/2", "0", "1/3", "1", "5/3", "2", "7/3", "8/3", "3", "10/3", "7/2"], "beatinphrase_end": ["-3", "-8/3", "-7/3", "-2", "-4/3", "-1", "-2/3", "-1/3", "0", "1/3", "1/2", "-3", "-8/3", "-2", "-4/3", "-1", "-2/3", "-1/3", "0", "1/3", "1/2"], "IOI_frac": ["1/2", "1/2", "1/2", "1", "1/2", "1/2", "1/2", "1/2", "1/2", "1/4", "3/4", "1/2", "1", "1", "1/2", "1/2", "1/2", "1/2", "1/2", "1/4", "3/4"], "IOI": [0.5, 0.5, 0.5, 1.0, 0.5, 0.5, 0.5, 0.5, 0.5, 0.25, 0.75, 0.5, 1.0, 1.0, 0.5, 0.5, 0.5, 0.5, 0.5, 0.25, 0.75], "IOR_frac": [null, "1", "1", "2", "1/2", "1", "1", "1", "1", "1/2", "3", "2/3", "2", "1", "1/2", "1", "1", "1", "1", "1/2", "3"], "IOR": [null, 1.0, 1.0, 2.0, 0.5, 1.0, 1.0, 1.0, 1.0, 0.5, 3.0, 0.6666666666666666, 2.0, 1.0, 0.5, 1.0, 1.0, 1.0, 1.0, 0.5, 3.0], "imacontour": [null, "-", "-", "+", "-", "+", "-", "-", "+", "-", "-", "+", "-", "+", "-", "+", "-", "-", "+", "-", "-"], "pitch": ["D4", "F#4", "A4", "C5", "A4", "G4", "B4", "B4", "A4", "F#4", "D4", "C5", "A4", "G4", "B4", "B4", "G4", "G4", "A4", "F#4", "D4"], "contour3": [null, "+", "+", "+", "-", "-", "+", "=", "-", "-", "-", "+", "-", "-", "+", "=", "-", "=", "+", "-", "-"], "contour5": [null, "++", "++", "++", "--", "-", "++", "=", "-", "--", "--", "++", "--", "-", "++", "=", "--", "=", "+", "--", "--"], "beatstrength": [1.0, 0.5, 0.5, 1.0, 0.5, 1.0, 0.5, 0.5, 1.0, 0.5, 0.25, 1.0, 0.5, 1.0, 0.5, 1.0, 0.5, 0.5, 1.0, 0.5, 0.25], "beat_str": ["1", "1", "1", "1", "1", "1", "1", "1", "1", "1", "1", "1", "1", "1", "1", "1", "1", "1", "1", "1", "1"], "beat_fraction_str": ["0", "1/3", "2/3", "0", "2/3", "0", "1/3", "2/3", "0", "1/3", "1/2", "0", "1/3", "0", "2/3", "0", "1/3", "2/3", "0", "1/3", "1/2"], "beat": [1.0, 1.3333333333333333, 1.6666666666666667, 1.0, 1.6666666666666667, 1.0, 1.3333333333333333, 1.6666666666666667, 1.0, 1.3333333333333333, 1.5, 1.0, 1.3333333333333333, 1.0, 1.6666666666666667, 1.0, 1.3333333333333333, 1.6666666666666667, 1.0, 1.3333333333333333, 1.5], "timesignature": ["3/8", "3/8", "3/8", "3/8", "3/8", "3/8", "3/8", "3/8", "3/8", "3/8", "3/8", "3/8", "3/8", "3/8", "3/8", "3/8", "3/8", "3/8", "3/8", "3/8", "3/8"], "gpr2a_Frankland": [null, null, null, null, null, null, null, null, null, null, 0.125, null, null, null, null, null, null, null, null, null, 0.125], "gpr2b_Frankland": [null, null, null, 0.5, null, null, null, null, null, null, null, null, null, null, null, null, null, null, null, null, null], "gpr3a_Frankland": [null, null, null, null, null, 0.75, null, null, null, null, 0.65, null, null, 0.75, null, 1.0, null, null, null, null, null], "gpr3d_Frankland": [null, null, null, null, null, 0.0, 0.0, null, null, null, null, null, null, 0.5, null, 0.0, 0.0, null, null, null, null], "gpr_Frankland_sum": [0, 0, 0, 0.5, 0, 0.75, 0, 0, 0, 0, 0.775, 0, 0, 1.25, 0, 1.0, 0, 0, 0, 0, 0.125], "lbdm_spitch": [null, 0.039603960396039604, 0.0, 0.05091937765205092, 0.09335219236209336, 0.43564356435643564, 0.0, 0.15275813295615276, 0.09052333804809053, 0.23102310231023104, 1.0, 0.2172560113154173, 0.09335219236209336, 0.43564356435643564, 0.0, 0.6336633663366337, 0.0, 0.15275813295615276, 0.09052333804809053, null, null], "lbdm_sioi": [null, 0.0, 0.25, 1.0, 0.25, 0.0, 0.0, 0.0, 0.25, 0.3125, 0.7874999999999999, 0.4, 0.5, 0.5, 0.25, 0.0, 0.0, 0.0, 0.25, null, null], "lbdm_srest": [null, 0.0, 0.0, 0.0, 0.0, 0.0, 0.0, 0.0, 0.0, 0.0, 1.0, 0.0, 0.0, 0.0, 0.0, 0.0, 0.0, 0.0, 0.0, null, null],