{"id": "KB1238300020", "tunefamily": "", "year": -1, "tunefamily_full": "", "type": "", "freemeter": false, "origin": "", "features": {"scaledegree": [1, 1, 2, 3, 5, 2, 2, 1, 7, 5, 1, 2, 1, 7, 6, 5, 5, 6, 7, 1], "scaledegreespecifier": ["P", "P", "M", "M", "P", "M", "M", "P", "M", "P", "P", "M", "P", "M", "M", "P", "P", "M", "M", "P"], "tonic": ["G", "G", "G", "G", "G", "G", "G", "G", "G", "G", "G", "G", "G", "G", "G", "G", "G", "G", "G", "G"], "mode": ["major", "major", "major", "major", "major", "major", "major", "major", "major", "major", "major", "major", "major", "major", "major", "major", "major", "major", "major", "major"], "metriccontour": [null, "-", "-", "+", "-", "+", "-", "-", "+", "-", "+", "-", "-", "+", "-", "+", "-", "+", "-", "+"], "imaweight": [0.87931, 0.87931, 0.0905172, 0.900862, 0.87931, 0.862069, 0.87931, 0.163793, 0.87931, 0.896552, 0.931034, 0.900862, 0.176724, 0.87931, 0.931034, 0.931034, 0.193966, 0.931034, 0.107759, 1.0], "imaweight_spectral": [0.916996, 0.916996, 0.177866, 1.0, 0.916996, 0.901186, 0.964427, 0.245059, 0.916996, 0.932806, 0.964427, 0.936759, 0.256917, 0.916996, 0.964427, 0.916996, 0.225296, 0.932806, 0.162055, 0.964427], "pitch40_hewlett": [146, 146, 152, 158, 169, 152, 152, 146, 141, 129, 146, 152, 146, 141, 135, 129, 129, 135, 141, 146], "pitch40_sapp": [185, 185, 191, 197, 208, 191, 191, 185, 180, 168, 185, 191, 185, 180, 174, 168, 168, 174, 180, 185], "octave": [4, 4, 4, 4, 5, 4, 4, 4, 4, 4, 4, 4, 4, 4, 4, 4, 4, 4, 4, 4], "midipitch": [67, 67, 69, 71, 74, 69, 69, 67, 66, 62, 67, 69, 67, 66, 64, 62, 62, 64, 66, 67], "diatonicpitch": [28, 28, 29, 30, 32, 29, 29, 28, 27, 25, 28, 29, 28, 27, 26, 25, 25, 26, 27, 28], "diatonicinterval": [null, 0, 1, 1, 2, -3, 0, -1, -1, -2, 3, 1, -1, -1, -1, -1, 0, 1, 1, 1], "chromaticinterval": [null, 0, 2, 2, 3, -5, 0, -2, -1, -4, 5, 2, -2, -1, -2, -2, 0, 2, 2, 1], "pitchproximity": [null, null, 2, 2, 3, 5, 0, 2, 1, 4, 5, 2, 2, 1, 2, 2, 0, 2, 2, 1], "pitchreversal": [null, null, 0, 0, 0, 1.5, 0, 0, 0, 0, 1.5, 0, 1.5, 0, 0, 0, 0, 0, 0, 0], "nextisrest": [false, false, false, false, false, false, false, false, false, false, false, false, false, false, false, false, false, false, false, null], "restduration_frac": [null, null, null, null, null, null, null, null, null, null, null, null, null, null, null, null, null, null, null, null], "duration": [0.5, 0.25, 0.25, 0.5, 0.5, 0.5, 0.25, 0.25, 0.5, 0.5, 0.5, 0.25, 0.25, 0.5, 0.5, 0.25, 0.25, 0.25, 0.25, 1.0], "duration_frac": ["1/2", "1/4", "1/4", "1/2", "1/2", "1/2", "1/4", "1/4", "1/2", "1/2", "1/2", "1/4", "1/4", "1/2", "1/2", "1/4", "1/4", "1/4", "1/4", "1"], "duration_fullname": ["Eighth", "16th", "16th", "Eighth", "Eighth", "Eighth", "16th", "16th", "Eighth", "Eighth", "Eighth", "16th", "16th", "Eighth", "Eighth", "16th", "16th", "16th", "16th", "Quarter"], "durationcontour": [null, "-", "=", "+", "=", "=", "-", "=", "+", "=", "=", "-", "=", "+", "=", "-", "=", "=", "=", "+"], "onsettick": [0, 2, 3, 4, 6, 8, 10, 11, 12, 14, 16, 18, 19, 20, 22, 24, 25, 26, 27, 28], "beatfraction": ["1/2", "1/4", "1/4", "1/2", "1/2", "1/2", "1/4", "1/4", "1/2", "1/2", "1/2", "1/4", "1/4", "1/2", "1/2", "1/4", "1/4", "1/4", "1/4", "1"], "phrasepos": [0.0, 0.07142857142857142, 0.10714285714285714, 0.14285714285714285, 0.21428571428571427, 0.2857142857142857, 0.35714285714285715, 0.39285714285714285, 0.42857142857142855, 0.5, 0.5714285714285714, 0.6428571428571429, 0.6785714285714286, 0.7142857142857143, 0.7857142857142857, 0.8571428571428571, 0.8928571428571429, 0.9285714285714286, 0.9642857142857143, 1.0], "phrase_ix": [0, 0, 0, 0, 0, 0, 0, 0, 0, 0, 0, 0, 0, 0, 0, 0, 0, 0, 0, 0], "phrase_end": [false, false, false, false, false, false, false, false, false, false, false, false, false, false, false, false, false, false, false, true], "songpos": [0.0, 0.07142857142857142, 0.10714285714285714, 0.14285714285714285, 0.21428571428571427, 0.2857142857142857, 0.35714285714285715, 0.39285714285714285, 0.42857142857142855, 0.5, 0.5714285714285714, 0.6428571428571429, 0.6785714285714286, 0.7142857142857143, 0.7857142857142857, 0.8571428571428571, 0.8928571428571429, 0.9285714285714286, 0.9642857142857143, 1.0], "beatinsong": ["0", "1/2", "3/4", "1", "3/2", "2", "5/2", "11/4", "3", "7/2", "4", "9/2", "19/4", "5", "11/2", "6", "25/4", "13/2", "27/4", "7"], "beatinphrase": ["0", "1/2", "3/4", "1", "3/2", "2", "5/2", "11/4", "3", "7/2", "4", "9/2", "19/4", "5", "11/2", "6", "25/4", "13/2", "27/4", "7"], "beatinphrase_end": ["-6", "-11/2", "-21/4", "-5", "-9/2", "-4", "-7/2", "-13/4", "-3", "-5/2", "-2", "-3/2", "-5/4", "-1", "-1/2", "0", "1/4", "1/2", "3/4", "1"], "IOI_frac": ["1/2", "1/4", "1/4", "1/2", "1/2", "1/2", "1/4", "1/4", "1/2", "1/2", "1/2", "1/4", "1/4", "1/2", "1/2", "1/4", "1/4", "1/4", "1/4", null], "IOI": [0.5, 0.25, 0.25, 0.5, 0.5, 0.5, 0.25, 0.25, 0.5, 0.5, 0.5, 0.25, 0.25, 0.5, 0.5, 0.25, 0.25, 0.25, 0.25, null], "IOR_frac": [null, "1/2", "1", "2", "1", "1", "1/2", "1", "2", "1", "1", "1/2", "1", "2", "1", "1/2", "1", "1", "1", null], "IOR": [null, 0.5, 1.0, 2.0, 1.0, 1.0, 0.5, 1.0, 2.0, 1.0, 1.0, 0.5, 1.0, 2.0, 1.0, 0.5, 1.0, 1.0, 1.0, null], "imacontour": [null, "=", "-", "+", "-", "-", "+", "-", "+", "+", "+", "-", "-", "+", "+", "=", "-", "+", "-", "+"], "pitch": ["G4", "G4", "A4", "B4", "D5", "A4", "A4", "G4", "F#4", "D4", "G4", "A4", "G4", "F#4", "E4", "D4", "D4", "E4", "F#4", "G4"], "contour3": [null, "=", "+", "+", "+", "-", "=", "-", "-", "-", "+", "+", "-", "-", "-", "-", "=", "+", "+", "+"], "contour5": [null, "=", "+", "+", "++", "--", "=", "-", "-", "--", "++", "+", "-", "-", "-", "-", "=", "+", "+", "+"], "beatstrength": [1.0, 0.25, 0.125, 0.5, 0.25, 1.0, 0.25, 0.125, 0.5, 0.25, 1.0, 0.25, 0.125, 0.5, 0.25, 1.0, 0.125, 0.25, 0.125, 0.5], "beat_str": ["1", "1", "1", "2", "2", "1", "1", "1", "2", "2", "1", "1", "1", "2", "2", "1", "1", "1", "1", "2"], "beat_fraction_str": ["0", "1/2", "3/4", "0", "1/2", "0", "1/2", "3/4", "0", "1/2", "0", "1/2", "3/4", "0", "1/2", "0", "1/4", "1/2", "3/4", "0"], "beat": [1.0, 1.5, 1.75, 2.0, 2.5, 1.0, 1.5, 1.75, 2.0, 2.5, 1.0, 1.5, 1.75, 2.0, 2.5, 1.0, 1.25, 1.5, 1.75, 2.0], "timesignature": ["2/4", "2/4", "2/4", "2/4", "2/4", "2/4", "2/4", "2/4", "2/4", "2/4", "2/4", "2/4", "2/4", "2/4", "2/4", "2/4", "2/4", "2/4", "2/4", "2/4"], "gpr2a_Frankland": [null, null, null, null, null, null, null, null, null, null, null, null, null, null, null, null, null, null, null, null], "gpr2b_Frankland": [null, null, null, null, null, null, null, null, null, null, null, null, null, null, null, null, null, null, null, null], "gpr3a_Frankland": [null, null, null, null, 0.7, null, 0.75, null, null, 0.4, null, null, null, null, null, null, null, null, null, null], "gpr3d_Frankland": [null, null, 0.5, null, null, 0.5, null, 0.5, null, null, 0.5, null, 0.5, null, 0.5, null, 0.0, null, null, null], "gpr_Frankland_sum": [0, 0, 0.5, 0, 0.7, 0.5, 0.75, 0.5, 0, 0.4, 0.5, 0, 0.5, 0, 0.5, 0, 0, 0, 0, 0], "lbdm_spitch": [null, 0.21874999999999997, 0.062499999999999986, 0.22499999999999995, 1.0, 0.0, 0.3062499999999999, 0.13749999999999998, 0.4545454545454544, 0.46401515151515144, 0.14583333333333331, 0.0875, 0.0875, 0.0875, 0.21874999999999997, 0.0, 0.21874999999999997, 0.0875, null, null], "lbdm_sioi": [null, 0.5, 0.5, 1.0, 0.0, 1.0, 0.5, 0.5, 1.0, 0.0, 1.0, 0.5, 0.5, 1.0, 1.0, 0.5, 0.0, 0.0, null, null], "lbdm_srest": [null, 0.0, 0.0, 0.0, 0.0, 0.0, 0.0, 0.0, 0.0, 0.0, 0.0, 0.0, 0.0, 0.0, 0.0, 0.0, 0.0, 0.0, null, null], "lbdm_rpitch": [null, 0.5, 0.0, 0.14285714285714285, 0.2, 0.7142857142857143, 0.5, 0.2, 0.42857142857142855, 0.09090909090909091, 0.3333333333333333, 0.0, 0.2, 0.2, 0.0, 0.5, 0.5, 0.0, 0.2, null], "lbdm_rioi": [null, 0.3333333333333333, 0.0, 0.3333333333333333, 0.0, 0.0, 0.3333333333333333, 0.0, 0.3333333333333333, 0.0, 0.0, 0.3333333333333333, 0.0, 0.3333333333333333, 0.0, 0.3333333333333333, 0.0, 0.0, 0.0, null],