{"id": "KB1237800002", "tunefamily": "", "year": -1, "tunefamily_full": "", "type": "", "freemeter": false, "origin": "", "features": {"scaledegree": [5, 7, 2, 2, 5, 2, 5, 5, 2, 3, 2, 5, 5, 7, 2, 2, 4, 2, 3, 1], "scaledegreespecifier": ["P", "M", "M", "M", "P", "M", "P", "P", "M", "M", "M", "P", "P", "M", "M", "M", "P", "M", "M", "P"], "tonic": ["G", "G", "G", "G", "G", "G", "G", "G", "G", "G", "G", "G", "G", "G", "G", "G", "G", "G", "G", "G"], "mode": ["major", "major", "major", "major", "major", "major", "major", "major", "major", "major", "major", "major", "major", "major", "major", "major", "major", "major", "major", "major"], "metriccontour": [null, "-", "+", "=", "+", "-", "+", "-", "+", "=", "+", "-", "+", "-", "+", "=", "+", "-", "-", "+"], "imaweight": [0.933884, 0.0991736, 0.438017, 0.743802, 0.570248, 0.735537, 1.0, 0.239669, 0.438017, 0.677686, 0.595041, 0.942149, 0.958678, 0.206612, 0.413223, 0.677686, 0.512397, 0.272727, 0.214876, 0.570248], "imaweight_spectral": [0.929825, 0.140351, 0.573099, 0.766082, 0.666667, 0.760234, 0.923977, 0.239766, 0.549708, 0.719298, 0.684211, 0.906433, 0.935673, 0.216374, 0.549708, 0.783626, 0.643275, 0.526316, 0.222222, 1.0], "pitch40_hewlett": [129, 141, 152, 152, 169, 152, 169, 169, 152, 158, 152, 129, 129, 141, 152, 152, 163, 152, 158, 146], "pitch40_sapp": [168, 180, 191, 191, 208, 191, 208, 208, 191, 197, 191, 168, 168, 180, 191, 191, 202, 191, 197, 185], "octave": [4, 4, 4, 4, 5, 4, 5, 5, 4, 4, 4, 4, 4, 4, 4, 4, 5, 4, 4, 4], "midipitch": [62, 66, 69, 69, 74, 69, 74, 74, 69, 71, 69, 62, 62, 66, 69, 69, 72, 69, 71, 67], "diatonicpitch": [25, 27, 29, 29, 32, 29, 32, 32, 29, 30, 29, 25, 25, 27, 29, 29, 31, 29, 30, 28], "diatonicinterval": [null, 2, 2, 0, 3, -3, 3, 0, -3, 1, -1, -4, 0, 2, 2, 0, 2, -2, 1, -2], "chromaticinterval": [null, 4, 3, 0, 5, -5, 5, 0, -5, 2, -2, -7, 0, 4, 3, 0, 3, -3, 2, -4], "pitchproximity": [null, null, 3, 0, 5, 5, 5, 0, 5, 2, 2, 7, 0, 4, 3, 0, 3, 3, 2, 4], "pitchreversal": [null, null, 0, 0, 0, 1.5, 1.5, 0, 0, 0, 1.5, 0, 1, 0, 0, 0, 0, 1.5, 1.5, 1.5], "nextisrest": [false, false, false, false, false, false, false, false, false, false, false, false, false, false, false, false, false, false, false, true], "restduration_frac": [null, null, null, null, null, null, null, null, null, null, null, null, null, null, null, null, null, null, null, "1/2"], "duration": [0.25, 0.25, 0.5, 0.5, 0.5, 1.0, 0.25, 0.25, 0.5, 0.5, 0.5, 1.0, 0.25, 0.25, 0.5, 0.5, 1.0, 0.25, 0.25, 1.0], "duration_frac": ["1/4", "1/4", "1/2", "1/2", "1/2", "1", "1/4", "1/4", "1/2", "1/2", "1/2", "1", "1/4", "1/4", "1/2", "1/2", "1", "1/4", "1/4", "1"], "duration_fullname": ["16th", "16th", "Eighth", "Eighth", "Eighth", "Quarter", "16th", "16th", "Eighth", "Eighth", "Eighth", "Quarter", "16th", "16th", "Eighth", "Eighth", "Quarter", "16th", "16th", "Quarter"], "durationcontour": [null, "=", "+", "=", "=", "+", "-", "=", "+", "=", "=", "+", "-", "=", "+", "=", "+", "-", "=", "+"], "onsettick": [0, 1, 2, 4, 6, 8, 12, 13, 14, 16, 18, 20, 24, 25, 26, 28, 30, 34, 35, 36], "beatfraction": ["1/6", "1/6", "1/3", "1/3", "1/3", "2/3", "1/6", "1/6", "1/3", "1/3", "1/3", "2/3", "1/6", "1/6", "1/3", "1/3", "2/3", "1/6", "1/6", "2/3"], "phrasepos": [0.0, 0.05, 0.1, 0.2, 0.3, 0.4, 0.6, 0.65, 0.7, 0.8, 0.9, 1.0, 0.0, 0.08333333333333333, 0.16666666666666666, 0.3333333333333333, 0.5, 0.8333333333333334, 0.9166666666666666, 1.0], "phrase_ix": [0, 0, 0, 0, 0, 0, 0, 0, 0, 0, 0, 0, 1, 1, 1, 1, 1, 1, 1, 1], "phrase_end": [false, false, false, false, false, false, false, false, false, false, false, true, false, false, false, false, false, false, false, true], "songpos": [0.0, 0.027777777777777776, 0.05555555555555555, 0.1111111111111111, 0.16666666666666666, 0.2222222222222222, 0.3333333333333333, 0.3611111111111111, 0.3888888888888889, 0.4444444444444444, 0.5, 0.5555555555555556, 0.6666666666666666, 0.6944444444444444, 0.7222222222222222, 0.7777777777777778, 0.8333333333333334, 0.9444444444444444, 0.9722222222222222, 1.0], "beatinsong": ["0", "1/6", "1/3", "2/3", "1", "4/3", "2", "13/6", "7/3", "8/3", "3", "10/3", "4", "25/6", "13/3", "14/3", "5", "17/3", "35/6", "6"], "beatinphrase": ["0", "1/6", "1/3", "2/3", "1", "4/3", "2", "13/6", "7/3", "8/3", "3", "10/3", "0", "1/6", "1/3", "2/3", "1", "5/3", "11/6", "2"], "beatinphrase_end": ["-3", "-17/6", "-8/3", "-7/3", "-2", "-5/3", "-1", "-5/6", "-2/3", "-1/3", "0", "1/3", "-2", "-11/6", "-5/3", "-4/3", "-1", "-1/3", "-1/6", "0"], "IOI_frac": ["1/4", "1/4", "1/2", "1/2", "1/2", "1", "1/4", "1/4", "1/2", "1/2", "1/2", "1", "1/4", "1/4", "1/2", "1/2", "1", "1/4", "1/4", "3/2"], "IOI": [0.25, 0.25, 0.5, 0.5, 0.5, 1.0, 0.25, 0.25, 0.5, 0.5, 0.5, 1.0, 0.25, 0.25, 0.5, 0.5, 1.0, 0.25, 0.25, 1.5], "IOR_frac": [null, "1", "2", "1", "1", "2", "1/4", "1", "2", "1", "1", "2", "1/4", "1", "2", "1", "2", "1/4", "1", "6"], "IOR": [null, 1.0, 2.0, 1.0, 1.0, 2.0, 0.25, 1.0, 2.0, 1.0, 1.0, 2.0, 0.25, 1.0, 2.0, 1.0, 2.0, 0.25, 1.0, 6.0], "imacontour": [null, "-", "+", "+", "-", "+", "+", "-", "+", "+", "-", "+", "+", "-", "+", "+", "-", "-", "-", "+"], "pitch": ["D4", "F#4", "A4", "A4", "D5", "A4", "D5", "D5", "A4", "B4", "A4", "D4", "D4", "F#4", "A4", "A4", "C5", "A4", "B4", "G4"], "contour3": [null, "+", "+", "=", "+", "-", "+", "=", "-", "+", "-", "-", "=", "+", "+", "=", "+", "-", "+", "-"], "contour5": [null, "++", "++", "=", "++", "--", "++", "=", "--", "+", "-", "--", "=", "++", "++", "=", "++", "--", "+", "--"], "beatstrength": [1.0, 0.25, 0.5, 0.5, 1.0, 0.5, 1.0, 0.25, 0.5, 0.5, 1.0, 0.5, 1.0, 0.25, 0.5, 0.5, 1.0, 0.5, 0.25, 1.0], "beat_str": ["1", "1", "1", "1", "1", "1", "1", "1", "1", "1", "1", "1", "1", "1", "1", "1", "1", "1", "1", "1"], "beat_fraction_str": ["0", "1/6", "1/3", "2/3", "0", "1/3", "0", "1/6", "1/3", "2/3", "0", "1/3", "0", "1/6", "1/3", "2/3", "0", "2/3", "5/6", "0"], "beat": [1.0, 1.1666666666666667, 1.3333333333333333, 1.6666666666666667, 1.0, 1.3333333333333333, 1.0, 1.1666666666666667, 1.3333333333333333, 1.6666666666666667, 1.0, 1.3333333333333333, 1.0, 1.1666666666666667, 1.3333333333333333, 1.6666666666666667, 1.0, 1.6666666666666667, 1.8333333333333333, 1.0], "timesignature": ["3/8", "3/8", "3/8", "3/8", "3/8", "3/8", "3/8", "3/8", "3/8", "3/8", "3/8", "3/8", "3/8", "3/8", "3/8", "3/8", "3/8", "3/8", "3/8", "3/8"], "gpr2a_Frankland": [null, null, null, null, null, null, null, null, null, null, null, null, null, null, null, null, null, null, null, 0.125], "gpr2b_Frankland": [null, null, null, null, null, 0.625, null, null, null, null, null, 0.625, null, null, null, null, 0.625, null, null, null], "gpr3a_Frankland": [null, null, null, null, null, null, null, 0.8, null, null, 0.8571428571428572, null, 0.625, null, null, null, null, null, null, null], "gpr3d_Frankland": [null, 0.5, null, null, null, null, null, 0.5, null, null, null, null, null, 0.5, null, null, null, null, null, null], "gpr_Frankland_sum": [0, 0.5, 0, 0, 0, 0.625, 0, 1.3, 0, 0, 0.8571428571428572, 0.625, 0.625, 0.5, 0, 0, 0.625, 0, 0, 0.125], "lbdm_spitch": [null, 0.24730679156908658, 0.0, 0.4140180662428906, 0.0, 0.4140180662428906, 0.0, 0.6072264971562396, 0.07728337236533957, 0.10538641686182669, 1.0, 0.0, 0.360655737704918, 0.24730679156908658, 0.0, 0.20866510538641683, 0.04968216794914687, 0.09108397457343594, null, null], "lbdm_sioi": [null, 0.08928571428571427, 0.17857142857142855, 0.0, 0.17857142857142855, 1.0, 0.1607142857142857, 0.08928571428571427, 0.17857142857142855, 0.0, 0.17857142857142855, 1.0, 0.1607142857142857, 0.08928571428571427, 0.17857142857142855, 0.17857142857142855, 1.0, 0.1607142857142857, null, null], "lbdm_srest": [null, 0.0, 0.0, 0.0, 0.0, 0.0, 0.0, 0.0, 0.0, 0.0, 0.0, 0.0, 0.0, 0.0, 0.0, 0.0, 0.0, 0.0, null, null],