{"id": "KB1247800001", "tunefamily": "", "year": -1, "tunefamily_full": "", "type": "", "freemeter": false, "origin": "", "features": {"scaledegree": [1, 2, 3, 3, 3, 2, 3, 1, 3, 4, 3, 2, 2, 2, 2, 3, 2, 1, 1, 1], "scaledegreespecifier": ["P", "M", "M", "M", "M", "M", "M", "P", "M", "P", "M", "M", "M", "M", "M", "M", "M", "P", "P", "P"], "tonic": ["C", "C", "C", "C", "C", "C", "C", "C", "C", "C", "C", "C", "C", "C", "C", "C", "C", "C", "C", "C"], "mode": ["major", "major", "major", "major", "major", "major", "major", "major", "major", "major", "major", "major", "major", "major", "major", "major", "major", "major", "major", "major"], "metriccontour": [null, "-", "+", "=", "+", "-", "+", "=", "+", "-", "-", "+", "-", "=", "+", "-", "-", "+", "-", "="], "imaweight": [0.555556, 0.0760234, 1.0, 0.461988, 0.853801, 0.216374, 0.479532, 0.789474, 0.602339, 0.906433, 0.233918, 0.660819, 0.362573, 0.614035, 0.339181, 0.660819, 0.0701754, 0.619883, 0.292398, 0.520468], "imaweight_spectral": [0.586207, 0.0837438, 1.0, 0.546798, 0.837438, 0.20197, 0.561576, 0.802956, 0.64532, 0.940887, 0.256158, 0.857143, 0.625616, 0.862069, 0.586207, 0.876847, 0.118227, 0.881773, 0.704433, 0.842365], "pitch40_hewlett": [163, 169, 175, 175, 175, 169, 175, 163, 175, 180, 175, 169, 169, 169, 169, 175, 169, 163, 163, 163], "pitch40_sapp": [202, 208, 214, 214, 214, 208, 214, 202, 214, 219, 214, 208, 208, 208, 208, 214, 208, 202, 202, 202], "octave": [5, 5, 5, 5, 5, 5, 5, 5, 5, 5, 5, 5, 5, 5, 5, 5, 5, 5, 5, 5], "midipitch": [72, 74, 76, 76, 76, 74, 76, 72, 76, 77, 76, 74, 74, 74, 74, 76, 74, 72, 72, 72], "diatonicpitch": [35, 36, 37, 37, 37, 36, 37, 35, 37, 38, 37, 36, 36, 36, 36, 37, 36, 35, 35, 35], "diatonicinterval": [null, 1, 1, 0, 0, -1, 1, -2, 2, 1, -1, -1, 0, 0, 0, 1, -1, -1, 0, 0], "chromaticinterval": [null, 2, 2, 0, 0, -2, 2, -4, 4, 1, -1, -2, 0, 0, 0, 2, -2, -2, 0, 0], "pitchproximity": [null, null, 2, 0, 0, 2, 2, 4, 4, 1, 1, 2, 0, 0, 0, 2, 2, 2, 0, 0], "pitchreversal": [null, null, 0, 0, 0, 0, 1.5, 1.5, 1.5, 0, 1.5, 0, 0, 0, 0, 0, 1.5, 0, 0, 0], "nextisrest": [false, false, false, false, false, false, false, false, false, false, false, false, false, false, false, false, false, false, false, null], "restduration_frac": [null, null, null, null, null, null, null, null, null, null, null, null, null, null, null, null, null, null, null, null], "duration": [0.25, 0.25, 0.5, 0.5, 0.25, 0.25, 0.5, 0.5, 0.5, 0.75, 0.25, 0.5, 0.5, 0.5, 0.5, 0.75, 0.25, 0.5, 0.5, 0.5], "duration_frac": ["1/4", "1/4", "1/2", "1/2", "1/4", "1/4", "1/2", "1/2", "1/2", "3/4", "1/4", "1/2", "1/2", "1/2", "1/2", "3/4", "1/4", "1/2", "1/2", "1/2"], "duration_fullname": ["16th", "16th", "Eighth", "Eighth", "16th", "16th", "Eighth", "Eighth", "Eighth", "Dotted Eighth", "16th", "Eighth", "Eighth", "Eighth", "Eighth", "Dotted Eighth", "16th", "Eighth", "Eighth", "Eighth"], "durationcontour": [null, "=", "+", "=", "-", "=", "+", "=", "=", "+", "-", "+", "=", "=", "=", "+", "-", "+", "=", "="], "onsettick": [0, 1, 2, 4, 6, 7, 8, 10, 12, 14, 17, 18, 20, 22, 24, 26, 29, 30, 32, 34], "beatfraction": ["1/6", "1/6", "1/3", "1/3", "1/6", "1/6", "1/3", "1/3", "1/3", "1/2", "1/6", "1/3", "1/3", "1/3", "1/3", "1/2", "1/6", "1/3", "1/3", "1/3"], "phrasepos": [0.0, 0.045454545454545456, 0.09090909090909091, 0.18181818181818182, 0.2727272727272727, 0.3181818181818182, 0.36363636363636365, 0.45454545454545453, 0.5454545454545454, 0.6363636363636364, 0.7727272727272727, 0.8181818181818182, 0.9090909090909091, 1.0, 0.0, 0.2, 0.5, 0.6, 0.8, 1.0], "phrase_ix": [0, 0, 0, 0, 0, 0, 0, 0, 0, 0, 0, 0, 0, 0, 1, 1, 1, 1, 1, 1], "phrase_end": [false, false, false, false, false, false, false, false, false, false, false, false, false, true, false, false, false, false, false, true], "songpos": [0.0, 0.029411764705882353, 0.058823529411764705, 0.11764705882352941, 0.17647058823529413, 0.20588235294117646, 0.23529411764705882, 0.29411764705882354, 0.35294117647058826, 0.4117647058823529, 0.5, 0.5294117647058824, 0.5882352941176471, 0.6470588235294118, 0.7058823529411765, 0.7647058823529411, 0.8529411764705882, 0.8823529411764706, 0.9411764705882353, 1.0], "beatinsong": ["0", "1/6", "1/3", "2/3", "1", "7/6", "4/3", "5/3", "2", "7/3", "17/6", "3", "10/3", "11/3", "4", "13/3", "29/6", "5", "16/3", "17/3"], "beatinphrase": ["0", "1/6", "1/3", "2/3", "1", "7/6", "4/3", "5/3", "2", "7/3", "17/6", "3", "10/3", "11/3", "0", "1/3", "5/6", "1", "4/3", "5/3"], "beatinphrase_end": ["-3", "-17/6", "-8/3", "-7/3", "-2", "-11/6", "-5/3", "-4/3", "-1", "-2/3", "-1/6", "0", "1/3", "2/3", "-1", "-2/3", "-1/6", "0", "1/3", "2/3"], "IOI_frac": ["1/4", "1/4", "1/2", "1/2", "1/4", "1/4", "1/2", "1/2", "1/2", "3/4", "1/4", "1/2", "1/2", "1/2", "1/2", "3/4", "1/4", "1/2", "1/2", null], "IOI": [0.25, 0.25, 0.5, 0.5, 0.25, 0.25, 0.5, 0.5, 0.5, 0.75, 0.25, 0.5, 0.5, 0.5, 0.5, 0.75, 0.25, 0.5, 0.5, null], "IOR_frac": [null, "1", "2", "1", "1/2", "1", "2", "1", "1", "3/2", "1/3", "2", "1", "1", "1", "3/2", "1/3", "2", "1", null], "IOR": [null, 1.0, 2.0, 1.0, 0.5, 1.0, 2.0, 1.0, 1.0, 1.5, 0.3333333333333333, 2.0, 1.0, 1.0, 1.0, 1.5, 0.3333333333333333, 2.0, 1.0, null], "imacontour": [null, "-", "+", "-", "+", "-", "+", "+", "-", "+", "-", "+", "-", "+", "-", "+", "-", "+", "-", "+"], "pitch": ["C5", "D5", "E5", "E5", "E5", "D5", "E5", "C5", "E5", "F5", "E5", "D5", "D5", "D5", "D5", "E5", "D5", "C5", "C5", "C5"], "contour3": [null, "+", "+", "=", "=", "-", "+", "-", "+", "+", "-", "-", "=", "=", "=", "+", "-", "-", "=", "="], "contour5": [null, "+", "+", "=", "=", "-", "+", "--", "++", "+", "-", "-", "=", "=", "=", "+", "-", "-", "=", "="], "beatstrength": [1.0, 0.25, 0.5, 0.5, 1.0, 0.25, 0.5, 0.5, 1.0, 0.5, 0.25, 1.0, 0.5, 0.5, 1.0, 0.5, 0.25, 1.0, 0.5, 0.5], "beat_str": ["1", "1", "1", "1", "1", "1", "1", "1", "1", "1", "1", "1", "1", "1", "1", "1", "1", "1", "1", "1"], "beat_fraction_str": ["0", "1/6", "1/3", "2/3", "0", "1/6", "1/3", "2/3", "0", "1/3", "5/6", "0", "1/3", "2/3", "0", "1/3", "5/6", "0", "1/3", "2/3"], "beat": [1.0, 1.1666666666666667, 1.3333333333333333, 1.6666666666666667, 1.0, 1.1666666666666667, 1.3333333333333333, 1.6666666666666667, 1.0, 1.3333333333333333, 1.8333333333333333, 1.0, 1.3333333333333333, 1.6666666666666667, 1.0, 1.3333333333333333, 1.8333333333333333, 1.0, 1.3333333333333333, 1.6666666666666667], "timesignature": ["3/8", "3/8", "3/8", "3/8", "3/8", "3/8", "3/8", "3/8", "3/8", "3/8", "3/8", "3/8", "3/8", "3/8", "3/8", "3/8", "3/8", "3/8", "3/8", "3/8"], "gpr2a_Frankland": [null, null, null, null, null, null, null, null, null, null, null, null, null, null, null, null, null, null, null, null], "gpr2b_Frankland": [null, null, null, null, null, null, null, null, null, 0.5, null, null, null, null, null, 0.5, null, null, null, null], "gpr3a_Frankland": [null, null, null, null, null, null, null, null, null, null, 0.75, null, null, null, null, null, null, null, null, null], "gpr3d_Frankland": [null, 0.5, null, 0.5, null, 0.5, null, null, null, null, null, null, 0.0, null, null, null, null, null, null, null], "gpr_Frankland_sum": [0, 0.5, 0, 0.5, 0, 0.5, 0, 0, 0, 0.5, 0.75, 0, 0, 0, 0, 0.5, 0, 0, 0, 0], "lbdm_spitch": [null, 0.5833333333333334, 0.0, 0.0, 0.5833333333333334, 0.2916666666666667, 0.5833333333333334, 1.0, 0.25, 0.11666666666666668, 0.8166666666666667, 0.0, 0.0, 0.0, 0.5833333333333334, 0.0, 0.5833333333333334, 0.0, null, null], "lbdm_sioi": [null, 0.15873015873015875, 0.3174603174603175, 0.3174603174603175, 0.15873015873015875, 0.15873015873015875, 0.3174603174603175, 0.0, 0.19047619047619052, 1.0, 0.39682539682539686, 0.3174603174603175, 0.0, 0.0, 0.19047619047619052, 1.0, 0.39682539682539686, 0.3174603174603175, null, null], "lbdm_srest": [null, 0.0, 0.0, 0.0, 0.0, 0.0, 0.0, 0.0, 0.0, 0.0, 0.0, 0.0, 0.0, 0.0, 0.0, 0.0, 0.0, 0.0, null, null], "lbdm_rpitch": [null, 0.0, 0.5, 0.0, 0.5, 0.0, 0.25, 0.0, 0.42857142857142855, 0.0, 0.2, 0.5, 0.0, 0.0, 0.5, 0.0, 0.0, 0.5, 0.0, null],