{"id": "KB1205700020", "tunefamily": "", "year": -1, "tunefamily_full": "", "type": "", "freemeter": false, "origin": "", "features": {"scaledegree": [2, 7, 7, 5, 7, 1, 3, 3, 1, 2, 7, 5, 7, 2, 7, 1, 1, 1], "scaledegreespecifier": ["M", "M", "M", "P", "M", "P", "M", "M", "P", "M", "M", "P", "M", "M", "M", "P", "P", "P"], "tonic": ["G", "G", "G", "G", "G", "G", "G", "G", "G", "G", "G", "G", "G", "G", "G", "G", "G", "G"], "mode": ["major", "major", "major", "major", "major", "major", "major", "major", "major", "major", "major", "major", "major", "major", "major", "major", "major", "major"], "metriccontour": [null, "-", "+", "=", "-", "+", "-", "+", "=", "+", "-", "+", "-", "+", "-", "+", "-", "="], "imaweight": [0.972414, 0.0, 0.972414, 0.972414, 0.275862, 0.944828, 0.303448, 1.0, 1.0, 1.0, 0.110345, 1.0, 0.303448, 0.944828, 0.275862, 0.972414, 1.0, 1.0], "imaweight_spectral": [1.0, 0.0220994, 0.977901, 0.867403, 0.331492, 0.889503, 0.331492, 0.911602, 0.977901, 0.977901, 0.0883978, 0.911602, 0.331492, 0.867403, 0.331492, 0.889503, 1.0, 1.0], "pitch40_hewlett": [152, 141, 141, 129, 141, 146, 158, 158, 146, 152, 141, 129, 141, 152, 141, 146, 146, 146], "pitch40_sapp": [191, 180, 180, 168, 180, 185, 197, 197, 185, 191, 180, 168, 180, 191, 180, 185, 185, 185], "octave": [4, 4, 4, 4, 4, 4, 4, 4, 4, 4, 4, 4, 4, 4, 4, 4, 4, 4], "midipitch": [69, 66, 66, 62, 66, 67, 71, 71, 67, 69, 66, 62, 66, 69, 66, 67, 67, 67], "diatonicpitch": [29, 27, 27, 25, 27, 28, 30, 30, 28, 29, 27, 25, 27, 29, 27, 28, 28, 28], "diatonicinterval": [null, -2, 0, -2, 2, 1, 2, 0, -2, 1, -2, -2, 2, 2, -2, 1, 0, 0], "chromaticinterval": [null, -3, 0, -4, 4, 1, 4, 0, -4, 2, -3, -4, 4, 3, -3, 1, 0, 0], "pitchproximity": [null, null, 0, 4, 4, 1, 4, 0, 4, 2, 3, 4, 4, 3, 3, 1, 0, 0], "pitchreversal": [null, null, 0, 0, 1.5, 0, 0, 0, 0, 1.5, 1.5, 0, 1.5, 0, 1.5, 1.5, 0, 0], "nextisrest": [false, false, false, false, false, false, false, false, false, false, false, false, false, false, false, false, false, null], "restduration_frac": [null, null, null, null, null, null, null, null, null, null, null, null, null, null, null, null, null, null], "duration": [0.375, 0.125, 0.5, 0.25, 0.25, 0.25, 0.25, 0.5, 0.5, 0.375, 0.125, 0.25, 0.25, 0.25, 0.25, 0.5, 0.5, 0.5], "duration_frac": ["3/8", "1/8", "1/2", "1/4", "1/4", "1/4", "1/4", "1/2", "1/2", "3/8", "1/8", "1/4", "1/4", "1/4", "1/4", "1/2", "1/2", "1/2"], "duration_fullname": ["Dotted 16th", "32nd", "Eighth", "16th", "16th", "16th", "16th", "Eighth", "Eighth", "Dotted 16th", "32nd", "16th", "16th", "16th", "16th", "Eighth", "Eighth", "Eighth"], "durationcontour": [null, "-", "+", "-", "=", "=", "=", "+", "=", "-", "-", "+", "=", "=", "=", "+", "=", "="], "onsettick": [0, 3, 4, 8, 10, 12, 14, 16, 20, 24, 27, 28, 30, 32, 34, 36, 40, 44], "beatfraction": ["1/4", "1/12", "1/3", "1/6", "1/6", "1/6", "1/6", "1/3", "1/3", "1/4", "1/12", "1/6", "1/6", "1/6", "1/6", "1/3", "1/3", "1/3"], "phrasepos": [0.0, 0.06818181818181818, 0.09090909090909091, 0.18181818181818182, 0.22727272727272727, 0.2727272727272727, 0.3181818181818182, 0.36363636363636365, 0.45454545454545453, 0.5454545454545454, 0.6136363636363636, 0.6363636363636364, 0.6818181818181818, 0.7272727272727273, 0.7727272727272727, 0.8181818181818182, 0.9090909090909091, 1.0], "phrase_ix": [0, 0, 0, 0, 0, 0, 0, 0, 0, 0, 0, 0, 0, 0, 0, 0, 0, 0], "phrase_end": [false, false, false, false, false, false, false, false, false, false, false, false, false, false, false, false, false, true], "songpos": [0.0, 0.06818181818181818, 0.09090909090909091, 0.18181818181818182, 0.22727272727272727, 0.2727272727272727, 0.3181818181818182, 0.36363636363636365, 0.45454545454545453, 0.5454545454545454, 0.6136363636363636, 0.6363636363636364, 0.6818181818181818, 0.7272727272727273, 0.7727272727272727, 0.8181818181818182, 0.9090909090909091, 1.0], "beatinsong": ["0", "1/4", "1/3", "2/3", "5/6", "1", "7/6", "4/3", "5/3", "2", "9/4", "7/3", "5/2", "8/3", "17/6", "3", "10/3", "11/3"], "beatinphrase": ["0", "1/4", "1/3", "2/3", "5/6", "1", "7/6", "4/3", "5/3", "2", "9/4", "7/3", "5/2", "8/3", "17/6", "3", "10/3", "11/3"], "beatinphrase_end": ["-3", "-11/4", "-8/3", "-7/3", "-13/6", "-2", "-11/6", "-5/3", "-4/3", "-1", "-3/4", "-2/3", "-1/2", "-1/3", "-1/6", "0", "1/3", "2/3"], "IOI_frac": ["3/8", "1/8", "1/2", "1/4", "1/4", "1/4", "1/4", "1/2", "1/2", "3/8", "1/8", "1/4", "1/4", "1/4", "1/4", "1/2", "1/2", null], "IOI": [0.375, 0.125, 0.5, 0.25, 0.25, 0.25, 0.25, 0.5, 0.5, 0.375, 0.125, 0.25, 0.25, 0.25, 0.25, 0.5, 0.5, null], "IOR_frac": [null, "1/3", "4", "1/2", "1", "1", "1", "2", "1", "3/4", "1/3", "2", "1", "1", "1", "2", "1", null], "IOR": [null, 0.3333333333333333, 4.0, 0.5, 1.0, 1.0, 1.0, 2.0, 1.0, 0.75, 0.3333333333333333, 2.0, 1.0, 1.0, 1.0, 2.0, 1.0, null], "imacontour": [null, "-", "+", "=", "-", "+", "-", "+", "=", "=", "-", "+", "-", "+", "-", "+", "+", "="], "pitch": ["A4", "F#4", "F#4", "D4", "F#4", "G4", "B4", "B4", "G4", "A4", "F#4", "D4", "F#4", "A4", "F#4", "G4", "G4", "G4"], "contour3": [null, "-", "=", "-", "+", "+", "+", "=", "-", "+", "-", "-", "+", "+", "-", "+", "=", "="], "contour5": [null, "--", "=", "--", "++", "+", "++", "=", "--", "+", "--", "--", "++", "++", "--", "+", "=", "="], "beatstrength": [1.0, 0.125, 0.5, 0.5, 0.25, 1.0, 0.25, 0.5, 0.5, 1.0, 0.125, 0.5, 0.25, 0.5, 0.25, 1.0, 0.5, 0.5], "beat_str": ["1", "1", "1", "1", "1", "1", "1", "1", "1", "1", "1", "1", "1", "1", "1", "1", "1", "1"], "beat_fraction_str": ["0", "1/4", "1/3", "2/3", "5/6", "0", "1/6", "1/3", "2/3", "0", "1/4", "1/3", "1/2", "2/3", "5/6", "0", "1/3", "2/3"], "beat": [1.0, 1.25, 1.3333333333333333, 1.6666666666666667, 1.8333333333333333, 1.0, 1.1666666666666667, 1.3333333333333333, 1.6666666666666667, 1.0, 1.25, 1.3333333333333333, 1.5, 1.6666666666666667, 1.8333333333333333, 1.0, 1.3333333333333333, 1.6666666666666667], "timesignature": ["3/8", "3/8", "3/8", "3/8", "3/8", "3/8", "3/8", "3/8", "3/8", "3/8", "3/8", "3/8", "3/8", "3/8", "3/8", "3/8", "3/8", "3/8"], "gpr2a_Frankland": [null, null, null, null, null, null, null, null, null, null, null, null, null, null, null, null, null, null], "gpr2b_Frankland": [null, null, 0.625, null, null, null, null, null, null, null, null, null, null, null, null, null, null, null], "gpr3a_Frankland": [null, null, null, null, null, 0.875, null, 0.75, null, null, null, null, null, null, null, null, null, null], "gpr3d_Frankland": [null, null, null, null, 0.0, null, 0.5, null, null, null, null, null, 0.0, null, 0.5, null, null, null], "gpr_Frankland_sum": [0, 0, 0.625, 0, 0, 0.875, 0.5, 0.75, 0, 0, 0, 0, 0, 0, 0.5, 0, 0, 0], "lbdm_spitch": [null, 0.0, 0.6086956521739131, 0.391304347826087, 0.1956521739130435, 1.0, 0.0, 0.8369565217391305, 0.17934782608695654, 0.17391304347826086, 0.10144927536231885, 0.10144927536231885, 0.07608695652173914, 0.2282608695652174, 0.15217391304347827, 0.0, null, null], "lbdm_sioi": [null, 0.29464285714285715, 1.0, 0.17857142857142855, 0.0, 0.0, 0.17857142857142855, 0.3571428571428571, 0.1530612244897959, 0.5165816326530611, 0.2232142857142857, 0.17857142857142855, 0.0, 0.0, 0.17857142857142855, 0.3571428571428571, null, null], "lbdm_srest": [null, 0.0, 0.0, 0.0, 0.0, 0.0, 0.0, 0.0, 0.0, 0.0, 0.0, 0.0, 0.0, 0.0, 0.0, 0.0, null, null], "lbdm_rpitch": [null, 0.6, 0.6666666666666666, 0.0, 0.42857142857142855, 0.42857142857142855, 0.6666666666666666, 0.6666666666666666, 0.25, 0.14285714285714285, 0.1111111111111111, 0.0, 0.1111111111111111, 0.0, 0.3333333333333333, 0.3333333333333333, 0.0, null], "lbdm_rioi": [null, 0.5, 0.6, 0.3333333333333333, 0.0, 0.0, 0.0, 0.3333333333333333, 0.0, 0.14285714285714285, 0.5, 0.3333333333333333, 0.0, 0.0, 0.0, 0.3333333333333333, 0.0, null], "lbdm_rrest": [null, 0.0, 0.0, 0.0, 0.0, 0.0, 0.0, 0.0, 0.0, 0.0, 0.0, 0.0, 0.0, 0.0, 0.0, 0.0, 0.0, null],