{"id": "KB1236800012", "tunefamily": "", "year": -1, "tunefamily_full": "", "type": "", "freemeter": false, "origin": "", "features": {"scaledegree": [5, 6, 4, 4, 3, 5, 3, 4, 2, 1, 2, 3, 5, 4, 4, 3, 5, 2, 7, 1], "scaledegreespecifier": ["P", "M", "P", "P", "M", "P", "M", "P", "M", "P", "M", "M", "P", "P", "P", "M", "P", "M", "M", "P"], "tonic": ["G", "G", "G", "G", "G", "G", "G", "G", "G", "G", "G", "G", "G", "G", "G", "G", "G", "G", "G", "G"], "mode": ["major", "major", "major", "major", "major", "major", "major", "major", "major", "major", "major", "major", "major", "major", "major", "major", "major", "major", "major", "major"], "metriccontour": [null, "-", "+", "-", "+", "=", "+", "-", "+", "+", "-", "+", "=", "+", "-", "+", "=", "+", "-", "+"], "imaweight": [0.419847, 0.526718, 0.748092, 0.251908, 0.503817, 0.633588, 0.610687, 0.381679, 0.740458, 0.992366, 0.427481, 0.725191, 0.870229, 0.656489, 0.335878, 0.862595, 0.656489, 1.0, 0.343511, 0.648855], "imaweight_spectral": [0.889535, 0.94186, 0.947674, 0.377907, 0.761628, 1.0, 0.843023, 0.476744, 0.94186, 0.994186, 0.47093, 0.843023, 0.976744, 0.790698, 0.401163, 0.895349, 0.912791, 1.0, 0.406977, 0.784884], "pitch40_hewlett": [169, 175, 163, 163, 158, 169, 158, 163, 152, 146, 152, 158, 169, 163, 163, 158, 169, 152, 141, 146], "pitch40_sapp": [208, 214, 202, 202, 197, 208, 197, 202, 191, 185, 191, 197, 208, 202, 202, 197, 208, 191, 180, 185], "octave": [5, 5, 5, 5, 4, 5, 4, 5, 4, 4, 4, 4, 5, 5, 5, 4, 5, 4, 4, 4], "midipitch": [74, 76, 72, 72, 71, 74, 71, 72, 69, 67, 69, 71, 74, 72, 72, 71, 74, 69, 66, 67], "diatonicpitch": [32, 33, 31, 31, 30, 32, 30, 31, 29, 28, 29, 30, 32, 31, 31, 30, 32, 29, 27, 28], "diatonicinterval": [null, 1, -2, 0, -1, 2, -2, 1, -2, -1, 1, 1, 2, -1, 0, -1, 2, -3, -2, 1], "chromaticinterval": [null, 2, -4, 0, -1, 3, -3, 1, -3, -2, 2, 2, 3, -2, 0, -1, 3, -5, -3, 1], "pitchproximity": [null, null, 4, 0, 1, 3, 3, 1, 3, 2, 2, 2, 3, 2, 0, 1, 3, 5, 3, 1], "pitchreversal": [null, null, 1.5, 0, 0, 1.5, 1.5, 1.5, 1.5, 0, 1.5, 0, 0, 1.5, 0, 0, 1.5, 1.5, 0, 1.5], "nextisrest": [false, false, false, false, false, false, false, false, false, false, false, false, false, false, false, false, false, false, false, null], "restduration_frac": [null, null, null, null, null, null, null, null, null, null, null, null, null, null, null, null, null, null, null, null], "duration": [1.0, 0.5, 0.25, 0.25, 0.5, 0.5, 0.25, 0.25, 1.0, 0.25, 0.25, 0.5, 0.5, 0.25, 0.25, 0.5, 0.5, 0.25, 0.25, 1.0], "duration_frac": ["1", "1/2", "1/4", "1/4", "1/2", "1/2", "1/4", "1/4", "1", "1/4", "1/4", "1/2", "1/2", "1/4", "1/4", "1/2", "1/2", "1/4", "1/4", "1"], "duration_fullname": ["Quarter", "Eighth", "16th", "16th", "Eighth", "Eighth", "16th", "16th", "Quarter", "16th", "16th", "Eighth", "Eighth", "16th", "16th", "Eighth", "Eighth", "16th", "16th", "Quarter"], "durationcontour": [null, "-", "-", "=", "+", "=", "-", "=", "+", "-", "=", "+", "=", "-", "=", "+", "=", "-", "=", "+"], "onsettick": [0, 4, 6, 7, 8, 10, 12, 13, 14, 18, 19, 20, 22, 24, 25, 26, 28, 30, 31, 32], "beatfraction": ["2/3", "1/3", "1/6", "1/6", "1/3", "1/3", "1/6", "1/6", "2/3", "1/6", "1/6", "1/3", "1/3", "1/6", "1/6", "1/3", "1/3", "1/6", "1/6", "2/3"], "phrasepos": [0.0, 0.125, 0.1875, 0.21875, 0.25, 0.3125, 0.375, 0.40625, 0.4375, 0.5625, 0.59375, 0.625, 0.6875, 0.75, 0.78125, 0.8125, 0.875, 0.9375, 0.96875, 1.0], "phrase_ix": [0, 0, 0, 0, 0, 0, 0, 0, 0, 0, 0, 0, 0, 0, 0, 0, 0, 0, 0, 0], "phrase_end": [false, false, false, false, false, false, false, false, false, false, false, false, false, false, false, false, false, false, false, true], "songpos": [0.0, 0.125, 0.1875, 0.21875, 0.25, 0.3125, 0.375, 0.40625, 0.4375, 0.5625, 0.59375, 0.625, 0.6875, 0.75, 0.78125, 0.8125, 0.875, 0.9375, 0.96875, 1.0], "beatinsong": ["0", "2/3", "1", "7/6", "4/3", "5/3", "2", "13/6", "7/3", "3", "19/6", "10/3", "11/3", "4", "25/6", "13/3", "14/3", "5", "31/6", "16/3"], "beatinphrase": ["0", "2/3", "1", "7/6", "4/3", "5/3", "2", "13/6", "7/3", "3", "19/6", "10/3", "11/3", "4", "25/6", "13/3", "14/3", "5", "31/6", "16/3"], "beatinphrase_end": ["-5", "-13/3", "-4", "-23/6", "-11/3", "-10/3", "-3", "-17/6", "-8/3", "-2", "-11/6", "-5/3", "-4/3", "-1", "-5/6", "-2/3", "-1/3", "0", "1/6", "1/3"], "IOI_frac": ["1", "1/2", "1/4", "1/4", "1/2", "1/2", "1/4", "1/4", "1", "1/4", "1/4", "1/2", "1/2", "1/4", "1/4", "1/2", "1/2", "1/4", "1/4", null], "IOI": [1.0, 0.5, 0.25, 0.25, 0.5, 0.5, 0.25, 0.25, 1.0, 0.25, 0.25, 0.5, 0.5, 0.25, 0.25, 0.5, 0.5, 0.25, 0.25, null], "IOR_frac": [null, "1/2", "1/2", "1", "2", "1", "1/2", "1", "4", "1/4", "1", "2", "1", "1/2", "1", "2", "1", "1/2", "1", null], "IOR": [null, 0.5, 0.5, 1.0, 2.0, 1.0, 0.5, 1.0, 4.0, 0.25, 1.0, 2.0, 1.0, 0.5, 1.0, 2.0, 1.0, 0.5, 1.0, null], "imacontour": [null, "+", "+", "-", "+", "+", "-", "-", "+", "+", "-", "+", "+", "-", "-", "+", "-", "+", "-", "+"], "pitch": ["D5", "E5", "C5", "C5", "B4", "D5", "B4", "C5", "A4", "G4", "A4", "B4", "D5", "C5", "C5", "B4", "D5", "A4", "F#4", "G4"], "contour3": [null, "+", "-", "=", "-", "+", "-", "+", "-", "-", "+", "+", "+", "-", "=", "-", "+", "-", "-", "+"], "contour5": [null, "+", "--", "=", "-", "++", "--", "+", "--", "-", "+", "+", "++", "-", "=", "-", "++", "--", "--", "+"], "beatstrength": [1.0, 0.5, 1.0, 0.25, 0.5, 0.5, 1.0, 0.25, 0.5, 1.0, 0.25, 0.5, 0.5, 1.0, 0.25, 0.5, 0.5, 1.0, 0.25, 0.5], "beat_str": ["1", "1", "1", "1", "1", "1", "1", "1", "1", "1", "1", "1", "1", "1", "1", "1", "1", "1", "1", "1"], "beat_fraction_str": ["0", "2/3", "0", "1/6", "1/3", "2/3", "0", "1/6", "1/3", "0", "1/6", "1/3", "2/3", "0", "1/6", "1/3", "2/3", "0", "1/6", "1/3"], "beat": [1.0, 1.6666666666666667, 1.0, 1.1666666666666667, 1.3333333333333333, 1.6666666666666667, 1.0, 1.1666666666666667, 1.3333333333333333, 1.0, 1.1666666666666667, 1.3333333333333333, 1.6666666666666667, 1.0, 1.1666666666666667, 1.3333333333333333, 1.6666666666666667, 1.0, 1.1666666666666667, 1.3333333333333333], "timesignature": ["3/8", "3/8", "3/8", "3/8", "3/8", "3/8", "3/8", "3/8", "3/8", "3/8", "3/8", "3/8", "3/8", "3/8", "3/8", "3/8", "3/8", "3/8", "3/8", "3/8"], "gpr2a_Frankland": [null, null, null, null, null, null, null, null, null, null, null, null, null, null, null, null, null, null, null, null], "gpr2b_Frankland": [null, null, null, null, null, null, null, null, 0.75, null, null, null, null, null, null, null, null, null, null, null], "gpr3a_Frankland": [null, 0.75, null, null, null, null, null, 0.5, null, null, null, 0.33333333333333337, null, null, null, null, 0.4, null, null, null], "gpr3d_Frankland": [null, null, null, 0.5, null, 0.5, null, null, null, null, 0.5, null, 0.5, null, 0.5, null, 0.5, null, null, null], "gpr_Frankland_sum": [0, 0.75, 0, 0.5, 0, 0.5, 0, 0.5, 0.75, 0, 0.5, 0.33333333333333337, 0.5, 0, 0.5, 0, 0.9, 0, 0, 0], "lbdm_spitch": [null, 1.0, 0.0, 0.18181818181818182, 0.27272727272727276, 0.27272727272727276, 0.18181818181818182, 0.3896103896103896, 0.07792207792207792, 0.0, 0.07792207792207792, 0.23376623376623376, 0.35064935064935066, 0.0, 0.18181818181818182, 0.4363636363636364, 0.5454545454545455, 0.4363636363636364, null, null], "lbdm_sioi": [null, 0.2777777777777778, 0.06944444444444445, 0.06944444444444445, 0.1388888888888889, 0.1388888888888889, 0.06944444444444445, 0.125, 1.0, 0.125, 0.06944444444444445, 0.1388888888888889, 0.1388888888888889, 0.06944444444444445, 0.06944444444444445, 0.1388888888888889, 0.1388888888888889, 0.06944444444444445, null, null], "lbdm_srest": [null, 0.0, 0.0, 0.0, 0.0, 0.0, 0.0, 0.0, 0.0, 0.0, 0.0, 0.0, 0.0, 0.0, 0.0, 0.0, 0.0, 0.0, null, null], "lbdm_rpitch": [null, 0.25, 0.6666666666666666, 0.3333333333333333, 0.3333333333333333, 0.0, 0.3333333333333333, 0.3333333333333333, 0.14285714285714285, 0.0, 0.0, 0.14285714285714285, 0.14285714285714285, 0.5, 0.3333333333333333, 0.3333333333333333, 0.2, 0.2, 0.3333333333333333, null],