{"id": "KB1236800011", "tunefamily": "", "year": -1, "tunefamily_full": "", "type": "", "freemeter": false, "origin": "", "features": {"scaledegree": [5, 6, 4, 4, 3, 5, 3, 2, 1, 2, 3, 5, 4, 4, 3, 5, 2, 1], "scaledegreespecifier": ["P", "M", "P", "P", "M", "P", "M", "M", "P", "M", "M", "P", "P", "P", "M", "P", "M", "P"], "tonic": ["G", "G", "G", "G", "G", "G", "G", "G", "G", "G", "G", "G", "G", "G", "G", "G", "G", "G"], "mode": ["major", "major", "major", "major", "major", "major", "major", "major", "major", "major", "major", "major", "major", "major", "major", "major", "major", "major"], "metriccontour": [null, "-", "+", "-", "+", "=", "+", "-", "+", "-", "+", "=", "+", "-", "+", "=", "+", "-"], "imaweight": [0.401575, 0.433071, 0.740157, 0.0944882, 0.488189, 0.614173, 0.598425, 0.732283, 0.992126, 0.259843, 0.716535, 0.771654, 0.677165, 0.165354, 0.858268, 0.622047, 1.0, 0.637795], "imaweight_spectral": [0.859756, 0.810976, 0.920732, 0.176829, 0.72561, 0.926829, 0.835366, 0.939024, 0.969512, 0.27439, 0.810976, 0.847561, 0.780488, 0.20122, 0.865854, 0.810976, 1.0, 0.77439], "pitch40_hewlett": [169, 175, 163, 163, 158, 169, 158, 152, 146, 152, 158, 169, 163, 163, 158, 169, 152, 146], "pitch40_sapp": [208, 214, 202, 202, 197, 208, 197, 191, 185, 191, 197, 208, 202, 202, 197, 208, 191, 185], "octave": [5, 5, 5, 5, 4, 5, 4, 4, 4, 4, 4, 5, 5, 5, 4, 5, 4, 4], "midipitch": [74, 76, 72, 72, 71, 74, 71, 69, 67, 69, 71, 74, 72, 72, 71, 74, 69, 67], "diatonicpitch": [32, 33, 31, 31, 30, 32, 30, 29, 28, 29, 30, 32, 31, 31, 30, 32, 29, 28], "diatonicinterval": [null, 1, -2, 0, -1, 2, -2, -1, -1, 1, 1, 2, -1, 0, -1, 2, -3, -1], "chromaticinterval": [null, 2, -4, 0, -1, 3, -3, -2, -2, 2, 2, 3, -2, 0, -1, 3, -5, -2], "pitchproximity": [null, null, 4, 0, 1, 3, 3, 2, 2, 2, 2, 3, 2, 0, 1, 3, 5, 2], "pitchreversal": [null, null, 1.5, 0, 0, 1.5, 1.5, 0, 0, 1.5, 0, 0, 1.5, 0, 0, 1.5, 1.5, 0], "nextisrest": [false, false, false, false, false, false, false, false, false, false, false, false, false, false, false, false, false, null], "restduration_frac": [null, null, null, null, null, null, null, null, null, null, null, null, null, null, null, null, null, null], "duration": [1.0, 0.5, 0.25, 0.25, 0.5, 0.5, 0.5, 1.0, 0.25, 0.25, 0.5, 0.5, 0.25, 0.25, 0.5, 0.5, 0.5, 1.0], "duration_frac": ["1", "1/2", "1/4", "1/4", "1/2", "1/2", "1/2", "1", "1/4", "1/4", "1/2", "1/2", "1/4", "1/4", "1/2", "1/2", "1/2", "1"], "duration_fullname": ["Quarter", "Eighth", "16th", "16th", "Eighth", "Eighth", "Eighth", "Quarter", "16th", "16th", "Eighth", "Eighth", "16th", "16th", "Eighth", "Eighth", "Eighth", "Quarter"], "durationcontour": [null, "-", "-", "=", "+", "=", "=", "+", "-", "=", "+", "=", "-", "=", "+", "=", "=", "+"], "onsettick": [0, 4, 6, 7, 8, 10, 12, 14, 18, 19, 20, 22, 24, 25, 26, 28, 30, 32], "beatfraction": ["2/3", "1/3", "1/6", "1/6", "1/3", "1/3", "1/3", "2/3", "1/6", "1/6", "1/3", "1/3", "1/6", "1/6", "1/3", "1/3", "1/3", "2/3"], "phrasepos": [0.0, 0.125, 0.1875, 0.21875, 0.25, 0.3125, 0.375, 0.4375, 0.5625, 0.59375, 0.625, 0.6875, 0.75, 0.78125, 0.8125, 0.875, 0.9375, 1.0], "phrase_ix": [0, 0, 0, 0, 0, 0, 0, 0, 0, 0, 0, 0, 0, 0, 0, 0, 0, 0], "phrase_end": [false, false, false, false, false, false, false, false, false, false, false, false, false, false, false, false, false, true], "songpos": [0.0, 0.125, 0.1875, 0.21875, 0.25, 0.3125, 0.375, 0.4375, 0.5625, 0.59375, 0.625, 0.6875, 0.75, 0.78125, 0.8125, 0.875, 0.9375, 1.0], "beatinsong": ["0", "2/3", "1", "7/6", "4/3", "5/3", "2", "7/3", "3", "19/6", "10/3", "11/3", "4", "25/6", "13/3", "14/3", "5", "16/3"], "beatinphrase": ["0", "2/3", "1", "7/6", "4/3", "5/3", "2", "7/3", "3", "19/6", "10/3", "11/3", "4", "25/6", "13/3", "14/3", "5", "16/3"], "beatinphrase_end": ["-5", "-13/3", "-4", "-23/6", "-11/3", "-10/3", "-3", "-8/3", "-2", "-11/6", "-5/3", "-4/3", "-1", "-5/6", "-2/3", "-1/3", "0", "1/3"], "IOI_frac": ["1", "1/2", "1/4", "1/4", "1/2", "1/2", "1/2", "1", "1/4", "1/4", "1/2", "1/2", "1/4", "1/4", "1/2", "1/2", "1/2", null], "IOI": [1.0, 0.5, 0.25, 0.25, 0.5, 0.5, 0.5, 1.0, 0.25, 0.25, 0.5, 0.5, 0.25, 0.25, 0.5, 0.5, 0.5, null], "IOR_frac": [null, "1/2", "1/2", "1", "2", "1", "1", "2", "1/4", "1", "2", "1", "1/2", "1", "2", "1", "1", null], "IOR": [null, 0.5, 0.5, 1.0, 2.0, 1.0, 1.0, 2.0, 0.25, 1.0, 2.0, 1.0, 0.5, 1.0, 2.0, 1.0, 1.0, null], "imacontour": [null, "+", "+", "-", "+", "+", "-", "+", "+", "-", "+", "+", "-", "-", "+", "-", "+", "-"], "pitch": ["D5", "E5", "C5", "C5", "B4", "D5", "B4", "A4", "G4", "A4", "B4", "D5", "C5", "C5", "B4", "D5", "A4", "G4"], "contour3": [null, "+", "-", "=", "-", "+", "-", "-", "-", "+", "+", "+", "-", "=", "-", "+", "-", "-"], "contour5": [null, "+", "--", "=", "-", "++", "--", "-", "-", "+", "+", "++", "-", "=", "-", "++", "--", "-"], "beatstrength": [1.0, 0.5, 1.0, 0.25, 0.5, 0.5, 1.0, 0.5, 1.0, 0.25, 0.5, 0.5, 1.0, 0.25, 0.5, 0.5, 1.0, 0.5], "beat_str": ["1", "1", "1", "1", "1", "1", "1", "1", "1", "1", "1", "1", "1", "1", "1", "1", "1", "1"], "beat_fraction_str": ["0", "2/3", "0", "1/6", "1/3", "2/3", "0", "1/3", "0", "1/6", "1/3", "2/3", "0", "1/6", "1/3", "2/3", "0", "1/3"], "beat": [1.0, 1.6666666666666667, 1.0, 1.1666666666666667, 1.3333333333333333, 1.6666666666666667, 1.0, 1.3333333333333333, 1.0, 1.1666666666666667, 1.3333333333333333, 1.6666666666666667, 1.0, 1.1666666666666667, 1.3333333333333333, 1.6666666666666667, 1.0, 1.3333333333333333], "timesignature": ["3/8", "3/8", "3/8", "3/8", "3/8", "3/8", "3/8", "3/8", "3/8", "3/8", "3/8", "3/8", "3/8", "3/8", "3/8", "3/8", "3/8", "3/8"], "gpr2a_Frankland": [null, null, null, null, null, null, null, null, null, null, null, null, null, null, null, null, null, null], "gpr2b_Frankland": [null, null, null, null, null, null, null, 0.625, null, null, null, null, null, null, null, null, null, null], "gpr3a_Frankland": [null, 0.75, null, null, null, null, null, null, null, null, 0.33333333333333337, null, null, null, null, 0.5, null, null], "gpr3d_Frankland": [null, null, null, 0.5, null, null, null, null, null, 0.5, null, 0.5, null, 0.5, null, null, null, null], "gpr_Frankland_sum": [0, 0.75, 0, 0.5, 0, 0, 0, 0.625, 0, 0.5, 0.33333333333333337, 0.5, 0, 0.5, 0, 0.5, 0, 0], "lbdm_spitch": [null, 1.0, 0.0, 0.18181818181818182, 0.27272727272727276, 0.11688311688311688, 0.07792207792207792, 0.0, 0.0, 0.07792207792207792, 0.23376623376623376, 0.35064935064935066, 0.0, 0.18181818181818182, 0.4363636363636364, 0.7272727272727273, null, null], "lbdm_sioi": [null, 0.3571428571428571, 0.08928571428571427, 0.08928571428571427, 0.17857142857142855, 0.0, 0.17857142857142855, 1.0, 0.1607142857142857, 0.08928571428571427, 0.17857142857142855, 0.17857142857142855, 0.08928571428571427, 0.08928571428571427, 0.17857142857142855, 0.0, null, null], "lbdm_srest": [null, 0.0, 0.0, 0.0, 0.0, 0.0, 0.0, 0.0, 0.0, 0.0, 0.0, 0.0, 0.0, 0.0, 0.0, 0.0, null, null], "lbdm_rpitch": [null, 0.25, 0.6666666666666666, 0.3333333333333333, 0.3333333333333333, 0.0, 0.14285714285714285, 0.0, 0.0, 0.0, 0.14285714285714285, 0.14285714285714285, 0.5, 0.3333333333333333, 0.3333333333333333, 0.2, 0.3333333333333333, null], "lbdm_rioi": [null, 0.3333333333333333, 0.3333333333333333, 0.0, 0.3333333333333333, 0.0, 0.0, 0.3333333333333333, 0.6, 0.0, 0.3333333333333333, 0.0, 0.3333333333333333, 0.0, 0.3333333333333333, 0.0, 0.0, null], "lbdm_rrest": [null, 0.0, 0.0, 0.0, 0.0, 0.0, 0.0, 0.0, 0.0, 0.0, 0.0, 0.0, 0.0, 0.0, 0.0, 0.0, 0.0, null], "lbdm_boundarystrength": [null, 0.42857142857142855, 0.04464285714285714, 0.09009740259740259, 0.15746753246753248, 0.02922077922077922, 0.10876623376623376, 0.5, 0.08035714285714285, 0.06412337662337661, 0.1477272727272727, 0.17694805194805194, 0.04464285714285714, 0.09009740259740259, 0.19837662337662337, 0.18181818181818182, null, null]}}
