{"id": "KB1234900010", "tunefamily": "", "year": -1, "tunefamily_full": "", "type": "", "freemeter": false, "origin": "", "features": {"scaledegree": [5, 1, 2, 3, 1, 6, 5, 5, 1, 2, 3, 1, 2, 1], "scaledegreespecifier": ["P", "P", "M", "M", "P", "M", "P", "P", "P", "M", "M", "P", "M", "P"], "tonic": ["G", "G", "G", "G", "G", "G", "G", "G", "G", "G", "G", "G", "G", "G"], "mode": ["major", "major", "major", "major", "major", "major", "major", "major", "major", "major", "major", "major", "major", "major"], "metriccontour": [null, "-", "=", "+", "-", "+", "-", "+", "-", "=", "+", "-", "+", "-"], "imaweight": [0.691176, 0.632353, 0.382353, 1.0, 0.558824, 0.691176, 0.676471, 0.926471, 0.529412, 0.764706, 0.691176, 0.382353, 0.691176, 0.382353], "imaweight_spectral": [0.776596, 0.638298, 0.553191, 0.904255, 0.638298, 0.829787, 0.723404, 0.851064, 0.56383, 0.734043, 0.680851, 0.510638, 1.0, 0.510638], "pitch40_hewlett": [129, 146, 152, 158, 146, 175, 169, 129, 146, 152, 158, 146, 152, 146], "pitch40_sapp": [168, 185, 191, 197, 185, 214, 208, 168, 185, 191, 197, 185, 191, 185], "octave": [4, 4, 4, 4, 4, 5, 5, 4, 4, 4, 4, 4, 4, 4], "midipitch": [62, 67, 69, 71, 67, 76, 74, 62, 67, 69, 71, 67, 69, 67], "diatonicpitch": [25, 28, 29, 30, 28, 33, 32, 25, 28, 29, 30, 28, 29, 28], "diatonicinterval": [null, 3, 1, 1, -2, 5, -1, -7, 3, 1, 1, -2, 1, -1], "chromaticinterval": [null, 5, 2, 2, -4, 9, -2, -12, 5, 2, 2, -4, 2, -2], "pitchproximity": [null, null, 2, 2, 4, 9, 2, null, 5, 2, 2, 4, 2, 2], "pitchreversal": [null, null, 0, 0, 1.5, 0, 1, 0, null, 0, 0, 1.5, 1.5, 1.5], "nextisrest": [false, false, false, false, false, false, false, false, false, false, false, false, false, null], "restduration_frac": [null, null, null, null, null, null, null, null, null, null, null, null, null, null], "duration": [0.5, 0.5, 0.5, 1.0, 0.5, 0.5, 1.0, 0.5, 0.5, 0.5, 1.0, 0.5, 0.5, 1.0], "duration_frac": ["1/2", "1/2", "1/2", "1", "1/2", "1/2", "1", "1/2", "1/2", "1/2", "1", "1/2", "1/2", "1"], "duration_fullname": ["Eighth", "Eighth", "Eighth", "Quarter", "Eighth", "Eighth", "Quarter", "Eighth", "Eighth", "Eighth", "Quarter", "Eighth", "Eighth", "Quarter"], "durationcontour": [null, "=", "=", "+", "-", "=", "+", "-", "=", "=", "+", "-", "=", "+"], "onsettick": [0, 1, 2, 3, 5, 6, 7, 9, 10, 11, 12, 14, 15, 16], "beatfraction": ["1/3", "1/3", "1/3", "2/3", "1/3", "1/3", "2/3", "1/3", "1/3", "1/3", "2/3", "1/3", "1/3", "2/3"], "phrasepos": [0.0, 0.0625, 0.125, 0.1875, 0.3125, 0.375, 0.4375, 0.5625, 0.625, 0.6875, 0.75, 0.875, 0.9375, 1.0], "phrase_ix": [0, 0, 0, 0, 0, 0, 0, 0, 0, 0, 0, 0, 0, 0], "phrase_end": [false, false, false, false, false, false, false, false, false, false, false, false, false, true], "songpos": [0.0, 0.0625, 0.125, 0.1875, 0.3125, 0.375, 0.4375, 0.5625, 0.625, 0.6875, 0.75, 0.875, 0.9375, 1.0], "beatinsong": ["0", "1/3", "2/3", "1", "5/3", "2", "7/3", "3", "10/3", "11/3", "4", "14/3", "5", "16/3"], "beatinphrase": ["0", "1/3", "2/3", "1", "5/3", "2", "7/3", "3", "10/3", "11/3", "4", "14/3", "5", "16/3"], "beatinphrase_end": ["-5", "-14/3", "-13/3", "-4", "-10/3", "-3", "-8/3", "-2", "-5/3", "-4/3", "-1", "-1/3", "0", "1/3"], "IOI_frac": ["1/2", "1/2", "1/2", "1", "1/2", "1/2", "1", "1/2", "1/2", "1/2", "1", "1/2", "1/2", null], "IOI": [0.5, 0.5, 0.5, 1.0, 0.5, 0.5, 1.0, 0.5, 0.5, 0.5, 1.0, 0.5, 0.5, null], "IOR_frac": [null, "1", "1", "2", "1/2", "1", "2", "1/2", "1", "1", "2", "1/2", "1", null], "IOR": [null, 1.0, 1.0, 2.0, 0.5, 1.0, 2.0, 0.5, 1.0, 1.0, 2.0, 0.5, 1.0, null], "imacontour": [null, "-", "-", "+", "-", "+", "-", "+", "-", "+", "-", "-", "+", "-"], "pitch": ["D4", "G4", "A4", "B4", "G4", "E5", "D5", "D4", "G4", "A4", "B4", "G4", "A4", "G4"], "contour3": [null, "+", "+", "+", "-", "+", "-", "-", "+", "+", "+", "-", "+", "-"], "contour5": [null, "++", "+", "+", "--", "++", "-", "--", "++", "+", "+", "--", "+", "-"], "beatstrength": [1.0, 0.5, 0.5, 1.0, 0.5, 1.0, 0.5, 1.0, 0.5, 0.5, 1.0, 0.5, 1.0, 0.5], "beat_str": ["1", "1", "1", "1", "1", "1", "1", "1", "1", "1", "1", "1", "1", "1"], "beat_fraction_str": ["0", "1/3", "2/3", "0", "2/3", "0", "1/3", "0", "1/3", "2/3", "0", "2/3", "0", "1/3"], "beat": [1.0, 1.3333333333333333, 1.6666666666666667, 1.0, 1.6666666666666667, 1.0, 1.3333333333333333, 1.0, 1.3333333333333333, 1.6666666666666667, 1.0, 1.6666666666666667, 1.0, 1.3333333333333333], "timesignature": ["3/8", "3/8", "3/8", "3/8", "3/8", "3/8", "3/8", "3/8", "3/8", "3/8", "3/8", "3/8", "3/8", "3/8"], "gpr2a_Frankland": [null, null, null, null, null, null, null, null, null, null, null, null, null, null], "gpr2b_Frankland": [null, null, null, 0.5, null, null, 0.5, null, null, null, 0.5, null, null, null], "gpr3a_Frankland": [null, null, null, null, 0.6666666666666667, null, 0.7083333333333333, null, null, null, 0.5, null, null, null], "gpr3d_Frankland": [null, null, null, null, null, null, null, null, null, null, null, null, null, null], "gpr_Frankland_sum": [0, 0, 0, 0.5, 0.6666666666666667, 0, 1.2083333333333333, 0, 0, 0, 1.0, 0, 0, 0], "lbdm_spitch": [null, 0.05592347314201618, 0.04194260485651213, 0.19573215599705662, 0.6581762608252674, 0.19519443029376798, 1.0, 0.2943340691685062, 0.05592347314201618, 0.04194260485651213, 0.16777041942604853, 0.04194260485651213, null, null], "lbdm_sioi": [null, 0.0, 0.25, 1.0, 0.25, 0.25, 1.0, 0.25, 0.0, 0.25, 1.0, 0.25, null, null], "lbdm_srest": [null, 0.0, 0.0, 0.0, 0.0, 0.0, 0.0, 0.0, 0.0, 0.0, 0.0, 0.0, null, null], "lbdm_rpitch": [null, 0.3333333333333333, 0.0, 0.25, 0.3333333333333333, 0.5384615384615384, 0.625, 0.3684210526315789, 0.3333333333333333, 0.0, 0.25, 0.25, 0.0, null], "lbdm_rioi": [null, 0.0, 0.0, 0.3333333333333333, 0.3333333333333333, 0.0, 0.3333333333333333, 0.3333333333333333, 0.0, 0.0, 0.3333333333333333, 0.3333333333333333, 0.0, null], "lbdm_rrest": [null, 0.0, 0.0, 0.0, 0.0, 0.0, 0.0, 0.0, 0.0, 0.0, 0.0, 0.0, 0.0, null], "lbdm_boundarystrength": [null, 0.013980868285504044, 0.13548565121412803, 0.5489330389992642, 0.2895440652063168, 0.173798607573442, 0.75, 0.19858351729212653, 0.013980868285504044, 0.13548565121412803, 0.5419426048565121, 0.13548565121412803, null, null]}}
