{"id": "KB1226400010", "tunefamily": "", "year": -1, "tunefamily_full": "", "type": "", "freemeter": false, "origin": "", "features": {"scaledegree": [7, 1, 2, 4, 6, 7, 6, 6, 1, 7, 1, 2, 4, 6, 7, 6, 6, 1], "scaledegreespecifier": ["M", "P", "M", "P", "M", "M", "M", "M", "P", "M", "P", "M", "P", "M", "M", "M", "M", "P"], "tonic": ["G", "G", "G", "G", "G", "G", "G", "G", "G", "G", "G", "G", "G", "G", "G", "G", "G", "G"], "mode": ["major", "major", "major", "major", "major", "major", "major", "major", "major", "major", "major", "major", "major", "major", "major", "major", "major", "major"], "metriccontour": [null, "-", "+", "-", "+", "-", "=", "=", "+", "+", "-", "+", "-", "+", "-", "=", "=", "+"], "imaweight": [0.373913, 1.0, 0.391304, 0.504348, 0.721739, 0.686957, 0.782609, 0.582609, 0.617391, 0.53913, 1.0, 0.452174, 0.547826, 0.756522, 0.747826, 0.678261, 0.547826, 0.565217], "imaweight_spectral": [0.519231, 1.0, 0.50641, 0.660256, 0.75, 0.769231, 1.0, 0.852564, 0.775641, 0.557692, 1.0, 0.49359, 0.666667, 0.717949, 0.814103, 0.923077, 0.852564, 0.794872], "pitch40_hewlett": [141, 146, 152, 163, 175, 181, 175, 135, 146, 141, 146, 152, 163, 175, 181, 175, 135, 146], "pitch40_sapp": [180, 185, 191, 202, 214, 220, 214, 174, 185, 180, 185, 191, 202, 214, 220, 214, 174, 185], "octave": [4, 4, 4, 5, 5, 5, 5, 4, 4, 4, 4, 4, 5, 5, 5, 5, 4, 4], "midipitch": [66, 67, 69, 72, 76, 78, 76, 64, 67, 66, 67, 69, 72, 76, 78, 76, 64, 67], "diatonicpitch": [27, 28, 29, 31, 33, 34, 33, 26, 28, 27, 28, 29, 31, 33, 34, 33, 26, 28], "diatonicinterval": [null, 1, 1, 2, 2, 1, -1, -7, 2, -1, 1, 1, 2, 2, 1, -1, -7, 2], "chromaticinterval": [null, 1, 2, 3, 4, 2, -2, -12, 3, -1, 1, 2, 3, 4, 2, -2, -12, 3], "pitchproximity": [null, null, 2, 3, 4, 2, 2, null, 3, 1, 1, 2, 3, 4, 2, 2, null, 3], "pitchreversal": [null, null, 0, 0, 0, 0, 1.5, 0, null, 1.5, 1.5, 0, 0, 0, 0, 1.5, 0, null], "nextisrest": [false, false, false, false, false, false, false, false, false, false, false, false, false, false, false, false, false, null], "restduration_frac": [null, null, null, null, null, null, null, null, null, null, null, null, null, null, null, null, null, null], "duration": [0.25, 0.25, 0.25, 0.25, 0.25, 0.5, 0.5, 0.25, 0.5, 0.25, 0.25, 0.25, 0.25, 0.25, 0.5, 0.5, 0.25, 0.5], "duration_frac": ["1/4", "1/4", "1/4", "1/4", "1/4", "1/2", "1/2", "1/4", "1/2", "1/4", "1/4", "1/4", "1/4", "1/4", "1/2", "1/2", "1/4", "1/2"], "duration_fullname": ["16th", "16th", "16th", "16th", "16th", "Eighth", "Eighth", "16th", "Eighth", "16th", "16th", "16th", "16th", "16th", "Eighth", "Eighth", "16th", "Eighth"], "durationcontour": [null, "=", "=", "=", "=", "+", "=", "-", "+", "-", "=", "=", "=", "=", "+", "=", "-", "+"], "onsettick": [0, 1, 2, 3, 4, 5, 7, 9, 10, 12, 13, 14, 15, 16, 17, 19, 21, 22], "beatfraction": ["1/6", "1/6", "1/6", "1/6", "1/6", "1/3", "1/3", "1/6", "1/3", "1/6", "1/6", "1/6", "1/6", "1/6", "1/3", "1/3", "1/6", "1/3"], "phrasepos": [0.0, 0.045454545454545456, 0.09090909090909091, 0.13636363636363635, 0.18181818181818182, 0.22727272727272727, 0.3181818181818182, 0.4090909090909091, 0.45454545454545453, 0.5454545454545454, 0.5909090909090909, 0.6363636363636364, 0.6818181818181818, 0.7272727272727273, 0.7727272727272727, 0.8636363636363636, 0.9545454545454546, 1.0], "phrase_ix": [0, 0, 0, 0, 0, 0, 0, 0, 0, 0, 0, 0, 0, 0, 0, 0, 0, 0], "phrase_end": [false, false, false, false, false, false, false, false, false, false, false, false, false, false, false, false, false, true], "songpos": [0.0, 0.045454545454545456, 0.09090909090909091, 0.13636363636363635, 0.18181818181818182, 0.22727272727272727, 0.3181818181818182, 0.4090909090909091, 0.45454545454545453, 0.5454545454545454, 0.5909090909090909, 0.6363636363636364, 0.6818181818181818, 0.7272727272727273, 0.7727272727272727, 0.8636363636363636, 0.9545454545454546, 1.0], "beatinsong": ["0", "1/6", "1/3", "1/2", "2/3", "5/6", "7/6", "3/2", "5/3", "2", "13/6", "7/3", "5/2", "8/3", "17/6", "19/6", "7/2", "11/3"], "beatinphrase": ["0", "1/6", "1/3", "1/2", "2/3", "5/6", "7/6", "3/2", "5/3", "2", "13/6", "7/3", "5/2", "8/3", "17/6", "19/6", "7/2", "11/3"], "beatinphrase_end": ["-2", "-11/6", "-5/3", "-3/2", "-4/3", "-7/6", "-5/6", "-1/2", "-1/3", "0", "1/6", "1/3", "1/2", "2/3", "5/6", "7/6", "3/2", "5/3"], "IOI_frac": ["1/4", "1/4", "1/4", "1/4", "1/4", "1/2", "1/2", "1/4", "1/2", "1/4", "1/4", "1/4", "1/4", "1/4", "1/2", "1/2", "1/4", null], "IOI": [0.25, 0.25, 0.25, 0.25, 0.25, 0.5, 0.5, 0.25, 0.5, 0.25, 0.25, 0.25, 0.25, 0.25, 0.5, 0.5, 0.25, null], "IOR_frac": [null, "1", "1", "1", "1", "2", "1", "1/2", "2", "1/2", "1", "1", "1", "1", "2", "1", "1/2", null], "IOR": [null, 1.0, 1.0, 1.0, 1.0, 2.0, 1.0, 0.5, 2.0, 0.5, 1.0, 1.0, 1.0, 1.0, 2.0, 1.0, 0.5, null], "imacontour": [null, "+", "-", "+", "+", "-", "+", "-", "+", "-", "+", "-", "+", "+", "-", "-", "-", "+"], "pitch": ["F#4", "G4", "A4", "C5", "E5", "F#5", "E5", "E4", "G4", "F#4", "G4", "A4", "C5", "E5", "F#5", "E5", "E4", "G4"], "contour3": [null, "+", "+", "+", "+", "+", "-", "-", "+", "-", "+", "+", "+", "+", "+", "-", "-", "+"], "contour5": [null, "+", "+", "++", "++", "+", "-", "--", "++", "-", "+", "+", "++", "++", "+", "-", "--", "++"], "beatstrength": [1.0, 0.25, 0.5, 0.25, 0.5, 0.25, 0.25, 0.25, 0.5, 1.0, 0.25, 0.5, 0.25, 0.5, 0.25, 0.25, 0.25, 0.5], "beat_str": ["1", "1", "1", "1", "1", "1", "1", "1", "1", "1", "1", "1", "1", "1", "1", "1", "1", "1"], "beat_fraction_str": ["0", "1/6", "1/3", "1/2", "2/3", "5/6", "1/6", "1/2", "2/3", "0", "1/6", "1/3", "1/2", "2/3", "5/6", "1/6", "1/2", "2/3"], "beat": [1.0, 1.1666666666666667, 1.3333333333333333, 1.5, 1.6666666666666667, 1.8333333333333333, 1.1666666666666667, 1.5, 1.6666666666666667, 1.0, 1.1666666666666667, 1.3333333333333333, 1.5, 1.6666666666666667, 1.8333333333333333, 1.1666666666666667, 1.5, 1.6666666666666667], "timesignature": ["3/8", "3/8", "3/8", "3/8", "3/8", "3/8", "3/8", "3/8", "3/8", "3/8", "3/8", "3/8", "3/8", "3/8", "3/8", "3/8", "3/8", "3/8"], "gpr2a_Frankland": [null, null, null, null, null, null, null, null, null, null, null, null, null, null, null, null, null, null], "gpr2b_Frankland": [null, null, null, null, null, null, null, null, 0.5, null, null, null, null, null, null, null, null, null], "gpr3a_Frankland": [null, null, null, 0.375, null, null, 0.7916666666666666, null, null, null, null, null, 0.375, null, null, 0.7916666666666666, null, null], "gpr3d_Frankland": [null, 0.0, 0.0, null, 0.5, null, null, null, null, null, 0.0, 0.0, null, 0.5, null, null, null, null], "gpr_Frankland_sum": [0, 0, 0, 0.375, 0.5, 0, 0.7916666666666666, 0, 0.5, 0, 0, 0, 0.375, 0.5, 0, 0.7916666666666666, 0, 0], "lbdm_spitch": [null, 0.04949954504094632, 0.054999494489940355, 0.10426987497051192, 0.03609341825902336, 0.0902335456475584, 1.0, 0.18683651804670914, 0.024062278839348902, 0.014437367303609344, 0.04949954504094632, 0.054999494489940355, 0.10426987497051192, 0.03609341825902336, 0.0902335456475584, 1.0, null, null], "lbdm_sioi": [null, 0.0, 0.0, 0.0, 0.25, 0.5, 0.5, 0.5, 1.0, 0.25, 0.0, 0.0, 0.0, 0.25, 0.5, 0.5, null, null], "lbdm_srest": [null, 0.0, 0.0, 0.0, 0.0, 0.0, 0.0, 0.0, 0.0, 0.0, 0.0, 0.0, 0.0, 0.0, 0.0, 0.0, null, null], "lbdm_rpitch": [null, 0.2, 0.14285714285714285, 0.1111111111111111, 0.25, 0.0, 0.625, 0.5294117647058824, 0.3333333333333333, 0.0, 0.2, 0.14285714285714285, 0.1111111111111111, 0.25, 0.0, 0.625, 0.5294117647058824, null], "lbdm_rioi": [null, 0.0, 0.0, 0.0, 0.0, 0.3333333333333333, 0.0, 0.3333333333333333, 0.3333333333333333, 0.3333333333333333, 0.0, 0.0, 0.0, 0.0, 0.3333333333333333, 0.0, 0.3333333333333333, null], "lbdm_rrest": [null, 0.0, 0.0, 0.0, 0.0, 0.0, 0.0, 0.0, 0.0, 0.0, 0.0, 0.0, 0.0, 0.0, 0.0, 0.0, 0.0, null],