{"id": "KB1255100022", "tunefamily": "", "year": -1, "tunefamily_full": "", "type": "", "freemeter": false, "origin": "", "features": {"scaledegree": [3, 5, 1, 7, 1, 6, 6, 1, 7, 1, 5, 3, 3, 3, 4, 3, 4, 2, 7, 1], "scaledegreespecifier": ["M", "P", "P", "M", "P", "M", "M", "P", "M", "P", "P", "M", "M", "M", "P", "M", "P", "M", "M", "P"], "tonic": ["F", "F", "F", "F", "F", "F", "F", "F", "F", "F", "F", "F", "F", "F", "F", "F", "F", "F", "F", "F"], "mode": ["major", "major", "major", "major", "major", "major", "major", "major", "major", "major", "major", "major", "major", "major", "major", "major", "major", "major", "major", "major"], "metriccontour": [null, "-", "+", "=", "-", "+", "-", "-", "+", "-", "+", "-", "+", "=", "-", "+", "-", "+", "-", "+"], "imaweight": [0.678218, 0.242574, 0.816832, 0.70297, 0.361386, 0.737624, 0.975248, 0.405941, 0.89604, 0.475248, 0.836634, 0.440594, 1.0, 0.955446, 0.5, 0.836634, 0.341584, 0.975248, 0.381188, 0.915842], "imaweight_spectral": [0.882114, 0.573171, 0.995935, 0.95122, 0.605691, 0.914634, 0.979675, 0.512195, 0.914634, 0.569106, 0.865854, 0.54065, 1.0, 0.963415, 0.589431, 0.882114, 0.45935, 0.995935, 0.50813, 0.930894], "pitch40_hewlett": [152, 163, 180, 175, 180, 169, 169, 180, 175, 180, 163, 152, 152, 152, 157, 152, 157, 146, 135, 140], "pitch40_sapp": [191, 202, 219, 214, 219, 208, 208, 219, 214, 219, 202, 191, 191, 191, 196, 191, 196, 185, 174, 179], "octave": [4, 5, 5, 5, 5, 5, 5, 5, 5, 5, 5, 4, 4, 4, 4, 4, 4, 4, 4, 4], "midipitch": [69, 72, 77, 76, 77, 74, 74, 77, 76, 77, 72, 69, 69, 69, 70, 69, 70, 67, 64, 65], "diatonicpitch": [30, 32, 35, 34, 35, 33, 33, 35, 34, 35, 32, 30, 30, 30, 31, 30, 31, 29, 27, 28], "diatonicinterval": [null, 2, 3, -1, 1, -2, 0, 2, -1, 1, -3, -2, 0, 0, 1, -1, 1, -2, -2, 1], "chromaticinterval": [null, 3, 5, -1, 1, -3, 0, 3, -1, 1, -5, -3, 0, 0, 1, -1, 1, -3, -3, 1], "pitchproximity": [null, null, 5, 1, 1, 3, 0, 3, 1, 1, 5, 3, 0, 0, 1, 1, 1, 3, 3, 1], "pitchreversal": [null, null, 0, 0, 1.5, 1.5, 0, 0, 1.5, 1.5, 0, 0, 0, 0, 0, 1.5, 1.5, 1.5, 0, 1.5], "nextisrest": [false, false, false, false, false, false, false, false, false, false, false, false, false, false, false, false, false, false, false, null], "restduration_frac": [null, null, null, null, null, null, null, null, null, null, null, null, null, null, null, null, null, null, null, null], "duration": [0.25, 0.25, 0.5, 0.25, 0.25, 0.5, 0.25, 0.25, 0.25, 0.25, 0.25, 0.25, 0.5, 0.25, 0.25, 0.25, 0.25, 0.25, 0.25, 0.5], "duration_frac": ["1/4", "1/4", "1/2", "1/4", "1/4", "1/2", "1/4", "1/4", "1/4", "1/4", "1/4", "1/4", "1/2", "1/4", "1/4", "1/4", "1/4", "1/4", "1/4", "1/2"], "duration_fullname": ["16th", "16th", "Eighth", "16th", "16th", "Eighth", "16th", "16th", "16th", "16th", "16th", "16th", "Eighth", "16th", "16th", "16th", "16th", "16th", "16th", "Eighth"], "durationcontour": [null, "=", "+", "-", "=", "+", "-", "=", "=", "=", "=", "=", "+", "-", "=", "=", "=", "=", "=", "+"], "onsettick": [0, 1, 2, 4, 5, 6, 8, 9, 10, 11, 12, 13, 14, 16, 17, 18, 19, 20, 21, 22], "beatfraction": ["1/6", "1/6", "1/3", "1/6", "1/6", "1/3", "1/6", "1/6", "1/6", "1/6", "1/6", "1/6", "1/3", "1/6", "1/6", "1/6", "1/6", "1/6", "1/6", "1/3"], "phrasepos": [0.0, 0.045454545454545456, 0.09090909090909091, 0.18181818181818182, 0.22727272727272727, 0.2727272727272727, 0.36363636363636365, 0.4090909090909091, 0.45454545454545453, 0.5, 0.5454545454545454, 0.5909090909090909, 0.6363636363636364, 0.7272727272727273, 0.7727272727272727, 0.8181818181818182, 0.8636363636363636, 0.9090909090909091, 0.9545454545454546, 1.0], "phrase_ix": [0, 0, 0, 0, 0, 0, 0, 0, 0, 0, 0, 0, 0, 0, 0, 0, 0, 0, 0, 0], "phrase_end": [false, false, false, false, false, false, false, false, false, false, false, false, false, false, false, false, false, false, false, true], "songpos": [0.0, 0.045454545454545456, 0.09090909090909091, 0.18181818181818182, 0.22727272727272727, 0.2727272727272727, 0.36363636363636365, 0.4090909090909091, 0.45454545454545453, 0.5, 0.5454545454545454, 0.5909090909090909, 0.6363636363636364, 0.7272727272727273, 0.7727272727272727, 0.8181818181818182, 0.8636363636363636, 0.9090909090909091, 0.9545454545454546, 1.0], "beatinsong": ["0", "1/6", "1/3", "2/3", "5/6", "1", "4/3", "3/2", "5/3", "11/6", "2", "13/6", "7/3", "8/3", "17/6", "3", "19/6", "10/3", "7/2", "11/3"], "beatinphrase": ["0", "1/6", "1/3", "2/3", "5/6", "1", "4/3", "3/2", "5/3", "11/6", "2", "13/6", "7/3", "8/3", "17/6", "3", "19/6", "10/3", "7/2", "11/3"], "beatinphrase_end": ["-3", "-17/6", "-8/3", "-7/3", "-13/6", "-2", "-5/3", "-3/2", "-4/3", "-7/6", "-1", "-5/6", "-2/3", "-1/3", "-1/6", "0", "1/6", "1/3", "1/2", "2/3"], "IOI_frac": ["1/4", "1/4", "1/2", "1/4", "1/4", "1/2", "1/4", "1/4", "1/4", "1/4", "1/4", "1/4", "1/2", "1/4", "1/4", "1/4", "1/4", "1/4", "1/4", null], "IOI": [0.25, 0.25, 0.5, 0.25, 0.25, 0.5, 0.25, 0.25, 0.25, 0.25, 0.25, 0.25, 0.5, 0.25, 0.25, 0.25, 0.25, 0.25, 0.25, null], "IOR_frac": [null, "1", "2", "1/2", "1", "2", "1/2", "1", "1", "1", "1", "1", "2", "1/2", "1", "1", "1", "1", "1", null], "IOR": [null, 1.0, 2.0, 0.5, 1.0, 2.0, 0.5, 1.0, 1.0, 1.0, 1.0, 1.0, 2.0, 0.5, 1.0, 1.0, 1.0, 1.0, 1.0, null], "imacontour": [null, "-", "+", "-", "-", "+", "+", "-", "+", "-", "+", "-", "+", "-", "-", "+", "-", "+", "-", "+"], "pitch": ["A4", "C5", "F5", "E5", "F5", "D5", "D5", "F5", "E5", "F5", "C5", "A4", "A4", "A4", "B-4", "A4", "B-4", "G4", "E4", "F4"], "contour3": [null, "+", "+", "-", "+", "-", "=", "+", "-", "+", "-", "-", "=", "=", "+", "-", "+", "-", "-", "+"], "contour5": [null, "++", "++", "-", "+", "--", "=", "++", "-", "+", "--", "--", "=", "=", "+", "-", "+", "--", "--", "+"], "beatstrength": [1.0, 0.25, 0.5, 0.5, 0.25, 1.0, 0.5, 0.25, 0.5, 0.25, 1.0, 0.25, 0.5, 0.5, 0.25, 1.0, 0.25, 0.5, 0.25, 0.5], "beat_str": ["1", "1", "1", "1", "1", "1", "1", "1", "1", "1", "1", "1", "1", "1", "1", "1", "1", "1", "1", "1"], "beat_fraction_str": ["0", "1/6", "1/3", "2/3", "5/6", "0", "1/3", "1/2", "2/3", "5/6", "0", "1/6", "1/3", "2/3", "5/6", "0", "1/6", "1/3", "1/2", "2/3"], "beat": [1.0, 1.1666666666666667, 1.3333333333333333, 1.6666666666666667, 1.8333333333333333, 1.0, 1.3333333333333333, 1.5, 1.6666666666666667, 1.8333333333333333, 1.0, 1.1666666666666667, 1.3333333333333333, 1.6666666666666667, 1.8333333333333333, 1.0, 1.1666666666666667, 1.3333333333333333, 1.5, 1.6666666666666667], "timesignature": ["3/8", "3/8", "3/8", "3/8", "3/8", "3/8", "3/8", "3/8", "3/8", "3/8", "3/8", "3/8", "3/8", "3/8", "3/8", "3/8", "3/8", "3/8", "3/8", "3/8"], "gpr2a_Frankland": [null, null, null, null, null, null, null, null, null, null, null, null, null, null, null, null, null, null, null, null], "gpr2b_Frankland": [null, null, 0.5, null, null, 0.5, null, null, null, null, null, null, 0.5, null, null, null, null, null, null, null], "gpr3a_Frankland": [null, 0.6, null, null, 0.8333333333333334, null, 0.8333333333333334, null, null, 0.6, null, null, null, null, null, null, null, null, null, null], "gpr3d_Frankland": [null, null, null, null, null, null, null, 0.0, 0.0, 0.0, null, null, null, null, 0.0, 0.0, 0.0, null, null, null], "gpr_Frankland_sum": [0, 0.6, 0.5, 0, 0.8333333333333334, 0.5, 0.8333333333333334, 0, 0, 0.6, 0, 0, 0.5, 0, 0, 0, 0, 0, 0, 0], "lbdm_spitch": [null, 1.0, 0.14285714285714285, 0.09523809523809523, 0.7999999999999999, 0.0, 0.7999999999999999, 0.09523809523809523, 0.14285714285714285, 1.0, 0.6857142857142858, 0.0, 0.0, 0.09523809523809523, 0.0, 0.09523809523809523, 0.2857142857142857, 0.2857142857142857, null, null], "lbdm_sioi": [null, 0.25, 1.0, 0.25, 0.25, 1.0, 0.25, 0.0, 0.0, 0.0, 0.0, 0.25, 1.0, 0.25, 0.0, 0.0, 0.0, 0.0, null, null], "lbdm_srest": [null, 0.0, 0.0, 0.0, 0.0, 0.0, 0.0, 0.0, 0.0, 0.0, 0.0, 0.0, 0.0, 0.0, 0.0, 0.0, 0.0, 0.0, null, null], "lbdm_rpitch": [null, 0.2, 0.5, 0.0, 0.3333333333333333, 0.6, 0.6, 0.3333333333333333, 0.0, 0.5, 0.2, 0.6, 0.0, 0.3333333333333333, 0.0, 0.0, 0.3333333333333333, 0.0, 0.3333333333333333, null],