{"id": "KB1226100020", "tunefamily": "", "year": -1, "tunefamily_full": "", "type": "", "freemeter": false, "origin": "", "features": {"scaledegree": [3, 2, 7, 5, 7, 1, 3, 5, 3, 2, 7, 5, 7, 1, 3, 1], "scaledegreespecifier": ["M", "M", "M", "P", "M", "P", "M", "P", "M", "M", "M", "P", "M", "P", "M", "P"], "tonic": ["B-", "B-", "B-", "B-", "B-", "B-", "B-", "B-", "B-", "B-", "B-", "B-", "B-", "B-", "B-", "B-"], "mode": ["major", "major", "major", "major", "major", "major", "major", "major", "major", "major", "major", "major", "major", "major", "major", "major"], "metriccontour": [null, "-", "+", "-", "+", "-", "+", "=", "+", "-", "+", "-", "+", "-", "+", "="], "imaweight": [0.396825, 0.269841, 0.920635, 0.333333, 1.0, 0.666667, 0.666667, 0.904762, 0.777778, 0.396825, 0.984127, 0.460317, 0.809524, 0.412698, 0.539683, 0.714286], "imaweight_spectral": [0.644231, 0.413462, 1.0, 0.403846, 0.807692, 0.567308, 0.644231, 0.836538, 0.721154, 0.451923, 0.884615, 0.480769, 0.807692, 0.451923, 0.721154, 0.875], "pitch40_hewlett": [169, 163, 152, 140, 152, 157, 169, 180, 169, 163, 152, 140, 152, 157, 169, 157], "pitch40_sapp": [208, 202, 191, 179, 191, 196, 208, 219, 208, 202, 191, 179, 191, 196, 208, 196], "octave": [5, 5, 4, 4, 4, 4, 5, 5, 5, 5, 4, 4, 4, 4, 5, 4], "midipitch": [74, 72, 69, 65, 69, 70, 74, 77, 74, 72, 69, 65, 69, 70, 74, 70], "diatonicpitch": [30, 29, 27, 25, 27, 28, 30, 32, 30, 29, 27, 25, 27, 28, 30, 28], "diatonicinterval": [null, -1, -2, -2, 2, 1, 2, 2, -2, -1, -2, -2, 2, 1, 2, -2], "chromaticinterval": [null, -2, -3, -4, 4, 1, 4, 3, -3, -2, -3, -4, 4, 1, 4, -4], "pitchproximity": [null, null, 3, 4, 4, 1, 4, 3, 3, 2, 3, 4, 4, 1, 4, 4], "pitchreversal": [null, null, 0, 0, 1.5, 0, 0, 0, 1.5, 0, 0, 0, 1.5, 0, 0, 1.5], "nextisrest": [false, false, false, false, false, false, false, false, false, false, false, false, false, false, false, null], "restduration_frac": [null, null, null, null, null, null, null, null, null, null, null, null, null, null, null, null], "duration": [0.25, 0.25, 0.75, 0.25, 0.25, 0.25, 0.5, 0.5, 0.25, 0.25, 0.75, 0.25, 0.25, 0.25, 0.5, 0.5], "duration_frac": ["1/4", "1/4", "3/4", "1/4", "1/4", "1/4", "1/2", "1/2", "1/4", "1/4", "3/4", "1/4", "1/4", "1/4", "1/2", "1/2"], "duration_fullname": ["16th", "16th", "Dotted Eighth", "16th", "16th", "16th", "Eighth", "Eighth", "16th", "16th", "Dotted Eighth", "16th", "16th", "16th", "Eighth", "Eighth"], "durationcontour": [null, "=", "+", "-", "=", "=", "+", "=", "-", "=", "+", "-", "=", "=", "+", "="], "onsettick": [0, 1, 2, 5, 6, 7, 8, 10, 12, 13, 14, 17, 18, 19, 20, 22], "beatfraction": ["1/6", "1/6", "1/2", "1/6", "1/6", "1/6", "1/3", "1/3", "1/6", "1/6", "1/2", "1/6", "1/6", "1/6", "1/3", "1/3"], "phrasepos": [0.0, 0.045454545454545456, 0.09090909090909091, 0.22727272727272727, 0.2727272727272727, 0.3181818181818182, 0.36363636363636365, 0.45454545454545453, 0.5454545454545454, 0.5909090909090909, 0.6363636363636364, 0.7727272727272727, 0.8181818181818182, 0.8636363636363636, 0.9090909090909091, 1.0], "phrase_ix": [0, 0, 0, 0, 0, 0, 0, 0, 0, 0, 0, 0, 0, 0, 0, 0], "phrase_end": [false, false, false, false, false, false, false, false, false, false, false, false, false, false, false, true], "songpos": [0.0, 0.045454545454545456, 0.09090909090909091, 0.22727272727272727, 0.2727272727272727, 0.3181818181818182, 0.36363636363636365, 0.45454545454545453, 0.5454545454545454, 0.5909090909090909, 0.6363636363636364, 0.7727272727272727, 0.8181818181818182, 0.8636363636363636, 0.9090909090909091, 1.0], "beatinsong": ["0", "1/6", "1/3", "5/6", "1", "7/6", "4/3", "5/3", "2", "13/6", "7/3", "17/6", "3", "19/6", "10/3", "11/3"], "beatinphrase": ["0", "1/6", "1/3", "5/6", "1", "7/6", "4/3", "5/3", "2", "13/6", "7/3", "17/6", "3", "19/6", "10/3", "11/3"], "beatinphrase_end": ["-3", "-17/6", "-8/3", "-13/6", "-2", "-11/6", "-5/3", "-4/3", "-1", "-5/6", "-2/3", "-1/6", "0", "1/6", "1/3", "2/3"], "IOI_frac": ["1/4", "1/4", "3/4", "1/4", "1/4", "1/4", "1/2", "1/2", "1/4", "1/4", "3/4", "1/4", "1/4", "1/4", "1/2", null], "IOI": [0.25, 0.25, 0.75, 0.25, 0.25, 0.25, 0.5, 0.5, 0.25, 0.25, 0.75, 0.25, 0.25, 0.25, 0.5, null], "IOR_frac": [null, "1", "3", "1/3", "1", "1", "2", "1", "1/2", "1", "3", "1/3", "1", "1", "2", null], "IOR": [null, 1.0, 3.0, 0.3333333333333333, 1.0, 1.0, 2.0, 1.0, 0.5, 1.0, 3.0, 0.3333333333333333, 1.0, 1.0, 2.0, null], "imacontour": [null, "-", "+", "-", "+", "-", "=", "+", "-", "-", "+", "-", "+", "-", "+", "+"], "pitch": ["D5", "C5", "A4", "F4", "A4", "B-4", "D5", "F5", "D5", "C5", "A4", "F4", "A4", "B-4", "D5", "B-4"], "contour3": [null, "-", "-", "-", "+", "+", "+", "+", "-", "-", "-", "-", "+", "+", "+", "-"], "contour5": [null, "-", "--", "--", "++", "+", "++", "++", "--", "-", "--", "--", "++", "+", "++", "--"], "beatstrength": [1.0, 0.25, 0.5, 0.25, 1.0, 0.25, 0.5, 0.5, 1.0, 0.25, 0.5, 0.25, 1.0, 0.25, 0.5, 0.5], "beat_str": ["1", "1", "1", "1", "1", "1", "1", "1", "1", "1", "1", "1", "1", "1", "1", "1"], "beat_fraction_str": ["0", "1/6", "1/3", "5/6", "0", "1/6", "1/3", "2/3", "0", "1/6", "1/3", "5/6", "0", "1/6", "1/3", "2/3"], "beat": [1.0, 1.1666666666666667, 1.3333333333333333, 1.8333333333333333, 1.0, 1.1666666666666667, 1.3333333333333333, 1.6666666666666667, 1.0, 1.1666666666666667, 1.3333333333333333, 1.8333333333333333, 1.0, 1.1666666666666667, 1.3333333333333333, 1.6666666666666667], "timesignature": ["3/8", "3/8", "3/8", "3/8", "3/8", "3/8", "3/8", "3/8", "3/8", "3/8", "3/8", "3/8", "3/8", "3/8", "3/8", "3/8"], "gpr2a_Frankland": [null, null, null, null, null, null, null, null, null, null, null, null, null, null, null, null], "gpr2b_Frankland": [null, null, 0.6666666666666667, null, null, null, null, null, null, null, 0.6666666666666667, null, null, null, null, null], "gpr3a_Frankland": [null, null, null, null, null, 0.5, null, null, null, null, null, null, null, null, null, null], "gpr3d_Frankland": [null, null, null, null, null, 0.5, null, 0.5, null, null, null, null, null, null, null, null], "gpr_Frankland_sum": [0, 0, 0.6666666666666667, 0, 0, 1.0, 0, 0.5, 0, 0, 0.6666666666666667, 0, 0, 0, 0, 0], "lbdm_spitch": [null, 0.35294117647058826, 0.20588235294117646, 0.7941176470588235, 0.39705882352941174, 1.0, 0.15441176470588236, 0.19852941176470587, 0.2647058823529412, 0.35294117647058826, 0.20588235294117646, 0.7941176470588235, 0.39705882352941174, 0.7941176470588235, null, null], "lbdm_sioi": [null, 0.16666666666666666, 1.0, 0.16666666666666666, 0.0, 0.1111111111111111, 0.2222222222222222, 0.2222222222222222, 0.1111111111111111, 0.16666666666666666, 1.0, 0.16666666666666666, 0.0, 0.1111111111111111, null, null], "lbdm_srest": [null, 0.0, 0.0, 0.0, 0.0, 0.0, 0.0, 0.0, 0.0, 0.0, 0.0, 0.0, 0.0, 0.0, null, null], "lbdm_rpitch": [null, 0.14285714285714285, 0.1111111111111111, 0.0, 0.42857142857142855, 0.42857142857142855, 0.1111111111111111, 0.0, 0.14285714285714285, 0.14285714285714285, 0.1111111111111111, 0.0, 0.42857142857142855, 0.42857142857142855, 0.0, null], "lbdm_rioi": [null, 0.0, 0.5, 0.5, 0.0, 0.0, 0.3333333333333333, 0.0, 0.3333333333333333, 0.0, 0.5, 0.5, 0.0, 0.0, 0.3333333333333333, null], "lbdm_rrest": [null, 0.0, 0.0, 0.0, 0.0, 0.0, 0.0, 0.0, 0.0, 0.0, 0.0, 0.0, 0.0, 0.0, 0.0, null], "lbdm_boundarystrength": [null, 0.1715686274509804, 0.5514705882352942, 0.2818627450980392, 0.09926470588235294, 0.3055555555555556, 0.1497140522875817, 0.16074346405228757, 0.12173202614379085, 0.1715686274509804, 0.5514705882352942, 0.2818627450980392, 0.09926470588235294, 0.2540849673202614, null, null]}}
