{"id": "KB1321800020", "tunefamily": "", "year": -1, "tunefamily_full": "", "type": "", "freemeter": false, "origin": "", "features": {"scaledegree": [1, 3, 3, 4, 3, 2, 2, 1, 5, 1, 3, 3, 4, 3, 2, 2, 3, 1], "scaledegreespecifier": ["P", "M", "M", "P", "M", "M", "M", "P", "P", "P", "M", "M", "P", "M", "M", "M", "M", "P"], "tonic": ["G", "G", "G", "G", "G", "G", "G", "G", "G", "G", "G", "G", "G", "G", "G", "G", "G", "G"], "mode": ["major", "major", "major", "major", "major", "major", "major", "major", "major", "major", "major", "major", "major", "major", "major", "major", "major", "major"], "metriccontour": [null, "-", "+", "=", "-", "+", "-", "+", "=", "+", "-", "+", "=", "-", "+", "-", "+", "="], "imaweight": [0.715054, 0.284946, 0.77957, 1.0, 0.150538, 0.758065, 0.456989, 0.77957, 0.935484, 0.77957, 0.327957, 0.715054, 1.0, 0.193548, 0.758065, 0.370968, 0.77957, 1.0], "imaweight_spectral": [0.747788, 0.393805, 0.818584, 0.929204, 0.247788, 0.730088, 0.482301, 0.765487, 0.946903, 0.800885, 0.429204, 0.765487, 0.929204, 0.283186, 0.730088, 0.411504, 0.783186, 1.0], "pitch40_hewlett": [146, 158, 158, 163, 158, 152, 152, 146, 169, 146, 158, 158, 163, 158, 152, 152, 158, 146], "pitch40_sapp": [185, 197, 197, 202, 197, 191, 191, 185, 208, 185, 197, 197, 202, 197, 191, 191, 197, 185], "octave": [4, 4, 4, 5, 4, 4, 4, 4, 5, 4, 4, 4, 5, 4, 4, 4, 4, 4], "midipitch": [67, 71, 71, 72, 71, 69, 69, 67, 74, 67, 71, 71, 72, 71, 69, 69, 71, 67], "diatonicpitch": [28, 30, 30, 31, 30, 29, 29, 28, 32, 28, 30, 30, 31, 30, 29, 29, 30, 28], "diatonicinterval": [null, 2, 0, 1, -1, -1, 0, -1, 4, -4, 2, 0, 1, -1, -1, 0, 1, -2], "chromaticinterval": [null, 4, 0, 1, -1, -2, 0, -2, 7, -7, 4, 0, 1, -1, -2, 0, 2, -4], "pitchproximity": [null, null, 0, 1, 1, 2, 0, 2, 7, 7, 4, 0, 1, 1, 2, 0, 2, 4], "pitchreversal": [null, null, 0, 0, 1.5, 0, 0, 0, 0, 2.5, 1, 0, 0, 1.5, 0, 0, 0, 1.5], "nextisrest": [false, false, false, false, false, false, false, false, false, false, false, false, false, false, false, false, false, null], "restduration_frac": [null, null, null, null, null, null, null, null, null, null, null, null, null, null, null, null, null, null], "duration": [0.25, 0.25, 0.5, 0.25, 0.25, 0.25, 0.25, 0.5, 0.5, 0.25, 0.25, 0.5, 0.25, 0.25, 0.25, 0.25, 0.5, 0.5], "duration_frac": ["1/4", "1/4", "1/2", "1/4", "1/4", "1/4", "1/4", "1/2", "1/2", "1/4", "1/4", "1/2", "1/4", "1/4", "1/4", "1/4", "1/2", "1/2"], "duration_fullname": ["16th", "16th", "Eighth", "16th", "16th", "16th", "16th", "Eighth", "Eighth", "16th", "16th", "Eighth", "16th", "16th", "16th", "16th", "Eighth", "Eighth"], "durationcontour": [null, "=", "+", "-", "=", "=", "=", "+", "=", "-", "=", "+", "-", "=", "=", "=", "+", "="], "onsettick": [0, 1, 2, 4, 5, 6, 7, 8, 10, 12, 13, 14, 16, 17, 18, 19, 20, 22], "beatfraction": ["1/6", "1/6", "1/3", "1/6", "1/6", "1/6", "1/6", "1/3", "1/3", "1/6", "1/6", "1/3", "1/6", "1/6", "1/6", "1/6", "1/3", "1/3"], "phrasepos": [0.0, 0.045454545454545456, 0.09090909090909091, 0.18181818181818182, 0.22727272727272727, 0.2727272727272727, 0.3181818181818182, 0.36363636363636365, 0.45454545454545453, 0.5454545454545454, 0.5909090909090909, 0.6363636363636364, 0.7272727272727273, 0.7727272727272727, 0.8181818181818182, 0.8636363636363636, 0.9090909090909091, 1.0], "phrase_ix": [0, 0, 0, 0, 0, 0, 0, 0, 0, 0, 0, 0, 0, 0, 0, 0, 0, 0], "phrase_end": [false, false, false, false, false, false, false, false, false, false, false, false, false, false, false, false, false, true], "songpos": [0.0, 0.045454545454545456, 0.09090909090909091, 0.18181818181818182, 0.22727272727272727, 0.2727272727272727, 0.3181818181818182, 0.36363636363636365, 0.45454545454545453, 0.5454545454545454, 0.5909090909090909, 0.6363636363636364, 0.7272727272727273, 0.7727272727272727, 0.8181818181818182, 0.8636363636363636, 0.9090909090909091, 1.0], "beatinsong": ["0", "1/6", "1/3", "2/3", "5/6", "1", "7/6", "4/3", "5/3", "2", "13/6", "7/3", "8/3", "17/6", "3", "19/6", "10/3", "11/3"], "beatinphrase": ["0", "1/6", "1/3", "2/3", "5/6", "1", "7/6", "4/3", "5/3", "2", "13/6", "7/3", "8/3", "17/6", "3", "19/6", "10/3", "11/3"], "beatinphrase_end": ["-3", "-17/6", "-8/3", "-7/3", "-13/6", "-2", "-11/6", "-5/3", "-4/3", "-1", "-5/6", "-2/3", "-1/3", "-1/6", "0", "1/6", "1/3", "2/3"], "IOI_frac": ["1/4", "1/4", "1/2", "1/4", "1/4", "1/4", "1/4", "1/2", "1/2", "1/4", "1/4", "1/2", "1/4", "1/4", "1/4", "1/4", "1/2", null], "IOI": [0.25, 0.25, 0.5, 0.25, 0.25, 0.25, 0.25, 0.5, 0.5, 0.25, 0.25, 0.5, 0.25, 0.25, 0.25, 0.25, 0.5, null], "IOR_frac": [null, "1", "2", "1/2", "1", "1", "1", "2", "1", "1/2", "1", "2", "1/2", "1", "1", "1", "2", null], "IOR": [null, 1.0, 2.0, 0.5, 1.0, 1.0, 1.0, 2.0, 1.0, 0.5, 1.0, 2.0, 0.5, 1.0, 1.0, 1.0, 2.0, null], "imacontour": [null, "-", "+", "+", "-", "+", "-", "+", "+", "-", "-", "+", "+", "-", "+", "-", "+", "+"], "pitch": ["G4", "B4", "B4", "C5", "B4", "A4", "A4", "G4", "D5", "G4", "B4", "B4", "C5", "B4", "A4", "A4", "B4", "G4"], "contour3": [null, "+", "=", "+", "-", "-", "=", "-", "+", "-", "+", "=", "+", "-", "-", "=", "+", "-"], "contour5": [null, "++", "=", "+", "-", "-", "=", "-", "++", "--", "++", "=", "+", "-", "-", "=", "+", "--"], "beatstrength": [1.0, 0.25, 0.5, 0.5, 0.25, 1.0, 0.25, 0.5, 0.5, 1.0, 0.25, 0.5, 0.5, 0.25, 1.0, 0.25, 0.5, 0.5], "beat_str": ["1", "1", "1", "1", "1", "1", "1", "1", "1", "1", "1", "1", "1", "1", "1", "1", "1", "1"], "beat_fraction_str": ["0", "1/6", "1/3", "2/3", "5/6", "0", "1/6", "1/3", "2/3", "0", "1/6", "1/3", "2/3", "5/6", "0", "1/6", "1/3", "2/3"], "beat": [1.0, 1.1666666666666667, 1.3333333333333333, 1.6666666666666667, 1.8333333333333333, 1.0, 1.1666666666666667, 1.3333333333333333, 1.6666666666666667, 1.0, 1.1666666666666667, 1.3333333333333333, 1.6666666666666667, 1.8333333333333333, 1.0, 1.1666666666666667, 1.3333333333333333, 1.6666666666666667], "timesignature": ["3/8", "3/8", "3/8", "3/8", "3/8", "3/8", "3/8", "3/8", "3/8", "3/8", "3/8", "3/8", "3/8", "3/8", "3/8", "3/8", "3/8", "3/8"], "gpr2a_Frankland": [null, null, null, null, null, null, null, null, null, null, null, null, null, null, null, null, null, null], "gpr2b_Frankland": [null, null, 0.5, null, null, null, null, null, null, null, null, 0.5, null, null, null, null, null, null], "gpr3a_Frankland": [null, null, null, null, 0.75, null, null, null, null, null, null, null, null, 0.75, null, null, null, null], "gpr3d_Frankland": [null, null, null, null, 0.0, null, 0.5, null, 0.5, null, null, null, null, 0.0, null, null, null, null], "gpr_Frankland_sum": [0, 0, 0.5, 0, 0.75, 0, 0.5, 0, 0.5, 0, 0, 0.5, 0, 0.75, 0, 0, 0, 0], "lbdm_spitch": [null, 0.0, 0.09285714285714286, 0.05571428571428572, 0.39, 0.0, 0.5318181818181819, 0.8863636363636364, 0.45000000000000007, 1.0, 0.0, 0.09285714285714286, 0.05571428571428572, 0.39, 0.0, 0.41785714285714287, null, null], "lbdm_sioi": [null, 0.25, 1.0, 0.25, 0.0, 0.0, 0.25, 0.5, 0.5, 0.25, 0.25, 1.0, 0.25, 0.0, 0.0, 0.25, null, null], "lbdm_srest": [null, 0.0, 0.0, 0.0, 0.0, 0.0, 0.0, 0.0, 0.0, 0.0, 0.0, 0.0, 0.0, 0.0, 0.0, 0.0, null, null], "lbdm_rpitch": [null, 0.6666666666666666, 0.3333333333333333, 0.0, 0.2, 0.5, 0.5, 0.45454545454545453, 0.0, 0.23076923076923078, 0.6666666666666666, 0.3333333333333333, 0.0, 0.2, 0.5, 0.5, 0.25, null], "lbdm_rioi": [null, 0.0, 0.3333333333333333, 0.3333333333333333, 0.0, 0.0, 0.0, 0.3333333333333333, 0.0, 0.3333333333333333, 0.0, 0.3333333333333333, 0.3333333333333333, 0.0, 0.0, 0.0, 0.3333333333333333, null], "lbdm_rrest": [null, 0.0, 0.0, 0.0, 0.0, 0.0, 0.0, 0.0, 0.0, 0.0, 0.0, 0.0, 0.0, 0.0, 0.0, 0.0, 0.0, null], "lbdm_boundarystrength": [null, 0.125, 0.5232142857142857, 0.13892857142857143, 0.0975, 0.0, 0.25795454545454544, 0.47159090909090906, 0.36250000000000004, 0.375, 0.125, 0.5232142857142857, 0.13892857142857143, 0.0975, 0.0, 0.22946428571428573, null, null]}}
