{"id": "KB1325800030", "tunefamily": "", "year": -1, "tunefamily_full": "", "type": "", "freemeter": false, "origin": "", "features": {"scaledegree": [1, 7, 1, 3, 2, 7, 5, 7, 2, 5, 1, 3, 2, 7, 5, 7, 2, 1], "scaledegreespecifier": ["P", "M", "P", "m", "M", "M", "P", "M", "M", "P", "P", "m", "M", "M", "P", "M", "M", "P"], "tonic": ["G", "G", "G", "G", "G", "G", "G", "G", "G", "G", "G", "G", "G", "G", "G", "G", "G", "G"], "mode": ["minor", "minor", "minor", "minor", "minor", "minor", "minor", "minor", "minor", "minor", "minor", "minor", "minor", "minor", "minor", "minor", "minor", "minor"], "metriccontour": [null, "-", "+", "-", "+", "-", "+", "-", "+", "=", "+", "-", "=", "-", "+", "-", "+", "="], "imaweight": [0.960199, 0.383085, 1.0, 0.338308, 0.965174, 0.358209, 0.920398, 0.462687, 0.920398, 0.706468, 0.701493, 0.641791, 0.701493, 0.199005, 0.681592, 0.139303, 0.701493, 0.701493], "imaweight_spectral": [0.908696, 0.421739, 0.96087, 0.365217, 0.930435, 0.4, 0.873913, 0.491304, 0.891304, 0.982609, 0.96087, 0.908696, 0.930435, 0.452174, 0.873913, 0.43913, 0.908696, 1.0], "pitch40_hewlett": [146, 141, 146, 157, 152, 141, 129, 141, 152, 169, 146, 157, 152, 141, 129, 141, 152, 146], "pitch40_sapp": [185, 180, 185, 196, 191, 180, 168, 180, 191, 208, 185, 196, 191, 180, 168, 180, 191, 185], "octave": [4, 4, 4, 4, 4, 4, 4, 4, 4, 5, 4, 4, 4, 4, 4, 4, 4, 4], "midipitch": [67, 66, 67, 70, 69, 66, 62, 66, 69, 74, 67, 70, 69, 66, 62, 66, 69, 67], "diatonicpitch": [28, 27, 28, 30, 29, 27, 25, 27, 29, 32, 28, 30, 29, 27, 25, 27, 29, 28], "diatonicinterval": [null, -1, 1, 2, -1, -2, -2, 2, 2, 3, -4, 2, -1, -2, -2, 2, 2, -1], "chromaticinterval": [null, -1, 1, 3, -1, -3, -4, 4, 3, 5, -7, 3, -1, -3, -4, 4, 3, -2], "pitchproximity": [null, null, 1, 3, 1, 3, 4, 4, 3, 5, 7, 3, 1, 3, 4, 4, 3, 2], "pitchreversal": [null, null, 1.5, 0, 1.5, 0, 0, 1.5, 0, 0, 1.5, 1, 1.5, 0, 0, 1.5, 0, 1.5], "nextisrest": [false, false, false, false, false, false, false, false, false, false, false, false, false, false, false, false, false, null], "restduration_frac": [null, null, null, null, null, null, null, null, null, null, null, null, null, null, null, null, null, null], "duration": [0.25, 0.25, 0.25, 0.25, 0.25, 0.25, 0.25, 0.25, 0.5, 0.5, 0.5, 0.5, 0.25, 0.25, 0.25, 0.25, 0.5, 0.5], "duration_frac": ["1/4", "1/4", "1/4", "1/4", "1/4", "1/4", "1/4", "1/4", "1/2", "1/2", "1/2", "1/2", "1/4", "1/4", "1/4", "1/4", "1/2", "1/2"], "duration_fullname": ["16th", "16th", "16th", "16th", "16th", "16th", "16th", "16th", "Eighth", "Eighth", "Eighth", "Eighth", "16th", "16th", "16th", "16th", "Eighth", "Eighth"], "durationcontour": [null, "=", "=", "=", "=", "=", "=", "=", "+", "=", "=", "=", "-", "=", "=", "=", "+", "="], "onsettick": [0, 1, 2, 3, 4, 5, 6, 7, 8, 10, 12, 14, 16, 17, 18, 19, 20, 22], "beatfraction": ["1/6", "1/6", "1/6", "1/6", "1/6", "1/6", "1/6", "1/6", "1/3", "1/3", "1/3", "1/3", "1/6", "1/6", "1/6", "1/6", "1/3", "1/3"], "phrasepos": [0.0, 0.045454545454545456, 0.09090909090909091, 0.13636363636363635, 0.18181818181818182, 0.22727272727272727, 0.2727272727272727, 0.3181818181818182, 0.36363636363636365, 0.45454545454545453, 0.5454545454545454, 0.6363636363636364, 0.7272727272727273, 0.7727272727272727, 0.8181818181818182, 0.8636363636363636, 0.9090909090909091, 1.0], "phrase_ix": [0, 0, 0, 0, 0, 0, 0, 0, 0, 0, 0, 0, 0, 0, 0, 0, 0, 0], "phrase_end": [false, false, false, false, false, false, false, false, false, false, false, false, false, false, false, false, false, true], "songpos": [0.0, 0.045454545454545456, 0.09090909090909091, 0.13636363636363635, 0.18181818181818182, 0.22727272727272727, 0.2727272727272727, 0.3181818181818182, 0.36363636363636365, 0.45454545454545453, 0.5454545454545454, 0.6363636363636364, 0.7272727272727273, 0.7727272727272727, 0.8181818181818182, 0.8636363636363636, 0.9090909090909091, 1.0], "beatinsong": ["0", "1/6", "1/3", "1/2", "2/3", "5/6", "1", "7/6", "4/3", "5/3", "2", "7/3", "8/3", "17/6", "3", "19/6", "10/3", "11/3"], "beatinphrase": ["0", "1/6", "1/3", "1/2", "2/3", "5/6", "1", "7/6", "4/3", "5/3", "2", "7/3", "8/3", "17/6", "3", "19/6", "10/3", "11/3"], "beatinphrase_end": ["-3", "-17/6", "-8/3", "-5/2", "-7/3", "-13/6", "-2", "-11/6", "-5/3", "-4/3", "-1", "-2/3", "-1/3", "-1/6", "0", "1/6", "1/3", "2/3"], "IOI_frac": ["1/4", "1/4", "1/4", "1/4", "1/4", "1/4", "1/4", "1/4", "1/2", "1/2", "1/2", "1/2", "1/4", "1/4", "1/4", "1/4", "1/2", null], "IOI": [0.25, 0.25, 0.25, 0.25, 0.25, 0.25, 0.25, 0.25, 0.5, 0.5, 0.5, 0.5, 0.25, 0.25, 0.25, 0.25, 0.5, null], "IOR_frac": [null, "1", "1", "1", "1", "1", "1", "1", "2", "1", "1", "1", "1/2", "1", "1", "1", "2", null], "IOR": [null, 1.0, 1.0, 1.0, 1.0, 1.0, 1.0, 1.0, 2.0, 1.0, 1.0, 1.0, 0.5, 1.0, 1.0, 1.0, 2.0, null], "imacontour": [null, "-", "+", "-", "+", "-", "+", "-", "+", "-", "-", "-", "+", "-", "+", "-", "+", "="], "pitch": ["G4", "F#4", "G4", "B-4", "A4", "F#4", "D4", "F#4", "A4", "D5", "G4", "B-4", "A4", "F#4", "D4", "F#4", "A4", "G4"], "contour3": [null, "-", "+", "+", "-", "-", "-", "+", "+", "+", "-", "+", "-", "-", "-", "+", "+", "-"], "contour5": [null, "-", "+", "++", "-", "--", "--", "++", "++", "++", "--", "++", "-", "--", "--", "++", "++", "-"], "beatstrength": [1.0, 0.25, 0.5, 0.25, 0.5, 0.25, 1.0, 0.25, 0.5, 0.5, 1.0, 0.5, 0.5, 0.25, 1.0, 0.25, 0.5, 0.5], "beat_str": ["1", "1", "1", "1", "1", "1", "1", "1", "1", "1", "1", "1", "1", "1", "1", "1", "1", "1"], "beat_fraction_str": ["0", "1/6", "1/3", "1/2", "2/3", "5/6", "0", "1/6", "1/3", "2/3", "0", "1/3", "2/3", "5/6", "0", "1/6", "1/3", "2/3"], "beat": [1.0, 1.1666666666666667, 1.3333333333333333, 1.5, 1.6666666666666667, 1.8333333333333333, 1.0, 1.1666666666666667, 1.3333333333333333, 1.6666666666666667, 1.0, 1.3333333333333333, 1.6666666666666667, 1.8333333333333333, 1.0, 1.1666666666666667, 1.3333333333333333, 1.6666666666666667], "timesignature": ["3/8", "3/8", "3/8", "3/8", "3/8", "3/8", "3/8", "3/8", "3/8", "3/8", "3/8", "3/8", "3/8", "3/8", "3/8", "3/8", "3/8", "3/8"], "gpr2a_Frankland": [null, null, null, null, null, null, null, null, null, null, null, null, null, null, null, null, null, null], "gpr2b_Frankland": [null, null, null, null, null, null, null, null, null, null, null, null, null, null, null, null, null, null], "gpr3a_Frankland": [null, null, 0.6666666666666667, null, null, null, null, null, null, 0.4285714285714286, null, null, null, null, null, null, null, null], "gpr3d_Frankland": [null, 0.0, 0.0, 0.0, 0.0, 0.0, null, 0.5, null, 0.0, null, 0.5, null, 0.0, null, null, null, null], "gpr_Frankland_sum": [0, 0, 0.6666666666666667, 0, 0, 0, 0, 0.5, 0, 0.4285714285714286, 0, 0.5, 0, 0, 0, 0, 0, 0], "lbdm_spitch": [null, 0.1, 0.6000000000000001, 0.2, 0.4, 0.13333333333333333, 0.13333333333333333, 0.28, 0.5142857142857143, 1.0, 0.6000000000000001, 0.2, 0.4, 0.13333333333333333, 0.13333333333333333, 0.2285714285714286, null, null], "lbdm_sioi": [null, 0.0, 0.0, 0.0, 0.0, 0.0, 0.0, 0.5, 1.0, 0.0, 0.0, 1.0, 0.5, 0.0, 0.0, 0.5, null, null], "lbdm_srest": [null, 0.0, 0.0, 0.0, 0.0, 0.0, 0.0, 0.0, 0.0, 0.0, 0.0, 0.0, 0.0, 0.0, 0.0, 0.0, null, null], "lbdm_rpitch": [null, 0.0, 0.3333333333333333, 0.3333333333333333, 0.3333333333333333, 0.1111111111111111, 0.0, 0.1111111111111111, 0.2, 0.14285714285714285, 0.3333333333333333, 0.3333333333333333, 0.3333333333333333, 0.1111111111111111, 0.0, 0.1111111111111111, 0.14285714285714285, null], "lbdm_rioi": [null, 0.0, 0.0, 0.0, 0.0, 0.0, 0.0, 0.0, 0.3333333333333333, 0.0, 0.0, 0.0, 0.3333333333333333, 0.0, 0.0, 0.0, 0.3333333333333333, null], "lbdm_rrest": [null, 0.0, 0.0, 0.0, 0.0, 0.0, 0.0, 0.0, 0.0, 0.0, 0.0, 0.0, 0.0, 0.0, 0.0, 0.0, 0.0, null], "lbdm_boundarystrength": [null, 0.025, 0.15000000000000002, 0.05, 0.1, 0.03333333333333333, 0.03333333333333333, 0.32, 0.6285714285714286, 0.25, 0.15000000000000002, 0.55, 0.35, 0.03333333333333333, 0.03333333333333333, 0.30714285714285716, null, null]}}
