{"id": "KB1618900002", "tunefamily": "", "year": -1, "tunefamily_full": "", "type": "", "freemeter": false, "origin": "", "features": {"scaledegree": [3, 3, 4, 3, 3, 6, 5, 5, 4, 3, 2, 1, 3, 2, 3, 4, 3, 1, 2, 7, 1], "scaledegreespecifier": ["M", "M", "P", "M", "M", "M", "P", "P", "P", "M", "M", "P", "M", "M", "M", "P", "M", "P", "M", "M", "P"], "tonic": ["G", "G", "G", "G", "G", "G", "G", "G", "G", "G", "G", "G", "G", "G", "G", "G", "G", "G", "G", "G", "G"], "mode": ["major", "major", "major", "major", "major", "major", "major", "major", "major", "major", "major", "major", "major", "major", "major", "major", "major", "major", "major", "major", "major"], "metriccontour": [null, "-", "=", "+", "-", "+", "-", "=", "+", "-", "+", "=", "+", "-", "=", "+", "-", "=", "+", "-", "+"], "imaweight": [0.548896, 0.217666, 0.432177, 0.287066, 0.48265, 1.0, 0.630915, 0.873817, 0.687697, 0.100946, 0.886435, 0.621451, 0.9653, 0.615142, 0.861199, 0.675079, 0.92429, 0.599369, 0.977918, 0.403785, 0.26183], "imaweight_spectral": [0.967359, 0.670623, 0.916914, 0.709199, 0.893175, 1.0, 0.652819, 0.881306, 0.694362, 0.0949555, 0.881306, 0.643917, 0.967359, 0.637982, 0.881306, 0.694362, 0.928783, 0.646884, 0.979228, 0.890208, 0.732938], "pitch40_hewlett": [158, 158, 163, 158, 158, 175, 169, 169, 163, 158, 152, 146, 158, 152, 158, 163, 158, 146, 152, 141, 146], "pitch40_sapp": [197, 197, 202, 197, 197, 214, 208, 208, 202, 197, 191, 185, 197, 191, 197, 202, 197, 185, 191, 180, 185], "octave": [4, 4, 5, 4, 4, 5, 5, 5, 5, 4, 4, 4, 4, 4, 4, 5, 4, 4, 4, 4, 4], "midipitch": [71, 71, 72, 71, 71, 76, 74, 74, 72, 71, 69, 67, 71, 69, 71, 72, 71, 67, 69, 66, 67], "diatonicpitch": [30, 30, 31, 30, 30, 33, 32, 32, 31, 30, 29, 28, 30, 29, 30, 31, 30, 28, 29, 27, 28], "diatonicinterval": [null, 0, 1, -1, 0, 3, -1, 0, -1, -1, -1, -1, 2, -1, 1, 1, -1, -2, 1, -2, 1], "chromaticinterval": [null, 0, 1, -1, 0, 5, -2, 0, -2, -1, -2, -2, 4, -2, 2, 1, -1, -4, 2, -3, 1], "pitchproximity": [null, null, 1, 1, 0, 5, 2, 0, 2, 1, 2, 2, 4, 2, 2, 1, 1, 4, 2, 3, 1], "pitchreversal": [null, null, 0, 1.5, 0, 0, 0, 0, 0, 0, 0, 0, 1.5, 1.5, 1.5, 0, 1.5, 0, 1.5, 1.5, 1.5], "nextisrest": [false, false, false, false, false, false, false, false, false, false, false, false, false, false, false, false, false, false, false, false, true], "restduration_frac": [null, null, null, null, null, null, null, null, null, null, null, null, null, null, null, null, null, null, null, null, "1/2"], "duration": [0.5, 0.5, 0.5, 0.5, 1.0, 0.5, 0.5, 0.5, 0.25, 0.25, 0.5, 0.5, 0.5, 0.5, 0.5, 0.5, 0.5, 0.5, 1.0, 0.5, 1.0], "duration_frac": ["1/2", "1/2", "1/2", "1/2", "1", "1/2", "1/2", "1/2", "1/4", "1/4", "1/2", "1/2", "1/2", "1/2", "1/2", "1/2", "1/2", "1/2", "1", "1/2", "1"], "duration_fullname": ["Eighth", "Eighth", "Eighth", "Eighth", "Quarter", "Eighth", "Eighth", "Eighth", "16th", "16th", "Eighth", "Eighth", "Eighth", "Eighth", "Eighth", "Eighth", "Eighth", "Eighth", "Quarter", "Eighth", "Quarter"], "durationcontour": [null, "=", "=", "=", "+", "-", "=", "=", "-", "=", "+", "=", "=", "=", "=", "=", "=", "=", "+", "-", "+"], "onsettick": [0, 2, 4, 6, 8, 12, 14, 16, 18, 19, 20, 22, 24, 26, 28, 30, 32, 34, 36, 40, 42], "beatfraction": ["1/3", "1/3", "1/3", "1/3", "2/3", "1/3", "1/3", "1/3", "1/6", "1/6", "1/3", "1/3", "1/3", "1/3", "1/3", "1/3", "1/3", "1/3", "2/3", "1/3", "2/3"], "phrasepos": [0.0, 0.047619047619047616, 0.09523809523809523, 0.14285714285714285, 0.19047619047619047, 0.2857142857142857, 0.3333333333333333, 0.38095238095238093, 0.42857142857142855, 0.4523809523809524, 0.47619047619047616, 0.5238095238095238, 0.5714285714285714, 0.6190476190476191, 0.6666666666666666, 0.7142857142857143, 0.7619047619047619, 0.8095238095238095, 0.8571428571428571, 0.9523809523809523, 1.0], "phrase_ix": [0, 0, 0, 0, 0, 0, 0, 0, 0, 0, 0, 0, 0, 0, 0, 0, 0, 0, 0, 0, 0], "phrase_end": [false, false, false, false, false, false, false, false, false, false, false, false, false, false, false, false, false, false, false, false, true], "songpos": [0.0, 0.047619047619047616, 0.09523809523809523, 0.14285714285714285, 0.19047619047619047, 0.2857142857142857, 0.3333333333333333, 0.38095238095238093, 0.42857142857142855, 0.4523809523809524, 0.47619047619047616, 0.5238095238095238, 0.5714285714285714, 0.6190476190476191, 0.6666666666666666, 0.7142857142857143, 0.7619047619047619, 0.8095238095238095, 0.8571428571428571, 0.9523809523809523, 1.0], "beatinsong": ["0", "1/3", "2/3", "1", "4/3", "2", "7/3", "8/3", "3", "19/6", "10/3", "11/3", "4", "13/3", "14/3", "5", "16/3", "17/3", "6", "20/3", "7"], "beatinphrase": ["0", "1/3", "2/3", "1", "4/3", "2", "7/3", "8/3", "3", "19/6", "10/3", "11/3", "4", "13/3", "14/3", "5", "16/3", "17/3", "6", "20/3", "7"], "beatinphrase_end": ["-7", "-20/3", "-19/3", "-6", "-17/3", "-5", "-14/3", "-13/3", "-4", "-23/6", "-11/3", "-10/3", "-3", "-8/3", "-7/3", "-2", "-5/3", "-4/3", "-1", "-1/3", "0"], "IOI_frac": ["1/2", "1/2", "1/2", "1/2", "1", "1/2", "1/2", "1/2", "1/4", "1/4", "1/2", "1/2", "1/2", "1/2", "1/2", "1/2", "1/2", "1/2", "1", "1/2", "3/2"], "IOI": [0.5, 0.5, 0.5, 0.5, 1.0, 0.5, 0.5, 0.5, 0.25, 0.25, 0.5, 0.5, 0.5, 0.5, 0.5, 0.5, 0.5, 0.5, 1.0, 0.5, 1.5], "IOR_frac": [null, "1", "1", "1", "2", "1/2", "1", "1", "1/2", "1", "2", "1", "1", "1", "1", "1", "1", "1", "2", "1/2", "3"], "IOR": [null, 1.0, 1.0, 1.0, 2.0, 0.5, 1.0, 1.0, 0.5, 1.0, 2.0, 1.0, 1.0, 1.0, 1.0, 1.0, 1.0, 1.0, 2.0, 0.5, 3.0], "imacontour": [null, "-", "+", "-", "+", "+", "-", "+", "-", "-", "+", "-", "+", "-", "+", "-", "+", "-", "+", "-", "-"], "pitch": ["B4", "B4", "C5", "B4", "B4", "E5", "D5", "D5", "C5", "B4", "A4", "G4", "B4", "A4", "B4", "C5", "B4", "G4", "A4", "F#4", "G4"], "contour3": [null, "=", "+", "-", "=", "+", "-", "=", "-", "-", "-", "-", "+", "-", "+", "+", "-", "-", "+", "-", "+"], "contour5": [null, "=", "+", "-", "=", "++", "-", "=", "-", "-", "-", "-", "++", "-", "+", "+", "-", "--", "+", "--", "+"], "beatstrength": [1.0, 0.5, 0.5, 1.0, 0.5, 1.0, 0.5, 0.5, 1.0, 0.25, 0.5, 0.5, 1.0, 0.5, 0.5, 1.0, 0.5, 0.5, 1.0, 0.5, 1.0], "beat_str": ["1", "1", "1", "1", "1", "1", "1", "1", "1", "1", "1", "1", "1", "1", "1", "1", "1", "1", "1", "1", "1"], "beat_fraction_str": ["0", "1/3", "2/3", "0", "1/3", "0", "1/3", "2/3", "0", "1/6", "1/3", "2/3", "0", "1/3", "2/3", "0", "1/3", "2/3", "0", "2/3", "0"], "beat": [1.0, 1.3333333333333333, 1.6666666666666667, 1.0, 1.3333333333333333, 1.0, 1.3333333333333333, 1.6666666666666667, 1.0, 1.1666666666666667, 1.3333333333333333, 1.6666666666666667, 1.0, 1.3333333333333333, 1.6666666666666667, 1.0, 1.3333333333333333, 1.6666666666666667, 1.0, 1.6666666666666667, 1.0], "timesignature": ["3/8", "3/8", "3/8", "3/8", "3/8", "3/8", "3/8", "3/8", "3/8", "3/8", "3/8", "3/8", "3/8", "3/8", "3/8", "3/8", "3/8", "3/8", "3/8", "3/8", "3/8"], "gpr2a_Frankland": [null, null, null, null, null, null, null, null, null, null, null, null, null, null, null, null, null, null, null, null, 0.125], "gpr2b_Frankland": [null, null, null, null, 0.5, null, null, null, null, null, null, null, null, null, null, null, null, null, 0.5, null, null], "gpr3a_Frankland": [null, null, null, null, 0.8, null, null, 0.75, null, null, null, 0.5, null, null, null, null, 0.625, null, 0.5, null, null], "gpr3d_Frankland": [null, 0.0, null, null, null, null, null, 0.5, null, 0.5, null, 0.0, 0.0, 0.0, 0.0, 0.0, null, null, null, null, null], "gpr_Frankland_sum": [0, 0, 0, 0, 1.3, 0, 0, 1.25, 0, 0.5, 0, 0.5, 0, 0, 0, 0, 0.625, 0, 1.0, 0, 0.125], "lbdm_spitch": [null, 0.06363636363636363, 0.06363636363636363, 0.0, 1.0, 0.3181818181818182, 0.0, 0.2672727272727273, 0.07636363636363637, 0.07636363636363637, 0.09545454545454546, 0.38181818181818183, 0.09545454545454546, 0.07636363636363637, 0.038181818181818185, 0.08181818181818182, 0.5181818181818182, 0.15, 0.2727272727272727, null, null], "lbdm_sioi": [null, 0.0, 0.0, 0.25, 1.0, 0.25, 0.0, 0.25, 0.125, 0.125, 0.25, 0.0, 0.0, 0.0, 0.0, 0.0, 0.0, 0.25, 1.0, null, null],