{"id": "KB1640600002", "tunefamily": "", "year": -1, "tunefamily_full": "", "type": "", "freemeter": false, "origin": "", "features": {"scaledegree": [1, 7, 1, 7, 1, 6, 5, 4, 5, 6, 6, 5, 5, 3], "scaledegreespecifier": ["P", "M", "P", "M", "P", "m", "P", "P", "P", "m", "m", "P", "P", "m"], "tonic": ["A", "A", "A", "A", "A", "A", "A", "A", "A", "A", "A", "A", "A", "A"], "mode": ["minor", "minor", "minor", "minor", "minor", "minor", "minor", "minor", "minor", "minor", "minor", "minor", "minor", "minor"], "metriccontour": [null, "=", "=", "=", "=", "-", "-", "+", "-", "+", "=", "+", "-", "+"], "imaweight": [0.544444, 0.544444, 0.544444, 0.644444, 0.633333, 0.411111, 0.188889, 1.0, 0.188889, 0.366667, 0.5, 0.766667, 0.444444, 0.822222], "imaweight_spectral": [0.747475, 0.949495, 0.747475, 1.0, 0.828283, 0.626263, 0.171717, 0.909091, 0.171717, 0.333333, 0.545455, 0.787879, 0.535354, 1.0], "pitch40_hewlett": [152, 147, 152, 147, 152, 140, 135, 129, 135, 140, 140, 135, 135, 123], "pitch40_sapp": [191, 186, 191, 186, 191, 179, 174, 168, 174, 179, 179, 174, 174, 162], "octave": [4, 4, 4, 4, 4, 4, 4, 4, 4, 4, 4, 4, 4, 4], "midipitch": [69, 68, 69, 68, 69, 65, 64, 62, 64, 65, 65, 64, 64, 60], "diatonicpitch": [28, 27, 28, 27, 28, 26, 25, 24, 25, 26, 26, 25, 25, 23], "diatonicinterval": [null, -1, 1, -1, 1, -2, -1, -1, 1, 1, 0, -1, 0, -2], "chromaticinterval": [null, -1, 1, -1, 1, -4, -1, -2, 2, 1, 0, -1, 0, -4], "pitchproximity": [null, null, 1, 1, 1, 4, 1, 2, 2, 1, 0, 1, 0, 4], "pitchreversal": [null, null, 1.5, 1.5, 1.5, 0, 0, 0, 1.5, 0, 0, 0, 0, 0], "nextisrest": [false, false, false, false, false, false, false, false, false, false, false, false, false, true], "restduration_frac": [null, null, null, null, null, null, null, null, null, null, null, null, null, "1/2"], "duration": [1.5, 1.5, 1.5, 1.5, 0.5, 0.75, 0.25, 0.25, 0.25, 0.5, 0.5, 0.5, 1.0, 1.0], "duration_frac": ["3/2", "3/2", "3/2", "3/2", "1/2", "3/4", "1/4", "1/4", "1/4", "1/2", "1/2", "1/2", "1", "1"], "duration_fullname": ["Dotted Quarter", "Dotted Quarter", "Dotted Quarter", "Dotted Quarter", "Eighth", "Dotted Eighth", "16th", "16th", "16th", "Eighth", "Eighth", "Eighth", "Quarter", "Quarter"], "durationcontour": [null, "=", "=", "=", "-", "+", "-", "=", "=", "+", "=", "=", "+", "="], "onsettick": [0, 6, 12, 18, 24, 26, 29, 30, 31, 32, 34, 36, 38, 42], "beatfraction": ["1", "1", "1", "1", "1/3", "1/2", "1/6", "1/6", "1/6", "1/3", "1/3", "1/3", "2/3", "2/3"], "phrasepos": [0.0, 0.3333333333333333, 0.6666666666666666, 1.0, 0.0, 0.1111111111111111, 0.2777777777777778, 0.3333333333333333, 0.3888888888888889, 0.4444444444444444, 0.5555555555555556, 0.6666666666666666, 0.7777777777777778, 1.0], "phrase_ix": [0, 0, 0, 0, 1, 1, 1, 1, 1, 1, 1, 1, 1, 1], "phrase_end": [false, false, false, true, false, false, false, false, false, false, false, false, false, true], "songpos": [0.0, 0.14285714285714285, 0.2857142857142857, 0.42857142857142855, 0.5714285714285714, 0.6190476190476191, 0.6904761904761905, 0.7142857142857143, 0.7380952380952381, 0.7619047619047619, 0.8095238095238095, 0.8571428571428571, 0.9047619047619048, 1.0], "beatinsong": ["0", "1", "2", "3", "4", "13/3", "29/6", "5", "31/6", "16/3", "17/3", "6", "19/3", "7"], "beatinphrase": ["0", "1", "2", "3", "0", "1/3", "5/6", "1", "7/6", "4/3", "5/3", "2", "7/3", "3"], "beatinphrase_end": ["-3", "-2", "-1", "0", "-3", "-8/3", "-13/6", "-2", "-11/6", "-5/3", "-4/3", "-1", "-2/3", "0"], "IOI_frac": ["3/2", "3/2", "3/2", "3/2", "1/2", "3/4", "1/4", "1/4", "1/4", "1/2", "1/2", "1/2", "1", "3/2"], "IOI": [1.5, 1.5, 1.5, 1.5, 0.5, 0.75, 0.25, 0.25, 0.25, 0.5, 0.5, 0.5, 1.0, 1.5], "IOR_frac": [null, "1", "1", "1", "1/3", "3/2", "1/3", "1", "1", "2", "1", "1", "2", "3/2"], "IOR": [null, 1.0, 1.0, 1.0, 0.3333333333333333, 1.5, 0.3333333333333333, 1.0, 1.0, 2.0, 1.0, 1.0, 2.0, 1.5], "imacontour": [null, "=", "=", "+", "-", "-", "-", "+", "-", "+", "+", "+", "-", "+"], "pitch": ["A4", "G#4", "A4", "G#4", "A4", "F4", "E4", "D4", "E4", "F4", "F4", "E4", "E4", "C4"], "contour3": [null, "-", "+", "-", "+", "-", "-", "-", "+", "+", "=", "-", "=", "-"], "contour5": [null, "-", "+", "-", "+", "--", "-", "-", "+", "+", "=", "-", "=", "--"], "beatstrength": [1.0, 1.0, 1.0, 1.0, 1.0, 0.5, 0.25, 1.0, 0.25, 0.5, 0.5, 1.0, 0.5, 1.0], "beat_str": ["1", "1", "1", "1", "1", "1", "1", "1", "1", "1", "1", "1", "1", "1"], "beat_fraction_str": ["0", "0", "0", "0", "0", "1/3", "5/6", "0", "1/6", "1/3", "2/3", "0", "1/3", "0"], "beat": [1.0, 1.0, 1.0, 1.0, 1.0, 1.3333333333333333, 1.8333333333333333, 1.0, 1.1666666666666667, 1.3333333333333333, 1.6666666666666667, 1.0, 1.3333333333333333, 1.0], "timesignature": ["3/8", "3/8", "3/8", "3/8", "3/8", "3/8", "3/8", "3/8", "3/8", "3/8", "3/8", "3/8", "3/8", "3/8"], "gpr2a_Frankland": [null, null, null, null, null, null, null, null, null, null, null, null, null, 0.125], "gpr2b_Frankland": [null, null, null, null, null, 0.5, null, null, null, null, null, null, null, null], "gpr3a_Frankland": [null, null, null, null, 0.75, null, null, null, null, null, 1.0, null, null, null], "gpr3d_Frankland": [null, 0.0, null, null, null, null, null, null, 0.5, null, null, null, null, null], "gpr_Frankland_sum": [0, 0, 0, 0, 0.75, 0.5, 0, 0, 0.5, 0, 1.0, 0, 0, 0.125], "lbdm_spitch": [null, 0.0, 0.0, 0.125, 1.0, 0.18333333333333335, 0.11666666666666668, 0.11666666666666668, 0.15555555555555556, 0.0, 0.19444444444444445, 0.0, null, null], "lbdm_sioi": [null, 0.0, 0.0, 1.0, 0.4666666666666666, 0.6999999999999998, 0.16666666666666666, 0.0, 0.1111111111111111, 0.2222222222222222, 0.0, 0.2222222222222222, null, null], "lbdm_srest": [null, 0.0, 0.0, 0.0, 0.0, 0.0, 0.0, 0.0, 0.0, 0.0, 0.0, 0.0, null, null], "lbdm_rpitch": [null, 0.0, 0.0, 0.0, 0.42857142857142855, 0.42857142857142855, 0.2, 0.0, 0.2, 0.3333333333333333, 0.3333333333333333, 0.3333333333333333, 0.6666666666666666, null], "lbdm_rioi": [null, 0.0, 0.0, 0.0, 0.5, 0.2, 0.5, 0.0, 0.0, 0.3333333333333333, 0.0, 0.0, 0.3333333333333333, null], "lbdm_rrest": [null, 0.0, 0.0, 0.0, 0.0, 0.0, 0.0, 0.0, 0.0, 0.0, 0.0, 0.0, 0.0, null], "lbdm_boundarystrength": [null, 0.0, 0.0, 0.53125, 0.4833333333333333, 0.39583333333333326, 0.1125, 0.02916666666666667, 0.09444444444444444, 0.1111111111111111, 0.04861111111111111, 0.1111111111111111, null, null]}}
