{"id": "KB1706800020", "tunefamily": "", "year": -1, "tunefamily_full": "", "type": "", "freemeter": false, "origin": "", "features": {"scaledegree": [5, 7, 1, 7, 1, 3, 3, 2, 3, 2, 7, 1, 7, 5, 6, 5, 7, 7, 2, 1], "scaledegreespecifier": ["P", "M", "P", "M", "P", "M", "M", "M", "M", "M", "M", "P", "M", "P", "M", "P", "M", "M", "M", "P"], "tonic": ["G", "G", "G", "G", "G", "G", "G", "G", "G", "G", "G", "G", "G", "G", "G", "G", "G", "G", "G", "G"], "mode": ["major", "major", "major", "major", "major", "major", "major", "major", "major", "major", "major", "major", "major", "major", "major", "major", "major", "major", "major", "major"], "metriccontour": [null, "-", "+", "-", "+", "-", "+", "-", "-", "+", "-", "+", "-", "-", "+", "+", "-", "+", "-", "+"], "imaweight": [0.994872, 0.0205128, 0.825641, 0.353846, 0.74359, 0.246154, 1.0, 0.805128, 0.374359, 0.784615, 0.271795, 0.953846, 0.74359, 0.374359, 0.707692, 0.912821, 0.0205128, 0.74359, 0.338462, 0.682051], "imaweight_spectral": [1.0, 0.0336134, 0.777311, 0.407563, 0.710084, 0.302521, 0.953782, 0.760504, 0.441176, 0.743697, 0.323529, 0.915966, 0.760504, 0.491597, 0.731092, 0.932773, 0.0336134, 0.827731, 0.445378, 0.710084], "pitch40_hewlett": [129, 141, 146, 141, 146, 158, 158, 152, 158, 152, 141, 146, 141, 129, 135, 129, 141, 141, 152, 146], "pitch40_sapp": [168, 180, 185, 180, 185, 197, 197, 191, 197, 191, 180, 185, 180, 168, 174, 168, 180, 180, 191, 185], "octave": [4, 4, 4, 4, 4, 4, 4, 4, 4, 4, 4, 4, 4, 4, 4, 4, 4, 4, 4, 4], "midipitch": [62, 66, 67, 66, 67, 71, 71, 69, 71, 69, 66, 67, 66, 62, 64, 62, 66, 66, 69, 67], "diatonicpitch": [25, 27, 28, 27, 28, 30, 30, 29, 30, 29, 27, 28, 27, 25, 26, 25, 27, 27, 29, 28], "diatonicinterval": [null, 2, 1, -1, 1, 2, 0, -1, 1, -1, -2, 1, -1, -2, 1, -1, 2, 0, 2, -1], "chromaticinterval": [null, 4, 1, -1, 1, 4, 0, -2, 2, -2, -3, 1, -1, -4, 2, -2, 4, 0, 3, -2], "pitchproximity": [null, null, 1, 1, 1, 4, 0, 2, 2, 2, 3, 1, 1, 4, 2, 2, 4, 0, 3, 2], "pitchreversal": [null, null, 0, 1.5, 1.5, 0, 0, 0, 1.5, 1.5, 0, 1.5, 1.5, 0, 1.5, 1.5, 1.5, 0, 0, 1.5], "nextisrest": [false, false, false, false, false, false, false, false, false, false, false, false, false, false, false, false, false, false, false, null], "restduration_frac": [null, null, null, null, null, null, null, null, null, null, null, null, null, null, null, null, null, null, null, null], "duration": [0.375, 0.125, 0.25, 0.25, 0.25, 0.25, 0.5, 0.25, 0.25, 0.25, 0.25, 0.5, 0.25, 0.25, 0.5, 0.375, 0.125, 0.25, 0.25, 0.5], "duration_frac": ["3/8", "1/8", "1/4", "1/4", "1/4", "1/4", "1/2", "1/4", "1/4", "1/4", "1/4", "1/2", "1/4", "1/4", "1/2", "3/8", "1/8", "1/4", "1/4", "1/2"], "duration_fullname": ["Dotted 16th", "32nd", "16th", "16th", "16th", "16th", "Eighth", "16th", "16th", "16th", "16th", "Eighth", "16th", "16th", "Eighth", "Dotted 16th", "32nd", "16th", "16th", "Eighth"], "durationcontour": [null, "-", "+", "=", "=", "=", "+", "-", "=", "=", "=", "+", "-", "=", "+", "-", "-", "+", "=", "+"], "onsettick": [0, 3, 4, 6, 8, 10, 12, 16, 18, 20, 22, 24, 28, 30, 32, 36, 39, 40, 42, 44], "beatfraction": ["1/4", "1/12", "1/6", "1/6", "1/6", "1/6", "1/3", "1/6", "1/6", "1/6", "1/6", "1/3", "1/6", "1/6", "1/3", "1/4", "1/12", "1/6", "1/6", "1/3"], "phrasepos": [0.0, 0.06818181818181818, 0.09090909090909091, 0.13636363636363635, 0.18181818181818182, 0.22727272727272727, 0.2727272727272727, 0.36363636363636365, 0.4090909090909091, 0.45454545454545453, 0.5, 0.5454545454545454, 0.6363636363636364, 0.6818181818181818, 0.7272727272727273, 0.8181818181818182, 0.8863636363636364, 0.9090909090909091, 0.9545454545454546, 1.0], "phrase_ix": [0, 0, 0, 0, 0, 0, 0, 0, 0, 0, 0, 0, 0, 0, 0, 0, 0, 0, 0, 0], "phrase_end": [false, false, false, false, false, false, false, false, false, false, false, false, false, false, false, false, false, false, false, true], "songpos": [0.0, 0.06818181818181818, 0.09090909090909091, 0.13636363636363635, 0.18181818181818182, 0.22727272727272727, 0.2727272727272727, 0.36363636363636365, 0.4090909090909091, 0.45454545454545453, 0.5, 0.5454545454545454, 0.6363636363636364, 0.6818181818181818, 0.7272727272727273, 0.8181818181818182, 0.8863636363636364, 0.9090909090909091, 0.9545454545454546, 1.0], "beatinsong": ["0", "1/4", "1/3", "1/2", "2/3", "5/6", "1", "4/3", "3/2", "5/3", "11/6", "2", "7/3", "5/2", "8/3", "3", "13/4", "10/3", "7/2", "11/3"], "beatinphrase": ["0", "1/4", "1/3", "1/2", "2/3", "5/6", "1", "4/3", "3/2", "5/3", "11/6", "2", "7/3", "5/2", "8/3", "3", "13/4", "10/3", "7/2", "11/3"], "beatinphrase_end": ["-3", "-11/4", "-8/3", "-5/2", "-7/3", "-13/6", "-2", "-5/3", "-3/2", "-4/3", "-7/6", "-1", "-2/3", "-1/2", "-1/3", "0", "1/4", "1/3", "1/2", "2/3"], "IOI_frac": ["3/8", "1/8", "1/4", "1/4", "1/4", "1/4", "1/2", "1/4", "1/4", "1/4", "1/4", "1/2", "1/4", "1/4", "1/2", "3/8", "1/8", "1/4", "1/4", null], "IOI": [0.375, 0.125, 0.25, 0.25, 0.25, 0.25, 0.5, 0.25, 0.25, 0.25, 0.25, 0.5, 0.25, 0.25, 0.5, 0.375, 0.125, 0.25, 0.25, null], "IOR_frac": [null, "1/3", "2", "1", "1", "1", "2", "1/2", "1", "1", "1", "2", "1/2", "1", "2", "3/4", "1/3", "2", "1", null], "IOR": [null, 0.3333333333333333, 2.0, 1.0, 1.0, 1.0, 2.0, 0.5, 1.0, 1.0, 1.0, 2.0, 0.5, 1.0, 2.0, 0.75, 0.3333333333333333, 2.0, 1.0, null], "imacontour": [null, "-", "+", "-", "+", "-", "+", "-", "-", "+", "-", "+", "-", "-", "+", "+", "-", "+", "-", "+"], "pitch": ["D4", "F#4", "G4", "F#4", "G4", "B4", "B4", "A4", "B4", "A4", "F#4", "G4", "F#4", "D4", "E4", "D4", "F#4", "F#4", "A4", "G4"], "contour3": [null, "+", "+", "-", "+", "+", "=", "-", "+", "-", "-", "+", "-", "-", "+", "-", "+", "=", "+", "-"], "contour5": [null, "++", "+", "-", "+", "++", "=", "-", "+", "-", "--", "+", "-", "--", "+", "-", "++", "=", "++", "-"], "beatstrength": [1.0, 0.125, 0.5, 0.25, 0.5, 0.25, 1.0, 0.5, 0.25, 0.5, 0.25, 1.0, 0.5, 0.25, 0.5, 1.0, 0.125, 0.5, 0.25, 0.5], "beat_str": ["1", "1", "1", "1", "1", "1", "1", "1", "1", "1", "1", "1", "1", "1", "1", "1", "1", "1", "1", "1"], "beat_fraction_str": ["0", "1/4", "1/3", "1/2", "2/3", "5/6", "0", "1/3", "1/2", "2/3", "5/6", "0", "1/3", "1/2", "2/3", "0", "1/4", "1/3", "1/2", "2/3"], "beat": [1.0, 1.25, 1.3333333333333333, 1.5, 1.6666666666666667, 1.8333333333333333, 1.0, 1.3333333333333333, 1.5, 1.6666666666666667, 1.8333333333333333, 1.0, 1.3333333333333333, 1.5, 1.6666666666666667, 1.0, 1.25, 1.3333333333333333, 1.5, 1.6666666666666667], "timesignature": ["3/8", "3/8", "3/8", "3/8", "3/8", "3/8", "3/8", "3/8", "3/8", "3/8", "3/8", "3/8", "3/8", "3/8", "3/8", "3/8", "3/8", "3/8", "3/8", "3/8"], "gpr2a_Frankland": [null, null, null, null, null, null, null, null, null, null, null, null, null, null, null, null, null, null, null, null], "gpr2b_Frankland": [null, null, null, null, null, null, 0.5, null, null, null, null, 0.5, null, null, 0.375, null, null, null, null, null], "gpr3a_Frankland": [null, null, null, null, 0.875, null, null, null, null, 0.5, null, null, 0.625, null, null, 0.75, null, 0.6666666666666667, null, null], "gpr3d_Frankland": [null, null, null, 0.0, null, null, null, null, 0.0, null, null, null, null, null, null, null, null, null, null, null], "gpr_Frankland_sum": [0, 0, 0, 0, 0.875, 0, 0.5, 0, 0, 0.5, 0, 0.5, 0.625, 0, 0.375, 0.75, 0, 0.6666666666666667, 0, 0], "lbdm_spitch": [null, 0.09782608695652174, 0.0, 0.09782608695652174, 1.0, 0.0, 0.2282608695652174, 0.0, 0.06521739130434782, 0.32608695652173914, 0.07608695652173914, 0.09782608695652174, 0.6195652173913044, 0.1141304347826087, 0.1141304347826087, 0.8369565217391305, 0.0, 0.5086956521739131, null, null], "lbdm_sioi": [null, 0.3125, 0.25, 0.0, 0.0, 0.25, 1.0, 0.25, 0.0, 0.0, 0.25, 1.0, 0.25, 0.25, 0.7142857142857143, 0.7232142857142857, 0.3125, 0.25, null, null], "lbdm_srest": [null, 0.0, 0.0, 0.0, 0.0, 0.0, 0.0, 0.0, 0.0, 0.0, 0.0, 0.0, 0.0, 0.0, 0.0, 0.0, 0.0, 0.0, null, null],