{"id": "KB1818900000", "tunefamily": "", "year": -1, "tunefamily_full": "", "type": "", "freemeter": false, "origin": "", "features": {"scaledegree": [3, 2, 4, 5, 5, 4, 2, 7, 4, 4, 5, 3, 1, 2, 3, 1, 7, 5, 7, 1, 1], "scaledegreespecifier": ["m", "M", "P", "P", "P", "P", "M", "m", "P", "P", "P", "m", "P", "M", "m", "P", "M", "P", "M", "P", "P"], "tonic": ["A", "A", "A", "A", "A", "A", "A", "A", "A", "A", "A", "A", "A", "A", "A", "A", "A", "A", "A", "A", "A"], "mode": ["minor", "minor", "minor", "minor", "minor", "minor", "minor", "minor", "minor", "minor", "minor", "minor", "minor", "minor", "minor", "minor", "minor", "minor", "minor", "minor", "minor"], "metriccontour": [null, "-", "=", "+", "-", "+", "-", "+", "=", "+", "-", "+", "-", "+", "-", "+", "-", "+", "=", "+", "-"], "imaweight": [0.297101, 0.971014, 0.637681, 0.528986, 0.681159, 0.442029, 0.144928, 0.826087, 0.76087, 0.557971, 0.644928, 0.478261, 1.0, 0.594203, 0.471014, 0.246377, 0.057971, 0.572464, 0.449275, 0.478261, 0.275362], "imaweight_spectral": [0.47, 1.0, 0.69, 0.55, 0.7, 0.49, 0.12, 0.78, 0.755, 0.57, 0.695, 0.515, 0.92, 0.63, 0.745, 0.45, 0.06, 0.795, 0.815, 0.575, 0.635], "pitch40_hewlett": [163, 158, 169, 175, 175, 169, 158, 146, 169, 169, 175, 163, 152, 158, 163, 152, 147, 135, 147, 152, 152], "pitch40_sapp": [202, 197, 208, 214, 214, 208, 197, 185, 208, 208, 214, 202, 191, 197, 202, 191, 186, 174, 186, 191, 191], "octave": [5, 4, 5, 5, 5, 5, 4, 4, 5, 5, 5, 5, 4, 4, 5, 4, 4, 4, 4, 4, 4], "midipitch": [72, 71, 74, 76, 76, 74, 71, 67, 74, 74, 76, 72, 69, 71, 72, 69, 68, 64, 68, 69, 69], "diatonicpitch": [30, 29, 31, 32, 32, 31, 29, 27, 31, 31, 32, 30, 28, 29, 30, 28, 27, 25, 27, 28, 28], "diatonicinterval": [null, -1, 2, 1, 0, -1, -2, -2, 4, 0, 1, -2, -2, 1, 1, -2, -1, -2, 2, 1, 0], "chromaticinterval": [null, -1, 3, 2, 0, -2, -3, -4, 7, 0, 2, -4, -3, 2, 1, -3, -1, -4, 4, 1, 0], "pitchproximity": [null, null, 3, 2, 0, 2, 3, 4, 7, 0, 2, 4, 3, 2, 1, 3, 1, 4, 4, 1, 0], "pitchreversal": [null, null, 1.5, 0, 0, 0, 0, 0, 0, 1, 0, 1.5, 0, 1.5, 0, 1.5, 0, 0, 1.5, 0, 0], "nextisrest": [false, false, false, false, false, false, false, false, false, false, false, false, false, false, false, false, false, false, false, false, null], "restduration_frac": [null, null, null, null, null, null, null, null, null, null, null, null, null, null, null, null, null, null, null, null, null], "duration": [0.5, 1.0, 0.5, 0.5, 0.5, 0.25, 0.25, 1.0, 0.5, 0.5, 0.5, 0.5, 1.5, 0.5, 0.5, 0.25, 0.25, 1.0, 0.5, 0.5, 0.5], "duration_frac": ["1/2", "1", "1/2", "1/2", "1/2", "1/4", "1/4", "1", "1/2", "1/2", "1/2", "1/2", "3/2", "1/2", "1/2", "1/4", "1/4", "1", "1/2", "1/2", "1/2"], "duration_fullname": ["Eighth", "Quarter", "Eighth", "Eighth", "Eighth", "16th", "16th", "Quarter", "Eighth", "Eighth", "Eighth", "Eighth", "Dotted Quarter", "Eighth", "Eighth", "16th", "16th", "Quarter", "Eighth", "Eighth", "Eighth"], "durationcontour": [null, "+", "-", "=", "=", "-", "=", "+", "-", "=", "=", "=", "+", "-", "=", "-", "=", "+", "-", "=", "="], "onsettick": [0, 2, 6, 8, 10, 12, 13, 14, 18, 20, 22, 24, 26, 32, 34, 36, 37, 38, 42, 44, 46], "beatfraction": ["1/2", "1", "1/2", "1/2", "1/2", "1/4", "1/4", "1", "1/2", "1/2", "1/2", "1/2", "3/2", "1/2", "1/2", "1/4", "1/4", "1", "1/2", "1/2", "1/2"], "phrasepos": [0.0, 0.09090909090909091, 0.2727272727272727, 0.36363636363636365, 0.45454545454545453, 0.5454545454545454, 0.5909090909090909, 0.6363636363636364, 0.8181818181818182, 0.9090909090909091, 1.0, 0.0, 0.09090909090909091, 0.36363636363636365, 0.45454545454545453, 0.5454545454545454, 0.5909090909090909, 0.6363636363636364, 0.8181818181818182, 0.9090909090909091, 1.0], "phrase_ix": [0, 0, 0, 0, 0, 0, 0, 0, 0, 0, 0, 1, 1, 1, 1, 1, 1, 1, 1, 1, 1], "phrase_end": [false, false, false, false, false, false, false, false, false, false, true, false, false, false, false, false, false, false, false, false, true], "songpos": [0.0, 0.043478260869565216, 0.13043478260869565, 0.17391304347826086, 0.21739130434782608, 0.2608695652173913, 0.2826086956521739, 0.30434782608695654, 0.391304347826087, 0.43478260869565216, 0.4782608695652174, 0.5217391304347826, 0.5652173913043478, 0.6956521739130435, 0.7391304347826086, 0.782608695652174, 0.8043478260869565, 0.8260869565217391, 0.9130434782608695, 0.9565217391304348, 1.0], "beatinsong": ["0", "1/2", "3/2", "2", "5/2", "3", "13/4", "7/2", "9/2", "5", "11/2", "6", "13/2", "8", "17/2", "9", "37/4", "19/2", "21/2", "11", "23/2"], "beatinphrase": ["0", "1/2", "3/2", "2", "5/2", "3", "13/4", "7/2", "9/2", "5", "11/2", "0", "1/2", "2", "5/2", "3", "13/4", "7/2", "9/2", "5", "11/2"], "beatinphrase_end": ["-3", "-5/2", "-3/2", "-1", "-1/2", "0", "1/4", "1/2", "3/2", "2", "5/2", "-3", "-5/2", "-1", "-1/2", "0", "1/4", "1/2", "3/2", "2", "5/2"], "IOI_frac": ["1/2", "1", "1/2", "1/2", "1/2", "1/4", "1/4", "1", "1/2", "1/2", "1/2", "1/2", "3/2", "1/2", "1/2", "1/4", "1/4", "1", "1/2", "1/2", null], "IOI": [0.5, 1.0, 0.5, 0.5, 0.5, 0.25, 0.25, 1.0, 0.5, 0.5, 0.5, 0.5, 1.5, 0.5, 0.5, 0.25, 0.25, 1.0, 0.5, 0.5, null], "IOR_frac": [null, "2", "1/2", "1", "1", "1/2", "1", "4", "1/2", "1", "1", "1", "3", "1/3", "1", "1/2", "1", "4", "1/2", "1", null], "IOR": [null, 2.0, 0.5, 1.0, 1.0, 0.5, 1.0, 4.0, 0.5, 1.0, 1.0, 1.0, 3.0, 0.3333333333333333, 1.0, 0.5, 1.0, 4.0, 0.5, 1.0, null], "imacontour": [null, "+", "-", "-", "+", "-", "-", "+", "-", "-", "+", "-", "+", "-", "-", "-", "-", "+", "-", "+", "-"], "pitch": ["C5", "B4", "D5", "E5", "E5", "D5", "B4", "G4", "D5", "D5", "E5", "C5", "A4", "B4", "C5", "A4", "G#4", "E4", "G#4", "A4", "A4"], "contour3": [null, "-", "+", "+", "=", "-", "-", "-", "+", "=", "+", "-", "-", "+", "+", "-", "-", "-", "+", "+", "="], "contour5": [null, "-", "++", "+", "=", "-", "--", "--", "++", "=", "+", "--", "--", "+", "+", "--", "-", "--", "++", "+", "="], "beatstrength": [1.0, 0.25, 0.25, 0.5, 0.25, 1.0, 0.125, 0.25, 0.25, 0.5, 0.25, 1.0, 0.25, 0.5, 0.25, 1.0, 0.125, 0.25, 0.25, 0.5, 0.25], "beat_str": ["1", "1", "2", "3", "3", "1", "1", "1", "2", "3", "3", "1", "1", "3", "3", "1", "1", "1", "2", "3", "3"], "beat_fraction_str": ["0", "1/2", "1/2", "0", "1/2", "0", "1/4", "1/2", "1/2", "0", "1/2", "0", "1/2", "0", "1/2", "0", "1/4", "1/2", "1/2", "0", "1/2"], "beat": [1.0, 1.5, 2.5, 3.0, 3.5, 1.0, 1.25, 1.5, 2.5, 3.0, 3.5, 1.0, 1.5, 3.0, 3.5, 1.0, 1.25, 1.5, 2.5, 3.0, 3.5], "timesignature": ["3/4", "3/4", "3/4", "3/4", "3/4", "3/4", "3/4", "3/4", "3/4", "3/4", "3/4", "3/4", "3/4", "3/4", "3/4", "3/4", "3/4", "3/4", "3/4", "3/4", "3/4"], "gpr2a_Frankland": [null, null, null, null, null, null, null, null, null, null, null, null, null, null, null, null, null, null, null, null, null], "gpr2b_Frankland": [null, 0.5, null, null, null, null, null, 0.625, null, null, null, null, 0.6666666666666667, null, null, null, null, 0.625, null, null, null], "gpr3a_Frankland": [null, 0.5, null, null, null, null, null, 0.7142857142857143, null, null, 0.375, null, null, null, 0.6666666666666667, null, null, null, null, null, null], "gpr3d_Frankland": [null, null, null, null, 0.5, null, null, null, null, 0.0, null, null, null, null, 0.5, null, null, null, null, null, null], "gpr_Frankland_sum": [0, 1.0, 0, 0, 0.5, 0, 0, 1.3392857142857144, 0, 0, 0.375, 0, 0.6666666666666667, 0, 1.1666666666666667, 0, 0, 0.625, 0, 0, 0], "lbdm_spitch": [null, 0.20235212729159457, 0.18211691456243514, 0.0, 0.18211691456243514, 0.10792113455551712, 0.19370460048426152, 1.0, 0.0, 0.21246973365617433, 0.2046004842615012, 0.10792113455551712, 0.0971290210999654, 0.07554479418886198, 0.28329297820823246, 0.10792113455551712, 0.24282255274991352, 0.24282255274991352, 0.10792113455551712, null, null], "lbdm_sioi": [null, 0.4444444444444444, 0.1111111111111111, 0.0, 0.1111111111111111, 0.05555555555555555, 0.09999999999999999, 0.6222222222222222, 0.1111111111111111, 0.0, 0.0, 0.16666666666666666, 1.0, 0.16666666666666666, 0.1111111111111111, 0.05555555555555555, 0.09999999999999999, 0.6222222222222222, 0.1111111111111111, null, null],