{"id": "KB1827800020", "tunefamily": "", "year": -1, "tunefamily_full": "", "type": "", "freemeter": false, "origin": "", "features": {"scaledegree": [2, 4, 6, 5, 4, 5, 3, 1, 2, 4, 2, 4, 6, 5, 4, 5, 1], "scaledegreespecifier": ["M", "A", "M", "P", "A", "P", "M", "P", "M", "A", "M", "A", "M", "P", "A", "P", "P"], "tonic": ["G", "G", "G", "G", "G", "G", "G", "G", "G", "G", "G", "G", "G", "G", "G", "G", "G"], "mode": ["major", "major", "major", "major", "major", "major", "major", "major", "major", "major", "major", "major", "major", "major", "major", "major", "major"], "metriccontour": [null, "-", "+", "+", "-", "+", "=", "-", "+", "-", "+", "-", "+", "+", "-", "+", "="], "imaweight": [0.381679, 0.0916031, 0.870229, 0.748092, 0.0916031, 0.900763, 0.709924, 0.274809, 1.0, 0.0916031, 0.679389, 0.21374, 0.931298, 0.778626, 0.152672, 0.900763, 0.709924], "imaweight_spectral": [1.0, 0.232258, 0.83871, 0.787097, 0.103226, 0.83871, 0.677419, 0.283871, 0.922581, 0.0774194, 0.625806, 0.258065, 0.83871, 0.787097, 0.180645, 0.83871, 0.677419], "pitch40_hewlett": [152, 164, 175, 169, 164, 169, 158, 146, 152, 164, 152, 164, 175, 169, 164, 169, 146], "pitch40_sapp": [191, 203, 214, 208, 203, 208, 197, 185, 191, 203, 191, 203, 214, 208, 203, 208, 185], "octave": [4, 5, 5, 5, 5, 5, 4, 4, 4, 5, 4, 5, 5, 5, 5, 5, 4], "midipitch": [69, 73, 76, 74, 73, 74, 71, 67, 69, 73, 69, 73, 76, 74, 73, 74, 67], "diatonicpitch": [29, 31, 33, 32, 31, 32, 30, 28, 29, 31, 29, 31, 33, 32, 31, 32, 28], "diatonicinterval": [null, 2, 2, -1, -1, 1, -2, -2, 1, 2, -2, 2, 2, -1, -1, 1, -4], "chromaticinterval": [null, 4, 3, -2, -1, 1, -3, -4, 2, 4, -4, 4, 3, -2, -1, 1, -7], "pitchproximity": [null, null, 3, 2, 1, 1, 3, 4, 2, 4, 4, 4, 3, 2, 1, 1, 7], "pitchreversal": [null, null, 0, 1.5, 0, 1.5, 1.5, 0, 1.5, 0, 1.5, 1.5, 0, 1.5, 0, 1.5, 0], "nextisrest": [false, false, false, false, false, false, false, false, false, false, false, false, false, false, false, false, null], "restduration_frac": [null, null, null, null, null, null, null, null, null, null, null, null, null, null, null, null, null], "duration": [0.75, 0.25, 0.5, 0.375, 0.125, 0.5, 0.25, 0.25, 0.375, 0.125, 0.25, 0.25, 0.5, 0.25, 0.25, 0.5, 0.5], "duration_frac": ["3/4", "1/4", "1/2", "3/8", "1/8", "1/2", "1/4", "1/4", "3/8", "1/8", "1/4", "1/4", "1/2", "1/4", "1/4", "1/2", "1/2"], "duration_fullname": ["Dotted Eighth", "16th", "Eighth", "Dotted 16th", "32nd", "Eighth", "16th", "16th", "Dotted 16th", "32nd", "16th", "16th", "Eighth", "16th", "16th", "Eighth", "Eighth"], "durationcontour": [null, "-", "+", "-", "-", "+", "-", "=", "+", "-", "+", "=", "+", "-", "=", "+", "="], "onsettick": [0, 6, 8, 12, 15, 16, 20, 22, 24, 27, 28, 30, 32, 36, 38, 40, 44], "beatfraction": ["1/2", "1/6", "1/3", "1/4", "1/12", "1/3", "1/6", "1/6", "1/4", "1/12", "1/6", "1/6", "1/3", "1/6", "1/6", "1/3", "1/3"], "phrasepos": [0.0, 0.2727272727272727, 0.36363636363636365, 0.5454545454545454, 0.6818181818181818, 0.7272727272727273, 0.9090909090909091, 1.0, 0.0, 0.15, 0.2, 0.3, 0.4, 0.6, 0.7, 0.8, 1.0], "phrase_ix": [0, 0, 0, 0, 0, 0, 0, 0, 1, 1, 1, 1, 1, 1, 1, 1, 1], "phrase_end": [false, false, false, false, false, false, false, true, false, false, false, false, false, false, false, false, true], "songpos": [0.0, 0.13636363636363635, 0.18181818181818182, 0.2727272727272727, 0.3409090909090909, 0.36363636363636365, 0.45454545454545453, 0.5, 0.5454545454545454, 0.6136363636363636, 0.6363636363636364, 0.6818181818181818, 0.7272727272727273, 0.8181818181818182, 0.8636363636363636, 0.9090909090909091, 1.0], "beatinsong": ["0", "1/2", "2/3", "1", "5/4", "4/3", "5/3", "11/6", "2", "9/4", "7/3", "5/2", "8/3", "3", "19/6", "10/3", "11/3"], "beatinphrase": ["0", "1/2", "2/3", "1", "5/4", "4/3", "5/3", "11/6", "0", "1/4", "1/3", "1/2", "2/3", "1", "7/6", "4/3", "5/3"], "beatinphrase_end": ["-1", "-1/2", "-1/3", "0", "1/4", "1/3", "2/3", "5/6", "-1", "-3/4", "-2/3", "-1/2", "-1/3", "0", "1/6", "1/3", "2/3"], "IOI_frac": ["3/4", "1/4", "1/2", "3/8", "1/8", "1/2", "1/4", "1/4", "3/8", "1/8", "1/4", "1/4", "1/2", "1/4", "1/4", "1/2", null], "IOI": [0.75, 0.25, 0.5, 0.375, 0.125, 0.5, 0.25, 0.25, 0.375, 0.125, 0.25, 0.25, 0.5, 0.25, 0.25, 0.5, null], "IOR_frac": [null, "1/3", "2", "3/4", "1/3", "4", "1/2", "1", "3/2", "1/3", "2", "1", "2", "1/2", "1", "2", null], "IOR": [null, 0.3333333333333333, 2.0, 0.75, 0.3333333333333333, 4.0, 0.5, 1.0, 1.5, 0.3333333333333333, 2.0, 1.0, 2.0, 0.5, 1.0, 2.0, null], "imacontour": [null, "-", "+", "-", "-", "+", "-", "-", "+", "-", "+", "-", "+", "-", "-", "+", "-"], "pitch": ["A4", "C#5", "E5", "D5", "C#5", "D5", "B4", "G4", "A4", "C#5", "A4", "C#5", "E5", "D5", "C#5", "D5", "G4"], "contour3": [null, "+", "+", "-", "-", "+", "-", "-", "+", "+", "-", "+", "+", "-", "-", "+", "-"], "contour5": [null, "++", "++", "-", "-", "+", "--", "--", "+", "++", "--", "++", "++", "-", "-", "+", "--"], "beatstrength": [1.0, 0.25, 0.5, 1.0, 0.125, 0.5, 0.5, 0.25, 1.0, 0.125, 0.5, 0.25, 0.5, 1.0, 0.25, 0.5, 0.5], "beat_str": ["1", "1", "1", "1", "1", "1", "1", "1", "1", "1", "1", "1", "1", "1", "1", "1", "1"], "beat_fraction_str": ["0", "1/2", "2/3", "0", "1/4", "1/3", "2/3", "5/6", "0", "1/4", "1/3", "1/2", "2/3", "0", "1/6", "1/3", "2/3"], "beat": [1.0, 1.5, 1.6666666666666667, 1.0, 1.25, 1.3333333333333333, 1.6666666666666667, 1.8333333333333333, 1.0, 1.25, 1.3333333333333333, 1.5, 1.6666666666666667, 1.0, 1.1666666666666667, 1.3333333333333333, 1.6666666666666667], "timesignature": ["3/8", "3/8", "3/8", "3/8", "3/8", "3/8", "3/8", "3/8", "3/8", "3/8", "3/8", "3/8", "3/8", "3/8", "3/8", "3/8", "3/8"], "gpr2a_Frankland": [null, null, null, null, null, null, null, null, null, null, null, null, null, null, null, null, null], "gpr2b_Frankland": [null, null, 0.375, null, null, 0.625, null, null, 0.5, null, null, null, 0.5, null, null, null, null], "gpr3a_Frankland": [null, null, null, null, null, null, 0.375, null, null, null, null, null, null, null, null, null, null], "gpr3d_Frankland": [null, null, null, null, null, null, null, null, null, null, null, null, null, null, null, null, null], "gpr_Frankland_sum": [0, 0, 0.375, 0, 0, 0.625, 0.375, 0, 0.5, 0, 0, 0, 0.5, 0, 0, 0, 0], "lbdm_spitch": [null, 0.5274725274725275, 0.47472527472527476, 0.13846153846153847, 0.23076923076923075, 0.923076923076923, 1.0, 0.6923076923076923, 0.6923076923076923, 0.0, 0.30769230769230765, 0.5274725274725275, 0.47472527472527476, 0.13846153846153847, 0.41538461538461535, null, null], "lbdm_sioi": [null, 0.4464285714285714, 0.5102040816326531, 0.5165816326530611, 0.29464285714285715, 1.0, 0.17857142857142855, 0.10714285714285715, 0.5624999999999999, 0.2232142857142857, 0.17857142857142855, 0.17857142857142855, 0.7142857142857142, 0.17857142857142855, 0.17857142857142855, null, null], "lbdm_srest": [null, 0.0, 0.0, 0.0, 0.0, 0.0, 0.0, 0.0, 0.0, 0.0, 0.0, 0.0, 0.0, 0.0, 0.0, null, null], "lbdm_rpitch": [null, 0.1111111111111111, 0.14285714285714285, 0.2, 0.0, 0.3333333333333333, 0.1111111111111111, 0.25, 0.25, 0.0, 0.0, 0.1111111111111111, 0.14285714285714285, 0.2, 0.0, 0.6, null], "lbdm_rioi": [null, 0.5, 0.3333333333333333, 0.14285714285714285, 0.5, 0.6, 0.3333333333333333, 0.0, 0.2, 0.5, 0.3333333333333333, 0.0, 0.3333333333333333, 0.3333333333333333, 0.0, 0.3333333333333333, null], "lbdm_rrest": [null, 0.0, 0.0, 0.0, 0.0, 0.0, 0.0, 0.0, 0.0, 0.0, 0.0, 0.0, 0.0, 0.0, 0.0, 0.0, null], "lbdm_boundarystrength": [null, 0.35508241758241754, 0.37378335949764524, 0.29290620094191516, 0.20501373626373626, 0.7307692307692307, 0.3392857142857143, 0.22664835164835165, 0.454326923076923, 0.11160714285714285, 0.16620879120879117, 0.22115384615384615, 0.4758241758241758, 0.12390109890109889, 0.1931318681318681, null, null]}}
