{"id": "KB1816300000", "tunefamily": "", "year": -1, "tunefamily_full": "", "type": "", "freemeter": false, "origin": "", "features": {"scaledegree": [1, 1, 3, 4, 5, 5, 6, 5, 4, 3, 2, 1, 2, 4, 5, 4, 3, 1, 2, 1], "scaledegreespecifier": ["P", "P", "M", "P", "P", "P", "M", "P", "P", "M", "M", "P", "M", "P", "P", "P", "M", "P", "M", "P"], "tonic": ["G", "G", "G", "G", "G", "G", "G", "G", "G", "G", "G", "G", "G", "G", "G", "G", "G", "G", "G", "G"], "mode": ["major", "major", "major", "major", "major", "major", "major", "major", "major", "major", "major", "major", "major", "major", "major", "major", "major", "major", "major", "major"], "metriccontour": [null, "-", "+", "=", "+", "=", "-", "+", "=", "+", "-", "+", "+", "-", "+", "=", "+", "-", "+", "+"], "imaweight": [0.581633, 0.0816327, 0.336735, 0.265306, 0.683673, 0.581633, 0.204082, 0.734694, 0.438776, 0.795918, 0.204082, 0.72449, 0.744898, 0.204082, 0.673469, 0.418367, 1.0, 0.0408163, 0.520408, 0.581633], "imaweight_spectral": [0.723404, 0.170213, 0.64539, 0.539007, 1.0, 0.695035, 0.22695, 0.744681, 0.595745, 0.843972, 0.255319, 0.716312, 0.730496, 0.198582, 0.652482, 0.503546, 0.93617, 0.141844, 0.716312, 0.787234], "pitch40_hewlett": [146, 146, 158, 163, 169, 169, 175, 169, 163, 158, 152, 146, 152, 163, 169, 163, 158, 146, 152, 146], "pitch40_sapp": [185, 185, 197, 202, 208, 208, 214, 208, 202, 197, 191, 185, 191, 202, 208, 202, 197, 185, 191, 185], "octave": [4, 4, 4, 5, 5, 5, 5, 5, 5, 4, 4, 4, 4, 5, 5, 5, 4, 4, 4, 4], "midipitch": [67, 67, 71, 72, 74, 74, 76, 74, 72, 71, 69, 67, 69, 72, 74, 72, 71, 67, 69, 67], "diatonicpitch": [28, 28, 30, 31, 32, 32, 33, 32, 31, 30, 29, 28, 29, 31, 32, 31, 30, 28, 29, 28], "diatonicinterval": [null, 0, 2, 1, 1, 0, 1, -1, -1, -1, -1, -1, 1, 2, 1, -1, -1, -2, 1, -1], "chromaticinterval": [null, 0, 4, 1, 2, 0, 2, -2, -2, -1, -2, -2, 2, 3, 2, -2, -1, -4, 2, -2], "pitchproximity": [null, null, 4, 1, 2, 0, 2, 2, 2, 1, 2, 2, 2, 3, 2, 2, 1, 4, 2, 2], "pitchreversal": [null, null, 0, 0, 0, 0, 0, 1.5, 0, 0, 0, 0, 1.5, 0, 0, 1.5, 0, 0, 1.5, 1.5], "nextisrest": [false, false, false, false, false, false, false, false, false, false, false, false, false, false, false, false, false, false, false, true], "restduration_frac": [null, null, null, null, null, null, null, null, null, null, null, null, null, null, null, null, null, null, null, "1"], "duration": [0.5, 0.5, 1.0, 1.0, 3.0, 0.5, 0.5, 1.0, 1.0, 1.5, 0.5, 1.0, 0.5, 0.5, 1.0, 1.0, 1.5, 0.5, 1.0, 2.0], "duration_frac": ["1/2", "1/2", "1", "1", "3", "1/2", "1/2", "1", "1", "3/2", "1/2", "1", "1/2", "1/2", "1", "1", "3/2", "1/2", "1", "2"], "duration_fullname": ["Eighth", "Eighth", "Quarter", "Quarter", "Dotted Half", "Eighth", "Eighth", "Quarter", "Quarter", "Dotted Quarter", "Eighth", "Quarter", "Eighth", "Eighth", "Quarter", "Quarter", "Dotted Quarter", "Eighth", "Quarter", "Half"], "durationcontour": [null, "=", "+", "=", "+", "-", "=", "+", "=", "+", "-", "+", "-", "=", "+", "=", "+", "-", "+", "+"], "onsettick": [0, 1, 2, 4, 6, 12, 13, 14, 16, 18, 21, 22, 24, 25, 26, 28, 30, 33, 34, 36], "beatfraction": ["1/2", "1/2", "1", "1", "3", "1/2", "1/2", "1", "1", "3/2", "1/2", "1", "1/2", "1/2", "1", "1", "3/2", "1/2", "1", "2"], "phrasepos": [0.0, 0.045454545454545456, 0.09090909090909091, 0.18181818181818182, 0.2727272727272727, 0.5454545454545454, 0.5909090909090909, 0.6363636363636364, 0.7272727272727273, 0.8181818181818182, 0.9545454545454546, 1.0, 0.0, 0.08333333333333333, 0.16666666666666666, 0.3333333333333333, 0.5, 0.75, 0.8333333333333334, 1.0], "phrase_ix": [0, 0, 0, 0, 0, 0, 0, 0, 0, 0, 0, 0, 1, 1, 1, 1, 1, 1, 1, 1], "phrase_end": [false, false, false, false, false, false, false, false, false, false, false, true, false, false, false, false, false, false, false, true], "songpos": [0.0, 0.027777777777777776, 0.05555555555555555, 0.1111111111111111, 0.16666666666666666, 0.3333333333333333, 0.3611111111111111, 0.3888888888888889, 0.4444444444444444, 0.5, 0.5833333333333334, 0.6111111111111112, 0.6666666666666666, 0.6944444444444444, 0.7222222222222222, 0.7777777777777778, 0.8333333333333334, 0.9166666666666666, 0.9444444444444444, 1.0], "beatinsong": ["0", "1/2", "1", "2", "3", "6", "13/2", "7", "8", "9", "21/2", "11", "12", "25/2", "13", "14", "15", "33/2", "17", "18"], "beatinphrase": ["0", "1/2", "1", "2", "3", "6", "13/2", "7", "8", "9", "21/2", "11", "0", "1/2", "1", "2", "3", "9/2", "5", "6"], "beatinphrase_end": ["-9", "-17/2", "-8", "-7", "-6", "-3", "-5/2", "-2", "-1", "0", "3/2", "2", "-6", "-11/2", "-5", "-4", "-3", "-3/2", "-1", "0"], "IOI_frac": ["1/2", "1/2", "1", "1", "3", "1/2", "1/2", "1", "1", "3/2", "1/2", "1", "1/2", "1/2", "1", "1", "3/2", "1/2", "1", "3"], "IOI": [0.5, 0.5, 1.0, 1.0, 3.0, 0.5, 0.5, 1.0, 1.0, 1.5, 0.5, 1.0, 0.5, 0.5, 1.0, 1.0, 1.5, 0.5, 1.0, 3.0], "IOR_frac": [null, "1", "2", "1", "3", "1/6", "1", "2", "1", "3/2", "1/3", "2", "1/2", "1", "2", "1", "3/2", "1/3", "2", "3"], "IOR": [null, 1.0, 2.0, 1.0, 3.0, 0.16666666666666666, 1.0, 2.0, 1.0, 1.5, 0.3333333333333333, 2.0, 0.5, 1.0, 2.0, 1.0, 1.5, 0.3333333333333333, 2.0, 3.0], "imacontour": [null, "-", "+", "-", "+", "-", "-", "+", "-", "+", "-", "+", "+", "-", "+", "-", "+", "-", "+", "+"], "pitch": ["G4", "G4", "B4", "C5", "D5", "D5", "E5", "D5", "C5", "B4", "A4", "G4", "A4", "C5", "D5", "C5", "B4", "G4", "A4", "G4"], "contour3": [null, "=", "+", "+", "+", "=", "+", "-", "-", "-", "-", "-", "+", "+", "+", "-", "-", "-", "+", "-"], "contour5": [null, "=", "++", "+", "+", "=", "+", "-", "-", "-", "-", "-", "+", "++", "+", "-", "-", "--", "+", "-"], "beatstrength": [1.0, 0.25, 0.5, 0.5, 1.0, 1.0, 0.25, 0.5, 0.5, 1.0, 0.25, 0.5, 1.0, 0.25, 0.5, 0.5, 1.0, 0.25, 0.5, 1.0], "beat_str": ["1", "1", "2", "3", "1", "1", "1", "2", "3", "1", "2", "3", "1", "1", "2", "3", "1", "2", "3", "1"], "beat_fraction_str": ["0", "1/2", "0", "0", "0", "0", "1/2", "0", "0", "0", "1/2", "0", "0", "1/2", "0", "0", "0", "1/2", "0", "0"], "beat": [1.0, 1.5, 2.0, 3.0, 1.0, 1.0, 1.5, 2.0, 3.0, 1.0, 2.5, 3.0, 1.0, 1.5, 2.0, 3.0, 1.0, 2.5, 3.0, 1.0], "timesignature": ["3/4", "3/4", "3/4", "3/4", "3/4", "3/4", "3/4", "3/4", "3/4", "3/4", "3/4", "3/4", "3/4", "3/4", "3/4", "3/4", "3/4", "3/4", "3/4", "3/4"], "gpr2a_Frankland": [null, null, null, null, null, null, null, null, null, null, null, null, null, null, null, null, null, null, null, 0.25], "gpr2b_Frankland": [null, null, null, null, 0.75, null, null, null, null, 0.5, null, 0.5, null, null, null, null, 0.5, null, null, null], "gpr3a_Frankland": [null, 0.875, null, 0.75, null, null, null, null, null, null, null, null, 0.33333333333333337, null, null, null, 0.625, null, null, null], "gpr3d_Frankland": [null, 0.5, null, null, null, null, 0.5, null, null, null, null, null, null, 0.5, null, null, null, null, null, null], "gpr_Frankland_sum": [0, 1.375, 0, 0.75, 0.75, 0, 0.5, 0, 0, 0.5, 0, 0.5, 0.33333333333333337, 0.5, 0, 0, 1.125, 0, 0, 0.25], "lbdm_spitch": [null, 1.0, 0.14347826086956522, 0.31956521739130433, 0.0, 0.2282608695652174, 0.0, 0.09130434782608697, 0.09130434782608697, 0.09130434782608697, 0.0, 0.06521739130434782, 0.1956521739130435, 0.06521739130434782, 0.09130434782608697, 0.14347826086956522, 0.6195652173913044, 0.1141304347826087, null, null], "lbdm_sioi": [null, 0.045751633986928095, 0.09150326797385619, 0.1372549019607843, 1.0, 0.09803921568627451, 0.045751633986928095, 0.09150326797385619, 0.054901960784313725, 0.288235294117647, 0.11437908496732024, 0.18300653594771238, 0.045751633986928095, 0.045751633986928095, 0.09150326797385619, 0.054901960784313725, 0.288235294117647, 0.11437908496732024, null, null], "lbdm_srest": [null, 0.0, 0.0, 0.0, 0.0, 0.0, 0.0, 0.0, 0.0, 0.0, 0.0, 0.0, 0.0, 0.0, 0.0, 0.0, 0.0, 0.0, null, null], "lbdm_rpitch": [null, 0.6666666666666666, 0.42857142857142855, 0.2, 0.5, 0.5, 0.0, 0.0, 0.2, 0.2, 0.0, 0.0, 0.14285714285714285, 0.14285714285714285, 0.0, 0.2, 0.42857142857142855, 0.25, 0.0, null],