{"id": "KB18234b0020", "tunefamily": "", "year": -1, "tunefamily_full": "", "type": "", "freemeter": false, "origin": "", "features": {"scaledegree": [1, 2, 3, 5, 4, 5, 7, 2, 1, 1, 7, 5, 1, 2, 3, 5, 4, 5, 7, 2, 1], "scaledegreespecifier": ["P", "M", "M", "P", "A", "P", "M", "M", "P", "P", "M", "P", "P", "M", "M", "P", "A", "P", "M", "M", "P"], "tonic": ["G", "G", "G", "G", "G", "G", "G", "G", "G", "G", "G", "G", "G", "G", "G", "G", "G", "G", "G", "G", "G"], "mode": ["major", "major", "major", "major", "major", "major", "major", "major", "major", "major", "major", "major", "major", "major", "major", "major", "major", "major", "major", "major", "major"], "metriccontour": [null, "-", "+", "+", "-", "+", "+", "-", "+", "-", "+", "-", "+", "-", "+", "+", "-", "+", "+", "-", "+"], "imaweight": [0.632411, 0.0158103, 0.272727, 0.505929, 0.304348, 0.652174, 1.0, 0.648221, 0.841897, 0.604743, 0.964427, 0.541502, 0.964427, 0.0948617, 0.604743, 0.857708, 0.648221, 1.0, 0.620553, 0.272727, 0.458498], "imaweight_spectral": [0.982206, 0.0427046, 0.629893, 0.882562, 0.672598, 0.985765, 1.0, 0.683274, 0.871886, 0.644128, 0.967972, 0.587189, 0.953737, 0.0996441, 0.629893, 0.871886, 0.683274, 1.0, 1.0, 0.686833, 0.882562], "pitch40_hewlett": [146, 152, 158, 169, 164, 129, 141, 152, 146, 146, 141, 129, 146, 152, 158, 169, 164, 129, 141, 152, 146], "pitch40_sapp": [185, 191, 197, 208, 203, 168, 180, 191, 185, 185, 180, 168, 185, 191, 197, 208, 203, 168, 180, 191, 185], "octave": [4, 4, 4, 5, 5, 4, 4, 4, 4, 4, 4, 4, 4, 4, 4, 5, 5, 4, 4, 4, 4], "midipitch": [67, 69, 71, 74, 73, 62, 66, 69, 67, 67, 66, 62, 67, 69, 71, 74, 73, 62, 66, 69, 67], "diatonicpitch": [28, 29, 30, 32, 31, 25, 27, 29, 28, 28, 27, 25, 28, 29, 30, 32, 31, 25, 27, 29, 28], "diatonicinterval": [null, 1, 1, 2, -1, -6, 2, 2, -1, 0, -1, -2, 3, 1, 1, 2, -1, -6, 2, 2, -1], "chromaticinterval": [null, 2, 2, 3, -1, -11, 4, 3, -2, 0, -1, -4, 5, 2, 2, 3, -1, -11, 4, 3, -2], "pitchproximity": [null, null, 2, 3, 1, 11, 4, 3, 2, 0, 1, 4, 5, 2, 2, 3, 1, 11, 4, 3, 2], "pitchreversal": [null, null, 0, 0, 1.5, 0, 1, 0, 1.5, 0, 0, 0, 1.5, 0, 0, 0, 1.5, 0, 1, 0, 1.5], "nextisrest": [false, false, false, false, false, false, false, false, false, false, false, false, false, false, false, false, false, false, false, false, null], "restduration_frac": [null, null, null, null, null, null, null, null, null, null, null, null, null, null, null, null, null, null, null, null, null], "duration": [0.25, 0.25, 0.5, 0.5, 0.5, 1.0, 0.5, 0.5, 0.5, 0.5, 0.5, 0.5, 0.25, 0.25, 0.5, 0.5, 0.5, 1.0, 0.5, 0.5, 2.0], "duration_frac": ["1/4", "1/4", "1/2", "1/2", "1/2", "1", "1/2", "1/2", "1/2", "1/2", "1/2", "1/2", "1/4", "1/4", "1/2", "1/2", "1/2", "1", "1/2", "1/2", "2"], "duration_fullname": ["16th", "16th", "Eighth", "Eighth", "Eighth", "Quarter", "Eighth", "Eighth", "Eighth", "Eighth", "Eighth", "Eighth", "16th", "16th", "Eighth", "Eighth", "Eighth", "Quarter", "Eighth", "Eighth", "Half"], "durationcontour": [null, "=", "+", "=", "=", "+", "-", "=", "=", "=", "=", "=", "-", "=", "+", "=", "=", "+", "-", "=", "+"], "onsettick": [0, 1, 2, 4, 6, 8, 12, 14, 16, 18, 20, 22, 24, 25, 26, 28, 30, 32, 36, 38, 40], "beatfraction": ["1/4", "1/4", "1/2", "1/2", "1/2", "1", "1/2", "1/2", "1/2", "1/2", "1/2", "1/2", "1/4", "1/4", "1/2", "1/2", "1/2", "1", "1/2", "1/2", "2"], "phrasepos": [0.0, 0.025, 0.05, 0.1, 0.15, 0.2, 0.3, 0.35, 0.4, 0.45, 0.5, 0.55, 0.6, 0.625, 0.65, 0.7, 0.75, 0.8, 0.9, 0.95, 1.0], "phrase_ix": [0, 0, 0, 0, 0, 0, 0, 0, 0, 0, 0, 0, 0, 0, 0, 0, 0, 0, 0, 0, 0], "phrase_end": [false, false, false, false, false, false, false, false, false, false, false, false, false, false, false, false, false, false, false, false, true], "songpos": [0.0, 0.025, 0.05, 0.1, 0.15, 0.2, 0.3, 0.35, 0.4, 0.45, 0.5, 0.55, 0.6, 0.625, 0.65, 0.7, 0.75, 0.8, 0.9, 0.95, 1.0], "beatinsong": ["0", "1/4", "1/2", "1", "3/2", "2", "3", "7/2", "4", "9/2", "5", "11/2", "6", "25/4", "13/2", "7", "15/2", "8", "9", "19/2", "10"], "beatinphrase": ["0", "1/4", "1/2", "1", "3/2", "2", "3", "7/2", "4", "9/2", "5", "11/2", "6", "25/4", "13/2", "7", "15/2", "8", "9", "19/2", "10"], "beatinphrase_end": ["-9", "-35/4", "-17/2", "-8", "-15/2", "-7", "-6", "-11/2", "-5", "-9/2", "-4", "-7/2", "-3", "-11/4", "-5/2", "-2", "-3/2", "-1", "0", "1/2", "1"], "IOI_frac": ["1/4", "1/4", "1/2", "1/2", "1/2", "1", "1/2", "1/2", "1/2", "1/2", "1/2", "1/2", "1/4", "1/4", "1/2", "1/2", "1/2", "1", "1/2", "1/2", null], "IOI": [0.25, 0.25, 0.5, 0.5, 0.5, 1.0, 0.5, 0.5, 0.5, 0.5, 0.5, 0.5, 0.25, 0.25, 0.5, 0.5, 0.5, 1.0, 0.5, 0.5, null], "IOR_frac": [null, "1", "2", "1", "1", "2", "1/2", "1", "1", "1", "1", "1", "1/2", "1", "2", "1", "1", "2", "1/2", "1", null], "IOR": [null, 1.0, 2.0, 1.0, 1.0, 2.0, 0.5, 1.0, 1.0, 1.0, 1.0, 1.0, 0.5, 1.0, 2.0, 1.0, 1.0, 2.0, 0.5, 1.0, null], "imacontour": [null, "-", "+", "+", "-", "+", "+", "-", "+", "-", "+", "-", "+", "-", "+", "+", "-", "+", "-", "-", "+"], "pitch": ["G4", "A4", "B4", "D5", "C#5", "D4", "F#4", "A4", "G4", "G4", "F#4", "D4", "G4", "A4", "B4", "D5", "C#5", "D4", "F#4", "A4", "G4"], "contour3": [null, "+", "+", "+", "-", "-", "+", "+", "-", "=", "-", "-", "+", "+", "+", "+", "-", "-", "+", "+", "-"], "contour5": [null, "+", "+", "++", "-", "--", "++", "++", "-", "=", "-", "--", "++", "+", "+", "++", "-", "--", "++", "++", "-"], "beatstrength": [1.0, 0.125, 0.25, 0.5, 0.25, 0.5, 1.0, 0.25, 0.5, 0.25, 0.5, 0.25, 1.0, 0.125, 0.25, 0.5, 0.25, 0.5, 1.0, 0.25, 0.5], "beat_str": ["1", "1", "1", "2", "2", "3", "1", "1", "2", "2", "3", "3", "1", "1", "1", "2", "2", "3", "1", "1", "2"], "beat_fraction_str": ["0", "1/4", "1/2", "0", "1/2", "0", "0", "1/2", "0", "1/2", "0", "1/2", "0", "1/4", "1/2", "0", "1/2", "0", "0", "1/2", "0"], "beat": [1.0, 1.25, 1.5, 2.0, 2.5, 3.0, 1.0, 1.5, 2.0, 2.5, 3.0, 3.5, 1.0, 1.25, 1.5, 2.0, 2.5, 3.0, 1.0, 1.5, 2.0], "timesignature": ["3/4", "3/4", "3/4", "3/4", "3/4", "3/4", "3/4", "3/4", "3/4", "3/4", "3/4", "3/4", "3/4", "3/4", "3/4", "3/4", "3/4", "3/4", "3/4", "3/4", "3/4"], "gpr2a_Frankland": [null, null, null, null, null, null, null, null, null, null, null, null, null, null, null, null, null, null, null, null, null], "gpr2b_Frankland": [null, null, null, null, null, 0.5, null, null, null, null, null, null, null, null, null, null, null, 0.5, null, null, null], "gpr3a_Frankland": [null, null, 0.5, null, 0.7727272727272727, null, null, null, null, null, null, 0.4, null, null, 0.5, null, 0.7727272727272727, null, null, null, null], "gpr3d_Frankland": [null, 0.5, null, null, null, null, null, 0.0, 0.0, 0.0, null, 0.5, null, 0.5, null, null, null, null, null, null, null], "gpr_Frankland_sum": [0, 0.5, 0.5, 0, 0.7727272727272727, 0.5, 0, 0, 0, 0, 0, 0.9, 0, 0.5, 0.5, 0, 0.7727272727272727, 0.5, 0, 0, 0], "lbdm_spitch": [null, 0.023066485753052916, 0.11533242876526456, 0.0845771144278607, 1.0, 0.16885270616613898, 0.06151062867480778, 0.10379918588873811, 0.0, 0.06151062867480778, 0.167756260022203, 0.1712511821059989, 0.053821800090456805, 0.023066485753052916, 0.11533242876526456, 0.0845771144278607, 1.0, 0.16885270616613898, 0.06151062867480778, null, null], "lbdm_sioi": [null, 0.125, 0.25, 0.0, 0.25, 1.0, 0.25, 0.0, 0.0, 0.0, 0.0, 0.25, 0.125, 0.125, 0.25, 0.0, 0.25, 1.0, 0.25, null, null], "lbdm_srest": [null, 0.0, 0.0, 0.0, 0.0, 0.0, 0.0, 0.0, 0.0, 0.0, 0.0, 0.0, 0.0, 0.0, 0.0, 0.0, 0.0, 0.0, 0.0, null, null], "lbdm_rpitch": [null, 0.0, 0.14285714285714285, 0.3333333333333333, 0.7142857142857143, 0.4117647058823529, 0.1111111111111111, 0.14285714285714285, 0.5, 0.3333333333333333, 0.42857142857142855, 0.09090909090909091, 0.3333333333333333, 0.0, 0.14285714285714285, 0.3333333333333333, 0.7142857142857143, 0.4117647058823529, 0.1111111111111111, 0.14285714285714285, null], "lbdm_rioi": [null, 0.0, 0.3333333333333333, 0.0, 0.0, 0.3333333333333333, 0.3333333333333333, 0.0, 0.0, 0.0, 0.0, 0.0, 0.3333333333333333, 0.0, 0.3333333333333333, 0.0, 0.0, 0.3333333333333333, 0.3333333333333333, 0.0, null],