{"id": "KB1836800010", "tunefamily": "", "year": -1, "tunefamily_full": "", "type": "", "freemeter": false, "origin": "", "features": {"scaledegree": [5, 2, 3, 1, 2, 7, 1, 5, 2, 3, 1, 2, 7, 1, 7], "scaledegreespecifier": ["P", "M", "m", "P", "M", "M", "P", "P", "M", "m", "P", "M", "M", "P", "M"], "tonic": ["A", "A", "A", "A", "A", "A", "A", "A", "A", "A", "A", "A", "A", "A", "A"], "mode": ["minor", "minor", "minor", "minor", "minor", "minor", "minor", "minor", "minor", "minor", "minor", "minor", "minor", "minor", "minor"], "metriccontour": [null, "-", "+", "-", "+", "-", "+", "+", "-", "+", "-", "+", "-", "+", "="], "imaweight": [0.603175, 0.460317, 0.793651, 0.460317, 0.603175, 0.539683, 0.857143, 0.809524, 0.52381, 1.0, 0.539683, 0.746032, 0.52381, 0.936508, 0.412698], "imaweight_spectral": [0.885965, 0.508772, 0.77193, 0.473684, 0.666667, 0.552632, 0.77193, 1.0, 0.54386, 0.77193, 0.517544, 0.666667, 0.508772, 0.736842, 0.666667], "pitch40_hewlett": [175, 158, 163, 152, 158, 147, 152, 175, 158, 163, 152, 158, 147, 152, 147], "pitch40_sapp": [214, 197, 202, 191, 197, 186, 191, 214, 197, 202, 191, 197, 186, 191, 186], "octave": [5, 4, 5, 4, 4, 4, 4, 5, 4, 5, 4, 4, 4, 4, 4], "midipitch": [76, 71, 72, 69, 71, 68, 69, 76, 71, 72, 69, 71, 68, 69, 68], "diatonicpitch": [32, 29, 30, 28, 29, 27, 28, 32, 29, 30, 28, 29, 27, 28, 27], "diatonicinterval": [null, -3, 1, -2, 1, -2, 1, 4, -3, 1, -2, 1, -2, 1, -1], "chromaticinterval": [null, -5, 1, -3, 2, -3, 1, 7, -5, 1, -3, 2, -3, 1, -1], "pitchproximity": [null, null, 1, 3, 2, 3, 1, 7, 5, 1, 3, 2, 3, 1, 1], "pitchreversal": [null, null, 0, 1.5, 1.5, 1.5, 1.5, 0, 2.5, 0, 1.5, 1.5, 1.5, 1.5, 1.5], "nextisrest": [false, false, false, false, false, false, false, false, false, false, false, false, false, false, null], "restduration_frac": [null, null, null, null, null, null, null, null, null, null, null, null, null, null, null], "duration": [0.75, 0.25, 0.25, 0.25, 0.25, 0.25, 1.0, 0.75, 0.25, 0.25, 0.25, 0.25, 0.25, 0.5, 0.5], "duration_frac": ["3/4", "1/4", "1/4", "1/4", "1/4", "1/4", "1", "3/4", "1/4", "1/4", "1/4", "1/4", "1/4", "1/2", "1/2"], "duration_fullname": ["Dotted Eighth", "16th", "16th", "16th", "16th", "16th", "Quarter", "Dotted Eighth", "16th", "16th", "16th", "16th", "16th", "Eighth", "Eighth"], "durationcontour": [null, "-", "=", "=", "=", "=", "+", "-", "-", "=", "=", "=", "=", "+", "="], "onsettick": [0, 3, 4, 5, 6, 7, 8, 12, 15, 16, 17, 18, 19, 20, 22], "beatfraction": ["1/2", "1/6", "1/6", "1/6", "1/6", "1/6", "2/3", "1/2", "1/6", "1/6", "1/6", "1/6", "1/6", "1/3", "1/3"], "phrasepos": [0.0, 0.13636363636363635, 0.18181818181818182, 0.22727272727272727, 0.2727272727272727, 0.3181818181818182, 0.36363636363636365, 0.5454545454545454, 0.6818181818181818, 0.7272727272727273, 0.7727272727272727, 0.8181818181818182, 0.8636363636363636, 0.9090909090909091, 1.0], "phrase_ix": [0, 0, 0, 0, 0, 0, 0, 0, 0, 0, 0, 0, 0, 0, 0], "phrase_end": [false, false, false, false, false, false, false, false, false, false, false, false, false, false, true], "songpos": [0.0, 0.13636363636363635, 0.18181818181818182, 0.22727272727272727, 0.2727272727272727, 0.3181818181818182, 0.36363636363636365, 0.5454545454545454, 0.6818181818181818, 0.7272727272727273, 0.7727272727272727, 0.8181818181818182, 0.8636363636363636, 0.9090909090909091, 1.0], "beatinsong": ["0", "1/2", "2/3", "5/6", "1", "7/6", "4/3", "2", "5/2", "8/3", "17/6", "3", "19/6", "10/3", "11/3"], "beatinphrase": ["0", "1/2", "2/3", "5/6", "1", "7/6", "4/3", "2", "5/2", "8/3", "17/6", "3", "19/6", "10/3", "11/3"], "beatinphrase_end": ["-3", "-5/2", "-7/3", "-13/6", "-2", "-11/6", "-5/3", "-1", "-1/2", "-1/3", "-1/6", "0", "1/6", "1/3", "2/3"], "IOI_frac": ["3/4", "1/4", "1/4", "1/4", "1/4", "1/4", "1", "3/4", "1/4", "1/4", "1/4", "1/4", "1/4", "1/2", null], "IOI": [0.75, 0.25, 0.25, 0.25, 0.25, 0.25, 1.0, 0.75, 0.25, 0.25, 0.25, 0.25, 0.25, 0.5, null], "IOR_frac": [null, "1/3", "1", "1", "1", "1", "4", "3/4", "1/3", "1", "1", "1", "1", "2", null], "IOR": [null, 0.3333333333333333, 1.0, 1.0, 1.0, 1.0, 4.0, 0.75, 0.3333333333333333, 1.0, 1.0, 1.0, 1.0, 2.0, null], "imacontour": [null, "-", "+", "-", "+", "-", "+", "-", "-", "+", "-", "+", "-", "+", "-"], "pitch": ["E5", "B4", "C5", "A4", "B4", "G#4", "A4", "E5", "B4", "C5", "A4", "B4", "G#4", "A4", "G#4"], "contour3": [null, "-", "+", "-", "+", "-", "+", "+", "-", "+", "-", "+", "-", "+", "-"], "contour5": [null, "--", "+", "--", "+", "--", "+", "++", "--", "+", "--", "+", "--", "+", "-"], "beatstrength": [1.0, 0.25, 0.5, 0.25, 1.0, 0.25, 0.5, 1.0, 0.25, 0.5, 0.25, 1.0, 0.25, 0.5, 0.5], "beat_str": ["1", "1", "1", "1", "1", "1", "1", "1", "1", "1", "1", "1", "1", "1", "1"], "beat_fraction_str": ["0", "1/2", "2/3", "5/6", "0", "1/6", "1/3", "0", "1/2", "2/3", "5/6", "0", "1/6", "1/3", "2/3"], "beat": [1.0, 1.5, 1.6666666666666667, 1.8333333333333333, 1.0, 1.1666666666666667, 1.3333333333333333, 1.0, 1.5, 1.6666666666666667, 1.8333333333333333, 1.0, 1.1666666666666667, 1.3333333333333333, 1.6666666666666667], "timesignature": ["3/8", "3/8", "3/8", "3/8", "3/8", "3/8", "3/8", "3/8", "3/8", "3/8", "3/8", "3/8", "3/8", "3/8", "3/8"], "gpr2a_Frankland": [null, null, null, null, null, null, null, null, null, null, null, null, null, null, null], "gpr2b_Frankland": [null, null, null, null, null, null, 0.5, null, null, null, null, null, null, null, null], "gpr3a_Frankland": [null, null, 0.5, null, 0.5, null, 0.5714285714285714, null, null, 0.5, null, 0.5, null, null, null], "gpr3d_Frankland": [null, null, 0.0, 0.0, null, null, null, null, null, 0.0, 0.0, null, null, null, null], "gpr_Frankland_sum": [0, 0, 0.5, 0, 0.5, 0, 1.0714285714285714, 0, 0, 0.5, 0, 0.5, 0, 0, 0], "lbdm_spitch": [null, 0.16025641025641024, 0.2747252747252747, 0.10989010989010987, 0.2747252747252747, 0.1794871794871795, 1.0, 0.618131868131868, 0.16025641025641024, 0.2747252747252747, 0.10989010989010987, 0.2747252747252747, 0.0641025641025641, null, null], "lbdm_sioi": [null, 0.16826923076923075, 0.0, 0.0, 0.0, 0.2019230769230769, 1.0, 0.6490384615384615, 0.16826923076923075, 0.0, 0.0, 0.0, 0.11217948717948717, null, null], "lbdm_srest": [null, 0.0, 0.0, 0.0, 0.0, 0.0, 0.0, 0.0, 0.0, 0.0, 0.0, 0.0, 0.0, null, null], "lbdm_rpitch": [null, 0.5, 0.3333333333333333, 0.14285714285714285, 0.14285714285714285, 0.3333333333333333, 0.6, 0.14285714285714285, 0.5, 0.3333333333333333, 0.14285714285714285, 0.14285714285714285, 0.3333333333333333, 0.0, null], "lbdm_rioi": [null, 0.5, 0.0, 0.0, 0.0, 0.0, 0.6, 0.14285714285714285, 0.5, 0.0, 0.0, 0.0, 0.0, 0.3333333333333333, null], "lbdm_rrest": [null, 0.0, 0.0, 0.0, 0.0, 0.0, 0.0, 0.0, 0.0, 0.0, 0.0, 0.0, 0.0, 0.0, null], "lbdm_boundarystrength": [null, 0.12419871794871794, 0.06868131868131867, 0.02747252747252747, 0.06868131868131867, 0.14583333333333331, 0.75, 0.47905219780219777, 0.12419871794871794, 0.06868131868131867, 0.02747252747252747, 0.06868131868131867, 0.07211538461538461, null, null]}}
