{"id": "KB1828100000", "tunefamily": "", "year": -1, "tunefamily_full": "", "type": "", "freemeter": false, "origin": "", "features": {"scaledegree": [5, 7, 1, 1, 7, 1, 2, 5, 7, 2, 2, 1, 2, 3, 4, 2, 7, 7, 1, 2, 1], "scaledegreespecifier": ["P", "M", "P", "P", "M", "P", "M", "P", "M", "M", "M", "P", "M", "M", "P", "M", "M", "M", "P", "M", "P"], "tonic": ["G", "G", "G", "G", "G", "G", "G", "G", "G", "G", "G", "G", "G", "G", "G", "G", "G", "G", "G", "G", "G"], "mode": ["major", "major", "major", "major", "major", "major", "major", "major", "major", "major", "major", "major", "major", "major", "major", "major", "major", "major", "major", "major", "major"], "metriccontour": [null, "-", "+", "=", "+", "-", "+", "+", "-", "+", "=", "+", "-", "+", "+", "-", "+", "=", "+", "-", "+"], "imaweight": [1.0, 0.305785, 0.471074, 0.760331, 0.471074, 0.371901, 1.0, 0.966942, 0.404959, 0.504132, 0.826446, 0.504132, 0.404959, 0.966942, 1.0, 0.371901, 0.471074, 0.760331, 0.471074, 0.305785, 1.0], "imaweight_spectral": [1.0, 0.367232, 0.615819, 0.926554, 0.615819, 0.412429, 0.977401, 0.954802, 0.435028, 0.638418, 0.926554, 0.638418, 0.435028, 0.954802, 0.977401, 0.412429, 0.615819, 0.926554, 0.615819, 0.367232, 1.0], "pitch40_hewlett": [129, 141, 146, 146, 141, 146, 152, 129, 141, 152, 152, 146, 152, 158, 163, 152, 141, 141, 146, 152, 146], "pitch40_sapp": [168, 180, 185, 185, 180, 185, 191, 168, 180, 191, 191, 185, 191, 197, 202, 191, 180, 180, 185, 191, 185], "octave": [4, 4, 4, 4, 4, 4, 4, 4, 4, 4, 4, 4, 4, 4, 5, 4, 4, 4, 4, 4, 4], "midipitch": [62, 66, 67, 67, 66, 67, 69, 62, 66, 69, 69, 67, 69, 71, 72, 69, 66, 66, 67, 69, 67], "diatonicpitch": [25, 27, 28, 28, 27, 28, 29, 25, 27, 29, 29, 28, 29, 30, 31, 29, 27, 27, 28, 29, 28], "diatonicinterval": [null, 2, 1, 0, -1, 1, 1, -4, 2, 2, 0, -1, 1, 1, 1, -2, -2, 0, 1, 1, -1], "chromaticinterval": [null, 4, 1, 0, -1, 1, 2, -7, 4, 3, 0, -2, 2, 2, 1, -3, -3, 0, 1, 2, -2], "pitchproximity": [null, null, 1, 0, 1, 1, 2, 7, 4, 3, 0, 2, 2, 2, 1, 3, 3, 0, 1, 2, 2], "pitchreversal": [null, null, 0, 0, 0, 1.5, 0, 0, 1, 0, 0, 0, 1.5, 0, 0, 1.5, 0, 0, 0, 0, 1.5], "nextisrest": [false, false, false, false, false, false, false, false, false, false, false, false, false, false, false, false, false, false, false, false, null], "restduration_frac": [null, null, null, null, null, null, null, null, null, null, null, null, null, null, null, null, null, null, null, null, null], "duration": [0.25, 0.25, 0.5, 0.5, 0.25, 0.25, 1.0, 0.25, 0.25, 0.5, 0.5, 0.25, 0.25, 1.0, 0.25, 0.25, 0.5, 0.5, 0.25, 0.25, 1.0], "duration_frac": ["1/4", "1/4", "1/2", "1/2", "1/4", "1/4", "1", "1/4", "1/4", "1/2", "1/2", "1/4", "1/4", "1", "1/4", "1/4", "1/2", "1/2", "1/4", "1/4", "1"], "duration_fullname": ["16th", "16th", "Eighth", "Eighth", "16th", "16th", "Quarter", "16th", "16th", "Eighth", "Eighth", "16th", "16th", "Quarter", "16th", "16th", "Eighth", "Eighth", "16th", "16th", "Quarter"], "durationcontour": [null, "=", "+", "=", "-", "=", "+", "-", "=", "+", "=", "-", "=", "+", "-", "=", "+", "=", "-", "=", "+"], "onsettick": [0, 1, 2, 4, 6, 7, 8, 12, 13, 14, 16, 18, 19, 20, 24, 25, 26, 28, 30, 31, 32], "beatfraction": ["1/6", "1/6", "1/3", "1/3", "1/6", "1/6", "2/3", "1/6", "1/6", "1/3", "1/3", "1/6", "1/6", "2/3", "1/6", "1/6", "1/3", "1/3", "1/6", "1/6", "2/3"], "phrasepos": [0.0, 0.05, 0.1, 0.2, 0.3, 0.35, 0.4, 0.6, 0.65, 0.7, 0.8, 0.9, 0.95, 1.0, 0.0, 0.125, 0.25, 0.5, 0.75, 0.875, 1.0], "phrase_ix": [0, 0, 0, 0, 0, 0, 0, 0, 0, 0, 0, 0, 0, 0, 1, 1, 1, 1, 1, 1, 1], "phrase_end": [false, false, false, false, false, false, false, false, false, false, false, false, false, true, false, false, false, false, false, false, true], "songpos": [0.0, 0.03125, 0.0625, 0.125, 0.1875, 0.21875, 0.25, 0.375, 0.40625, 0.4375, 0.5, 0.5625, 0.59375, 0.625, 0.75, 0.78125, 0.8125, 0.875, 0.9375, 0.96875, 1.0], "beatinsong": ["0", "1/6", "1/3", "2/3", "1", "7/6", "4/3", "2", "13/6", "7/3", "8/3", "3", "19/6", "10/3", "4", "25/6", "13/3", "14/3", "5", "31/6", "16/3"], "beatinphrase": ["0", "1/6", "1/3", "2/3", "1", "7/6", "4/3", "2", "13/6", "7/3", "8/3", "3", "19/6", "10/3", "0", "1/6", "1/3", "2/3", "1", "7/6", "4/3"], "beatinphrase_end": ["-3", "-17/6", "-8/3", "-7/3", "-2", "-11/6", "-5/3", "-1", "-5/6", "-2/3", "-1/3", "0", "1/6", "1/3", "-1", "-5/6", "-2/3", "-1/3", "0", "1/6", "1/3"], "IOI_frac": ["1/4", "1/4", "1/2", "1/2", "1/4", "1/4", "1", "1/4", "1/4", "1/2", "1/2", "1/4", "1/4", "1", "1/4", "1/4", "1/2", "1/2", "1/4", "1/4", null], "IOI": [0.25, 0.25, 0.5, 0.5, 0.25, 0.25, 1.0, 0.25, 0.25, 0.5, 0.5, 0.25, 0.25, 1.0, 0.25, 0.25, 0.5, 0.5, 0.25, 0.25, null], "IOR_frac": [null, "1", "2", "1", "1/2", "1", "4", "1/4", "1", "2", "1", "1/2", "1", "4", "1/4", "1", "2", "1", "1/2", "1", null], "IOR": [null, 1.0, 2.0, 1.0, 0.5, 1.0, 4.0, 0.25, 1.0, 2.0, 1.0, 0.5, 1.0, 4.0, 0.25, 1.0, 2.0, 1.0, 0.5, 1.0, null], "imacontour": [null, "-", "+", "+", "-", "-", "+", "-", "-", "+", "+", "-", "-", "+", "+", "-", "+", "+", "-", "-", "+"], "pitch": ["D4", "F#4", "G4", "G4", "F#4", "G4", "A4", "D4", "F#4", "A4", "A4", "G4", "A4", "B4", "C5", "A4", "F#4", "F#4", "G4", "A4", "G4"], "contour3": [null, "+", "+", "=", "-", "+", "+", "-", "+", "+", "=", "-", "+", "+", "+", "-", "-", "=", "+", "+", "-"], "contour5": [null, "++", "+", "=", "-", "+", "+", "--", "++", "++", "=", "-", "+", "+", "+", "--", "--", "=", "+", "+", "-"], "beatstrength": [1.0, 0.25, 0.5, 0.5, 1.0, 0.25, 0.5, 1.0, 0.25, 0.5, 0.5, 1.0, 0.25, 0.5, 1.0, 0.25, 0.5, 0.5, 1.0, 0.25, 0.5], "beat_str": ["1", "1", "1", "1", "1", "1", "1", "1", "1", "1", "1", "1", "1", "1", "1", "1", "1", "1", "1", "1", "1"], "beat_fraction_str": ["0", "1/6", "1/3", "2/3", "0", "1/6", "1/3", "0", "1/6", "1/3", "2/3", "0", "1/6", "1/3", "0", "1/6", "1/3", "2/3", "0", "1/6", "1/3"], "beat": [1.0, 1.1666666666666667, 1.3333333333333333, 1.6666666666666667, 1.0, 1.1666666666666667, 1.3333333333333333, 1.0, 1.1666666666666667, 1.3333333333333333, 1.6666666666666667, 1.0, 1.1666666666666667, 1.3333333333333333, 1.0, 1.1666666666666667, 1.3333333333333333, 1.6666666666666667, 1.0, 1.1666666666666667, 1.3333333333333333], "timesignature": ["3/8", "3/8", "3/8", "3/8", "3/8", "3/8", "3/8", "3/8", "3/8", "3/8", "3/8", "3/8", "3/8", "3/8", "3/8", "3/8", "3/8", "3/8", "3/8", "3/8", "3/8"], "gpr2a_Frankland": [null, null, null, null, null, null, null, null, null, null, null, null, null, null, null, null, null, null, null, null, null], "gpr2b_Frankland": [null, null, null, null, null, null, 0.75, null, null, null, null, null, null, 0.75, null, null, null, null, null, null, null], "gpr3a_Frankland": [null, null, null, null, null, null, 0.5714285714285714, null, null, null, null, null, null, null, null, null, null, null, null, null, null], "gpr3d_Frankland": [null, 0.5, null, 0.5, null, null, null, null, 0.5, null, 0.5, null, null, null, null, 0.5, null, 0.5, null, null, null], "gpr_Frankland_sum": [0, 0.5, 0, 0.5, 0, 0, 1.3214285714285714, 0, 0.5, 0, 0.5, 0, 0, 0.75, 0, 0.5, 0, 0.5, 0, 0, 0], "lbdm_spitch": [null, 0.1588227127585728, 0.0, 0.0694849368318756, 0.041690962099125366, 0.27288629737609327, 1.0, 0.2850664075153871, 0.44470359572400375, 0.0, 0.2084548104956268, 0.0, 0.08338192419825073, 0.11117589893100097, 0.2084548104956268, 0.37521865889212824, 0.0, 0.11117589893100097, 0.08338192419825073, null, null], "lbdm_sioi": [null, 0.06944444444444445, 0.1388888888888889, 0.1388888888888889, 0.06944444444444445, 0.125, 1.0, 0.125, 0.06944444444444445, 0.1388888888888889, 0.1388888888888889, 0.06944444444444445, 0.125, 1.0, 0.125, 0.06944444444444445, 0.1388888888888889, 0.1388888888888889, 0.06944444444444445, null, null], "lbdm_srest": [null, 0.0, 0.0, 0.0, 0.0, 0.0, 0.0, 0.0, 0.0, 0.0, 0.0, 0.0, 0.0, 0.0, 0.0, 0.0, 0.0, 0.0, 0.0, null, null],