{"id": "KB1815400000", "tunefamily": "", "year": -1, "tunefamily_full": "", "type": "", "freemeter": false, "origin": "", "features": {"scaledegree": [1, 1, 3, 4, 5, 6, 5, 3, 3, 4, 5, 4, 3, 2, 2, 1], "scaledegreespecifier": ["P", "P", "M", "P", "P", "M", "P", "M", "M", "P", "P", "P", "M", "M", "M", "P"], "tonic": ["G", "G", "G", "G", "G", "G", "G", "G", "G", "G", "G", "G", "G", "G", "G", "G"], "mode": ["major", "major", "major", "major", "major", "major", "major", "major", "major", "major", "major", "major", "major", "major", "major", "major"], "metriccontour": [null, "-", "+", "=", "+", "-", "+", "-", "+", "-", "+", "=", "+", "-", "+", "-"], "imaweight": [0.708333, 0.180556, 0.652778, 0.361111, 1.0, 0.652778, 0.652778, 0.694444, 0.930556, 0.291667, 0.555556, 0.722222, 0.708333, 0.486111, 0.652778, 0.416667], "imaweight_spectral": [0.794118, 0.166667, 0.666667, 0.627451, 0.95098, 0.754902, 0.843137, 0.784314, 0.862745, 0.245098, 0.598039, 0.754902, 0.745098, 0.637255, 1.0, 0.588235], "pitch40_hewlett": [146, 146, 158, 163, 169, 175, 169, 158, 158, 163, 169, 163, 158, 152, 152, 146], "pitch40_sapp": [185, 185, 197, 202, 208, 214, 208, 197, 197, 202, 208, 202, 197, 191, 191, 185], "octave": [4, 4, 4, 5, 5, 5, 5, 4, 4, 5, 5, 5, 4, 4, 4, 4], "midipitch": [67, 67, 71, 72, 74, 76, 74, 71, 71, 72, 74, 72, 71, 69, 69, 67], "diatonicpitch": [28, 28, 30, 31, 32, 33, 32, 30, 30, 31, 32, 31, 30, 29, 29, 28], "diatonicinterval": [null, 0, 2, 1, 1, 1, -1, -2, 0, 1, 1, -1, -1, -1, 0, -1], "chromaticinterval": [null, 0, 4, 1, 2, 2, -2, -3, 0, 1, 2, -2, -1, -2, 0, -2], "pitchproximity": [null, null, 4, 1, 2, 2, 2, 3, 0, 1, 2, 2, 1, 2, 0, 2], "pitchreversal": [null, null, 0, 0, 0, 0, 1.5, 0, 0, 0, 0, 1.5, 0, 0, 0, 0], "nextisrest": [false, false, false, false, false, false, false, false, false, false, false, false, false, false, false, null], "restduration_frac": [null, null, null, null, null, null, null, null, null, null, null, null, null, null, null, null], "duration": [0.25, 0.25, 0.5, 0.5, 1.0, 0.5, 0.5, 1.0, 0.25, 0.25, 0.5, 0.5, 1.0, 0.5, 0.5, 1.0], "duration_frac": ["1/4", "1/4", "1/2", "1/2", "1", "1/2", "1/2", "1", "1/4", "1/4", "1/2", "1/2", "1", "1/2", "1/2", "1"], "duration_fullname": ["16th", "16th", "Eighth", "Eighth", "Quarter", "Eighth", "Eighth", "Quarter", "16th", "16th", "Eighth", "Eighth", "Quarter", "Eighth", "Eighth", "Quarter"], "durationcontour": [null, "=", "+", "=", "+", "-", "=", "+", "-", "=", "+", "=", "+", "-", "=", "+"], "onsettick": [0, 1, 2, 4, 6, 10, 12, 14, 18, 19, 20, 22, 24, 28, 30, 32], "beatfraction": ["1/6", "1/6", "1/3", "1/3", "2/3", "1/3", "1/3", "2/3", "1/6", "1/6", "1/3", "1/3", "2/3", "1/3", "1/3", "2/3"], "phrasepos": [0.0, 0.07142857142857142, 0.14285714285714285, 0.2857142857142857, 0.42857142857142855, 0.7142857142857143, 0.8571428571428571, 1.0, 0.0, 0.07142857142857142, 0.14285714285714285, 0.2857142857142857, 0.42857142857142855, 0.7142857142857143, 0.8571428571428571, 1.0], "phrase_ix": [0, 0, 0, 0, 0, 0, 0, 0, 1, 1, 1, 1, 1, 1, 1, 1], "phrase_end": [false, false, false, false, false, false, false, true, false, false, false, false, false, false, false, true], "songpos": [0.0, 0.03125, 0.0625, 0.125, 0.1875, 0.3125, 0.375, 0.4375, 0.5625, 0.59375, 0.625, 0.6875, 0.75, 0.875, 0.9375, 1.0], "beatinsong": ["0", "1/6", "1/3", "2/3", "1", "5/3", "2", "7/3", "3", "19/6", "10/3", "11/3", "4", "14/3", "5", "16/3"], "beatinphrase": ["0", "1/6", "1/3", "2/3", "1", "5/3", "2", "7/3", "0", "1/6", "1/3", "2/3", "1", "5/3", "2", "7/3"], "beatinphrase_end": ["-2", "-11/6", "-5/3", "-4/3", "-1", "-1/3", "0", "1/3", "-2", "-11/6", "-5/3", "-4/3", "-1", "-1/3", "0", "1/3"], "IOI_frac": ["1/4", "1/4", "1/2", "1/2", "1", "1/2", "1/2", "1", "1/4", "1/4", "1/2", "1/2", "1", "1/2", "1/2", null], "IOI": [0.25, 0.25, 0.5, 0.5, 1.0, 0.5, 0.5, 1.0, 0.25, 0.25, 0.5, 0.5, 1.0, 0.5, 0.5, null], "IOR_frac": [null, "1", "2", "1", "2", "1/2", "1", "2", "1/4", "1", "2", "1", "2", "1/2", "1", null], "IOR": [null, 1.0, 2.0, 1.0, 2.0, 0.5, 1.0, 2.0, 0.25, 1.0, 2.0, 1.0, 2.0, 0.5, 1.0, null], "imacontour": [null, "-", "+", "-", "+", "-", "=", "+", "+", "-", "+", "+", "-", "-", "+", "-"], "pitch": ["G4", "G4", "B4", "C5", "D5", "E5", "D5", "B4", "B4", "C5", "D5", "C5", "B4", "A4", "A4", "G4"], "contour3": [null, "=", "+", "+", "+", "+", "-", "-", "=", "+", "+", "-", "-", "-", "=", "-"], "contour5": [null, "=", "++", "+", "+", "+", "-", "--", "=", "+", "+", "-", "-", "-", "=", "-"], "beatstrength": [1.0, 0.25, 0.5, 0.5, 1.0, 0.5, 1.0, 0.5, 1.0, 0.25, 0.5, 0.5, 1.0, 0.5, 1.0, 0.5], "beat_str": ["1", "1", "1", "1", "1", "1", "1", "1", "1", "1", "1", "1", "1", "1", "1", "1"], "beat_fraction_str": ["0", "1/6", "1/3", "2/3", "0", "2/3", "0", "1/3", "0", "1/6", "1/3", "2/3", "0", "2/3", "0", "1/3"], "beat": [1.0, 1.1666666666666667, 1.3333333333333333, 1.6666666666666667, 1.0, 1.6666666666666667, 1.0, 1.3333333333333333, 1.0, 1.1666666666666667, 1.3333333333333333, 1.6666666666666667, 1.0, 1.6666666666666667, 1.0, 1.3333333333333333], "timesignature": ["3/8", "3/8", "3/8", "3/8", "3/8", "3/8", "3/8", "3/8", "3/8", "3/8", "3/8", "3/8", "3/8", "3/8", "3/8", "3/8"], "gpr2a_Frankland": [null, null, null, null, null, null, null, null, null, null, null, null, null, null, null, null], "gpr2b_Frankland": [null, null, null, null, 0.5, null, null, 0.625, null, null, null, null, 0.5, null, null, null], "gpr3a_Frankland": [null, 0.875, null, null, null, null, 0.6666666666666667, null, null, null, null, null, 0.75, null, null, null], "gpr3d_Frankland": [null, 0.5, null, null, null, null, null, null, null, 0.5, null, null, null, null, null, null], "gpr_Frankland_sum": [0, 1.375, 0, 0, 0.5, 0, 0.6666666666666667, 0.625, 0, 0.5, 0, 0, 1.25, 0, 0, 0], "lbdm_spitch": [null, 1.0, 0.14347826086956522, 0.09130434782608697, 0.0, 0.06521739130434782, 0.5086956521739131, 0.0, 0.12173913043478261, 0.09130434782608697, 0.09130434782608697, 0.09130434782608697, 0.31956521739130433, 0.0, null, null], "lbdm_sioi": [null, 0.08928571428571427, 0.17857142857142855, 0.17857142857142855, 0.7142857142857142, 0.17857142857142855, 0.17857142857142855, 1.0, 0.1607142857142857, 0.08928571428571427, 0.17857142857142855, 0.17857142857142855, 0.7142857142857142, 0.17857142857142855, null, null], "lbdm_srest": [null, 0.0, 0.0, 0.0, 0.0, 0.0, 0.0, 0.0, 0.0, 0.0, 0.0, 0.0, 0.0, 0.0, null, null], "lbdm_rpitch": [null, 0.6666666666666666, 0.42857142857142855, 0.2, 0.0, 0.0, 0.14285714285714285, 0.6, 0.3333333333333333, 0.2, 0.0, 0.2, 0.2, 0.5, 0.5, null], "lbdm_rioi": [null, 0.0, 0.3333333333333333, 0.0, 0.3333333333333333, 0.3333333333333333, 0.0, 0.3333333333333333, 0.6, 0.0, 0.3333333333333333, 0.0, 0.3333333333333333, 0.3333333333333333, 0.0, null], "lbdm_rrest": [null, 0.0, 0.0, 0.0, 0.0, 0.0, 0.0, 0.0, 0.0, 0.0, 0.0, 0.0, 0.0, 0.0, 0.0, null], "lbdm_boundarystrength": [null, 0.29464285714285715, 0.12515527950310557, 0.11211180124223602, 0.3571428571428571, 0.10559006211180123, 0.21645962732919255, 0.5, 0.1107919254658385, 0.06746894409937888, 0.11211180124223602, 0.11211180124223602, 0.4370341614906832, 0.08928571428571427, null, null]}}
