{"id": "KB1905500010", "tunefamily": "", "year": -1, "tunefamily_full": "", "type": "", "freemeter": false, "origin": "", "features": {"scaledegree": [6, 1, 6, 5, 1, 1, 5, 6, 7, 1, 6, 5, 1, 1, 5], "scaledegreespecifier": ["M", "P", "M", "P", "P", "P", "P", "M", "M", "P", "M", "P", "P", "P", "P"], "tonic": ["C", "C", "C", "C", "C", "C", "C", "C", "C", "C", "C", "C", "C", "C", "C"], "mode": ["major", "major", "major", "major", "major", "major", "major", "major", "major", "major", "major", "major", "major", "major", "major"], "metriccontour": [null, "-", "+", "-", "+", "-", "+", "+", "-", "+", "+", "-", "+", "-", "+"], "imaweight": [0.963303, 0.449541, 0.926606, 0.550459, 0.853211, 0.633028, 1.0, 1.0, 0.183486, 0.633028, 0.816514, 0.550459, 0.963303, 0.486239, 1.0], "imaweight_spectral": [0.973154, 0.624161, 0.946309, 0.671141, 0.892617, 0.731544, 1.0, 0.973154, 0.134228, 0.704698, 0.865772, 0.671141, 0.973154, 0.624161, 1.0], "pitch40_hewlett": [152, 163, 152, 146, 163, 163, 146, 152, 158, 163, 152, 146, 163, 163, 146], "pitch40_sapp": [191, 202, 191, 185, 202, 202, 185, 191, 197, 202, 191, 185, 202, 202, 185], "octave": [4, 5, 4, 4, 5, 5, 4, 4, 4, 5, 4, 4, 5, 5, 4], "midipitch": [69, 72, 69, 67, 72, 72, 67, 69, 71, 72, 69, 67, 72, 72, 67], "diatonicpitch": [33, 35, 33, 32, 35, 35, 32, 33, 34, 35, 33, 32, 35, 35, 32], "diatonicinterval": [null, 2, -2, -1, 3, 0, -3, 1, 1, 1, -2, -1, 3, 0, -3], "chromaticinterval": [null, 3, -3, -2, 5, 0, -5, 2, 2, 1, -3, -2, 5, 0, -5], "pitchproximity": [null, null, 3, 2, 5, 0, 5, 2, 2, 1, 3, 2, 5, 0, 5], "pitchreversal": [null, null, 1.5, 0, 0, 0, 0, 0, 0, 0, 1.5, 0, 0, 0, 0], "nextisrest": [false, false, false, false, false, false, false, false, false, false, false, false, false, false, null], "restduration_frac": [null, null, null, null, null, null, null, null, null, null, null, null, null, null, null], "duration": [0.5, 0.5, 0.5, 0.5, 0.5, 0.5, 1.0, 0.25, 0.25, 0.5, 0.5, 0.5, 0.5, 0.5, 1.0], "duration_frac": ["1/2", "1/2", "1/2", "1/2", "1/2", "1/2", "1", "1/4", "1/4", "1/2", "1/2", "1/2", "1/2", "1/2", "1"], "duration_fullname": ["Eighth", "Eighth", "Eighth", "Eighth", "Eighth", "Eighth", "Quarter", "16th", "16th", "Eighth", "Eighth", "Eighth", "Eighth", "Eighth", "Quarter"], "durationcontour": [null, "=", "=", "=", "=", "=", "+", "-", "=", "+", "=", "=", "=", "=", "+"], "onsettick": [0, 2, 4, 6, 8, 10, 12, 16, 17, 18, 20, 22, 24, 26, 28], "beatfraction": ["1/2", "1/2", "1/2", "1/2", "1/2", "1/2", "1", "1/4", "1/4", "1/2", "1/2", "1/2", "1/2", "1/2", "1"], "phrasepos": [0.0, 0.07142857142857142, 0.14285714285714285, 0.21428571428571427, 0.2857142857142857, 0.35714285714285715, 0.42857142857142855, 0.5714285714285714, 0.6071428571428571, 0.6428571428571429, 0.7142857142857143, 0.7857142857142857, 0.8571428571428571, 0.9285714285714286, 1.0], "phrase_ix": [0, 0, 0, 0, 0, 0, 0, 0, 0, 0, 0, 0, 0, 0, 0], "phrase_end": [false, false, false, false, false, false, false, false, false, false, false, false, false, false, true], "songpos": [0.0, 0.07142857142857142, 0.14285714285714285, 0.21428571428571427, 0.2857142857142857, 0.35714285714285715, 0.42857142857142855, 0.5714285714285714, 0.6071428571428571, 0.6428571428571429, 0.7142857142857143, 0.7857142857142857, 0.8571428571428571, 0.9285714285714286, 1.0], "beatinsong": ["0", "1/2", "1", "3/2", "2", "5/2", "3", "4", "17/4", "9/2", "5", "11/2", "6", "13/2", "7"], "beatinphrase": ["0", "1/2", "1", "3/2", "2", "5/2", "3", "4", "17/4", "9/2", "5", "11/2", "6", "13/2", "7"], "beatinphrase_end": ["-6", "-11/2", "-5", "-9/2", "-4", "-7/2", "-3", "-2", "-7/4", "-3/2", "-1", "-1/2", "0", "1/2", "1"], "IOI_frac": ["1/2", "1/2", "1/2", "1/2", "1/2", "1/2", "1", "1/4", "1/4", "1/2", "1/2", "1/2", "1/2", "1/2", null], "IOI": [0.5, 0.5, 0.5, 0.5, 0.5, 0.5, 1.0, 0.25, 0.25, 0.5, 0.5, 0.5, 0.5, 0.5, null], "IOR_frac": [null, "1", "1", "1", "1", "1", "2", "1/4", "1", "2", "1", "1", "1", "1", null], "IOR": [null, 1.0, 1.0, 1.0, 1.0, 1.0, 2.0, 0.25, 1.0, 2.0, 1.0, 1.0, 1.0, 1.0, null], "imacontour": [null, "-", "+", "-", "+", "-", "+", "=", "-", "+", "+", "-", "+", "-", "+"], "pitch": ["A4", "C5", "A4", "G4", "C5", "C5", "G4", "A4", "B4", "C5", "A4", "G4", "C5", "C5", "G4"], "contour3": [null, "+", "-", "-", "+", "=", "-", "+", "+", "+", "-", "-", "+", "=", "-"], "contour5": [null, "++", "--", "-", "++", "=", "--", "+", "+", "+", "--", "-", "++", "=", "--"], "beatstrength": [1.0, 0.25, 0.5, 0.25, 1.0, 0.25, 0.5, 1.0, 0.125, 0.25, 0.5, 0.25, 1.0, 0.25, 0.5], "beat_str": ["1", "1", "2", "2", "1", "1", "2", "1", "1", "1", "2", "2", "1", "1", "2"], "beat_fraction_str": ["0", "1/2", "0", "1/2", "0", "1/2", "0", "0", "1/4", "1/2", "0", "1/2", "0", "1/2", "0"], "beat": [1.0, 1.5, 2.0, 2.5, 1.0, 1.5, 2.0, 1.0, 1.25, 1.5, 2.0, 2.5, 1.0, 1.5, 2.0], "timesignature": ["2/4", "2/4", "2/4", "2/4", "2/4", "2/4", "2/4", "2/4", "2/4", "2/4", "2/4", "2/4", "2/4", "2/4", "2/4"], "gpr2a_Frankland": [null, null, null, null, null, null, null, null, null, null, null, null, null, null, null], "gpr2b_Frankland": [null, null, null, null, null, null, 0.625, null, null, null, null, null, null, null, null], "gpr3a_Frankland": [null, null, null, 0.8, null, 0.8, null, null, null, 0.5, null, 0.8, null, null, null], "gpr3d_Frankland": [null, 0.0, 0.0, 0.0, null, null, null, null, 0.5, null, 0.0, 0.0, null, null, null], "gpr_Frankland_sum": [0, 0, 0, 0.8, 0, 0.8, 0.625, 0, 0.5, 0.5, 0, 0.8, 0, 0, 0], "lbdm_spitch": [null, 0.08181818181818182, 0.1818181818181818, 1.0, 0.0, 1.0, 0.12727272727272726, 0.07636363636363637, 0.10181818181818182, 0.2727272727272727, 0.1818181818181818, 1.0, 0.0, null, null], "lbdm_sioi": [null, 0.0, 0.0, 0.0, 0.0, 0.17857142857142855, 1.0, 0.1607142857142857, 0.08928571428571427, 0.17857142857142855, 0.0, 0.0, 0.0, null, null], "lbdm_srest": [null, 0.0, 0.0, 0.0, 0.0, 0.0, 0.0, 0.0, 0.0, 0.0, 0.0, 0.0, 0.0, null, null], "lbdm_rpitch": [null, 0.0, 0.14285714285714285, 0.3333333333333333, 0.7142857142857143, 0.7142857142857143, 0.3333333333333333, 0.0, 0.2, 0.3333333333333333, 0.14285714285714285, 0.3333333333333333, 0.7142857142857143, 0.7142857142857143, null], "lbdm_rioi": [null, 0.0, 0.0, 0.0, 0.0, 0.0, 0.3333333333333333, 0.6, 0.0, 0.3333333333333333, 0.0, 0.0, 0.0, 0.0, null], "lbdm_rrest": [null, 0.0, 0.0, 0.0, 0.0, 0.0, 0.0, 0.0, 0.0, 0.0, 0.0, 0.0, 0.0, 0.0, null], "lbdm_boundarystrength": [null, 0.020454545454545454, 0.04545454545454545, 0.25, 0.0, 0.3392857142857143, 0.5318181818181819, 0.09944805194805194, 0.07009740259740259, 0.15746753246753245, 0.04545454545454545, 0.25, 0.0, null, null]}}
