{"id": "KB1940100011", "tunefamily": "", "year": -1, "tunefamily_full": "", "type": "", "freemeter": false, "origin": "", "features": {"scaledegree": [5, 1, 3, 1, 5, 1, 3, 1, 1, 1, 3, 5, 4, 2, 1], "scaledegreespecifier": ["P", "P", "M", "P", "P", "P", "M", "P", "P", "P", "M", "P", "P", "M", "P"], "tonic": ["C", "C", "C", "C", "C", "C", "C", "C", "C", "C", "C", "C", "C", "C", "C"], "mode": ["major", "major", "major", "major", "major", "major", "major", "major", "major", "major", "major", "major", "major", "major", "major"], "metriccontour": [null, "-", "=", "-", "+", "-", "=", "-", "+", "-", "=", "+", "-", "-", "+"], "imaweight": [0.914894, 1.0, 0.914894, 0.170213, 0.950355, 0.971631, 0.914894, 0.29078, 0.886525, 0.971631, 0.921986, 0.886525, 0.914894, 0.0921986, 0.914894], "imaweight_spectral": [0.898089, 0.974522, 0.872611, 0.203822, 0.904459, 0.949045, 0.872611, 0.312102, 0.847134, 0.949045, 0.904459, 0.872611, 1.0, 0.133758, 0.872611], "pitch40_hewlett": [146, 163, 175, 163, 146, 163, 175, 163, 163, 163, 175, 186, 180, 169, 163], "pitch40_sapp": [185, 202, 214, 202, 185, 202, 214, 202, 202, 202, 214, 225, 219, 208, 202], "octave": [4, 5, 5, 5, 4, 5, 5, 5, 5, 5, 5, 5, 5, 5, 5], "midipitch": [67, 72, 76, 72, 67, 72, 76, 72, 72, 72, 76, 79, 77, 74, 72], "diatonicpitch": [32, 35, 37, 35, 32, 35, 37, 35, 35, 35, 37, 39, 38, 36, 35], "diatonicinterval": [null, 3, 2, -2, -3, 3, 2, -2, 0, 0, 2, 2, -1, -2, -1], "chromaticinterval": [null, 5, 4, -4, -5, 5, 4, -4, 0, 0, 4, 3, -2, -3, -2], "pitchproximity": [null, null, 4, 4, 5, 5, 4, 4, 0, 0, 4, 3, 2, 3, 2], "pitchreversal": [null, null, 0, 1.5, 0, 1.5, 0, 1.5, 0, 0, 0, 0, 1.5, 0, 0], "nextisrest": [false, false, false, false, false, false, false, false, false, false, false, false, false, false, null], "restduration_frac": [null, null, null, null, null, null, null, null, null, null, null, null, null, null, null], "duration": [0.5, 0.5, 0.25, 0.25, 0.5, 0.5, 0.25, 0.25, 0.5, 0.5, 0.5, 0.5, 0.25, 0.25, 0.5], "duration_frac": ["1/2", "1/2", "1/4", "1/4", "1/2", "1/2", "1/4", "1/4", "1/2", "1/2", "1/2", "1/2", "1/4", "1/4", "1/2"], "duration_fullname": ["Eighth", "Eighth", "16th", "16th", "Eighth", "Eighth", "16th", "16th", "Eighth", "Eighth", "Eighth", "Eighth", "16th", "16th", "Eighth"], "durationcontour": [null, "=", "-", "=", "+", "=", "-", "=", "+", "=", "=", "=", "-", "=", "+"], "onsettick": [0, 2, 4, 5, 6, 8, 10, 11, 12, 14, 16, 18, 20, 21, 22], "beatfraction": ["1/3", "1/3", "1/6", "1/6", "1/3", "1/3", "1/6", "1/6", "1/3", "1/3", "1/3", "1/3", "1/6", "1/6", "1/3"], "phrasepos": [0.0, 0.09090909090909091, 0.18181818181818182, 0.22727272727272727, 0.2727272727272727, 0.36363636363636365, 0.45454545454545453, 0.5, 0.5454545454545454, 0.6363636363636364, 0.7272727272727273, 0.8181818181818182, 0.9090909090909091, 0.9545454545454546, 1.0], "phrase_ix": [0, 0, 0, 0, 0, 0, 0, 0, 0, 0, 0, 0, 0, 0, 0], "phrase_end": [false, false, false, false, false, false, false, false, false, false, false, false, false, false, true], "songpos": [0.0, 0.09090909090909091, 0.18181818181818182, 0.22727272727272727, 0.2727272727272727, 0.36363636363636365, 0.45454545454545453, 0.5, 0.5454545454545454, 0.6363636363636364, 0.7272727272727273, 0.8181818181818182, 0.9090909090909091, 0.9545454545454546, 1.0], "beatinsong": ["0", "1/3", "2/3", "5/6", "1", "4/3", "5/3", "11/6", "2", "7/3", "8/3", "3", "10/3", "7/2", "11/3"], "beatinphrase": ["0", "1/3", "2/3", "5/6", "1", "4/3", "5/3", "11/6", "2", "7/3", "8/3", "3", "10/3", "7/2", "11/3"], "beatinphrase_end": ["-3", "-8/3", "-7/3", "-13/6", "-2", "-5/3", "-4/3", "-7/6", "-1", "-2/3", "-1/3", "0", "1/3", "1/2", "2/3"], "IOI_frac": ["1/2", "1/2", "1/4", "1/4", "1/2", "1/2", "1/4", "1/4", "1/2", "1/2", "1/2", "1/2", "1/4", "1/4", null], "IOI": [0.5, 0.5, 0.25, 0.25, 0.5, 0.5, 0.25, 0.25, 0.5, 0.5, 0.5, 0.5, 0.25, 0.25, null], "IOR_frac": [null, "1", "1/2", "1", "2", "1", "1/2", "1", "2", "1", "1", "1", "1/2", "1", null], "IOR": [null, 1.0, 0.5, 1.0, 2.0, 1.0, 0.5, 1.0, 2.0, 1.0, 1.0, 1.0, 0.5, 1.0, null], "imacontour": [null, "+", "-", "-", "+", "+", "-", "-", "+", "+", "-", "-", "+", "-", "+"], "pitch": ["G4", "C5", "E5", "C5", "G4", "C5", "E5", "C5", "C5", "C5", "E5", "G5", "F5", "D5", "C5"], "contour3": [null, "+", "+", "-", "-", "+", "+", "-", "=", "=", "+", "+", "-", "-", "-"], "contour5": [null, "++", "++", "--", "--", "++", "++", "--", "=", "=", "++", "++", "-", "--", "-"], "beatstrength": [1.0, 0.5, 0.5, 0.25, 1.0, 0.5, 0.5, 0.25, 1.0, 0.5, 0.5, 1.0, 0.5, 0.25, 0.5], "beat_str": ["1", "1", "1", "1", "1", "1", "1", "1", "1", "1", "1", "1", "1", "1", "1"], "beat_fraction_str": ["0", "1/3", "2/3", "5/6", "0", "1/3", "2/3", "5/6", "0", "1/3", "2/3", "0", "1/3", "1/2", "2/3"], "beat": [1.0, 1.3333333333333333, 1.6666666666666667, 1.8333333333333333, 1.0, 1.3333333333333333, 1.6666666666666667, 1.8333333333333333, 1.0, 1.3333333333333333, 1.6666666666666667, 1.0, 1.3333333333333333, 1.5, 1.6666666666666667], "timesignature": ["3/8", "3/8", "3/8", "3/8", "3/8", "3/8", "3/8", "3/8", "3/8", "3/8", "3/8", "3/8", "3/8", "3/8", "3/8"], "gpr2a_Frankland": [null, null, null, null, null, null, null, null, null, null, null, null, null, null, null], "gpr2b_Frankland": [null, null, null, null, null, null, null, null, null, null, null, null, null, null, null], "gpr3a_Frankland": [null, null, null, null, null, null, null, null, null, 0.625, null, null, 0.33333333333333337, null, null], "gpr3d_Frankland": [null, 0.5, null, 0.5, null, 0.5, null, 0.5, null, 0.0, null, 0.5, null, null, null], "gpr_Frankland_sum": [0, 0.5, 0, 0.5, 0, 0.5, 0, 0.5, 0, 0.625, 0, 0.5, 0.33333333333333337, 0, 0], "lbdm_spitch": [null, 0.1168831168831169, 0.1168831168831169, 0.14610389610389612, 0.14610389610389612, 0.1168831168831169, 0.8571428571428572, 0.0, 0.0, 1.0, 0.2448979591836735, 0.1836734693877551, 0.2755102040816327, null, null], "lbdm_sioi": [null, 1.0, 0.5, 0.5, 1.0, 1.0, 0.5, 0.5, 1.0, 0.0, 0.0, 1.0, 0.5, null, null], "lbdm_srest": [null, 0.0, 0.0, 0.0, 0.0, 0.0, 0.0, 0.0, 0.0, 0.0, 0.0, 0.0, 0.0, null, null], "lbdm_rpitch": [null, 0.09090909090909091, 0.0, 0.09090909090909091, 0.0, 0.09090909090909091, 0.0, 0.6666666666666666, 0.0, 0.6666666666666666, 0.1111111111111111, 0.14285714285714285, 0.14285714285714285, 0.14285714285714285, null], "lbdm_rioi": [null, 0.0, 0.3333333333333333, 0.0, 0.3333333333333333, 0.0, 0.3333333333333333, 0.0, 0.3333333333333333, 0.0, 0.0, 0.0, 0.3333333333333333, 0.0, null], "lbdm_rrest": [null, 0.0, 0.0, 0.0, 0.0, 0.0, 0.0, 0.0, 0.0, 0.0, 0.0, 0.0, 0.0, 0.0, null], "lbdm_boundarystrength": [null, 0.5292207792207793, 0.2792207792207792, 0.286525974025974, 0.536525974025974, 0.5292207792207793, 0.4642857142857143, 0.25, 0.5, 0.25, 0.06122448979591837, 0.5459183673469388, 0.31887755102040816, null, null]}}
