{"id": "KB1935700000", "tunefamily": "", "year": -1, "tunefamily_full": "", "type": "", "freemeter": false, "origin": "", "features": {"scaledegree": [3, 5, 4, 2, 7, 1, 3, 2, 1, 3, 5, 4, 2, 7, 5, 1, 3, 4, 5], "scaledegreespecifier": ["m", "P", "A", "M", "M", "P", "m", "M", "P", "m", "P", "A", "M", "M", "P", "P", "m", "A", "P"], "tonic": ["A", "A", "A", "A", "A", "A", "A", "A", "A", "A", "A", "A", "A", "A", "A", "A", "A", "A", "A"], "mode": ["minor", "minor", "minor", "minor", "minor", "minor", "minor", "minor", "minor", "minor", "minor", "minor", "minor", "minor", "minor", "minor", "minor", "minor", "minor"], "metriccontour": [null, "-", "=", "+", "-", "+", "-", "-", "+", "+", "-", "=", "+", "-", "-", "+", "-", "-", "+"], "imaweight": [0.652778, 0.652778, 0.486111, 1.0, 0.527778, 0.708333, 0.347222, 0.0555556, 0.75, 0.875, 0.555556, 0.847222, 0.708333, 0.527778, 0.222222, 0.819444, 0.402778, 0.0555556, 0.583333], "imaweight_spectral": [0.822034, 0.745763, 0.720339, 0.957627, 0.711864, 0.864407, 0.381356, 0.0677966, 0.779661, 0.881356, 0.686441, 0.864407, 0.779661, 0.610169, 0.237288, 1.0, 0.313559, 0.0677966, 0.610169], "pitch40_hewlett": [163, 175, 170, 158, 147, 152, 163, 158, 152, 163, 175, 170, 158, 147, 135, 152, 163, 170, 175], "pitch40_sapp": [202, 214, 209, 197, 186, 191, 202, 197, 191, 202, 214, 209, 197, 186, 174, 191, 202, 209, 214], "octave": [5, 5, 5, 4, 4, 4, 5, 4, 4, 5, 5, 5, 4, 4, 4, 4, 5, 5, 5], "midipitch": [72, 76, 75, 71, 68, 69, 72, 71, 69, 72, 76, 75, 71, 68, 64, 69, 72, 75, 76], "diatonicpitch": [30, 32, 31, 29, 27, 28, 30, 29, 28, 30, 32, 31, 29, 27, 25, 28, 30, 31, 32], "diatonicinterval": [null, 2, -1, -2, -2, 1, 2, -1, -1, 2, 2, -1, -2, -2, -2, 3, 2, 1, 1], "chromaticinterval": [null, 4, -1, -4, -3, 1, 3, -1, -2, 3, 4, -1, -4, -3, -4, 5, 3, 3, 1], "pitchproximity": [null, null, 1, 4, 3, 1, 3, 1, 2, 3, 4, 1, 4, 3, 4, 5, 3, 3, 1], "pitchreversal": [null, null, 0, 0, 0, 1.5, 0, 1.5, 0, 1.5, 0, 0, 0, 0, 0, 1.5, 0, 0, 0], "nextisrest": [false, false, false, false, false, false, false, false, false, false, false, false, false, false, false, false, false, false, null], "restduration_frac": [null, null, null, null, null, null, null, null, null, null, null, null, null, null, null, null, null, null, null], "duration": [0.5, 0.5, 0.5, 1.0, 0.5, 0.25, 0.125, 0.125, 1.0, 0.5, 0.5, 0.5, 1.0, 0.25, 0.25, 0.25, 0.125, 0.125, 1.0], "duration_frac": ["1/2", "1/2", "1/2", "1", "1/2", "1/4", "1/8", "1/8", "1", "1/2", "1/2", "1/2", "1", "1/4", "1/4", "1/4", "1/8", "1/8", "1"], "duration_fullname": ["Eighth", "Eighth", "Eighth", "Quarter", "Eighth", "16th", "32nd", "32nd", "Quarter", "Eighth", "Eighth", "Eighth", "Quarter", "16th", "16th", "16th", "32nd", "32nd", "Quarter"], "durationcontour": [null, "=", "=", "+", "-", "-", "-", "=", "+", "-", "=", "=", "+", "-", "=", "=", "-", "=", "+"], "onsettick": [0, 4, 8, 12, 20, 24, 26, 27, 28, 36, 40, 44, 48, 56, 58, 60, 62, 63, 64], "beatfraction": ["1/3", "1/3", "1/3", "2/3", "1/3", "1/6", "1/12", "1/12", "2/3", "1/3", "1/3", "1/3", "2/3", "1/6", "1/6", "1/6", "1/12", "1/12", "2/3"], "phrasepos": [0.0, 0.14285714285714285, 0.2857142857142857, 0.42857142857142855, 0.7142857142857143, 0.8571428571428571, 0.9285714285714286, 0.9642857142857143, 1.0, 0.0, 0.14285714285714285, 0.2857142857142857, 0.42857142857142855, 0.7142857142857143, 0.7857142857142857, 0.8571428571428571, 0.9285714285714286, 0.9642857142857143, 1.0], "phrase_ix": [0, 0, 0, 0, 0, 0, 0, 0, 0, 1, 1, 1, 1, 1, 1, 1, 1, 1, 1], "phrase_end": [false, false, false, false, false, false, false, false, true, false, false, false, false, false, false, false, false, false, true], "songpos": [0.0, 0.0625, 0.125, 0.1875, 0.3125, 0.375, 0.40625, 0.421875, 0.4375, 0.5625, 0.625, 0.6875, 0.75, 0.875, 0.90625, 0.9375, 0.96875, 0.984375, 1.0], "beatinsong": ["0", "1/3", "2/3", "1", "5/3", "2", "13/6", "9/4", "7/3", "3", "10/3", "11/3", "4", "14/3", "29/6", "5", "31/6", "21/4", "16/3"], "beatinphrase": ["0", "1/3", "2/3", "1", "5/3", "2", "13/6", "9/4", "7/3", "0", "1/3", "2/3", "1", "5/3", "11/6", "2", "13/6", "9/4", "7/3"], "beatinphrase_end": ["-2", "-5/3", "-4/3", "-1", "-1/3", "0", "1/6", "1/4", "1/3", "-2", "-5/3", "-4/3", "-1", "-1/3", "-1/6", "0", "1/6", "1/4", "1/3"], "IOI_frac": ["1/2", "1/2", "1/2", "1", "1/2", "1/4", "1/8", "1/8", "1", "1/2", "1/2", "1/2", "1", "1/4", "1/4", "1/4", "1/8", "1/8", null], "IOI": [0.5, 0.5, 0.5, 1.0, 0.5, 0.25, 0.125, 0.125, 1.0, 0.5, 0.5, 0.5, 1.0, 0.25, 0.25, 0.25, 0.125, 0.125, null], "IOR_frac": [null, "1", "1", "2", "1/2", "1/2", "1/2", "1", "8", "1/2", "1", "1", "2", "1/4", "1", "1", "1/2", "1", null], "IOR": [null, 1.0, 1.0, 2.0, 0.5, 0.5, 0.5, 1.0, 8.0, 0.5, 1.0, 1.0, 2.0, 0.25, 1.0, 1.0, 0.5, 1.0, null], "imacontour": [null, "=", "-", "+", "-", "+", "-", "-", "+", "+", "-", "+", "-", "-", "-", "+", "-", "-", "+"], "pitch": ["C5", "E5", "D#5", "B4", "G#4", "A4", "C5", "B4", "A4", "C5", "E5", "D#5", "B4", "G#4", "E4", "A4", "C5", "D#5", "E5"], "contour3": [null, "+", "-", "-", "-", "+", "+", "-", "-", "+", "+", "-", "-", "-", "-", "+", "+", "+", "+"], "contour5": [null, "++", "-", "--", "--", "+", "++", "-", "-", "++", "++", "-", "--", "--", "--", "++", "++", "++", "+"], "beatstrength": [1.0, 0.5, 0.5, 1.0, 0.5, 1.0, 0.25, 0.125, 0.5, 1.0, 0.5, 0.5, 1.0, 0.5, 0.25, 1.0, 0.25, 0.125, 0.5], "beat_str": ["1", "1", "1", "1", "1", "1", "1", "1", "1", "1", "1", "1", "1", "1", "1", "1", "1", "1", "1"], "beat_fraction_str": ["0", "1/3", "2/3", "0", "2/3", "0", "1/6", "1/4", "1/3", "0", "1/3", "2/3", "0", "2/3", "5/6", "0", "1/6", "1/4", "1/3"], "beat": [1.0, 1.3333333333333333, 1.6666666666666667, 1.0, 1.6666666666666667, 1.0, 1.1666666666666667, 1.25, 1.3333333333333333, 1.0, 1.3333333333333333, 1.6666666666666667, 1.0, 1.6666666666666667, 1.8333333333333333, 1.0, 1.1666666666666667, 1.25, 1.3333333333333333], "timesignature": ["3/8", "3/8", "3/8", "3/8", "3/8", "3/8", "3/8", "3/8", "3/8", "3/8", "3/8", "3/8", "3/8", "3/8", "3/8", "3/8", "3/8", "3/8", "3/8"], "gpr2a_Frankland": [null, null, null, null, null, null, null, null, null, null, null, null, null, null, null, null, null, null, null], "gpr2b_Frankland": [null, null, null, 0.5, null, null, null, null, 0.6875, null, null, null, 0.625, null, null, null, null, null, null], "gpr3a_Frankland": [null, null, 0.5, null, null, 0.6666666666666667, null, null, null, 0.5, null, 0.5, null, null, 0.30000000000000004, null, null, null, null], "gpr3d_Frankland": [null, null, null, null, null, null, null, null, null, null, null, null, null, null, null, 0.5, null, null, null], "gpr_Frankland_sum": [0, 0, 0.5, 0.5, 0, 0.6666666666666667, 0, 0, 0.6875, 0.5, 0, 0.5, 0.625, 0, 0.30000000000000004, 0.5, 0, 0, 0], "lbdm_spitch": [null, 0.39705882352941174, 1.0, 0.6176470588235294, 0.3088235294117647, 0.9264705882352942, 0.24705882352941178, 0.31764705882352945, 0.35294117647058826, 1.0, 0.39705882352941174, 1.0, 0.3088235294117647, 0.37433155080213903, 0.6737967914438503, 0.2779411764705883, 0.4632352941176471, null, null], "lbdm_sioi": [null, 0.0, 0.15, 0.6, 0.3, 0.15, 0.0375, 0.0875, 1.0, 0.15, 0.0, 0.15, 0.84, 0.13499999999999998, 0.0, 0.075, 0.0375, null, null], "lbdm_srest": [null, 0.0, 0.0, 0.0, 0.0, 0.0, 0.0, 0.0, 0.0, 0.0, 0.0, 0.0, 0.0, 0.0, 0.0, 0.0, 0.0, null, null], "lbdm_rpitch": [null, 0.42857142857142855, 0.42857142857142855, 0.1111111111111111, 0.3333333333333333, 0.3333333333333333, 0.3333333333333333, 0.2, 0.14285714285714285, 0.1111111111111111, 0.42857142857142855, 0.42857142857142855, 0.1111111111111111, 0.1111111111111111, 0.09090909090909091, 0.2, 0.0, 0.3333333333333333, null], "lbdm_rioi": [null, 0.0, 0.0, 0.3333333333333333, 0.3333333333333333, 0.3333333333333333, 0.3333333333333333, 0.0, 0.7777777777777778, 0.3333333333333333, 0.0, 0.0, 0.3333333333333333, 0.6, 0.0, 0.0, 0.3333333333333333, 0.0, null], "lbdm_rrest": [null, 0.0, 0.0, 0.0, 0.0, 0.0, 0.0, 0.0, 0.0, 0.0, 0.0, 0.0, 0.0, 0.0, 0.0, 0.0, 0.0, 0.0, null],