{"id": "KB1933400012", "tunefamily": "", "year": -1, "tunefamily_full": "", "type": "", "freemeter": false, "origin": "", "features": {"scaledegree": [5, 7, 1, 3, 2, 1, 3, 4, 3, 5, 3, 4, 3, 2, 7, 5, 2, 1], "scaledegreespecifier": ["P", "M", "P", "M", "M", "P", "M", "P", "M", "P", "M", "P", "M", "M", "M", "P", "M", "P"], "tonic": ["G", "G", "G", "G", "G", "G", "G", "G", "G", "G", "G", "G", "G", "G", "G", "G", "G", "G"], "mode": ["major", "major", "major", "major", "major", "major", "major", "major", "major", "major", "major", "major", "major", "major", "major", "major", "major", "major"], "metriccontour": [null, "-", "=", "+", "=", "+", "-", "=", "-", "+", "-", "+", "-", "+", "-", "+", "-", "="], "imaweight": [0.666667, 0.0447761, 0.0447761, 0.666667, 0.641791, 0.641791, 0.721393, 0.940299, 0.477612, 0.940299, 0.378109, 1.0, 0.358209, 0.940299, 0.41791, 0.960199, 0.741294, 0.681592], "imaweight_spectral": [0.90991, 0.0405405, 0.0405405, 0.981982, 0.90991, 0.90991, 0.981982, 0.891892, 0.432432, 0.891892, 0.342342, 0.945946, 0.324324, 0.891892, 0.378378, 0.90991, 1.0, 0.945946], "pitch40_hewlett": [129, 141, 146, 158, 152, 146, 158, 163, 158, 169, 158, 163, 158, 152, 141, 129, 152, 146], "pitch40_sapp": [168, 180, 185, 197, 191, 185, 197, 202, 197, 208, 197, 202, 197, 191, 180, 168, 191, 185], "octave": [4, 4, 4, 4, 4, 4, 4, 5, 4, 5, 4, 5, 4, 4, 4, 4, 4, 4], "midipitch": [62, 66, 67, 71, 69, 67, 71, 72, 71, 74, 71, 72, 71, 69, 66, 62, 69, 67], "diatonicpitch": [25, 27, 28, 30, 29, 28, 30, 31, 30, 32, 30, 31, 30, 29, 27, 25, 29, 28], "diatonicinterval": [null, 2, 1, 2, -1, -1, 2, 1, -1, 2, -2, 1, -1, -1, -2, -2, 4, -1], "chromaticinterval": [null, 4, 1, 4, -2, -2, 4, 1, -1, 3, -3, 1, -1, -2, -3, -4, 7, -2], "pitchproximity": [null, null, 1, 4, 2, 2, 4, 1, 1, 3, 3, 1, 1, 2, 3, 4, 7, 2], "pitchreversal": [null, null, 0, 0, 1.5, 0, 1.5, 0, 1.5, 1.5, 1.5, 1.5, 1.5, 0, 0, 0, 0, 1], "nextisrest": [false, false, false, false, false, false, false, false, false, false, false, false, false, false, false, false, false, null], "restduration_frac": [null, null, null, null, null, null, null, null, null, null, null, null, null, null, null, null, null, null], "duration": [0.16666666666666666, 0.16666666666666666, 0.16666666666666666, 0.5, 0.5, 0.5, 0.5, 0.25, 0.25, 0.25, 0.25, 0.25, 0.25, 0.25, 0.25, 0.5, 0.5, 0.5], "duration_frac": ["1/6", "1/6", "1/6", "1/2", "1/2", "1/2", "1/2", "1/4", "1/4", "1/4", "1/4", "1/4", "1/4", "1/4", "1/4", "1/2", "1/2", "1/2"], "duration_fullname": ["16th Triplet (1/6 QL)", "16th Triplet (1/6 QL)", "16th Triplet (1/6 QL)", "Eighth", "Eighth", "Eighth", "Eighth", "16th", "16th", "16th", "16th", "16th", "16th", "16th", "16th", "Eighth", "Eighth", "Eighth"], "durationcontour": [null, "=", "=", "+", "=", "=", "=", "-", "=", "=", "=", "=", "=", "=", "=", "+", "=", "="], "onsettick": [0, 2, 4, 6, 12, 18, 24, 30, 33, 36, 39, 42, 45, 48, 51, 54, 60, 66], "beatfraction": ["1/9", "1/9", "1/9", "1/3", "1/3", "1/3", "1/3", "1/6", "1/6", "1/6", "1/6", "1/6", "1/6", "1/6", "1/6", "1/3", "1/3", "1/3"], "phrasepos": [0.0, 0.030303030303030304, 0.06060606060606061, 0.09090909090909091, 0.18181818181818182, 0.2727272727272727, 0.36363636363636365, 0.45454545454545453, 0.5, 0.5454545454545454, 0.5909090909090909, 0.6363636363636364, 0.6818181818181818, 0.7272727272727273, 0.7727272727272727, 0.8181818181818182, 0.9090909090909091, 1.0], "phrase_ix": [0, 0, 0, 0, 0, 0, 0, 0, 0, 0, 0, 0, 0, 0, 0, 0, 0, 0], "phrase_end": [false, false, false, false, false, false, false, false, false, false, false, false, false, false, false, false, false, true], "songpos": [0.0, 0.030303030303030304, 0.06060606060606061, 0.09090909090909091, 0.18181818181818182, 0.2727272727272727, 0.36363636363636365, 0.45454545454545453, 0.5, 0.5454545454545454, 0.5909090909090909, 0.6363636363636364, 0.6818181818181818, 0.7272727272727273, 0.7727272727272727, 0.8181818181818182, 0.9090909090909091, 1.0], "beatinsong": ["0", "1/9", "2/9", "1/3", "2/3", "1", "4/3", "5/3", "11/6", "2", "13/6", "7/3", "5/2", "8/3", "17/6", "3", "10/3", "11/3"], "beatinphrase": ["0", "1/9", "2/9", "1/3", "2/3", "1", "4/3", "5/3", "11/6", "2", "13/6", "7/3", "5/2", "8/3", "17/6", "3", "10/3", "11/3"], "beatinphrase_end": ["-3", "-26/9", "-25/9", "-8/3", "-7/3", "-2", "-5/3", "-4/3", "-7/6", "-1", "-5/6", "-2/3", "-1/2", "-1/3", "-1/6", "0", "1/3", "2/3"], "IOI_frac": ["1/6", "1/6", "1/6", "1/2", "1/2", "1/2", "1/2", "1/4", "1/4", "1/4", "1/4", "1/4", "1/4", "1/4", "1/4", "1/2", "1/2", null], "IOI": [0.16666666666666666, 0.16666666666666666, 0.16666666666666666, 0.5, 0.5, 0.5, 0.5, 0.25, 0.25, 0.25, 0.25, 0.25, 0.25, 0.25, 0.25, 0.5, 0.5, null], "IOR_frac": [null, "1", "1", "3", "1", "1", "1", "1/2", "1", "1", "1", "1", "1", "1", "1", "2", "1", null], "IOR": [null, 1.0, 1.0, 3.0, 1.0, 1.0, 1.0, 0.5, 1.0, 1.0, 1.0, 1.0, 1.0, 1.0, 1.0, 2.0, 1.0, null], "imacontour": [null, "-", "=", "+", "-", "=", "+", "+", "-", "+", "-", "+", "-", "+", "-", "+", "-", "-"], "pitch": ["D4", "F#4", "G4", "B4", "A4", "G4", "B4", "C5", "B4", "D5", "B4", "C5", "B4", "A4", "F#4", "D4", "A4", "G4"], "contour3": [null, "+", "+", "+", "-", "-", "+", "+", "-", "+", "-", "+", "-", "-", "-", "-", "+", "-"], "contour5": [null, "++", "+", "++", "-", "-", "++", "+", "-", "++", "--", "+", "-", "-", "--", "--", "++", "-"], "beatstrength": [1.0, 0.0625, 0.0625, 0.5, 0.5, 1.0, 0.5, 0.5, 0.25, 1.0, 0.25, 0.5, 0.25, 0.5, 0.25, 1.0, 0.5, 0.5], "beat_str": ["1", "1", "1", "1", "1", "1", "1", "1", "1", "1", "1", "1", "1", "1", "1", "1", "1", "1"], "beat_fraction_str": ["0", "1/9", "2/9", "1/3", "2/3", "0", "1/3", "2/3", "5/6", "0", "1/6", "1/3", "1/2", "2/3", "5/6", "0", "1/3", "2/3"], "beat": [1.0, 1.1111111111111112, 1.2222222222222223, 1.3333333333333333, 1.6666666666666667, 1.0, 1.3333333333333333, 1.6666666666666667, 1.8333333333333333, 1.0, 1.1666666666666667, 1.3333333333333333, 1.5, 1.6666666666666667, 1.8333333333333333, 1.0, 1.3333333333333333, 1.6666666666666667], "timesignature": ["3/8", "3/8", "3/8", "3/8", "3/8", "3/8", "3/8", "3/8", "3/8", "3/8", "3/8", "3/8", "3/8", "3/8", "3/8", "3/8", "3/8", "3/8"], "gpr2a_Frankland": [null, null, null, null, null, null, null, null, null, null, null, null, null, null, null, null, null, null], "gpr2b_Frankland": [null, null, null, null, null, null, null, null, null, null, null, null, null, null, null, null, null, null], "gpr3a_Frankland": [null, null, 0.625, null, null, 0.625, null, null, null, null, null, null, null, null, null, 0.5714285714285714, null, null], "gpr3d_Frankland": [null, null, 0.6666666666666667, null, 0.0, null, 0.5, null, 0.0, 0.0, 0.0, 0.0, 0.0, null, 0.5, null, null, null], "gpr_Frankland_sum": [0, 0, 1.2916666666666667, 0, 0, 0.625, 0.5, 0, 0, 0, 0, 0, 0, 0, 0.5, 0.5714285714285714, 0, 0], "lbdm_spitch": [null, 0.1786755518533944, 0.5658059142024157, 0.1042274052478134, 0.1042274052478134, 0.5658059142024157, 0.0893377759266972, 0.0694849368318756, 0.2084548104956268, 0.2084548104956268, 0.0694849368318756, 0.041690962099125366, 0.14294044148271554, 0.1588227127585728, 0.2850664075153871, 1.0, null, null], "lbdm_sioi": [null, 0.0, 0.3333333333333333, 1.0, 0.0, 0.0, 0.6666666666666665, 0.33333333333333326, 0.0, 0.0, 0.0, 0.0, 0.0, 0.0, 0.33333333333333326, 0.6666666666666665, null, null], "lbdm_srest": [null, 0.0, 0.0, 0.0, 0.0, 0.0, 0.0, 0.0, 0.0, 0.0, 0.0, 0.0, 0.0, 0.0, 0.0, 0.0, null, null], "lbdm_rpitch": [null, 0.42857142857142855, 0.42857142857142855, 0.25, 0.0, 0.25, 0.42857142857142855, 0.0, 0.3333333333333333, 0.0, 0.3333333333333333, 0.0, 0.2, 0.14285714285714285, 0.1111111111111111, 0.23076923076923078, 0.45454545454545453, null], "lbdm_rioi": [null, 0.0, 0.0, 0.5000000000000001, 0.0, 0.0, 0.0, 0.3333333333333333, 0.0, 0.0, 0.0, 0.0, 0.0, 0.0, 0.0, 0.3333333333333333, 0.0, null], "lbdm_rrest": [null, 0.0, 0.0, 0.0, 0.0, 0.0, 0.0, 0.0, 0.0, 0.0, 0.0, 0.0, 0.0, 0.0, 0.0, 0.0, 0.0, null],