{"id": "KB1930300020", "tunefamily": "", "year": -1, "tunefamily_full": "", "type": "", "freemeter": false, "origin": "", "features": {"scaledegree": [3, 1, 7, 1, 2, 4, 6, 4, 1, 3, 2, 1, 7, 1, 2, 4, 1], "scaledegreespecifier": ["m", "P", "M", "P", "M", "P", "m", "P", "P", "m", "M", "P", "M", "P", "M", "P", "P"], "tonic": ["A", "A", "A", "A", "A", "A", "A", "A", "A", "A", "A", "A", "A", "A", "A", "A", "A"], "mode": ["minor", "minor", "minor", "minor", "minor", "minor", "minor", "minor", "minor", "minor", "minor", "minor", "minor", "minor", "minor", "minor", "minor"], "metriccontour": [null, "-", "=", "+", "-", "+", "-", "+", "-", "+", "-", "+", "=", "+", "-", "+", "="], "imaweight": [0.60181, 0.60181, 0.769231, 0.873303, 0.488688, 0.855204, 0.366516, 1.0, 0.361991, 0.855204, 0.488688, 0.895928, 0.746606, 0.61991, 0.221719, 0.60181, 0.728507], "imaweight_spectral": [0.844538, 0.844538, 1.0, 0.827731, 0.470588, 0.810924, 0.357143, 0.945378, 0.352941, 0.810924, 0.470588, 0.848739, 0.978992, 0.844538, 0.47479, 0.827731, 0.978992], "pitch40_hewlett": [163, 152, 147, 152, 158, 169, 180, 169, 152, 163, 158, 152, 147, 152, 158, 169, 152], "pitch40_sapp": [202, 191, 186, 191, 197, 208, 219, 208, 191, 202, 197, 191, 186, 191, 197, 208, 191], "octave": [5, 4, 4, 4, 4, 5, 5, 5, 4, 5, 4, 4, 4, 4, 4, 5, 4], "midipitch": [72, 69, 68, 69, 71, 74, 77, 74, 69, 72, 71, 69, 68, 69, 71, 74, 69], "diatonicpitch": [30, 28, 27, 28, 29, 31, 33, 31, 28, 30, 29, 28, 27, 28, 29, 31, 28], "diatonicinterval": [null, -2, -1, 1, 1, 2, 2, -2, -3, 2, -1, -1, -1, 1, 1, 2, -3], "chromaticinterval": [null, -3, -1, 1, 2, 3, 3, -3, -5, 3, -1, -2, -1, 1, 2, 3, -5], "pitchproximity": [null, null, 1, 1, 2, 3, 3, 3, 5, 3, 1, 2, 1, 1, 2, 3, 5], "pitchreversal": [null, null, 0, 1.5, 0, 0, 0, 1.5, 0, 1.5, 1.5, 0, 0, 1.5, 0, 0, 1.5], "nextisrest": [false, false, false, false, false, false, false, false, false, false, false, false, false, false, false, false, null], "restduration_frac": [null, null, null, null, null, null, null, null, null, null, null, null, null, null, null, null, null], "duration": [0.5, 0.5, 0.5, 0.25, 0.25, 0.25, 0.25, 0.25, 0.25, 0.25, 0.25, 0.5, 0.5, 0.25, 0.25, 0.5, 0.5], "duration_frac": ["1/2", "1/2", "1/2", "1/4", "1/4", "1/4", "1/4", "1/4", "1/4", "1/4", "1/4", "1/2", "1/2", "1/4", "1/4", "1/2", "1/2"], "duration_fullname": ["Eighth", "Eighth", "Eighth", "16th", "16th", "16th", "16th", "16th", "16th", "16th", "16th", "Eighth", "Eighth", "16th", "16th", "Eighth", "Eighth"], "durationcontour": [null, "=", "=", "-", "=", "=", "=", "=", "=", "=", "=", "+", "=", "-", "=", "+", "="], "onsettick": [0, 2, 4, 6, 7, 8, 9, 10, 11, 12, 13, 14, 16, 18, 19, 20, 22], "beatfraction": ["1/3", "1/3", "1/3", "1/6", "1/6", "1/6", "1/6", "1/6", "1/6", "1/6", "1/6", "1/3", "1/3", "1/6", "1/6", "1/3", "1/3"], "phrasepos": [0.0, 0.09090909090909091, 0.18181818181818182, 0.2727272727272727, 0.3181818181818182, 0.36363636363636365, 0.4090909090909091, 0.45454545454545453, 0.5, 0.5454545454545454, 0.5909090909090909, 0.6363636363636364, 0.7272727272727273, 0.8181818181818182, 0.8636363636363636, 0.9090909090909091, 1.0], "phrase_ix": [0, 0, 0, 0, 0, 0, 0, 0, 0, 0, 0, 0, 0, 0, 0, 0, 0], "phrase_end": [false, false, false, false, false, false, false, false, false, false, false, false, false, false, false, false, true], "songpos": [0.0, 0.09090909090909091, 0.18181818181818182, 0.2727272727272727, 0.3181818181818182, 0.36363636363636365, 0.4090909090909091, 0.45454545454545453, 0.5, 0.5454545454545454, 0.5909090909090909, 0.6363636363636364, 0.7272727272727273, 0.8181818181818182, 0.8636363636363636, 0.9090909090909091, 1.0], "beatinsong": ["0", "1/3", "2/3", "1", "7/6", "4/3", "3/2", "5/3", "11/6", "2", "13/6", "7/3", "8/3", "3", "19/6", "10/3", "11/3"], "beatinphrase": ["0", "1/3", "2/3", "1", "7/6", "4/3", "3/2", "5/3", "11/6", "2", "13/6", "7/3", "8/3", "3", "19/6", "10/3", "11/3"], "beatinphrase_end": ["-3", "-8/3", "-7/3", "-2", "-11/6", "-5/3", "-3/2", "-4/3", "-7/6", "-1", "-5/6", "-2/3", "-1/3", "0", "1/6", "1/3", "2/3"], "IOI_frac": ["1/2", "1/2", "1/2", "1/4", "1/4", "1/4", "1/4", "1/4", "1/4", "1/4", "1/4", "1/2", "1/2", "1/4", "1/4", "1/2", null], "IOI": [0.5, 0.5, 0.5, 0.25, 0.25, 0.25, 0.25, 0.25, 0.25, 0.25, 0.25, 0.5, 0.5, 0.25, 0.25, 0.5, null], "IOR_frac": [null, "1", "1", "1/2", "1", "1", "1", "1", "1", "1", "1", "2", "1", "1/2", "1", "2", null], "IOR": [null, 1.0, 1.0, 0.5, 1.0, 1.0, 1.0, 1.0, 1.0, 1.0, 1.0, 2.0, 1.0, 0.5, 1.0, 2.0, null], "imacontour": [null, "=", "+", "+", "-", "+", "-", "+", "-", "+", "-", "+", "-", "-", "-", "+", "+"], "pitch": ["C5", "A4", "G#4", "A4", "B4", "D5", "F5", "D5", "A4", "C5", "B4", "A4", "G#4", "A4", "B4", "D5", "A4"], "contour3": [null, "-", "-", "+", "+", "+", "+", "-", "-", "+", "-", "-", "-", "+", "+", "+", "-"], "contour5": [null, "--", "-", "+", "+", "++", "++", "--", "--", "++", "-", "-", "-", "+", "+", "++", "--"], "beatstrength": [1.0, 0.5, 0.5, 1.0, 0.25, 0.5, 0.25, 0.5, 0.25, 1.0, 0.25, 0.5, 0.5, 1.0, 0.25, 0.5, 0.5], "beat_str": ["1", "1", "1", "1", "1", "1", "1", "1", "1", "1", "1", "1", "1", "1", "1", "1", "1"], "beat_fraction_str": ["0", "1/3", "2/3", "0", "1/6", "1/3", "1/2", "2/3", "5/6", "0", "1/6", "1/3", "2/3", "0", "1/6", "1/3", "2/3"], "beat": [1.0, 1.3333333333333333, 1.6666666666666667, 1.0, 1.1666666666666667, 1.3333333333333333, 1.5, 1.6666666666666667, 1.8333333333333333, 1.0, 1.1666666666666667, 1.3333333333333333, 1.6666666666666667, 1.0, 1.1666666666666667, 1.3333333333333333, 1.6666666666666667], "timesignature": ["3/8", "3/8", "3/8", "3/8", "3/8", "3/8", "3/8", "3/8", "3/8", "3/8", "3/8", "3/8", "3/8", "3/8", "3/8", "3/8", "3/8"], "gpr2a_Frankland": [null, null, null, null, null, null, null, null, null, null, null, null, null, null, null, null, null], "gpr2b_Frankland": [null, null, null, null, null, null, null, null, null, null, null, null, null, null, null, null, null], "gpr3a_Frankland": [null, null, null, null, null, null, null, 0.4, null, null, 0.5, null, null, null, null, null, null], "gpr3d_Frankland": [null, null, 0.5, null, 0.0, 0.0, 0.0, 0.0, 0.0, null, 0.5, null, 0.5, null, null, null, null], "gpr_Frankland_sum": [0, 0, 0.5, 0, 0, 0, 0, 0.4, 0, 0, 1.0, 0, 0.5, 0, 0, 0, 0], "lbdm_spitch": [null, 0.16666666666666666, 0.1, 0.34285714285714286, 0.21428571428571427, 0.0, 0.30000000000000004, 1.0, 0.8, 0.26666666666666666, 0.4, 0.1, 0.1, 0.34285714285714286, 0.5142857142857142, null, null], "lbdm_sioi": [null, 0.0, 1.0, 0.5, 0.0, 0.0, 0.0, 0.0, 0.0, 0.0, 0.5, 1.0, 1.0, 0.5, 0.5, null, null], "lbdm_srest": [null, 0.0, 0.0, 0.0, 0.0, 0.0, 0.0, 0.0, 0.0, 0.0, 0.0, 0.0, 0.0, 0.0, 0.0, null, null], "lbdm_rpitch": [null, 0.3333333333333333, 0.0, 0.2, 0.14285714285714285, 0.0, 0.0, 0.2, 0.2, 0.3333333333333333, 0.2, 0.2, 0.0, 0.2, 0.14285714285714285, 0.2, null], "lbdm_rioi": [null, 0.0, 0.0, 0.3333333333333333, 0.0, 0.0, 0.0, 0.0, 0.0, 0.0, 0.0, 0.3333333333333333, 0.0, 0.3333333333333333, 0.0, 0.3333333333333333, null], "lbdm_rrest": [null, 0.0, 0.0, 0.0, 0.0, 0.0, 0.0, 0.0, 0.0, 0.0, 0.0, 0.0, 0.0, 0.0, 0.0, 0.0, null], "lbdm_boundarystrength": [null, 0.041666666666666664, 0.525, 0.33571428571428574, 0.05357142857142857, 0.0, 0.07500000000000001, 0.25, 0.2, 0.06666666666666667, 0.35, 0.525, 0.525, 0.33571428571428574, 0.37857142857142856, null, null]}}
