{"id": "KB1926600020", "tunefamily": "", "year": -1, "tunefamily_full": "", "type": "", "freemeter": false, "origin": "", "features": {"scaledegree": [2, 3, 4, 3, 6, 4, 3, 4, 6, 5, 1, 2, 4, 6, 5, 4, 6, 5, 3], "scaledegreespecifier": ["M", "M", "P", "M", "M", "P", "M", "P", "M", "P", "P", "M", "P", "M", "P", "P", "M", "P", "M"], "tonic": ["F", "F", "F", "F", "F", "F", "F", "F", "F", "F", "F", "F", "F", "F", "F", "F", "F", "F", "F"], "mode": ["major", "major", "major", "major", "major", "major", "major", "major", "major", "major", "major", "major", "major", "major", "major", "major", "major", "major", "major"], "metriccontour": [null, "-", "+", "-", "+", "-", "+", "-", "+", "+", "=", "+", "-", "+", "=", "+", "-", "+", "="], "imaweight": [0.84188, 0.5, 0.807692, 0.32906, 1.0, 0.324786, 0.824786, 0.0854701, 0.534188, 0.846154, 0.760684, 0.58547, 0.299145, 0.551282, 0.726496, 0.57265, 0.24359, 0.551282, 0.726496], "imaweight_spectral": [0.822835, 0.507874, 0.807087, 0.350394, 0.968504, 0.346457, 0.791339, 0.0787402, 0.523622, 0.826772, 1.0, 0.822835, 0.559055, 0.807087, 0.968504, 0.811024, 0.507874, 0.822835, 0.984252], "pitch40_hewlett": [146, 152, 157, 152, 169, 157, 152, 157, 169, 163, 140, 146, 157, 169, 163, 157, 169, 163, 152], "pitch40_sapp": [185, 191, 196, 191, 208, 196, 191, 196, 208, 202, 179, 185, 196, 208, 202, 196, 208, 202, 191], "octave": [4, 4, 4, 4, 5, 4, 4, 4, 5, 5, 4, 4, 4, 5, 5, 4, 5, 5, 4], "midipitch": [67, 69, 70, 69, 74, 70, 69, 70, 74, 72, 65, 67, 70, 74, 72, 70, 74, 72, 69], "diatonicpitch": [29, 30, 31, 30, 33, 31, 30, 31, 33, 32, 28, 29, 31, 33, 32, 31, 33, 32, 30], "diatonicinterval": [null, 1, 1, -1, 3, -2, -1, 1, 2, -1, -4, 1, 2, 2, -1, -1, 2, -1, -2], "chromaticinterval": [null, 2, 1, -1, 5, -4, -1, 1, 4, -2, -7, 2, 3, 4, -2, -2, 4, -2, -3], "pitchproximity": [null, null, 1, 1, 5, 4, 1, 1, 4, 2, 7, 2, 3, 4, 2, 2, 4, 2, 3], "pitchreversal": [null, null, 0, 1.5, 0, 1.5, 0, 1.5, 0, 1.5, 0, 1, 0, 0, 1.5, 0, 1.5, 1.5, 0], "nextisrest": [false, false, false, false, false, false, false, false, false, false, false, false, false, false, false, false, false, false, null], "restduration_frac": [null, null, null, null, null, null, null, null, null, null, null, null, null, null, null, null, null, null, null], "duration": [0.25, 0.25, 0.25, 0.25, 0.25, 0.25, 0.125, 0.125, 0.25, 0.5, 0.5, 0.25, 0.25, 0.5, 0.5, 0.25, 0.25, 0.5, 0.5], "duration_frac": ["1/4", "1/4", "1/4", "1/4", "1/4", "1/4", "1/8", "1/8", "1/4", "1/2", "1/2", "1/4", "1/4", "1/2", "1/2", "1/4", "1/4", "1/2", "1/2"], "duration_fullname": ["16th", "16th", "16th", "16th", "16th", "16th", "32nd", "32nd", "16th", "Eighth", "Eighth", "16th", "16th", "Eighth", "Eighth", "16th", "16th", "Eighth", "Eighth"], "durationcontour": [null, "=", "=", "=", "=", "=", "-", "=", "+", "+", "=", "-", "=", "+", "=", "-", "=", "+", "="], "onsettick": [0, 2, 4, 6, 8, 10, 12, 13, 14, 16, 20, 24, 26, 28, 32, 36, 38, 40, 44], "beatfraction": ["1/6", "1/6", "1/6", "1/6", "1/6", "1/6", "1/12", "1/12", "1/6", "1/3", "1/3", "1/6", "1/6", "1/3", "1/3", "1/6", "1/6", "1/3", "1/3"], "phrasepos": [0.0, 0.045454545454545456, 0.09090909090909091, 0.13636363636363635, 0.18181818181818182, 0.22727272727272727, 0.2727272727272727, 0.29545454545454547, 0.3181818181818182, 0.36363636363636365, 0.45454545454545453, 0.5454545454545454, 0.5909090909090909, 0.6363636363636364, 0.7272727272727273, 0.8181818181818182, 0.8636363636363636, 0.9090909090909091, 1.0], "phrase_ix": [0, 0, 0, 0, 0, 0, 0, 0, 0, 0, 0, 0, 0, 0, 0, 0, 0, 0, 0], "phrase_end": [false, false, false, false, false, false, false, false, false, false, false, false, false, false, false, false, false, false, true], "songpos": [0.0, 0.045454545454545456, 0.09090909090909091, 0.13636363636363635, 0.18181818181818182, 0.22727272727272727, 0.2727272727272727, 0.29545454545454547, 0.3181818181818182, 0.36363636363636365, 0.45454545454545453, 0.5454545454545454, 0.5909090909090909, 0.6363636363636364, 0.7272727272727273, 0.8181818181818182, 0.8636363636363636, 0.9090909090909091, 1.0], "beatinsong": ["0", "1/6", "1/3", "1/2", "2/3", "5/6", "1", "13/12", "7/6", "4/3", "5/3", "2", "13/6", "7/3", "8/3", "3", "19/6", "10/3", "11/3"], "beatinphrase": ["0", "1/6", "1/3", "1/2", "2/3", "5/6", "1", "13/12", "7/6", "4/3", "5/3", "2", "13/6", "7/3", "8/3", "3", "19/6", "10/3", "11/3"], "beatinphrase_end": ["-3", "-17/6", "-8/3", "-5/2", "-7/3", "-13/6", "-2", "-23/12", "-11/6", "-5/3", "-4/3", "-1", "-5/6", "-2/3", "-1/3", "0", "1/6", "1/3", "2/3"], "IOI_frac": ["1/4", "1/4", "1/4", "1/4", "1/4", "1/4", "1/8", "1/8", "1/4", "1/2", "1/2", "1/4", "1/4", "1/2", "1/2", "1/4", "1/4", "1/2", null], "IOI": [0.25, 0.25, 0.25, 0.25, 0.25, 0.25, 0.125, 0.125, 0.25, 0.5, 0.5, 0.25, 0.25, 0.5, 0.5, 0.25, 0.25, 0.5, null], "IOR_frac": [null, "1", "1", "1", "1", "1", "1/2", "1", "2", "2", "1", "1/2", "1", "2", "1", "1/2", "1", "2", null], "IOR": [null, 1.0, 1.0, 1.0, 1.0, 1.0, 0.5, 1.0, 2.0, 2.0, 1.0, 0.5, 1.0, 2.0, 1.0, 0.5, 1.0, 2.0, null], "imacontour": [null, "-", "+", "-", "+", "-", "+", "-", "+", "+", "-", "-", "-", "+", "+", "-", "-", "+", "+"], "pitch": ["G4", "A4", "B-4", "A4", "D5", "B-4", "A4", "B-4", "D5", "C5", "F4", "G4", "B-4", "D5", "C5", "B-4", "D5", "C5", "A4"], "contour3": [null, "+", "+", "-", "+", "-", "-", "+", "+", "-", "-", "+", "+", "+", "-", "-", "+", "-", "-"], "contour5": [null, "+", "+", "-", "++", "--", "-", "+", "++", "-", "--", "+", "++", "++", "-", "-", "++", "-", "--"], "beatstrength": [1.0, 0.25, 0.5, 0.25, 0.5, 0.25, 1.0, 0.125, 0.25, 0.5, 0.5, 1.0, 0.25, 0.5, 0.5, 1.0, 0.25, 0.5, 0.5], "beat_str": ["1", "1", "1", "1", "1", "1", "1", "1", "1", "1", "1", "1", "1", "1", "1", "1", "1", "1", "1"], "beat_fraction_str": ["0", "1/6", "1/3", "1/2", "2/3", "5/6", "0", "1/12", "1/6", "1/3", "2/3", "0", "1/6", "1/3", "2/3", "0", "1/6", "1/3", "2/3"], "beat": [1.0, 1.1666666666666667, 1.3333333333333333, 1.5, 1.6666666666666667, 1.8333333333333333, 1.0, 1.0833333333333333, 1.1666666666666667, 1.3333333333333333, 1.6666666666666667, 1.0, 1.1666666666666667, 1.3333333333333333, 1.6666666666666667, 1.0, 1.1666666666666667, 1.3333333333333333, 1.6666666666666667], "timesignature": ["3/8", "3/8", "3/8", "3/8", "3/8", "3/8", "3/8", "3/8", "3/8", "3/8", "3/8", "3/8", "3/8", "3/8", "3/8", "3/8", "3/8", "3/8", "3/8"], "gpr2a_Frankland": [null, null, null, null, null, null, null, null, null, null, null, null, null, null, null, null, null, null, null], "gpr2b_Frankland": [null, null, null, null, null, null, null, null, null, null, null, null, null, null, null, null, null, null, null], "gpr3a_Frankland": [null, null, null, 0.5, null, null, null, 0.625, null, 0.7142857142857143, null, null, 0.375, null, null, 0.5, null, null, null], "gpr3d_Frankland": [null, 0.0, 0.0, 0.0, null, 0.5, null, null, null, null, 0.5, null, 0.5, null, 0.5, null, null, null, null], "gpr_Frankland_sum": [0, 0, 0, 0.5, 0, 0.5, 0, 0.625, 0, 0.7142857142857143, 0.5, 0, 0.875, 0, 0.5, 0.5, 0, 0, 0], "lbdm_spitch": [null, 0.03142857142857143, 0.07857142857142857, 0.4642857142857143, 0.32653061224489793, 0.0673469387755102, 0.0673469387755102, 0.426530612244898, 0.22142857142857145, 1.0, 0.18775510204081633, 0.11972789115646258, 0.22698412698412698, 0.07857142857142857, 0.07857142857142857, 0.3142857142857143, 0.12346938775510205, null, null], "lbdm_sioi": [null, 0.0, 0.0, 0.0, 0.0, 0.5, 0.25, 0.25, 1.0, 1.0, 1.0, 0.5, 0.5, 1.0, 1.0, 0.5, 0.5, null, null], "lbdm_srest": [null, 0.0, 0.0, 0.0, 0.0, 0.0, 0.0, 0.0, 0.0, 0.0, 0.0, 0.0, 0.0, 0.0, 0.0, 0.0, 0.0, null, null], "lbdm_rpitch": [null, 0.2, 0.0, 0.5, 0.09090909090909091, 0.42857142857142855, 0.0, 0.42857142857142855, 0.25, 0.45454545454545453, 0.45454545454545453, 0.14285714285714285, 0.1111111111111111, 0.25, 0.0, 0.25, 0.25, 0.14285714285714285, null],