{"id": "KB1903900022", "tunefamily": "", "year": -1, "tunefamily_full": "", "type": "", "freemeter": false, "origin": "", "features": {"scaledegree": [7, 6, 5, 5, 5, 6, 7, 6, 5, 2, 3, 1], "scaledegreespecifier": ["M", "M", "P", "P", "P", "M", "M", "M", "P", "M", "M", "P"], "tonic": ["C", "C", "C", "C", "C", "C", "C", "C", "C", "C", "C", "C"], "mode": ["major", "major", "major", "major", "major", "major", "major", "major", "major", "major", "major", "major"], "metriccontour": [null, "-", "+", "+", "-", "=", "+", "-", "+", "+", "-", "+"], "imaweight": [0.636364, 0.878788, 0.484848, 0.878788, 0.636364, 1.0, 0.787879, 0.666667, 1.0, 0.636364, 0.121212, 0.878788], "imaweight_spectral": [0.76, 0.92, 0.66, 1.0, 0.76, 0.82, 0.76, 0.6, 0.9, 0.76, 0.08, 0.92], "pitch40_hewlett": [158, 152, 146, 186, 186, 192, 158, 152, 146, 169, 175, 163], "pitch40_sapp": [197, 191, 185, 225, 225, 231, 197, 191, 185, 208, 214, 202], "octave": [4, 4, 4, 5, 5, 5, 4, 4, 4, 5, 5, 5], "midipitch": [71, 69, 67, 79, 79, 81, 71, 69, 67, 74, 76, 72], "diatonicpitch": [34, 33, 32, 39, 39, 40, 34, 33, 32, 36, 37, 35], "diatonicinterval": [null, -1, -1, 7, 0, 1, -6, -1, -1, 4, 1, -2], "chromaticinterval": [null, -2, -2, 12, 0, 2, -10, -2, -2, 7, 2, -4], "pitchproximity": [null, null, 2, null, 0, 2, 10, 2, 2, 7, 2, 4], "pitchreversal": [null, null, 0, 0, null, 0, 0, -1, 0, 0, -1, 1.5], "nextisrest": [false, false, false, false, false, false, false, false, false, false, false, null], "restduration_frac": [null, null, null, null, null, null, null, null, null, null, null, null], "duration": [0.5, 0.5, 1.0, 0.5, 1.0, 0.5, 0.5, 0.5, 1.0, 0.25, 0.25, 1.5], "duration_frac": ["1/2", "1/2", "1", "1/2", "1", "1/2", "1/2", "1/2", "1", "1/4", "1/4", "3/2"], "duration_fullname": ["Eighth", "Eighth", "Quarter", "Eighth", "Quarter", "Eighth", "Eighth", "Eighth", "Quarter", "16th", "16th", "Dotted Quarter"], "durationcontour": [null, "=", "+", "-", "+", "-", "=", "=", "+", "-", "=", "+"], "onsettick": [0, 2, 4, 8, 10, 14, 16, 18, 20, 24, 25, 26], "beatfraction": ["1/2", "1/2", "1", "1/2", "1", "1/2", "1/2", "1/2", "1", "1/4", "1/4", "3/2"], "phrasepos": [0.0, 0.07692307692307693, 0.15384615384615385, 0.3076923076923077, 0.38461538461538464, 0.5384615384615384, 0.6153846153846154, 0.6923076923076923, 0.7692307692307693, 0.9230769230769231, 0.9615384615384616, 1.0], "phrase_ix": [0, 0, 0, 0, 0, 0, 0, 0, 0, 0, 0, 0], "phrase_end": [false, false, false, false, false, false, false, false, false, false, false, true], "songpos": [0.0, 0.07692307692307693, 0.15384615384615385, 0.3076923076923077, 0.38461538461538464, 0.5384615384615384, 0.6153846153846154, 0.6923076923076923, 0.7692307692307693, 0.9230769230769231, 0.9615384615384616, 1.0], "beatinsong": ["0", "1/2", "1", "2", "5/2", "7/2", "4", "9/2", "5", "6", "25/4", "13/2"], "beatinphrase": ["0", "1/2", "1", "2", "5/2", "7/2", "4", "9/2", "5", "6", "25/4", "13/2"], "beatinphrase_end": ["-6", "-11/2", "-5", "-4", "-7/2", "-5/2", "-2", "-3/2", "-1", "0", "1/4", "1/2"], "IOI_frac": ["1/2", "1/2", "1", "1/2", "1", "1/2", "1/2", "1/2", "1", "1/4", "1/4", null], "IOI": [0.5, 0.5, 1.0, 0.5, 1.0, 0.5, 0.5, 0.5, 1.0, 0.25, 0.25, null], "IOR_frac": [null, "1", "2", "1/2", "2", "1/2", "1", "1", "2", "1/4", "1", null], "IOR": [null, 1.0, 2.0, 0.5, 2.0, 0.5, 1.0, 1.0, 2.0, 0.25, 1.0, null], "imacontour": [null, "+", "-", "+", "-", "+", "-", "-", "+", "-", "-", "+"], "pitch": ["B4", "A4", "G4", "G5", "G5", "A5", "B4", "A4", "G4", "D5", "E5", "C5"], "contour3": [null, "-", "-", "+", "=", "+", "-", "-", "-", "+", "+", "-"], "contour5": [null, "-", "-", "++", "=", "+", "--", "-", "-", "++", "+", "--"], "beatstrength": [1.0, 0.25, 0.5, 1.0, 0.25, 0.25, 1.0, 0.25, 0.5, 1.0, 0.125, 0.25], "beat_str": ["1", "1", "2", "1", "1", "2", "1", "1", "2", "1", "1", "1"], "beat_fraction_str": ["0", "1/2", "0", "0", "1/2", "1/2", "0", "1/2", "0", "0", "1/4", "1/2"], "beat": [1.0, 1.5, 2.0, 1.0, 1.5, 2.5, 1.0, 1.5, 2.0, 1.0, 1.25, 1.5], "timesignature": ["2/4", "2/4", "2/4", "2/4", "2/4", "2/4", "2/4", "2/4", "2/4", "2/4", "2/4", "2/4"], "gpr2a_Frankland": [null, null, null, null, null, null, null, null, null, null, null, null], "gpr2b_Frankland": [null, null, 0.5, null, 0.5, null, null, null, 0.625, null, null, null], "gpr3a_Frankland": [null, null, 0.9166666666666666, null, null, 0.8, null, null, 0.7142857142857143, null, null, null], "gpr3d_Frankland": [null, null, null, null, null, null, null, null, null, null, null, null], "gpr_Frankland_sum": [0, 0, 1.4166666666666665, 0, 0.5, 0.8, 0, 0, 1.3392857142857144, 0, 0, 0], "lbdm_spitch": [null, 0.07028112449799197, 1.0, 0.0, 0.12048192771084337, 0.642570281124498, 0.0642570281124498, 0.0511135450894487, 0.3577948156261409, 0.0792259948886455, null, null], "lbdm_sioi": [null, 0.17857142857142855, 0.7142857142857142, 0.3571428571428571, 0.7142857142857142, 0.17857142857142855, 0.0, 0.17857142857142855, 1.0, 0.1607142857142857, null, null], "lbdm_srest": [null, 0.0, 0.0, 0.0, 0.0, 0.0, 0.0, 0.0, 0.0, 0.0, null, null], "lbdm_rpitch": [null, 0.0, 0.625, 0.8571428571428571, 0.5, 0.5714285714285714, 0.5714285714285714, 0.0, 0.45454545454545453, 0.45454545454545453, 0.25, null], "lbdm_rioi": [null, 0.0, 0.3333333333333333, 0.3333333333333333, 0.3333333333333333, 0.3333333333333333, 0.0, 0.0, 0.3333333333333333, 0.6, 0.0, null], "lbdm_rrest": [null, 0.0, 0.0, 0.0, 0.0, 0.0, 0.0, 0.0, 0.0, 0.0, 0.0, null], "lbdm_boundarystrength": [null, 0.10685599541021226, 0.6071428571428571, 0.17857142857142855, 0.3872633390705679, 0.24992828456683877, 0.01606425702811245, 0.10206410055807645, 0.5894487039065353, 0.10016364157930423, null, null]}}
