{"id": "KB1921700020", "tunefamily": "", "year": -1, "tunefamily_full": "", "type": "", "freemeter": false, "origin": "", "features": {"scaledegree": [2, 4, 3, 3, 1, 1, 2, 4, 3, 3, 2, 4, 1, 3, 1, 1, 2, 4, 3, 3], "scaledegreespecifier": ["M", "P", "M", "M", "P", "P", "M", "P", "M", "M", "M", "P", "P", "M", "P", "P", "M", "P", "M", "M"], "tonic": ["F", "F", "F", "F", "F", "F", "F", "F", "F", "F", "F", "F", "F", "F", "F", "F", "F", "F", "F", "F"], "mode": ["major", "major", "major", "major", "major", "major", "major", "major", "major", "major", "major", "major", "major", "major", "major", "major", "major", "major", "major", "major"], "metriccontour": [null, "-", "+", "=", "-", "+", "-", "=", "+", "=", "+", "-", "+", "=", "-", "+", "-", "=", "+", "="], "imaweight": [0.934783, 0.0289855, 0.934783, 0.934783, 0.0869565, 1.0, 0.0942029, 0.0942029, 1.0, 0.934783, 0.934783, 0.202899, 0.934783, 0.934783, 0.0869565, 1.0, 0.0942029, 0.0942029, 1.0, 0.934783], "imaweight_spectral": [0.929825, 0.116959, 0.976608, 0.953216, 0.163743, 0.929825, 0.128655, 0.128655, 0.976608, 0.953216, 0.929825, 0.233918, 0.953216, 0.929825, 0.163743, 0.929825, 0.128655, 0.128655, 1.0, 0.976608], "pitch40_hewlett": [146, 157, 152, 152, 140, 140, 146, 157, 152, 152, 146, 157, 140, 152, 140, 140, 146, 157, 152, 152], "pitch40_sapp": [185, 196, 191, 191, 179, 179, 185, 196, 191, 191, 185, 196, 179, 191, 179, 179, 185, 196, 191, 191], "octave": [4, 4, 4, 4, 4, 4, 4, 4, 4, 4, 4, 4, 4, 4, 4, 4, 4, 4, 4, 4], "midipitch": [67, 70, 69, 69, 65, 65, 67, 70, 69, 69, 67, 70, 65, 69, 65, 65, 67, 70, 69, 69], "diatonicpitch": [29, 31, 30, 30, 28, 28, 29, 31, 30, 30, 29, 31, 28, 30, 28, 28, 29, 31, 30, 30], "diatonicinterval": [null, 2, -1, 0, -2, 0, 1, 2, -1, 0, -1, 2, -3, 2, -2, 0, 1, 2, -1, 0], "chromaticinterval": [null, 3, -1, 0, -4, 0, 2, 3, -1, 0, -2, 3, -5, 4, -4, 0, 2, 3, -1, 0], "pitchproximity": [null, null, 1, 0, 4, 0, 2, 3, 1, 0, 2, 3, 5, 4, 4, 0, 2, 3, 1, 0], "pitchreversal": [null, null, 1.5, 0, 0, 0, 0, 0, 1.5, 0, 0, 1.5, 1.5, 1.5, 1.5, 0, 0, 0, 1.5, 0], "nextisrest": [false, false, false, false, false, false, false, false, false, false, false, false, false, false, false, false, false, false, false, null], "restduration_frac": [null, null, null, null, null, null, null, null, null, null, null, null, null, null, null, null, null, null, null, null], "duration": [0.25, 0.25, 0.5, 0.25, 0.25, 0.16666666666666666, 0.16666666666666666, 0.16666666666666666, 0.5, 0.5, 0.25, 0.25, 0.5, 0.25, 0.25, 0.16666666666666666, 0.16666666666666666, 0.16666666666666666, 0.5, 0.5], "duration_frac": ["1/4", "1/4", "1/2", "1/4", "1/4", "1/6", "1/6", "1/6", "1/2", "1/2", "1/4", "1/4", "1/2", "1/4", "1/4", "1/6", "1/6", "1/6", "1/2", "1/2"], "duration_fullname": ["16th", "16th", "Eighth", "16th", "16th", "16th Triplet (1/6 QL)", "16th Triplet (1/6 QL)", "16th Triplet (1/6 QL)", "Eighth", "Eighth", "16th", "16th", "Eighth", "16th", "16th", "16th Triplet (1/6 QL)", "16th Triplet (1/6 QL)", "16th Triplet (1/6 QL)", "Eighth", "Eighth"], "durationcontour": [null, "=", "+", "-", "=", "-", "=", "=", "+", "=", "-", "=", "+", "-", "=", "-", "=", "=", "+", "="], "onsettick": [0, 3, 6, 12, 15, 18, 20, 22, 24, 30, 36, 39, 42, 48, 51, 54, 56, 58, 60, 66], "beatfraction": ["1/6", "1/6", "1/3", "1/6", "1/6", "1/9", "1/9", "1/9", "1/3", "1/3", "1/6", "1/6", "1/3", "1/6", "1/6", "1/9", "1/9", "1/9", "1/3", "1/3"], "phrasepos": [0.0, 0.045454545454545456, 0.09090909090909091, 0.18181818181818182, 0.22727272727272727, 0.2727272727272727, 0.30303030303030304, 0.3333333333333333, 0.36363636363636365, 0.45454545454545453, 0.5454545454545454, 0.5909090909090909, 0.6363636363636364, 0.7272727272727273, 0.7727272727272727, 0.8181818181818182, 0.8484848484848485, 0.8787878787878788, 0.9090909090909091, 1.0], "phrase_ix": [0, 0, 0, 0, 0, 0, 0, 0, 0, 0, 0, 0, 0, 0, 0, 0, 0, 0, 0, 0], "phrase_end": [false, false, false, false, false, false, false, false, false, false, false, false, false, false, false, false, false, false, false, true], "songpos": [0.0, 0.045454545454545456, 0.09090909090909091, 0.18181818181818182, 0.22727272727272727, 0.2727272727272727, 0.30303030303030304, 0.3333333333333333, 0.36363636363636365, 0.45454545454545453, 0.5454545454545454, 0.5909090909090909, 0.6363636363636364, 0.7272727272727273, 0.7727272727272727, 0.8181818181818182, 0.8484848484848485, 0.8787878787878788, 0.9090909090909091, 1.0], "beatinsong": ["0", "1/6", "1/3", "2/3", "5/6", "1", "10/9", "11/9", "4/3", "5/3", "2", "13/6", "7/3", "8/3", "17/6", "3", "28/9", "29/9", "10/3", "11/3"], "beatinphrase": ["0", "1/6", "1/3", "2/3", "5/6", "1", "10/9", "11/9", "4/3", "5/3", "2", "13/6", "7/3", "8/3", "17/6", "3", "28/9", "29/9", "10/3", "11/3"], "beatinphrase_end": ["-3", "-17/6", "-8/3", "-7/3", "-13/6", "-2", "-17/9", "-16/9", "-5/3", "-4/3", "-1", "-5/6", "-2/3", "-1/3", "-1/6", "0", "1/9", "2/9", "1/3", "2/3"], "IOI_frac": ["1/4", "1/4", "1/2", "1/4", "1/4", "1/6", "1/6", "1/6", "1/2", "1/2", "1/4", "1/4", "1/2", "1/4", "1/4", "1/6", "1/6", "1/6", "1/2", null], "IOI": [0.25, 0.25, 0.5, 0.25, 0.25, 0.16666666666666666, 0.16666666666666666, 0.16666666666666666, 0.5, 0.5, 0.25, 0.25, 0.5, 0.25, 0.25, 0.16666666666666666, 0.16666666666666666, 0.16666666666666666, 0.5, null], "IOR_frac": [null, "1", "2", "1/2", "1", "2/3", "1", "1", "3", "1", "1/2", "1", "2", "1/2", "1", "2/3", "1", "1", "3", null], "IOR": [null, 1.0, 2.0, 0.5, 1.0, 0.6666666666666666, 1.0, 1.0, 3.0, 1.0, 0.5, 1.0, 2.0, 0.5, 1.0, 0.6666666666666666, 1.0, 1.0, 3.0, null], "imacontour": [null, "-", "+", "=", "-", "+", "-", "=", "+", "-", "=", "-", "+", "=", "-", "+", "-", "=", "+", "-"], "pitch": ["G4", "B-4", "A4", "A4", "F4", "F4", "G4", "B-4", "A4", "A4", "G4", "B-4", "F4", "A4", "F4", "F4", "G4", "B-4", "A4", "A4"], "contour3": [null, "+", "-", "=", "-", "=", "+", "+", "-", "=", "-", "+", "-", "+", "-", "=", "+", "+", "-", "="], "contour5": [null, "++", "-", "=", "--", "=", "+", "++", "-", "=", "-", "++", "--", "++", "--", "=", "+", "++", "-", "="], "beatstrength": [1.0, 0.25, 0.5, 0.5, 0.25, 1.0, 0.0625, 0.0625, 0.5, 0.5, 1.0, 0.25, 0.5, 0.5, 0.25, 1.0, 0.0625, 0.0625, 0.5, 0.5], "beat_str": ["1", "1", "1", "1", "1", "1", "1", "1", "1", "1", "1", "1", "1", "1", "1", "1", "1", "1", "1", "1"], "beat_fraction_str": ["0", "1/6", "1/3", "2/3", "5/6", "0", "1/9", "2/9", "1/3", "2/3", "0", "1/6", "1/3", "2/3", "5/6", "0", "1/9", "2/9", "1/3", "2/3"], "beat": [1.0, 1.1666666666666667, 1.3333333333333333, 1.6666666666666667, 1.8333333333333333, 1.0, 1.1111111111111112, 1.2222222222222223, 1.3333333333333333, 1.6666666666666667, 1.0, 1.1666666666666667, 1.3333333333333333, 1.6666666666666667, 1.8333333333333333, 1.0, 1.1111111111111112, 1.2222222222222223, 1.3333333333333333, 1.6666666666666667], "timesignature": ["3/8", "3/8", "3/8", "3/8", "3/8", "3/8", "3/8", "3/8", "3/8", "3/8", "3/8", "3/8", "3/8", "3/8", "3/8", "3/8", "3/8", "3/8", "3/8", "3/8"], "gpr2a_Frankland": [null, null, null, null, null, null, null, null, null, null, null, null, null, null, null, null, null, null, null, null], "gpr2b_Frankland": [null, null, 0.5, null, null, null, null, null, null, null, null, null, 0.5, null, null, null, null, null, null, null], "gpr3a_Frankland": [null, null, null, 1.0, null, null, 0.5, null, null, null, null, 0.30000000000000004, null, null, null, null, 0.5, null, null, null], "gpr3d_Frankland": [null, null, null, null, 0.33333333333333337, null, null, 0.6666666666666667, null, 0.5, null, null, null, null, 0.33333333333333337, null, null, null, null, null], "gpr_Frankland_sum": [0, 0, 0.5, 1.0, 0.33333333333333337, 0, 0.5, 0.6666666666666667, 0, 0.5, 0, 0.30000000000000004, 0.5, 0, 0.33333333333333337, 0, 0.5, 0, 0, 0], "lbdm_spitch": [null, 0.125, 0.0, 1.0, 0.0, 0.24107142857142855, 0.26785714285714285, 0.125, 0.0, 0.24107142857142855, 0.19285714285714284, 0.27272727272727276, 0.06818181818181819, 0.5, 0.0, 0.24107142857142855, 0.26785714285714285, 0.125, null, null],