{"id": "KB1930800011", "tunefamily": "", "year": -1, "tunefamily_full": "", "type": "", "freemeter": false, "origin": "", "features": {"scaledegree": [1, 2, 6, 4, 3, 2, 3, 1, 2, 7, 1, 3, 1], "scaledegreespecifier": ["P", "M", "M", "P", "M", "M", "M", "P", "M", "M", "P", "M", "P"], "tonic": ["G", "G", "G", "G", "G", "G", "G", "G", "G", "G", "G", "G", "G"], "mode": ["major", "major", "major", "major", "major", "major", "major", "major", "major", "major", "major", "major", "major"], "metriccontour": [null, "-", "=", "+", "-", "+", "=", "+", "-", "+", "-", "+", "="], "imaweight": [0.725275, 1.0, 0.626374, 0.956044, 0.175824, 0.681319, 0.901099, 0.769231, 0.956044, 0.461538, 0.043956, 0.274725, 0.362637], "imaweight_spectral": [0.757282, 1.0, 0.669903, 0.92233, 0.194175, 0.679612, 0.912621, 0.796117, 0.961165, 0.92233, 0.116505, 0.757282, 0.951456], "pitch40_hewlett": [146, 152, 175, 163, 158, 152, 158, 146, 152, 141, 146, 158, 146], "pitch40_sapp": [185, 191, 214, 202, 197, 191, 197, 185, 191, 180, 185, 197, 185], "octave": [4, 4, 5, 5, 4, 4, 4, 4, 4, 4, 4, 4, 4], "midipitch": [67, 69, 76, 72, 71, 69, 71, 67, 69, 66, 67, 71, 67], "diatonicpitch": [28, 29, 33, 31, 30, 29, 30, 28, 29, 27, 28, 30, 28], "diatonicinterval": [null, 1, 4, -2, -1, -1, 1, -2, 1, -2, 1, 2, -2], "chromaticinterval": [null, 2, 7, -4, -1, -2, 2, -4, 2, -3, 1, 4, -4], "pitchproximity": [null, null, 7, 4, 1, 2, 2, 4, 2, 3, 1, 4, 4], "pitchreversal": [null, null, 0, 1, 0, 0, 1.5, 1.5, 1.5, 1.5, 1.5, 0, 1.5], "nextisrest": [false, false, false, false, false, false, false, false, false, false, false, false, null], "restduration_frac": [null, null, null, null, null, null, null, null, null, null, null, null, null], "duration": [0.5, 0.5, 0.5, 0.25, 0.25, 0.5, 0.5, 0.5, 1.0, 0.25, 0.25, 0.5, 0.5], "duration_frac": ["1/2", "1/2", "1/2", "1/4", "1/4", "1/2", "1/2", "1/2", "1", "1/4", "1/4", "1/2", "1/2"], "duration_fullname": ["Eighth", "Eighth", "Eighth", "16th", "16th", "Eighth", "Eighth", "Eighth", "Quarter", "16th", "16th", "Eighth", "Eighth"], "durationcontour": [null, "=", "=", "-", "=", "+", "=", "=", "+", "-", "=", "+", "="], "onsettick": [0, 2, 4, 6, 7, 8, 10, 12, 14, 18, 19, 20, 22], "beatfraction": ["1/3", "1/3", "1/3", "1/6", "1/6", "1/3", "1/3", "1/3", "2/3", "1/6", "1/6", "1/3", "1/3"], "phrasepos": [0.0, 0.09090909090909091, 0.18181818181818182, 0.2727272727272727, 0.3181818181818182, 0.36363636363636365, 0.45454545454545453, 0.5454545454545454, 0.6363636363636364, 0.8181818181818182, 0.8636363636363636, 0.9090909090909091, 1.0], "phrase_ix": [0, 0, 0, 0, 0, 0, 0, 0, 0, 0, 0, 0, 0], "phrase_end": [false, false, false, false, false, false, false, false, false, false, false, false, true], "songpos": [0.0, 0.09090909090909091, 0.18181818181818182, 0.2727272727272727, 0.3181818181818182, 0.36363636363636365, 0.45454545454545453, 0.5454545454545454, 0.6363636363636364, 0.8181818181818182, 0.8636363636363636, 0.9090909090909091, 1.0], "beatinsong": ["0", "1/3", "2/3", "1", "7/6", "4/3", "5/3", "2", "7/3", "3", "19/6", "10/3", "11/3"], "beatinphrase": ["0", "1/3", "2/3", "1", "7/6", "4/3", "5/3", "2", "7/3", "3", "19/6", "10/3", "11/3"], "beatinphrase_end": ["-3", "-8/3", "-7/3", "-2", "-11/6", "-5/3", "-4/3", "-1", "-2/3", "0", "1/6", "1/3", "2/3"], "IOI_frac": ["1/2", "1/2", "1/2", "1/4", "1/4", "1/2", "1/2", "1/2", "1", "1/4", "1/4", "1/2", null], "IOI": [0.5, 0.5, 0.5, 0.25, 0.25, 0.5, 0.5, 0.5, 1.0, 0.25, 0.25, 0.5, null], "IOR_frac": [null, "1", "1", "1/2", "1", "2", "1", "1", "2", "1/4", "1", "2", null], "IOR": [null, 1.0, 1.0, 0.5, 1.0, 2.0, 1.0, 1.0, 2.0, 0.25, 1.0, 2.0, null], "imacontour": [null, "+", "-", "+", "-", "+", "+", "-", "+", "-", "-", "+", "+"], "pitch": ["G4", "A4", "E5", "C5", "B4", "A4", "B4", "G4", "A4", "F#4", "G4", "B4", "G4"], "contour3": [null, "+", "+", "-", "-", "-", "+", "-", "+", "-", "+", "+", "-"], "contour5": [null, "+", "++", "--", "-", "-", "+", "--", "+", "--", "+", "++", "--"], "beatstrength": [1.0, 0.5, 0.5, 1.0, 0.25, 0.5, 0.5, 1.0, 0.5, 1.0, 0.25, 0.5, 0.5], "beat_str": ["1", "1", "1", "1", "1", "1", "1", "1", "1", "1", "1", "1", "1"], "beat_fraction_str": ["0", "1/3", "2/3", "0", "1/6", "1/3", "2/3", "0", "1/3", "0", "1/6", "1/3", "2/3"], "beat": [1.0, 1.3333333333333333, 1.6666666666666667, 1.0, 1.1666666666666667, 1.3333333333333333, 1.6666666666666667, 1.0, 1.3333333333333333, 1.0, 1.1666666666666667, 1.3333333333333333, 1.6666666666666667], "timesignature": ["3/8", "3/8", "3/8", "3/8", "3/8", "3/8", "3/8", "3/8", "3/8", "3/8", "3/8", "3/8", "3/8"], "gpr2a_Frankland": [null, null, null, null, null, null, null, null, null, null, null, null, null], "gpr2b_Frankland": [null, null, null, null, null, null, null, null, 0.625, null, null, null, null], "gpr3a_Frankland": [null, 0.5714285714285714, null, null, null, null, 0.5, null, 0.5, null, null, null, null], "gpr3d_Frankland": [null, null, 0.5, null, 0.5, null, null, null, null, null, null, null, null], "gpr_Frankland_sum": [0, 0.5714285714285714, 0.5, 0, 0.5, 0, 0.5, 0, 1.125, 0, 0, 0, 0], "lbdm_spitch": [null, 1.0, 0.549770928779675, 0.13102873802582257, 0.08338192419825073, 0.1042274052478134, 0.4169096209912536, 0.1637859225322782, 0.297792586422324, 0.1588227127585728, 0.3573511037067888, null, null], "lbdm_sioi": [null, 0.0, 0.17857142857142855, 0.08928571428571427, 0.08928571428571427, 0.17857142857142855, 0.0, 0.17857142857142855, 1.0, 0.1607142857142857, 0.08928571428571427, null, null], "lbdm_srest": [null, 0.0, 0.0, 0.0, 0.0, 0.0, 0.0, 0.0, 0.0, 0.0, 0.0, null, null], "lbdm_rpitch": [null, 0.45454545454545453, 0.23076923076923078, 0.42857142857142855, 0.2, 0.0, 0.25, 0.25, 0.14285714285714285, 0.3333333333333333, 0.42857142857142855, 0.0, null], "lbdm_rioi": [null, 0.0, 0.0, 0.3333333333333333, 0.0, 0.3333333333333333, 0.0, 0.0, 0.3333333333333333, 0.6, 0.0, 0.3333333333333333, null], "lbdm_rrest": [null, 0.0, 0.0, 0.0, 0.0, 0.0, 0.0, 0.0, 0.0, 0.0, 0.0, 0.0, null], "lbdm_boundarystrength": [null, 0.25, 0.22672844648063303, 0.07740004164931277, 0.06548833819241982, 0.11534256559766762, 0.1042274052478134, 0.13023219491878382, 0.574448146605581, 0.12006282104678605, 0.13398063306955432, null, null]}}
