{"id": "KB1904500002", "tunefamily": "", "year": -1, "tunefamily_full": "", "type": "", "freemeter": false, "origin": "", "features": {"scaledegree": [4, 6, 4, 2, 3, 3, 5, 4, 4, 6, 4, 2, 3, 4, 5, 2, 1], "scaledegreespecifier": ["P", "M", "P", "M", "M", "M", "P", "P", "P", "M", "P", "M", "M", "P", "P", "M", "P"], "tonic": ["G", "G", "G", "G", "G", "G", "G", "G", "G", "G", "G", "G", "G", "G", "G", "G", "G"], "mode": ["major", "major", "major", "major", "major", "major", "major", "major", "major", "major", "major", "major", "major", "major", "major", "major", "major"], "metriccontour": [null, "-", "+", "-", "+", "-", "+", "-", "+", "-", "+", "-", "+", "-", "+", "+", "-"], "imaweight": [0.982533, 0.982533, 0.982533, 0.982533, 0.982533, 0.982533, 0.982533, 0.982533, 0.982533, 0.982533, 1.0, 1.0, 1.0, 0.0524017, 1.0, 1.0, 1.0], "imaweight_spectral": [0.983122, 0.966245, 0.983122, 0.966245, 0.966245, 1.0, 0.966245, 0.966245, 0.983122, 0.966245, 0.983122, 0.983122, 0.966245, 0.0506329, 0.966245, 0.983122, 0.983122], "pitch40_hewlett": [163, 175, 163, 152, 158, 158, 169, 163, 163, 175, 163, 152, 158, 163, 169, 152, 146], "pitch40_sapp": [202, 214, 202, 191, 197, 197, 208, 202, 202, 214, 202, 191, 197, 202, 208, 191, 185], "octave": [5, 5, 5, 4, 4, 4, 5, 5, 5, 5, 5, 4, 4, 5, 5, 4, 4], "midipitch": [72, 76, 72, 69, 71, 71, 74, 72, 72, 76, 72, 69, 71, 72, 74, 69, 67], "diatonicpitch": [31, 33, 31, 29, 30, 30, 32, 31, 31, 33, 31, 29, 30, 31, 32, 29, 28], "diatonicinterval": [null, 2, -2, -2, 1, 0, 2, -1, 0, 2, -2, -2, 1, 1, 1, -3, -1], "chromaticinterval": [null, 4, -4, -3, 2, 0, 3, -2, 0, 4, -4, -3, 2, 1, 2, -5, -2], "pitchproximity": [null, null, 4, 3, 2, 0, 3, 2, 0, 4, 4, 3, 2, 1, 2, 5, 2], "pitchreversal": [null, null, 1.5, 0, 1.5, 0, 0, 1.5, 0, 0, 1.5, 0, 1.5, 0, 0, 0, 0], "nextisrest": [false, false, false, false, false, false, false, false, false, false, false, false, false, false, false, false, null], "restduration_frac": [null, null, null, null, null, null, null, null, null, null, null, null, null, null, null, null, null], "duration": [0.5, 0.5, 0.5, 0.5, 0.5, 0.5, 0.5, 0.5, 0.5, 0.5, 0.5, 0.5, 0.25, 0.25, 0.5, 0.5, 0.5], "duration_frac": ["1/2", "1/2", "1/2", "1/2", "1/2", "1/2", "1/2", "1/2", "1/2", "1/2", "1/2", "1/2", "1/4", "1/4", "1/2", "1/2", "1/2"], "duration_fullname": ["Eighth", "Eighth", "Eighth", "Eighth", "Eighth", "Eighth", "Eighth", "Eighth", "Eighth", "Eighth", "Eighth", "Eighth", "16th", "16th", "Eighth", "Eighth", "Eighth"], "durationcontour": [null, "=", "=", "=", "=", "=", "=", "=", "=", "=", "=", "=", "-", "=", "+", "=", "="], "onsettick": [0, 2, 4, 6, 8, 10, 12, 14, 16, 18, 20, 22, 24, 25, 26, 28, 30], "beatfraction": ["1/2", "1/2", "1/2", "1/2", "1/2", "1/2", "1/2", "1/2", "1/2", "1/2", "1/2", "1/2", "1/4", "1/4", "1/2", "1/2", "1/2"], "phrasepos": [0.0, 0.06666666666666667, 0.13333333333333333, 0.2, 0.26666666666666666, 0.3333333333333333, 0.4, 0.4666666666666667, 0.5333333333333333, 0.6, 0.6666666666666666, 0.7333333333333333, 0.8, 0.8333333333333334, 0.8666666666666667, 0.9333333333333333, 1.0], "phrase_ix": [0, 0, 0, 0, 0, 0, 0, 0, 0, 0, 0, 0, 0, 0, 0, 0, 0], "phrase_end": [false, false, false, false, false, false, false, false, false, false, false, false, false, false, false, false, true], "songpos": [0.0, 0.06666666666666667, 0.13333333333333333, 0.2, 0.26666666666666666, 0.3333333333333333, 0.4, 0.4666666666666667, 0.5333333333333333, 0.6, 0.6666666666666666, 0.7333333333333333, 0.8, 0.8333333333333334, 0.8666666666666667, 0.9333333333333333, 1.0], "beatinsong": ["0", "1/2", "1", "3/2", "2", "5/2", "3", "7/2", "4", "9/2", "5", "11/2", "6", "25/4", "13/2", "7", "15/2"], "beatinphrase": ["0", "1/2", "1", "3/2", "2", "5/2", "3", "7/2", "4", "9/2", "5", "11/2", "6", "25/4", "13/2", "7", "15/2"], "beatinphrase_end": ["-6", "-11/2", "-5", "-9/2", "-4", "-7/2", "-3", "-5/2", "-2", "-3/2", "-1", "-1/2", "0", "1/4", "1/2", "1", "3/2"], "IOI_frac": ["1/2", "1/2", "1/2", "1/2", "1/2", "1/2", "1/2", "1/2", "1/2", "1/2", "1/2", "1/2", "1/4", "1/4", "1/2", "1/2", null], "IOI": [0.5, 0.5, 0.5, 0.5, 0.5, 0.5, 0.5, 0.5, 0.5, 0.5, 0.5, 0.5, 0.25, 0.25, 0.5, 0.5, null], "IOR_frac": [null, "1", "1", "1", "1", "1", "1", "1", "1", "1", "1", "1", "1/2", "1", "2", "1", null], "IOR": [null, 1.0, 1.0, 1.0, 1.0, 1.0, 1.0, 1.0, 1.0, 1.0, 1.0, 1.0, 0.5, 1.0, 2.0, 1.0, null], "imacontour": [null, "=", "=", "=", "=", "=", "=", "=", "=", "=", "+", "=", "=", "-", "+", "=", "="], "pitch": ["C5", "E5", "C5", "A4", "B4", "B4", "D5", "C5", "C5", "E5", "C5", "A4", "B4", "C5", "D5", "A4", "G4"], "contour3": [null, "+", "-", "-", "+", "=", "+", "-", "=", "+", "-", "-", "+", "+", "+", "-", "-"], "contour5": [null, "++", "--", "--", "+", "=", "++", "-", "=", "++", "--", "--", "+", "+", "+", "--", "-"], "beatstrength": [1.0, 0.25, 0.5, 0.25, 1.0, 0.25, 0.5, 0.25, 1.0, 0.25, 0.5, 0.25, 1.0, 0.125, 0.25, 0.5, 0.25], "beat_str": ["1", "1", "2", "2", "1", "1", "2", "2", "1", "1", "2", "2", "1", "1", "1", "2", "2"], "beat_fraction_str": ["0", "1/2", "0", "1/2", "0", "1/2", "0", "1/2", "0", "1/2", "0", "1/2", "0", "1/4", "1/2", "0", "1/2"], "beat": [1.0, 1.5, 2.0, 2.5, 1.0, 1.5, 2.0, 2.5, 1.0, 1.5, 2.0, 2.5, 1.0, 1.25, 1.5, 2.0, 2.5], "timesignature": ["2/4", "2/4", "2/4", "2/4", "2/4", "2/4", "2/4", "2/4", "2/4", "2/4", "2/4", "2/4", "2/4", "2/4", "2/4", "2/4", "2/4"], "gpr2a_Frankland": [null, null, null, null, null, null, null, null, null, null, null, null, null, null, null, null, null], "gpr2b_Frankland": [null, null, null, null, null, null, null, null, null, null, null, null, null, null, null, null, null], "gpr3a_Frankland": [null, null, null, null, null, 0.6666666666666667, null, null, null, null, null, null, null, null, 0.6, null, null], "gpr3d_Frankland": [null, 0.0, 0.0, 0.0, 0.0, 0.0, 0.0, 0.0, 0.0, 0.0, null, 0.5, null, 0.5, null, null, null], "gpr_Frankland_sum": [0, 0, 0, 0, 0, 0.6666666666666667, 0, 0, 0, 0, 0, 0.5, 0, 0.5, 0.6, 0, 0], "lbdm_spitch": [null, 0.13333333333333333, 0.2285714285714286, 0.38571428571428573, 0.0, 0.6685714285714287, 0.38571428571428573, 0.0, 0.8, 0.13333333333333333, 0.2285714285714286, 0.20571428571428574, 0.12000000000000002, 0.32, 1.0, null, null], "lbdm_sioi": [null, 0.0, 0.0, 0.0, 0.0, 0.0, 0.0, 0.0, 0.0, 0.0, 0.0, 1.0, 0.5, 0.5, 1.0, null, null], "lbdm_srest": [null, 0.0, 0.0, 0.0, 0.0, 0.0, 0.0, 0.0, 0.0, 0.0, 0.0, 0.0, 0.0, 0.0, 0.0, null, null], "lbdm_rpitch": [null, 0.0, 0.1111111111111111, 0.14285714285714285, 0.5, 0.6, 0.14285714285714285, 0.5, 0.6666666666666666, 0.0, 0.1111111111111111, 0.14285714285714285, 0.2, 0.2, 0.3333333333333333, 0.3333333333333333, null], "lbdm_rioi": [null, 0.0, 0.0, 0.0, 0.0, 0.0, 0.0, 0.0, 0.0, 0.0, 0.0, 0.0, 0.3333333333333333, 0.0, 0.3333333333333333, 0.0, null], "lbdm_rrest": [null, 0.0, 0.0, 0.0, 0.0, 0.0, 0.0, 0.0, 0.0, 0.0, 0.0, 0.0, 0.0, 0.0, 0.0, 0.0, null], "lbdm_boundarystrength": [null, 0.03333333333333333, 0.05714285714285715, 0.09642857142857143, 0.0, 0.16714285714285718, 0.09642857142857143, 0.0, 0.2, 0.03333333333333333, 0.05714285714285715, 0.5514285714285714, 0.28, 0.33, 0.75, null, null]}}
