{"id": "KB1931500020", "tunefamily": "", "year": -1, "tunefamily_full": "", "type": "", "freemeter": false, "origin": "", "features": {"scaledegree": [5, 3, 1, 5, 3, 1, 5, 1, 3, 4, 2, 3, 2, 1, 3, 1], "scaledegreespecifier": ["P", "M", "P", "P", "M", "P", "P", "P", "M", "P", "M", "M", "M", "P", "M", "P"], "tonic": ["G", "G", "G", "G", "G", "G", "G", "G", "G", "G", "G", "G", "G", "G", "G", "G"], "mode": ["major", "major", "major", "major", "major", "major", "major", "major", "major", "major", "major", "major", "major", "major", "major", "major"], "metriccontour": [null, "-", "=", "+", "-", "=", "+", "-", "+", "-", "+", "-", "+", "-", "+", "="], "imaweight": [0.60199, 0.60199, 0.621891, 0.621891, 0.641791, 0.701493, 0.940299, 0.457711, 0.920398, 0.358209, 1.0, 0.338308, 0.940299, 0.39801, 0.960199, 0.741294], "imaweight_spectral": [0.887324, 0.887324, 0.962441, 0.887324, 0.906103, 0.962441, 0.887324, 0.431925, 0.868545, 0.338028, 0.943662, 0.319249, 0.887324, 0.375587, 0.906103, 1.0], "pitch40_hewlett": [169, 158, 146, 169, 158, 146, 129, 146, 158, 163, 152, 158, 152, 146, 158, 146], "pitch40_sapp": [208, 197, 185, 208, 197, 185, 168, 185, 197, 202, 191, 197, 191, 185, 197, 185], "octave": [5, 4, 4, 5, 4, 4, 4, 4, 4, 5, 4, 4, 4, 4, 4, 4], "midipitch": [74, 71, 67, 74, 71, 67, 62, 67, 71, 72, 69, 71, 69, 67, 71, 67], "diatonicpitch": [32, 30, 28, 32, 30, 28, 25, 28, 30, 31, 29, 30, 29, 28, 30, 28], "diatonicinterval": [null, -2, -2, 4, -2, -2, -3, 3, 2, 1, -2, 1, -1, -1, 2, -2], "chromaticinterval": [null, -3, -4, 7, -3, -4, -5, 5, 4, 1, -3, 2, -2, -2, 4, -4], "pitchproximity": [null, null, 4, 7, 3, 4, 5, 5, 4, 1, 3, 2, 2, 2, 4, 4], "pitchreversal": [null, null, 0, 0, 1, 0, 0, 1.5, 0, 0, 1.5, 1.5, 1.5, 0, 1.5, 1.5], "nextisrest": [false, false, false, false, false, false, false, false, false, false, false, false, false, false, false, null], "restduration_frac": [null, null, null, null, null, null, null, null, null, null, null, null, null, null, null, null], "duration": [0.5, 0.5, 0.5, 0.5, 0.5, 0.5, 0.25, 0.25, 0.25, 0.25, 0.25, 0.25, 0.25, 0.25, 0.5, 0.5], "duration_frac": ["1/2", "1/2", "1/2", "1/2", "1/2", "1/2", "1/4", "1/4", "1/4", "1/4", "1/4", "1/4", "1/4", "1/4", "1/2", "1/2"], "duration_fullname": ["Eighth", "Eighth", "Eighth", "Eighth", "Eighth", "Eighth", "16th", "16th", "16th", "16th", "16th", "16th", "16th", "16th", "Eighth", "Eighth"], "durationcontour": [null, "=", "=", "=", "=", "=", "-", "=", "=", "=", "=", "=", "=", "=", "+", "="], "onsettick": [0, 2, 4, 6, 8, 10, 12, 13, 14, 15, 16, 17, 18, 19, 20, 22], "beatfraction": ["1/3", "1/3", "1/3", "1/3", "1/3", "1/3", "1/6", "1/6", "1/6", "1/6", "1/6", "1/6", "1/6", "1/6", "1/3", "1/3"], "phrasepos": [0.0, 0.09090909090909091, 0.18181818181818182, 0.2727272727272727, 0.36363636363636365, 0.45454545454545453, 0.5454545454545454, 0.5909090909090909, 0.6363636363636364, 0.6818181818181818, 0.7272727272727273, 0.7727272727272727, 0.8181818181818182, 0.8636363636363636, 0.9090909090909091, 1.0], "phrase_ix": [0, 0, 0, 0, 0, 0, 0, 0, 0, 0, 0, 0, 0, 0, 0, 0], "phrase_end": [false, false, false, false, false, false, false, false, false, false, false, false, false, false, false, true], "songpos": [0.0, 0.09090909090909091, 0.18181818181818182, 0.2727272727272727, 0.36363636363636365, 0.45454545454545453, 0.5454545454545454, 0.5909090909090909, 0.6363636363636364, 0.6818181818181818, 0.7272727272727273, 0.7727272727272727, 0.8181818181818182, 0.8636363636363636, 0.9090909090909091, 1.0], "beatinsong": ["0", "1/3", "2/3", "1", "4/3", "5/3", "2", "13/6", "7/3", "5/2", "8/3", "17/6", "3", "19/6", "10/3", "11/3"], "beatinphrase": ["0", "1/3", "2/3", "1", "4/3", "5/3", "2", "13/6", "7/3", "5/2", "8/3", "17/6", "3", "19/6", "10/3", "11/3"], "beatinphrase_end": ["-3", "-8/3", "-7/3", "-2", "-5/3", "-4/3", "-1", "-5/6", "-2/3", "-1/2", "-1/3", "-1/6", "0", "1/6", "1/3", "2/3"], "IOI_frac": ["1/2", "1/2", "1/2", "1/2", "1/2", "1/2", "1/4", "1/4", "1/4", "1/4", "1/4", "1/4", "1/4", "1/4", "1/2", null], "IOI": [0.5, 0.5, 0.5, 0.5, 0.5, 0.5, 0.25, 0.25, 0.25, 0.25, 0.25, 0.25, 0.25, 0.25, 0.5, null], "IOR_frac": [null, "1", "1", "1", "1", "1", "1/2", "1", "1", "1", "1", "1", "1", "1", "2", null], "IOR": [null, 1.0, 1.0, 1.0, 1.0, 1.0, 0.5, 1.0, 1.0, 1.0, 1.0, 1.0, 1.0, 1.0, 2.0, null], "imacontour": [null, "=", "+", "=", "+", "+", "+", "-", "+", "-", "+", "-", "+", "-", "+", "-"], "pitch": ["D5", "B4", "G4", "D5", "B4", "G4", "D4", "G4", "B4", "C5", "A4", "B4", "A4", "G4", "B4", "G4"], "contour3": [null, "-", "-", "+", "-", "-", "-", "+", "+", "+", "-", "+", "-", "-", "+", "-"], "contour5": [null, "--", "--", "++", "--", "--", "--", "++", "++", "+", "--", "+", "-", "-", "++", "--"], "beatstrength": [1.0, 0.5, 0.5, 1.0, 0.5, 0.5, 1.0, 0.25, 0.5, 0.25, 0.5, 0.25, 1.0, 0.25, 0.5, 0.5], "beat_str": ["1", "1", "1", "1", "1", "1", "1", "1", "1", "1", "1", "1", "1", "1", "1", "1"], "beat_fraction_str": ["0", "1/3", "2/3", "0", "1/3", "2/3", "0", "1/6", "1/3", "1/2", "2/3", "5/6", "0", "1/6", "1/3", "2/3"], "beat": [1.0, 1.3333333333333333, 1.6666666666666667, 1.0, 1.3333333333333333, 1.6666666666666667, 1.0, 1.1666666666666667, 1.3333333333333333, 1.5, 1.6666666666666667, 1.8333333333333333, 1.0, 1.1666666666666667, 1.3333333333333333, 1.6666666666666667], "timesignature": ["3/8", "3/8", "3/8", "3/8", "3/8", "3/8", "3/8", "3/8", "3/8", "3/8", "3/8", "3/8", "3/8", "3/8", "3/8", "3/8"], "gpr2a_Frankland": [null, null, null, null, null, null, null, null, null, null, null, null, null, null, null, null], "gpr2b_Frankland": [null, null, null, null, null, null, null, null, null, null, null, null, null, null, null, null], "gpr3a_Frankland": [null, null, 0.5, null, null, null, null, null, null, 0.5, null, null, null, null, null, null], "gpr3d_Frankland": [null, 0.0, 0.0, 0.0, null, 0.5, null, 0.0, 0.0, 0.0, 0.0, 0.0, null, null, null, null], "gpr_Frankland_sum": [0, 0, 0.5, 0, 0, 0.5, 0, 0, 0, 0.5, 0, 0, 0, 0, 0, 0], "lbdm_spitch": [null, 0.3463203463203463, 1.0, 0.3376623376623376, 0.20464384100747735, 0.11511216056670602, 0.11511216056670602, 0.5262270197335132, 0.1929499072356215, 0.3617810760667903, 0.07235621521335807, 0.0, 0.1266233766233766, 0.2532467532467532, null, null], "lbdm_sioi": [null, 0.0, 0.0, 0.0, 0.0, 1.0, 0.5, 0.0, 0.0, 0.0, 0.0, 0.0, 0.0, 0.5, null, null], "lbdm_srest": [null, 0.0, 0.0, 0.0, 0.0, 0.0, 0.0, 0.0, 0.0, 0.0, 0.0, 0.0, 0.0, 0.0, null, null], "lbdm_rpitch": [null, 0.1111111111111111, 0.23076923076923078, 0.3333333333333333, 0.1111111111111111, 0.09090909090909091, 0.0, 0.09090909090909091, 0.42857142857142855, 0.3333333333333333, 0.14285714285714285, 0.0, 0.0, 0.25, 0.0, null], "lbdm_rioi": [null, 0.0, 0.0, 0.0, 0.0, 0.0, 0.3333333333333333, 0.0, 0.0, 0.0, 0.0, 0.0, 0.0, 0.0, 0.3333333333333333, null], "lbdm_rrest": [null, 0.0, 0.0, 0.0, 0.0, 0.0, 0.0, 0.0, 0.0, 0.0, 0.0, 0.0, 0.0, 0.0, 0.0, null], "lbdm_boundarystrength": [null, 0.08658008658008658, 0.25, 0.0844155844155844, 0.051160960251869336, 0.5287780401416765, 0.2787780401416765, 0.1315567549333783, 0.048237476808905375, 0.09044526901669757, 0.018089053803339517, 0.0, 0.03165584415584415, 0.3133116883116883, null, null]}}
