{"id": "KB1930600020", "tunefamily": "", "year": -1, "tunefamily_full": "", "type": "", "freemeter": false, "origin": "", "features": {"scaledegree": [1, 3, 3, 5, 5, 2, 4, 3, 1, 1, 7, 1, 2, 3, 1, 5, 7], "scaledegreespecifier": ["P", "m", "m", "P", "P", "M", "P", "m", "P", "P", "M", "P", "M", "m", "P", "P", "M"], "tonic": ["G", "G", "G", "G", "G", "G", "G", "G", "G", "G", "G", "G", "G", "G", "G", "G", "G"], "mode": ["minor", "minor", "minor", "minor", "minor", "minor", "minor", "minor", "minor", "minor", "minor", "minor", "minor", "minor", "minor", "minor", "minor"], "metriccontour": [null, "-", "=", "+", "-", "+", "=", "-", "+", "-", "-", "+", "-", "+", "-", "+", "="], "imaweight": [0.821656, 0.898089, 0.821656, 0.821656, 0.203822, 0.923567, 0.847134, 0.254777, 0.923567, 1.0, 0.203822, 0.898089, 0.33121, 0.923567, 0.0254777, 0.923567, 0.949045], "imaweight_spectral": [0.87027, 1.0, 0.827027, 0.827027, 0.302703, 0.891892, 0.827027, 0.324324, 0.913514, 0.891892, 0.216216, 0.827027, 0.324324, 0.827027, 0.0216216, 0.913514, 0.956757], "pitch40_hewlett": [146, 157, 157, 169, 169, 152, 163, 157, 146, 146, 141, 146, 152, 157, 146, 129, 141], "pitch40_sapp": [185, 196, 196, 208, 208, 191, 202, 196, 185, 185, 180, 185, 191, 196, 185, 168, 180], "octave": [4, 4, 4, 5, 5, 4, 5, 4, 4, 4, 4, 4, 4, 4, 4, 4, 4], "midipitch": [67, 70, 70, 74, 74, 69, 72, 70, 67, 67, 66, 67, 69, 70, 67, 62, 66], "diatonicpitch": [28, 30, 30, 32, 32, 29, 31, 30, 28, 28, 27, 28, 29, 30, 28, 25, 27], "diatonicinterval": [null, 2, 0, 2, 0, -3, 2, -1, -2, 0, -1, 1, 1, 1, -2, -3, 2], "chromaticinterval": [null, 3, 0, 4, 0, -5, 3, -2, -3, 0, -1, 1, 2, 1, -3, -5, 4], "pitchproximity": [null, null, 0, 4, 0, 5, 3, 2, 3, 0, 1, 1, 2, 1, 3, 5, 4], "pitchreversal": [null, null, 0, 0, 0, 0, 1.5, 1.5, 0, 0, 0, 1.5, 0, 0, 1.5, 0, 1.5], "nextisrest": [false, false, false, false, false, false, false, false, false, false, false, false, false, false, false, false, null], "restduration_frac": [null, null, null, null, null, null, null, null, null, null, null, null, null, null, null, null, null], "duration": [0.5, 0.5, 0.5, 0.25, 0.25, 0.5, 0.25, 0.25, 0.5, 0.25, 0.25, 0.25, 0.25, 0.375, 0.125, 0.5, 0.5], "duration_frac": ["1/2", "1/2", "1/2", "1/4", "1/4", "1/2", "1/4", "1/4", "1/2", "1/4", "1/4", "1/4", "1/4", "3/8", "1/8", "1/2", "1/2"], "duration_fullname": ["Eighth", "Eighth", "Eighth", "16th", "16th", "Eighth", "16th", "16th", "Eighth", "16th", "16th", "16th", "16th", "Dotted 16th", "32nd", "Eighth", "Eighth"], "durationcontour": [null, "=", "=", "-", "=", "+", "-", "=", "+", "-", "=", "=", "=", "+", "-", "+", "="], "onsettick": [0, 4, 8, 12, 14, 16, 20, 22, 24, 28, 30, 32, 34, 36, 39, 40, 44], "beatfraction": ["1/3", "1/3", "1/3", "1/6", "1/6", "1/3", "1/6", "1/6", "1/3", "1/6", "1/6", "1/6", "1/6", "1/4", "1/12", "1/3", "1/3"], "phrasepos": [0.0, 0.09090909090909091, 0.18181818181818182, 0.2727272727272727, 0.3181818181818182, 0.36363636363636365, 0.45454545454545453, 0.5, 0.5454545454545454, 0.6363636363636364, 0.6818181818181818, 0.7272727272727273, 0.7727272727272727, 0.8181818181818182, 0.8863636363636364, 0.9090909090909091, 1.0], "phrase_ix": [0, 0, 0, 0, 0, 0, 0, 0, 0, 0, 0, 0, 0, 0, 0, 0, 0], "phrase_end": [false, false, false, false, false, false, false, false, false, false, false, false, false, false, false, false, true], "songpos": [0.0, 0.09090909090909091, 0.18181818181818182, 0.2727272727272727, 0.3181818181818182, 0.36363636363636365, 0.45454545454545453, 0.5, 0.5454545454545454, 0.6363636363636364, 0.6818181818181818, 0.7272727272727273, 0.7727272727272727, 0.8181818181818182, 0.8863636363636364, 0.9090909090909091, 1.0], "beatinsong": ["0", "1/3", "2/3", "1", "7/6", "4/3", "5/3", "11/6", "2", "7/3", "5/2", "8/3", "17/6", "3", "13/4", "10/3", "11/3"], "beatinphrase": ["0", "1/3", "2/3", "1", "7/6", "4/3", "5/3", "11/6", "2", "7/3", "5/2", "8/3", "17/6", "3", "13/4", "10/3", "11/3"], "beatinphrase_end": ["-3", "-8/3", "-7/3", "-2", "-11/6", "-5/3", "-4/3", "-7/6", "-1", "-2/3", "-1/2", "-1/3", "-1/6", "0", "1/4", "1/3", "2/3"], "IOI_frac": ["1/2", "1/2", "1/2", "1/4", "1/4", "1/2", "1/4", "1/4", "1/2", "1/4", "1/4", "1/4", "1/4", "3/8", "1/8", "1/2", null], "IOI": [0.5, 0.5, 0.5, 0.25, 0.25, 0.5, 0.25, 0.25, 0.5, 0.25, 0.25, 0.25, 0.25, 0.375, 0.125, 0.5, null], "IOR_frac": [null, "1", "1", "1/2", "1", "2", "1/2", "1", "2", "1/2", "1", "1", "1", "3/2", "1/3", "4", null], "IOR": [null, 1.0, 1.0, 0.5, 1.0, 2.0, 0.5, 1.0, 2.0, 0.5, 1.0, 1.0, 1.0, 1.5, 0.3333333333333333, 4.0, null], "imacontour": [null, "+", "-", "=", "-", "+", "-", "-", "+", "+", "-", "+", "-", "+", "-", "+", "+"], "pitch": ["G4", "B-4", "B-4", "D5", "D5", "A4", "C5", "B-4", "G4", "G4", "F#4", "G4", "A4", "B-4", "G4", "D4", "F#4"], "contour3": [null, "+", "=", "+", "=", "-", "+", "-", "-", "=", "-", "+", "+", "+", "-", "-", "+"], "contour5": [null, "++", "=", "++", "=", "--", "++", "-", "--", "=", "-", "+", "+", "+", "--", "--", "++"], "beatstrength": [1.0, 0.5, 0.5, 1.0, 0.25, 0.5, 0.5, 0.25, 1.0, 0.5, 0.25, 0.5, 0.25, 1.0, 0.125, 0.5, 0.5], "beat_str": ["1", "1", "1", "1", "1", "1", "1", "1", "1", "1", "1", "1", "1", "1", "1", "1", "1"], "beat_fraction_str": ["0", "1/3", "2/3", "0", "1/6", "1/3", "2/3", "5/6", "0", "1/3", "1/2", "2/3", "5/6", "0", "1/4", "1/3", "2/3"], "beat": [1.0, 1.3333333333333333, 1.6666666666666667, 1.0, 1.1666666666666667, 1.3333333333333333, 1.6666666666666667, 1.8333333333333333, 1.0, 1.3333333333333333, 1.5, 1.6666666666666667, 1.8333333333333333, 1.0, 1.25, 1.3333333333333333, 1.6666666666666667], "timesignature": ["3/8", "3/8", "3/8", "3/8", "3/8", "3/8", "3/8", "3/8", "3/8", "3/8", "3/8", "3/8", "3/8", "3/8", "3/8", "3/8", "3/8"], "gpr2a_Frankland": [null, null, null, null, null, null, null, null, null, null, null, null, null, null, null, null, null], "gpr2b_Frankland": [null, null, null, null, null, 0.5, null, null, 0.5, null, null, null, null, 0.5, null, null, null], "gpr3a_Frankland": [null, null, 1.0, null, 0.7, null, null, 0.6666666666666667, null, null, null, 0.5, null, null, 0.30000000000000004, null, null], "gpr3d_Frankland": [null, null, 0.5, null, null, null, null, null, null, null, 0.0, null, null, null, null, null, null], "gpr_Frankland_sum": [0, 0, 1.5, 0, 0.7, 0.5, 0, 0.6666666666666667, 0.5, 0, 0, 0.5, 0, 0.5, 0.30000000000000004, 0, 0], "lbdm_spitch": [null, 0.0, 1.0, 0.0, 0.8571428571428573, 0.19285714285714284, 0.10714285714285714, 0.41785714285714287, 0.0, 0.0625, 0.037500000000000006, 0.15000000000000002, 0.1, 0.30000000000000004, 0.27272727272727276, null, null], "lbdm_sioi": [null, 0.0, 0.5, 0.25, 0.25, 1.0, 0.25, 0.25, 1.0, 0.25, 0.0, 0.0, 0.15000000000000002, 0.7874999999999999, 0.41250000000000003, null, null], "lbdm_srest": [null, 0.0, 0.0, 0.0, 0.0, 0.0, 0.0, 0.0, 0.0, 0.0, 0.0, 0.0, 0.0, 0.0, 0.0, null, null], "lbdm_rpitch": [null, 0.6, 0.6666666666666666, 0.6666666666666666, 0.7142857142857143, 0.2, 0.14285714285714285, 0.14285714285714285, 0.6, 0.3333333333333333, 0.0, 0.2, 0.2, 0.3333333333333333, 0.2, 0.09090909090909091, null], "lbdm_rioi": [null, 0.0, 0.0, 0.3333333333333333, 0.0, 0.3333333333333333, 0.3333333333333333, 0.0, 0.3333333333333333, 0.3333333333333333, 0.0, 0.0, 0.0, 0.2, 0.5, 0.6, null], "lbdm_rrest": [null, 0.0, 0.0, 0.0, 0.0, 0.0, 0.0, 0.0, 0.0, 0.0, 0.0, 0.0, 0.0, 0.0, 0.0, 0.0, null], "lbdm_boundarystrength": [null, 0.0, 0.5, 0.125, 0.3392857142857143, 0.5482142857142858, 0.15178571428571427, 0.22946428571428573, 0.5, 0.140625, 0.009375000000000001, 0.037500000000000006, 0.1, 0.46874999999999994, 0.2744318181818182, null, null]}}
