{"id": "KB2020200000", "tunefamily": "", "year": -1, "tunefamily_full": "", "type": "", "freemeter": false, "origin": "", "features": {"scaledegree": [2, 4, 5, 4, 3, 2, 1, 7, 1, 3, 1, 2, 4, 5, 4, 3, 2, 1, 7, 1, 5], "scaledegreespecifier": ["M", "A", "P", "A", "m", "M", "P", "M", "P", "m", "P", "M", "A", "P", "A", "m", "M", "P", "M", "P", "P"], "tonic": ["A", "A", "A", "A", "A", "A", "A", "A", "A", "A", "A", "A", "A", "A", "A", "A", "A", "A", "A", "A", "A"], "mode": ["minor", "minor", "minor", "minor", "minor", "minor", "minor", "minor", "minor", "minor", "minor", "minor", "minor", "minor", "minor", "minor", "minor", "minor", "minor", "minor", "minor"], "metriccontour": [null, "-", "+", "-", "+", "-", "+", "=", "+", "-", "=", "+", "-", "+", "-", "+", "-", "+", "=", "+", "-"], "imaweight": [0.545455, 0.566434, 0.622378, 0.874126, 1.0, 0.111888, 0.769231, 0.762238, 0.825175, 0.797203, 0.874126, 0.937063, 0.629371, 0.685315, 0.657343, 0.72028, 0.0839161, 0.433566, 0.566434, 0.643357, 0.545455], "imaweight_spectral": [0.897959, 0.954082, 0.918367, 0.872449, 0.877551, 0.122449, 0.755102, 0.765306, 0.816327, 0.75, 0.892857, 0.852041, 0.918367, 1.0, 0.892857, 0.877551, 0.102041, 0.668367, 0.826531, 0.841837, 0.770408], "pitch40_hewlett": [158, 170, 175, 170, 163, 158, 152, 147, 152, 163, 152, 158, 170, 175, 170, 163, 158, 152, 147, 152, 135], "pitch40_sapp": [197, 209, 214, 209, 202, 197, 191, 186, 191, 202, 191, 197, 209, 214, 209, 202, 197, 191, 186, 191, 174], "octave": [4, 5, 5, 5, 5, 4, 4, 4, 4, 5, 4, 4, 5, 5, 5, 5, 4, 4, 4, 4, 4], "midipitch": [71, 75, 76, 75, 72, 71, 69, 68, 69, 72, 69, 71, 75, 76, 75, 72, 71, 69, 68, 69, 64], "diatonicpitch": [29, 31, 32, 31, 30, 29, 28, 27, 28, 30, 28, 29, 31, 32, 31, 30, 29, 28, 27, 28, 25], "diatonicinterval": [null, 2, 1, -1, -1, -1, -1, -1, 1, 2, -2, 1, 2, 1, -1, -1, -1, -1, -1, 1, -3], "chromaticinterval": [null, 4, 1, -1, -3, -1, -2, -1, 1, 3, -3, 2, 4, 1, -1, -3, -1, -2, -1, 1, -5], "pitchproximity": [null, null, 1, 1, 3, 1, 2, 1, 1, 3, 3, 2, 4, 1, 1, 3, 1, 2, 1, 1, 5], "pitchreversal": [null, null, 0, 1.5, 0, 0, 0, 0, 1.5, 0, 1.5, 1.5, 0, 0, 1.5, 0, 0, 0, 0, 1.5, 0], "nextisrest": [false, false, false, false, false, false, false, false, false, false, false, false, false, false, false, false, false, false, false, false, null], "restduration_frac": [null, null, null, null, null, null, null, null, null, null, null, null, null, null, null, null, null, null, null, null, null], "duration": [1.0, 0.5, 1.0, 0.5, 0.25, 0.25, 0.5, 0.5, 0.5, 0.5, 0.5, 1.0, 0.5, 1.0, 0.5, 0.25, 0.25, 0.5, 0.5, 0.5, 1.0], "duration_frac": ["1", "1/2", "1", "1/2", "1/4", "1/4", "1/2", "1/2", "1/2", "1/2", "1/2", "1", "1/2", "1", "1/2", "1/4", "1/4", "1/2", "1/2", "1/2", "1"], "duration_fullname": ["Quarter", "Eighth", "Quarter", "Eighth", "16th", "16th", "Eighth", "Eighth", "Eighth", "Eighth", "Eighth", "Quarter", "Eighth", "Quarter", "Eighth", "16th", "16th", "Eighth", "Eighth", "Eighth", "Quarter"], "durationcontour": [null, "-", "+", "-", "-", "=", "+", "=", "=", "=", "=", "+", "-", "+", "-", "-", "=", "+", "=", "=", "+"], "onsettick": [0, 4, 6, 10, 12, 13, 14, 16, 18, 20, 22, 24, 28, 30, 34, 36, 37, 38, 40, 42, 44], "beatfraction": ["2/3", "1/3", "2/3", "1/3", "1/6", "1/6", "1/3", "1/3", "1/3", "1/3", "1/3", "2/3", "1/3", "2/3", "1/3", "1/6", "1/6", "1/3", "1/3", "1/3", "2/3"], "phrasepos": [0.0, 0.18181818181818182, 0.2727272727272727, 0.45454545454545453, 0.5454545454545454, 0.5909090909090909, 0.6363636363636364, 0.7272727272727273, 0.8181818181818182, 0.9090909090909091, 1.0, 0.0, 0.2, 0.3, 0.5, 0.6, 0.65, 0.7, 0.8, 0.9, 1.0], "phrase_ix": [0, 0, 0, 0, 0, 0, 0, 0, 0, 0, 0, 1, 1, 1, 1, 1, 1, 1, 1, 1, 1], "phrase_end": [false, false, false, false, false, false, false, false, false, false, true, false, false, false, false, false, false, false, false, false, true], "songpos": [0.0, 0.09090909090909091, 0.13636363636363635, 0.22727272727272727, 0.2727272727272727, 0.29545454545454547, 0.3181818181818182, 0.36363636363636365, 0.4090909090909091, 0.45454545454545453, 0.5, 0.5454545454545454, 0.6363636363636364, 0.6818181818181818, 0.7727272727272727, 0.8181818181818182, 0.8409090909090909, 0.8636363636363636, 0.9090909090909091, 0.9545454545454546, 1.0], "beatinsong": ["0", "2/3", "1", "5/3", "2", "13/6", "7/3", "8/3", "3", "10/3", "11/3", "4", "14/3", "5", "17/3", "6", "37/6", "19/3", "20/3", "7", "22/3"], "beatinphrase": ["0", "2/3", "1", "5/3", "2", "13/6", "7/3", "8/3", "3", "10/3", "11/3", "0", "2/3", "1", "5/3", "2", "13/6", "7/3", "8/3", "3", "10/3"], "beatinphrase_end": ["-3", "-7/3", "-2", "-4/3", "-1", "-5/6", "-2/3", "-1/3", "0", "1/3", "2/3", "-3", "-7/3", "-2", "-4/3", "-1", "-5/6", "-2/3", "-1/3", "0", "1/3"], "IOI_frac": ["1", "1/2", "1", "1/2", "1/4", "1/4", "1/2", "1/2", "1/2", "1/2", "1/2", "1", "1/2", "1", "1/2", "1/4", "1/4", "1/2", "1/2", "1/2", null], "IOI": [1.0, 0.5, 1.0, 0.5, 0.25, 0.25, 0.5, 0.5, 0.5, 0.5, 0.5, 1.0, 0.5, 1.0, 0.5, 0.25, 0.25, 0.5, 0.5, 0.5, null], "IOR_frac": [null, "1/2", "2", "1/2", "1/2", "1", "2", "1", "1", "1", "1", "2", "1/2", "2", "1/2", "1/2", "1", "2", "1", "1", null], "IOR": [null, 0.5, 2.0, 0.5, 0.5, 1.0, 2.0, 1.0, 1.0, 1.0, 1.0, 2.0, 0.5, 2.0, 0.5, 0.5, 1.0, 2.0, 1.0, 1.0, null], "imacontour": [null, "+", "+", "+", "+", "-", "+", "-", "+", "-", "+", "+", "-", "+", "-", "+", "-", "+", "+", "+", "-"], "pitch": ["B4", "D#5", "E5", "D#5", "C5", "B4", "A4", "G#4", "A4", "C5", "A4", "B4", "D#5", "E5", "D#5", "C5", "B4", "A4", "G#4", "A4", "E4"], "contour3": [null, "+", "+", "-", "-", "-", "-", "-", "+", "+", "-", "+", "+", "+", "-", "-", "-", "-", "-", "+", "-"], "contour5": [null, "++", "+", "-", "--", "-", "-", "-", "+", "++", "--", "+", "++", "+", "-", "--", "-", "-", "-", "+", "--"], "beatstrength": [1.0, 0.5, 1.0, 0.5, 1.0, 0.25, 0.5, 0.5, 1.0, 0.5, 0.5, 1.0, 0.5, 1.0, 0.5, 1.0, 0.25, 0.5, 0.5, 1.0, 0.5], "beat_str": ["1", "1", "1", "1", "1", "1", "1", "1", "1", "1", "1", "1", "1", "1", "1", "1", "1", "1", "1", "1", "1"], "beat_fraction_str": ["0", "2/3", "0", "2/3", "0", "1/6", "1/3", "2/3", "0", "1/3", "2/3", "0", "2/3", "0", "2/3", "0", "1/6", "1/3", "2/3", "0", "1/3"], "beat": [1.0, 1.6666666666666667, 1.0, 1.6666666666666667, 1.0, 1.1666666666666667, 1.3333333333333333, 1.6666666666666667, 1.0, 1.3333333333333333, 1.6666666666666667, 1.0, 1.6666666666666667, 1.0, 1.6666666666666667, 1.0, 1.1666666666666667, 1.3333333333333333, 1.6666666666666667, 1.0, 1.3333333333333333], "timesignature": ["3/8", "3/8", "3/8", "3/8", "3/8", "3/8", "3/8", "3/8", "3/8", "3/8", "3/8", "3/8", "3/8", "3/8", "3/8", "3/8", "3/8", "3/8", "3/8", "3/8", "3/8"], "gpr2a_Frankland": [null, null, null, null, null, null, null, null, null, null, null, null, null, null, null, null, null, null, null, null, null], "gpr2b_Frankland": [null, null, 0.5, null, null, null, null, null, null, null, null, 0.5, null, 0.5, null, null, null, null, null, null, null], "gpr3a_Frankland": [null, null, null, 0.6666666666666667, null, 0.5, null, null, null, null, null, 0.625, null, null, 0.6666666666666667, null, 0.5, null, null, null, null], "gpr3d_Frankland": [null, null, null, null, null, 0.5, null, 0.0, 0.0, null, null, null, null, null, null, null, 0.5, null, null, null, null], "gpr_Frankland_sum": [0, 0, 0.5, 0.6666666666666667, 0, 1.0, 0, 0, 0, 0, 0, 1.125, 0, 0.5, 0.6666666666666667, 0, 1.0, 0, 0, 0, 0], "lbdm_spitch": [null, 0.15789473684210525, 0.12280701754385964, 0.7368421052631579, 0.19649122807017544, 0.2947368421052632, 0.0736842105263158, 0.12280701754385964, 0.3684210526315789, 0.15789473684210525, 0.28947368421052627, 1.0, 0.15789473684210525, 0.12280701754385964, 0.7368421052631579, 0.19649122807017544, 0.2947368421052632, 0.0736842105263158, 0.18421052631578946, null, null], "lbdm_sioi": [null, 0.5, 1.0, 0.5, 0.125, 0.125, 0.25, 0.0, 0.0, 0.0, 0.25, 1.0, 0.5, 1.0, 0.5, 0.125, 0.125, 0.25, 0.0, null, null],