{"id": "KB2022900000", "tunefamily": "", "year": -1, "tunefamily_full": "", "type": "", "freemeter": false, "origin": "", "features": {"scaledegree": [2, 3, 4, 4, 5, 5, 4, 5, 6, 6, 5, 1, 2, 3, 4, 4, 1, 2, 1], "scaledegreespecifier": ["M", "M", "P", "P", "P", "P", "A", "P", "M", "M", "P", "P", "M", "M", "P", "P", "P", "M", "P"], "tonic": ["G", "G", "G", "G", "G", "G", "G", "G", "G", "G", "G", "G", "G", "G", "G", "G", "G", "G", "G"], "mode": ["major", "major", "major", "major", "major", "major", "major", "major", "major", "major", "major", "major", "major", "major", "major", "major", "major", "major", "major"], "metriccontour": [null, "-", "+", "=", "+", "-", "+", "-", "+", "=", "+", "-", "+", "-", "+", "=", "+", "-", "+"], "imaweight": [0.475, 0.0666667, 0.741667, 0.391667, 0.983333, 0.908333, 0.5, 0.2, 0.841667, 0.516667, 0.966667, 0.975, 0.575, 0.166667, 0.808333, 0.408333, 1.0, 0.85, 0.408333], "imaweight_spectral": [0.595092, 0.147239, 0.791411, 0.607362, 0.993865, 0.920245, 0.570552, 0.220859, 0.822086, 0.631902, 0.93865, 0.969325, 0.625767, 0.196319, 0.797546, 0.552147, 0.96319, 1.0, 0.625767], "pitch40_hewlett": [152, 158, 163, 163, 169, 169, 164, 169, 175, 175, 169, 146, 152, 158, 163, 163, 146, 152, 146], "pitch40_sapp": [191, 197, 202, 202, 208, 208, 203, 208, 214, 214, 208, 185, 191, 197, 202, 202, 185, 191, 185], "octave": [4, 4, 5, 5, 5, 5, 5, 5, 5, 5, 5, 4, 4, 4, 5, 5, 4, 4, 4], "midipitch": [69, 71, 72, 72, 74, 74, 73, 74, 76, 76, 74, 67, 69, 71, 72, 72, 67, 69, 67], "diatonicpitch": [29, 30, 31, 31, 32, 32, 31, 32, 33, 33, 32, 28, 29, 30, 31, 31, 28, 29, 28], "diatonicinterval": [null, 1, 1, 0, 1, 0, -1, 1, 1, 0, -1, -4, 1, 1, 1, 0, -3, 1, -1], "chromaticinterval": [null, 2, 1, 0, 2, 0, -1, 1, 2, 0, -2, -7, 2, 2, 1, 0, -5, 2, -2], "pitchproximity": [null, null, 1, 0, 2, 0, 1, 1, 2, 0, 2, 7, 2, 2, 1, 0, 5, 2, 2], "pitchreversal": [null, null, 0, 0, 0, 0, 0, 1.5, 0, 0, 0, 0, 1, 0, 0, 0, 0, 0, 1.5], "nextisrest": [false, false, false, false, false, false, false, false, false, false, false, false, false, false, false, false, false, false, true], "restduration_frac": [null, null, null, null, null, null, null, null, null, null, null, null, null, null, null, null, null, null, "1/2"], "duration": [0.25, 0.25, 0.5, 0.5, 1.0, 0.5, 0.25, 0.25, 0.5, 0.5, 1.0, 0.5, 0.25, 0.25, 0.5, 0.5, 1.0, 0.5, 1.0], "duration_frac": ["1/4", "1/4", "1/2", "1/2", "1", "1/2", "1/4", "1/4", "1/2", "1/2", "1", "1/2", "1/4", "1/4", "1/2", "1/2", "1", "1/2", "1"], "duration_fullname": ["16th", "16th", "Eighth", "Eighth", "Quarter", "Eighth", "16th", "16th", "Eighth", "Eighth", "Quarter", "Eighth", "16th", "16th", "Eighth", "Eighth", "Quarter", "Eighth", "Quarter"], "durationcontour": [null, "=", "+", "=", "+", "-", "-", "=", "+", "=", "+", "-", "-", "=", "+", "=", "+", "-", "+"], "onsettick": [0, 1, 2, 4, 6, 10, 12, 13, 14, 16, 18, 22, 24, 25, 26, 28, 30, 34, 36], "beatfraction": ["1/6", "1/6", "1/3", "1/3", "2/3", "1/3", "1/6", "1/6", "1/3", "1/3", "2/3", "1/3", "1/6", "1/6", "1/3", "1/3", "2/3", "1/3", "2/3"], "phrasepos": [0.0, 0.045454545454545456, 0.09090909090909091, 0.18181818181818182, 0.2727272727272727, 0.45454545454545453, 0.5454545454545454, 0.5909090909090909, 0.6363636363636364, 0.7272727272727273, 0.8181818181818182, 1.0, 0.0, 0.08333333333333333, 0.16666666666666666, 0.3333333333333333, 0.5, 0.8333333333333334, 1.0], "phrase_ix": [0, 0, 0, 0, 0, 0, 0, 0, 0, 0, 0, 0, 1, 1, 1, 1, 1, 1, 1], "phrase_end": [false, false, false, false, false, false, false, false, false, false, false, true, false, false, false, false, false, false, true], "songpos": [0.0, 0.027777777777777776, 0.05555555555555555, 0.1111111111111111, 0.16666666666666666, 0.2777777777777778, 0.3333333333333333, 0.3611111111111111, 0.3888888888888889, 0.4444444444444444, 0.5, 0.6111111111111112, 0.6666666666666666, 0.6944444444444444, 0.7222222222222222, 0.7777777777777778, 0.8333333333333334, 0.9444444444444444, 1.0], "beatinsong": ["0", "1/6", "1/3", "2/3", "1", "5/3", "2", "13/6", "7/3", "8/3", "3", "11/3", "4", "25/6", "13/3", "14/3", "5", "17/3", "6"], "beatinphrase": ["0", "1/6", "1/3", "2/3", "1", "5/3", "2", "13/6", "7/3", "8/3", "3", "11/3", "0", "1/6", "1/3", "2/3", "1", "5/3", "2"], "beatinphrase_end": ["-3", "-17/6", "-8/3", "-7/3", "-2", "-4/3", "-1", "-5/6", "-2/3", "-1/3", "0", "2/3", "-2", "-11/6", "-5/3", "-4/3", "-1", "-1/3", "0"], "IOI_frac": ["1/4", "1/4", "1/2", "1/2", "1", "1/2", "1/4", "1/4", "1/2", "1/2", "1", "1/2", "1/4", "1/4", "1/2", "1/2", "1", "1/2", "3/2"], "IOI": [0.25, 0.25, 0.5, 0.5, 1.0, 0.5, 0.25, 0.25, 0.5, 0.5, 1.0, 0.5, 0.25, 0.25, 0.5, 0.5, 1.0, 0.5, 1.5], "IOR_frac": [null, "1", "2", "1", "2", "1/2", "1/2", "1", "2", "1", "2", "1/2", "1/2", "1", "2", "1", "2", "1/2", "3"], "IOR": [null, 1.0, 2.0, 1.0, 2.0, 0.5, 0.5, 1.0, 2.0, 1.0, 2.0, 0.5, 0.5, 1.0, 2.0, 1.0, 2.0, 0.5, 3.0], "imacontour": [null, "-", "+", "-", "+", "-", "-", "-", "+", "-", "+", "+", "-", "-", "+", "-", "+", "-", "-"], "pitch": ["A4", "B4", "C5", "C5", "D5", "D5", "C#5", "D5", "E5", "E5", "D5", "G4", "A4", "B4", "C5", "C5", "G4", "A4", "G4"], "contour3": [null, "+", "+", "=", "+", "=", "-", "+", "+", "=", "-", "-", "+", "+", "+", "=", "-", "+", "-"], "contour5": [null, "+", "+", "=", "+", "=", "-", "+", "+", "=", "-", "--", "+", "+", "+", "=", "--", "+", "-"], "beatstrength": [1.0, 0.25, 0.5, 0.5, 1.0, 0.5, 1.0, 0.25, 0.5, 0.5, 1.0, 0.5, 1.0, 0.25, 0.5, 0.5, 1.0, 0.5, 1.0], "beat_str": ["1", "1", "1", "1", "1", "1", "1", "1", "1", "1", "1", "1", "1", "1", "1", "1", "1", "1", "1"], "beat_fraction_str": ["0", "1/6", "1/3", "2/3", "0", "2/3", "0", "1/6", "1/3", "2/3", "0", "2/3", "0", "1/6", "1/3", "2/3", "0", "2/3", "0"], "beat": [1.0, 1.1666666666666667, 1.3333333333333333, 1.6666666666666667, 1.0, 1.6666666666666667, 1.0, 1.1666666666666667, 1.3333333333333333, 1.6666666666666667, 1.0, 1.6666666666666667, 1.0, 1.1666666666666667, 1.3333333333333333, 1.6666666666666667, 1.0, 1.6666666666666667, 1.0], "timesignature": ["3/8", "3/8", "3/8", "3/8", "3/8", "3/8", "3/8", "3/8", "3/8", "3/8", "3/8", "3/8", "3/8", "3/8", "3/8", "3/8", "3/8", "3/8", "3/8"], "gpr2a_Frankland": [null, null, null, null, null, null, null, null, null, null, null, null, null, null, null, null, null, null, 0.125], "gpr2b_Frankland": [null, null, null, null, 0.5, null, null, null, null, null, 0.5, null, null, null, null, null, 0.5, null, null], "gpr3a_Frankland": [null, null, null, 1.0, null, null, null, 0.75, null, null, 0.7142857142857143, null, null, null, null, 0.8, null, null, null], "gpr3d_Frankland": [null, 0.5, null, null, null, null, null, 0.5, null, null, null, null, null, 0.5, null, null, null, null, null], "gpr_Frankland_sum": [0, 0.5, 0, 1.0, 0.5, 0, 0, 1.25, 0, 0, 1.2142857142857144, 0, 0, 0.5, 0, 0.8, 0.5, 0, 0.125], "lbdm_spitch": [null, 0.0838095238095238, 0.0, 0.3142857142857143, 0.0, 0.05238095238095238, 0.03142857142857143, 0.22, 0.0, 0.30000000000000004, 1.0, 0.14285714285714285, 0.06285714285714286, 0.0838095238095238, 0.0, 0.8231292517006803, 0.10476190476190476, null, null], "lbdm_sioi": [null, 0.125, 0.25, 0.25, 1.0, 0.5, 0.125, 0.125, 0.25, 0.25, 1.0, 0.5, 0.125, 0.125, 0.25, 0.25, 1.0, null, null], "lbdm_srest": [null, 0.0, 0.0, 0.0, 0.0, 0.0, 0.0, 0.0, 0.0, 0.0, 0.0, 0.0, 0.0, 0.0, 0.0, 0.0, 0.0, null, null], "lbdm_rpitch": [null, 0.2, 0.3333333333333333, 0.5, 0.5, 0.3333333333333333, 0.0, 0.2, 0.5, 0.5, 0.45454545454545453, 0.45454545454545453, 0.0, 0.2, 0.3333333333333333, 0.7142857142857143, 0.3333333333333333, 0.0, null], "lbdm_rioi": [null, 0.0, 0.3333333333333333, 0.0, 0.3333333333333333, 0.3333333333333333, 0.3333333333333333, 0.0, 0.3333333333333333, 0.0, 0.3333333333333333, 0.3333333333333333, 0.3333333333333333, 0.0, 0.3333333333333333, 0.0, 0.3333333333333333, 0.3333333333333333, null], "lbdm_rrest": [null, 0.0, 0.0, 0.0, 0.0, 0.0, 0.0, 0.0, 0.0, 0.0, 0.0, 0.0, 0.0, 0.0, 0.0, 0.0, 0.0, 0.0, null],