{"id": "KB2012100000", "tunefamily": "", "year": -1, "tunefamily_full": "", "type": "", "freemeter": false, "origin": "", "features": {"scaledegree": [1, 3, 5, 5, 5, 6, 5, 4, 3, 5, 4, 2, 1, 2, 3, 2, 1], "scaledegreespecifier": ["P", "M", "P", "P", "P", "M", "P", "P", "M", "P", "P", "M", "P", "M", "M", "M", "P"], "tonic": ["G", "G", "G", "G", "G", "G", "G", "G", "G", "G", "G", "G", "G", "G", "G", "G", "G"], "mode": ["major", "major", "major", "major", "major", "major", "major", "major", "major", "major", "major", "major", "major", "major", "major", "major", "major"], "metriccontour": [null, "-", "+", "=", "+", "-", "+", "=", "+", "-", "=", "+", "-", "+", "-", "-", "+"], "imaweight": [0.754601, 0.0797546, 0.895706, 0.631902, 1.0, 0.153374, 0.576687, 0.907975, 0.699387, 0.846626, 0.656442, 0.97546, 0.404908, 0.257669, 0.349693, 0.0245399, 0.478528], "imaweight_spectral": [0.766082, 0.0994152, 0.900585, 0.672515, 1.0, 0.169591, 0.596491, 0.935673, 0.736842, 0.877193, 0.748538, 1.0, 0.982456, 0.766082, 0.853801, 0.0701754, 1.0], "pitch40_hewlett": [146, 158, 169, 169, 169, 175, 169, 163, 158, 169, 163, 152, 146, 152, 158, 152, 146], "pitch40_sapp": [185, 197, 208, 208, 208, 214, 208, 202, 197, 208, 202, 191, 185, 191, 197, 191, 185], "octave": [4, 4, 5, 5, 5, 5, 5, 5, 4, 5, 5, 4, 4, 4, 4, 4, 4], "midipitch": [67, 71, 74, 74, 74, 76, 74, 72, 71, 74, 72, 69, 67, 69, 71, 69, 67], "diatonicpitch": [28, 30, 32, 32, 32, 33, 32, 31, 30, 32, 31, 29, 28, 29, 30, 29, 28], "diatonicinterval": [null, 2, 2, 0, 0, 1, -1, -1, -1, 2, -1, -2, -1, 1, 1, -1, -1], "chromaticinterval": [null, 4, 3, 0, 0, 2, -2, -2, -1, 3, -2, -3, -2, 2, 2, -2, -2], "pitchproximity": [null, null, 3, 0, 0, 2, 2, 2, 1, 3, 2, 3, 2, 2, 2, 2, 2], "pitchreversal": [null, null, 0, 0, 0, 0, 1.5, 0, 0, 1.5, 1.5, 0, 0, 1.5, 0, 1.5, 0], "nextisrest": [false, false, false, false, false, false, false, false, false, false, false, false, false, false, false, false, true], "restduration_frac": [null, null, null, null, null, null, null, null, null, null, null, null, null, null, null, null, "1/2"], "duration": [0.25, 0.25, 0.5, 0.5, 0.25, 0.25, 0.5, 0.5, 0.5, 0.5, 0.5, 1.0, 0.5, 0.5, 0.75, 0.25, 1.0], "duration_frac": ["1/4", "1/4", "1/2", "1/2", "1/4", "1/4", "1/2", "1/2", "1/2", "1/2", "1/2", "1", "1/2", "1/2", "3/4", "1/4", "1"], "duration_fullname": ["16th", "16th", "Eighth", "Eighth", "16th", "16th", "Eighth", "Eighth", "Eighth", "Eighth", "Eighth", "Quarter", "Eighth", "Eighth", "Dotted Eighth", "16th", "Quarter"], "durationcontour": [null, "=", "+", "=", "-", "=", "+", "=", "=", "=", "=", "+", "-", "=", "+", "-", "+"], "onsettick": [0, 1, 2, 4, 6, 7, 8, 10, 12, 14, 16, 18, 22, 24, 26, 29, 30], "beatfraction": ["1/6", "1/6", "1/3", "1/3", "1/6", "1/6", "1/3", "1/3", "1/3", "1/3", "1/3", "2/3", "1/3", "1/3", "1/2", "1/6", "2/3"], "phrasepos": [0.0, 0.03333333333333333, 0.06666666666666667, 0.13333333333333333, 0.2, 0.23333333333333334, 0.26666666666666666, 0.3333333333333333, 0.4, 0.4666666666666667, 0.5333333333333333, 0.6, 0.7333333333333333, 0.8, 0.8666666666666667, 0.9666666666666667, 1.0], "phrase_ix": [0, 0, 0, 0, 0, 0, 0, 0, 0, 0, 0, 0, 0, 0, 0, 0, 0], "phrase_end": [false, false, false, false, false, false, false, false, false, false, false, false, false, false, false, false, true], "songpos": [0.0, 0.03333333333333333, 0.06666666666666667, 0.13333333333333333, 0.2, 0.23333333333333334, 0.26666666666666666, 0.3333333333333333, 0.4, 0.4666666666666667, 0.5333333333333333, 0.6, 0.7333333333333333, 0.8, 0.8666666666666667, 0.9666666666666667, 1.0], "beatinsong": ["0", "1/6", "1/3", "2/3", "1", "7/6", "4/3", "5/3", "2", "7/3", "8/3", "3", "11/3", "4", "13/3", "29/6", "5"], "beatinphrase": ["0", "1/6", "1/3", "2/3", "1", "7/6", "4/3", "5/3", "2", "7/3", "8/3", "3", "11/3", "4", "13/3", "29/6", "5"], "beatinphrase_end": ["-5", "-29/6", "-14/3", "-13/3", "-4", "-23/6", "-11/3", "-10/3", "-3", "-8/3", "-7/3", "-2", "-4/3", "-1", "-2/3", "-1/6", "0"], "IOI_frac": ["1/4", "1/4", "1/2", "1/2", "1/4", "1/4", "1/2", "1/2", "1/2", "1/2", "1/2", "1", "1/2", "1/2", "3/4", "1/4", "3/2"], "IOI": [0.25, 0.25, 0.5, 0.5, 0.25, 0.25, 0.5, 0.5, 0.5, 0.5, 0.5, 1.0, 0.5, 0.5, 0.75, 0.25, 1.5], "IOR_frac": [null, "1", "2", "1", "1/2", "1", "2", "1", "1", "1", "1", "2", "1/2", "1", "3/2", "1/3", "6"], "IOR": [null, 1.0, 2.0, 1.0, 0.5, 1.0, 2.0, 1.0, 1.0, 1.0, 1.0, 2.0, 0.5, 1.0, 1.5, 0.3333333333333333, 6.0], "imacontour": [null, "-", "+", "-", "+", "-", "+", "+", "-", "+", "-", "+", "-", "-", "+", "-", "+"], "pitch": ["G4", "B4", "D5", "D5", "D5", "E5", "D5", "C5", "B4", "D5", "C5", "A4", "G4", "A4", "B4", "A4", "G4"], "contour3": [null, "+", "+", "=", "=", "+", "-", "-", "-", "+", "-", "-", "-", "+", "+", "-", "-"], "contour5": [null, "++", "++", "=", "=", "+", "-", "-", "-", "++", "-", "--", "-", "+", "+", "-", "-"], "beatstrength": [1.0, 0.25, 0.5, 0.5, 1.0, 0.25, 0.5, 0.5, 1.0, 0.5, 0.5, 1.0, 0.5, 1.0, 0.5, 0.25, 1.0], "beat_str": ["1", "1", "1", "1", "1", "1", "1", "1", "1", "1", "1", "1", "1", "1", "1", "1", "1"], "beat_fraction_str": ["0", "1/6", "1/3", "2/3", "0", "1/6", "1/3", "2/3", "0", "1/3", "2/3", "0", "2/3", "0", "1/3", "5/6", "0"], "beat": [1.0, 1.1666666666666667, 1.3333333333333333, 1.6666666666666667, 1.0, 1.1666666666666667, 1.3333333333333333, 1.6666666666666667, 1.0, 1.3333333333333333, 1.6666666666666667, 1.0, 1.6666666666666667, 1.0, 1.3333333333333333, 1.8333333333333333, 1.0], "timesignature": ["3/8", "3/8", "3/8", "3/8", "3/8", "3/8", "3/8", "3/8", "3/8", "3/8", "3/8", "3/8", "3/8", "3/8", "3/8", "3/8", "3/8"], "gpr2a_Frankland": [null, null, null, null, null, null, null, null, null, null, null, null, null, null, null, null, 0.125], "gpr2b_Frankland": [null, null, null, null, null, null, null, null, null, null, null, 0.5, null, null, 0.5, null, null], "gpr3a_Frankland": [null, null, null, null, null, null, null, null, 0.5, null, 0.33333333333333337, null, null, null, null, null, null], "gpr3d_Frankland": [null, 0.5, null, 0.5, null, 0.5, null, 0.0, 0.0, null, null, null, null, null, null, null, null], "gpr_Frankland_sum": [0, 0.5, 0, 0.5, 0, 0.5, 0, 0, 0.5, 0, 0.33333333333333337, 0.5, 0, 0, 0.5, 0, 0.125], "lbdm_spitch": [null, 1.0, 0.0, 0.0, 0.4687500000000001, 0.0, 0.18750000000000006, 0.25000000000000006, 0.6696428571428572, 0.2678571428571429, 0.40178571428571436, 0.13392857142857145, 0.0, 0.0, 0.0, null, null], "lbdm_sioi": [null, 0.125, 0.25, 0.25, 0.125, 0.125, 0.25, 0.0, 0.0, 0.0, 0.25, 1.0, 0.25, 0.15000000000000002, 0.7874999999999999, null, null], "lbdm_srest": [null, 0.0, 0.0, 0.0, 0.0, 0.0, 0.0, 0.0, 0.0, 0.0, 0.0, 0.0, 0.0, 0.0, 0.0, null, null], "lbdm_rpitch": [null, 0.1111111111111111, 0.6, 0.0, 0.5, 0.0, 0.0, 0.2, 0.3333333333333333, 0.14285714285714285, 0.14285714285714285, 0.14285714285714285, 0.0, 0.0, 0.0, 0.0, null], "lbdm_rioi": [null, 0.0, 0.3333333333333333, 0.0, 0.3333333333333333, 0.0, 0.3333333333333333, 0.0, 0.0, 0.0, 0.0, 0.3333333333333333, 0.3333333333333333, 0.0, 0.2, 0.5, null], "lbdm_rrest": [null, 0.0, 0.0, 0.0, 0.0, 0.0, 0.0, 0.0, 0.0, 0.0, 0.0, 0.0, 0.0, 0.0, 0.0, 0.0, null], "lbdm_boundarystrength": [null, 0.3125, 0.125, 0.125, 0.17968750000000003, 0.0625, 0.171875, 0.06250000000000001, 0.1674107142857143, 0.06696428571428573, 0.2254464285714286, 0.5334821428571429, 0.125, 0.07500000000000001, 0.39374999999999993, null, null]}}
