{"id": "KB2115700000", "tunefamily": "", "year": -1, "tunefamily_full": "", "type": "", "freemeter": false, "origin": "", "features": {"scaledegree": [5, 5, 5, 5, 3, 4, 3, 4, 2, 1, 5, 5, 7, 1, 2, 3, 3, 4, 2, 1], "scaledegreespecifier": ["P", "P", "P", "P", "M", "P", "M", "P", "M", "P", "P", "P", "M", "P", "M", "M", "M", "P", "M", "P"], "tonic": ["B-", "B-", "B-", "B-", "B-", "B-", "B-", "B-", "B-", "B-", "B-", "B-", "B-", "B-", "B-", "B-", "B-", "B-", "B-", "B-"], "mode": ["major", "major", "major", "major", "major", "major", "major", "major", "major", "major", "major", "major", "major", "major", "major", "major", "major", "major", "major", "major"], "metriccontour": [null, "-", "=", "+", "-", "+", "-", "=", "+", "-", "+", "-", "=", "+", "-", "+", "-", "=", "+", "-"], "imaweight": [0.669355, 0.580645, 0.508065, 0.701613, 0.725806, 0.959677, 0.637097, 0.580645, 0.959677, 0.758065, 0.758065, 0.612903, 0.612903, 0.798387, 0.725806, 0.870968, 0.5, 0.467742, 1.0, 0.604839], "imaweight_spectral": [0.863388, 0.825137, 0.775956, 0.885246, 0.836066, 0.885246, 0.754098, 0.650273, 0.972678, 0.748634, 0.836066, 0.825137, 0.759563, 0.95082, 0.836066, 0.912568, 0.68306, 0.661202, 1.0, 0.754098], "pitch40_hewlett": [180, 180, 180, 180, 169, 174, 169, 174, 163, 157, 140, 140, 152, 157, 163, 169, 169, 174, 163, 157], "pitch40_sapp": [219, 219, 219, 219, 208, 213, 208, 213, 202, 196, 179, 179, 191, 196, 202, 208, 208, 213, 202, 196], "octave": [5, 5, 5, 5, 5, 5, 5, 5, 5, 4, 4, 4, 4, 4, 5, 5, 5, 5, 5, 4], "midipitch": [77, 77, 77, 77, 74, 75, 74, 75, 72, 70, 65, 65, 69, 70, 72, 74, 74, 75, 72, 70], "diatonicpitch": [32, 32, 32, 32, 30, 31, 30, 31, 29, 28, 25, 25, 27, 28, 29, 30, 30, 31, 29, 28], "diatonicinterval": [null, 0, 0, 0, -2, 1, -1, 1, -2, -1, -3, 0, 2, 1, 1, 1, 0, 1, -2, -1], "chromaticinterval": [null, 0, 0, 0, -3, 1, -1, 1, -3, -2, -5, 0, 4, 1, 2, 2, 0, 1, -3, -2], "pitchproximity": [null, null, 0, 0, 3, 1, 1, 1, 3, 2, 5, 0, 4, 1, 2, 2, 0, 1, 3, 2], "pitchreversal": [null, null, 0, 0, 0, 1.5, 1.5, 1.5, 1.5, 0, 0, 0, 0, 0, 0, 0, 0, 0, 1.5, 0], "nextisrest": [false, false, false, false, false, false, false, false, false, false, false, false, false, false, false, false, false, false, false, null], "restduration_frac": [null, null, null, null, null, null, null, null, null, null, null, null, null, null, null, null, null, null, null, null], "duration": [0.5, 0.5, 0.5, 1.0, 0.5, 0.5, 0.5, 0.5, 0.5, 1.0, 0.5, 0.5, 0.5, 1.0, 0.5, 0.5, 0.5, 0.5, 0.5, 1.0], "duration_frac": ["1/2", "1/2", "1/2", "1", "1/2", "1/2", "1/2", "1/2", "1/2", "1", "1/2", "1/2", "1/2", "1", "1/2", "1/2", "1/2", "1/2", "1/2", "1"], "duration_fullname": ["Eighth", "Eighth", "Eighth", "Quarter", "Eighth", "Eighth", "Eighth", "Eighth", "Eighth", "Quarter", "Eighth", "Eighth", "Eighth", "Quarter", "Eighth", "Eighth", "Eighth", "Eighth", "Eighth", "Quarter"], "durationcontour": [null, "=", "=", "+", "-", "=", "=", "=", "=", "+", "-", "=", "=", "+", "-", "=", "=", "=", "=", "+"], "onsettick": [0, 1, 2, 3, 5, 6, 7, 8, 9, 10, 12, 13, 14, 15, 17, 18, 19, 20, 21, 22], "beatfraction": ["1/3", "1/3", "1/3", "2/3", "1/3", "1/3", "1/3", "1/3", "1/3", "2/3", "1/3", "1/3", "1/3", "2/3", "1/3", "1/3", "1/3", "1/3", "1/3", "2/3"], "phrasepos": [0.0, 0.1, 0.2, 0.3, 0.5, 0.6, 0.7, 0.8, 0.9, 1.0, 0.0, 0.1, 0.2, 0.3, 0.5, 0.6, 0.7, 0.8, 0.9, 1.0], "phrase_ix": [0, 0, 0, 0, 0, 0, 0, 0, 0, 0, 1, 1, 1, 1, 1, 1, 1, 1, 1, 1], "phrase_end": [false, false, false, false, false, false, false, false, false, true, false, false, false, false, false, false, false, false, false, true], "songpos": [0.0, 0.045454545454545456, 0.09090909090909091, 0.13636363636363635, 0.22727272727272727, 0.2727272727272727, 0.3181818181818182, 0.36363636363636365, 0.4090909090909091, 0.45454545454545453, 0.5454545454545454, 0.5909090909090909, 0.6363636363636364, 0.6818181818181818, 0.7727272727272727, 0.8181818181818182, 0.8636363636363636, 0.9090909090909091, 0.9545454545454546, 1.0], "beatinsong": ["0", "1/3", "2/3", "1", "5/3", "2", "7/3", "8/3", "3", "10/3", "4", "13/3", "14/3", "5", "17/3", "6", "19/3", "20/3", "7", "22/3"], "beatinphrase": ["0", "1/3", "2/3", "1", "5/3", "2", "7/3", "8/3", "3", "10/3", "0", "1/3", "2/3", "1", "5/3", "2", "7/3", "8/3", "3", "10/3"], "beatinphrase_end": ["-3", "-8/3", "-7/3", "-2", "-4/3", "-1", "-2/3", "-1/3", "0", "1/3", "-3", "-8/3", "-7/3", "-2", "-4/3", "-1", "-2/3", "-1/3", "0", "1/3"], "IOI_frac": ["1/2", "1/2", "1/2", "1", "1/2", "1/2", "1/2", "1/2", "1/2", "1", "1/2", "1/2", "1/2", "1", "1/2", "1/2", "1/2", "1/2", "1/2", null], "IOI": [0.5, 0.5, 0.5, 1.0, 0.5, 0.5, 0.5, 0.5, 0.5, 1.0, 0.5, 0.5, 0.5, 1.0, 0.5, 0.5, 0.5, 0.5, 0.5, null], "IOR_frac": [null, "1", "1", "2", "1/2", "1", "1", "1", "1", "2", "1/2", "1", "1", "2", "1/2", "1", "1", "1", "1", null], "IOR": [null, 1.0, 1.0, 2.0, 0.5, 1.0, 1.0, 1.0, 1.0, 2.0, 0.5, 1.0, 1.0, 2.0, 0.5, 1.0, 1.0, 1.0, 1.0, null], "imacontour": [null, "-", "-", "+", "+", "+", "-", "-", "+", "-", "=", "-", "=", "+", "-", "+", "-", "-", "+", "-"], "pitch": ["F5", "F5", "F5", "F5", "D5", "E-5", "D5", "E-5", "C5", "B-4", "F4", "F4", "A4", "B-4", "C5", "D5", "D5", "E-5", "C5", "B-4"], "contour3": [null, "=", "=", "=", "-", "+", "-", "+", "-", "-", "-", "=", "+", "+", "+", "+", "=", "+", "-", "-"], "contour5": [null, "=", "=", "=", "--", "+", "-", "+", "--", "-", "--", "=", "++", "+", "+", "+", "=", "+", "--", "-"], "beatstrength": [1.0, 0.5, 0.5, 1.0, 0.5, 1.0, 0.5, 0.5, 1.0, 0.5, 1.0, 0.5, 0.5, 1.0, 0.5, 1.0, 0.5, 0.5, 1.0, 0.5], "beat_str": ["1", "1", "1", "1", "1", "1", "1", "1", "1", "1", "1", "1", "1", "1", "1", "1", "1", "1", "1", "1"], "beat_fraction_str": ["0", "1/3", "2/3", "0", "2/3", "0", "1/3", "2/3", "0", "1/3", "0", "1/3", "2/3", "0", "2/3", "0", "1/3", "2/3", "0", "1/3"], "beat": [1.0, 1.3333333333333333, 1.6666666666666667, 1.0, 1.6666666666666667, 1.0, 1.3333333333333333, 1.6666666666666667, 1.0, 1.3333333333333333, 1.0, 1.3333333333333333, 1.6666666666666667, 1.0, 1.6666666666666667, 1.0, 1.3333333333333333, 1.6666666666666667, 1.0, 1.3333333333333333], "timesignature": ["3/8", "3/8", "3/8", "3/8", "3/8", "3/8", "3/8", "3/8", "3/8", "3/8", "3/8", "3/8", "3/8", "3/8", "3/8", "3/8", "3/8", "3/8", "3/8", "3/8"], "gpr2a_Frankland": [null, null, null, null, null, null, null, null, null, null, null, null, null, null, null, null, null, null, null, null], "gpr2b_Frankland": [null, null, null, 0.5, null, null, null, null, null, 0.5, null, null, null, 0.5, null, null, null, null, null, null], "gpr3a_Frankland": [null, null, null, 0.8333333333333334, null, null, null, 0.5, null, 0.8, null, 0.875, null, null, null, null, null, 0.5, null, null], "gpr3d_Frankland": [null, null, null, null, null, 0.0, 0.0, null, null, null, null, null, null, null, null, 0.0, 0.0, null, null, null], "gpr_Frankland_sum": [0, 0, 0, 1.3333333333333335, 0, 0, 0, 0.5, 0, 1.3, 0, 0.875, 0, 0.5, 0, 0, 0, 0.5, 0, 0], "lbdm_spitch": [null, 0.0, 0.0, 0.5345454545454545, 0.06363636363636363, 0.0, 0.06363636363636363, 0.2727272727272727, 0.1818181818181818, 1.0, 0.0, 0.8363636363636363, 0.12, 0.07636363636363637, 0.19090909090909092, 0.0, 0.12727272727272726, 0.2727272727272727, null, null], "lbdm_sioi": [null, 0.0, 0.25, 1.0, 0.25, 0.0, 0.0, 0.0, 0.25, 1.0, 0.25, 0.0, 0.25, 1.0, 0.25, 0.0, 0.0, 0.0, null, null], "lbdm_srest": [null, 0.0, 0.0, 0.0, 0.0, 0.0, 0.0, 0.0, 0.0, 0.0, 0.0, 0.0, 0.0, 0.0, 0.0, 0.0, 0.0, 0.0, null, null], "lbdm_rpitch": [null, 0.0, 0.0, 0.6, 0.3333333333333333, 0.0, 0.0, 0.3333333333333333, 0.14285714285714285, 0.3333333333333333, 0.7142857142857143, 0.6666666666666666, 0.42857142857142855, 0.2, 0.0, 0.5, 0.3333333333333333, 0.3333333333333333, 0.14285714285714285, null], "lbdm_rioi": [null, 0.0, 0.0, 0.3333333333333333, 0.3333333333333333, 0.0, 0.0, 0.0, 0.0, 0.3333333333333333, 0.3333333333333333, 0.0, 0.0, 0.3333333333333333, 0.3333333333333333, 0.0, 0.0, 0.0, 0.0, null],