{"id": "KB2110300030", "tunefamily": "", "year": -1, "tunefamily_full": "", "type": "", "freemeter": false, "origin": "", "features": {"scaledegree": [1, 1, 5, 5, 5, 1, 1, 5, 5, 5, 1, 6, 4, 2, 5, 5, 1, 1, 1], "scaledegreespecifier": ["P", "P", "P", "P", "P", "P", "P", "P", "P", "P", "P", "M", "P", "M", "P", "P", "P", "P", "P"], "tonic": ["F", "F", "F", "F", "F", "F", "F", "F", "F", "F", "F", "F", "F", "F", "F", "F", "F", "F", "F"], "mode": ["major", "major", "major", "major", "major", "major", "major", "major", "major", "major", "major", "major", "major", "major", "major", "major", "major", "major", "major"], "metriccontour": [null, "-", "+", "-", "+", "+", "-", "+", "-", "+", "+", "-", "+", "-", "+", "-", "+", "-", "+"], "imaweight": [1.0, 1.0, 1.0, 0.0515021, 1.0, 1.0, 1.0, 0.982833, 0.120172, 0.982833, 0.982833, 0.982833, 0.982833, 0.982833, 0.982833, 0.982833, 0.982833, 0.0171674, 0.982833], "imaweight_spectral": [0.983936, 0.983936, 0.983936, 0.0803213, 0.967871, 0.983936, 0.983936, 0.951807, 0.144578, 0.967871, 0.967871, 0.967871, 1.0, 0.983936, 0.967871, 0.983936, 0.983936, 0.064257, 0.967871], "pitch40_hewlett": [140, 140, 123, 123, 123, 140, 140, 123, 123, 123, 140, 129, 117, 106, 123, 123, 140, 140, 140], "pitch40_sapp": [179, 179, 162, 162, 162, 179, 179, 162, 162, 162, 179, 168, 156, 145, 162, 162, 179, 179, 179], "octave": [4, 4, 4, 4, 4, 4, 4, 4, 4, 4, 4, 4, 3, 3, 4, 4, 4, 4, 4], "midipitch": [65, 65, 60, 60, 60, 65, 65, 60, 60, 60, 65, 62, 58, 55, 60, 60, 65, 65, 65], "diatonicpitch": [28, 28, 25, 25, 25, 28, 28, 25, 25, 25, 28, 26, 24, 22, 25, 25, 28, 28, 28], "diatonicinterval": [null, 0, -3, 0, 0, 3, 0, -3, 0, 0, 3, -2, -2, -2, 3, 0, 3, 0, 0], "chromaticinterval": [null, 0, -5, 0, 0, 5, 0, -5, 0, 0, 5, -3, -4, -3, 5, 0, 5, 0, 0], "pitchproximity": [null, null, 5, 0, 0, 5, 0, 5, 0, 0, 5, 3, 4, 3, 5, 0, 5, 0, 0], "pitchreversal": [null, null, 0, 0, 0, 0, 0, 0, 0, 0, 0, 1.5, 0, 0, 1.5, 0, 0, 0, 0], "nextisrest": [false, false, false, false, false, false, false, false, false, false, false, false, false, false, false, false, false, false, null], "restduration_frac": [null, null, null, null, null, null, null, null, null, null, null, null, null, null, null, null, null, null, null], "duration": [1.0, 1.0, 0.5, 0.5, 1.0, 1.0, 1.0, 0.5, 0.5, 1.0, 1.0, 1.0, 1.0, 1.0, 1.0, 1.0, 0.5, 0.5, 1.0], "duration_frac": ["1", "1", "1/2", "1/2", "1", "1", "1", "1/2", "1/2", "1", "1", "1", "1", "1", "1", "1", "1/2", "1/2", "1"], "duration_fullname": ["Quarter", "Quarter", "Eighth", "Eighth", "Quarter", "Quarter", "Quarter", "Eighth", "Eighth", "Quarter", "Quarter", "Quarter", "Quarter", "Quarter", "Quarter", "Quarter", "Eighth", "Eighth", "Quarter"], "durationcontour": [null, "=", "-", "=", "+", "=", "=", "-", "=", "+", "=", "=", "=", "=", "=", "=", "-", "=", "+"], "onsettick": [0, 2, 4, 5, 6, 8, 10, 12, 13, 14, 16, 18, 20, 22, 24, 26, 28, 29, 30], "beatfraction": ["1", "1", "1/2", "1/2", "1", "1", "1", "1/2", "1/2", "1", "1", "1", "1", "1", "1", "1", "1/2", "1/2", "1"], "phrasepos": [0.0, 0.14285714285714285, 0.2857142857142857, 0.35714285714285715, 0.42857142857142855, 0.5714285714285714, 0.7142857142857143, 0.8571428571428571, 0.9285714285714286, 1.0, 0.0, 0.14285714285714285, 0.2857142857142857, 0.42857142857142855, 0.5714285714285714, 0.7142857142857143, 0.8571428571428571, 0.9285714285714286, 1.0], "phrase_ix": [0, 0, 0, 0, 0, 0, 0, 0, 0, 0, 1, 1, 1, 1, 1, 1, 1, 1, 1], "phrase_end": [false, false, false, false, false, false, false, false, false, true, false, false, false, false, false, false, false, false, true], "songpos": [0.0, 0.06666666666666667, 0.13333333333333333, 0.16666666666666666, 0.2, 0.26666666666666666, 0.3333333333333333, 0.4, 0.43333333333333335, 0.4666666666666667, 0.5333333333333333, 0.6, 0.6666666666666666, 0.7333333333333333, 0.8, 0.8666666666666667, 0.9333333333333333, 0.9666666666666667, 1.0], "beatinsong": ["0", "1", "2", "5/2", "3", "4", "5", "6", "13/2", "7", "8", "9", "10", "11", "12", "13", "14", "29/2", "15"], "beatinphrase": ["0", "1", "2", "5/2", "3", "4", "5", "6", "13/2", "7", "0", "1", "2", "3", "4", "5", "6", "13/2", "7"], "beatinphrase_end": ["-6", "-5", "-4", "-7/2", "-3", "-2", "-1", "0", "1/2", "1", "-6", "-5", "-4", "-3", "-2", "-1", "0", "1/2", "1"], "IOI_frac": ["1", "1", "1/2", "1/2", "1", "1", "1", "1/2", "1/2", "1", "1", "1", "1", "1", "1", "1", "1/2", "1/2", null], "IOI": [1.0, 1.0, 0.5, 0.5, 1.0, 1.0, 1.0, 0.5, 0.5, 1.0, 1.0, 1.0, 1.0, 1.0, 1.0, 1.0, 0.5, 0.5, null], "IOR_frac": [null, "1", "1/2", "1", "2", "1", "1", "1/2", "1", "2", "1", "1", "1", "1", "1", "1", "1/2", "1", null], "IOR": [null, 1.0, 0.5, 1.0, 2.0, 1.0, 1.0, 0.5, 1.0, 2.0, 1.0, 1.0, 1.0, 1.0, 1.0, 1.0, 0.5, 1.0, null], "imacontour": [null, "=", "=", "-", "+", "=", "=", "-", "-", "+", "=", "=", "=", "=", "=", "=", "=", "-", "+"], "pitch": ["F4", "F4", "C4", "C4", "C4", "F4", "F4", "C4", "C4", "C4", "F4", "D4", "B-3", "G3", "C4", "C4", "F4", "F4", "F4"], "contour3": [null, "=", "-", "=", "=", "+", "=", "-", "=", "=", "+", "-", "-", "-", "+", "=", "+", "=", "="], "contour5": [null, "=", "--", "=", "=", "++", "=", "--", "=", "=", "++", "--", "--", "--", "++", "=", "++", "=", "="], "beatstrength": [1.0, 0.5, 1.0, 0.25, 0.5, 1.0, 0.5, 1.0, 0.25, 0.5, 1.0, 0.5, 1.0, 0.5, 1.0, 0.5, 1.0, 0.25, 0.5], "beat_str": ["1", "2", "1", "1", "2", "1", "2", "1", "1", "2", "1", "2", "1", "2", "1", "2", "1", "1", "2"], "beat_fraction_str": ["0", "0", "0", "1/2", "0", "0", "0", "0", "1/2", "0", "0", "0", "0", "0", "0", "0", "0", "1/2", "0"], "beat": [1.0, 2.0, 1.0, 1.5, 2.0, 1.0, 2.0, 1.0, 1.5, 2.0, 1.0, 2.0, 1.0, 2.0, 1.0, 2.0, 1.0, 1.5, 2.0], "timesignature": ["2/4", "2/4", "2/4", "2/4", "2/4", "2/4", "2/4", "2/4", "2/4", "2/4", "2/4", "2/4", "2/4", "2/4", "2/4", "2/4", "2/4", "2/4", "2/4"], "gpr2a_Frankland": [null, null, null, null, null, null, null, null, null, null, null, null, null, null, null, null, null, null, null], "gpr2b_Frankland": [null, null, null, null, null, null, null, null, null, null, null, null, null, null, null, null, null, null, null], "gpr3a_Frankland": [null, 1.0, null, null, 1.0, null, 1.0, null, null, 0.7, null, 0.25, null, 0.7, null, 1.0, null, null, null], "gpr3d_Frankland": [null, 0.5, null, 0.5, null, null, 0.5, null, 0.5, null, 0.0, 0.0, 0.0, 0.0, null, 0.5, null, null, null], "gpr_Frankland_sum": [0, 1.5, 0, 0.5, 1.0, 0, 1.5, 0, 0.5, 0.7, 0, 0.25, 0, 0.7, 0, 1.5, 0, 0, 0], "lbdm_spitch": [null, 1.0, 0.0, 0.0, 1.0, 0.0, 1.0, 0.0, 0.0, 0.64, 0.13066666666666665, 0.12444444444444443, 0.13066666666666665, 0.64, 0.0, 1.0, 0.0, null, null], "lbdm_sioi": [null, 1.0, 0.5, 0.5, 1.0, 0.0, 1.0, 0.5, 0.5, 1.0, 0.0, 0.0, 0.0, 0.0, 0.0, 1.0, 0.5, null, null], "lbdm_srest": [null, 0.0, 0.0, 0.0, 0.0, 0.0, 0.0, 0.0, 0.0, 0.0, 0.0, 0.0, 0.0, 0.0, 0.0, 0.0, 0.0, null, null], "lbdm_rpitch": [null, 0.7142857142857143, 0.7142857142857143, 0.0, 0.7142857142857143, 0.7142857142857143, 0.7142857142857143, 0.7142857142857143, 0.0, 0.7142857142857143, 0.2, 0.1111111111111111, 0.1111111111111111, 0.2, 0.7142857142857143, 0.7142857142857143, 0.7142857142857143, 0.0, null], "lbdm_rioi": [null, 0.0, 0.3333333333333333, 0.0, 0.3333333333333333, 0.0, 0.0, 0.3333333333333333, 0.0, 0.3333333333333333, 0.0, 0.0, 0.0, 0.0, 0.0, 0.0, 0.3333333333333333, 0.0, null], "lbdm_rrest": [null, 0.0, 0.0, 0.0, 0.0, 0.0, 0.0, 0.0, 0.0, 0.0, 0.0, 0.0, 0.0, 0.0, 0.0, 0.0, 0.0, 0.0, null], "lbdm_boundarystrength": [null, 0.75, 0.25, 0.25, 0.75, 0.0, 0.75, 0.25, 0.25, 0.66, 0.03266666666666666, 0.031111111111111107, 0.03266666666666666, 0.16, 0.0, 0.75, 0.25, null, null]}}
