{"id": "KB2130600020", "tunefamily": "", "year": -1, "tunefamily_full": "", "type": "", "freemeter": false, "origin": "", "features": {"scaledegree": [7, 6, 6, 1, 7, 2, 1, 7, 6, 5, 7, 2, 1], "scaledegreespecifier": ["M", "M", "M", "P", "M", "M", "P", "M", "M", "P", "M", "M", "P"], "tonic": ["G", "G", "G", "G", "G", "G", "G", "G", "G", "G", "G", "G", "G"], "mode": ["major", "major", "major", "major", "major", "major", "major", "major", "major", "major", "major", "major", "major"], "metriccontour": [null, "-", "-", "+", "-", "+", "=", "+", "-", "+", "-", "+", "="], "imaweight": [0.6, 1.0, 0.342857, 0.585714, 0.285714, 0.814286, 0.528571, 0.771429, 0.671429, 0.314286, 0.171429, 0.6, 0.314286], "imaweight_spectral": [1.0, 1.0, 0.321839, 0.62069, 0.321839, 0.804598, 0.804598, 0.954023, 1.0, 0.62069, 0.367816, 0.896552, 0.712644], "pitch40_hewlett": [141, 135, 135, 146, 141, 152, 146, 141, 135, 129, 141, 152, 146], "pitch40_sapp": [180, 174, 174, 185, 180, 191, 185, 180, 174, 168, 180, 191, 185], "octave": [4, 4, 4, 4, 4, 4, 4, 4, 4, 4, 4, 4, 4], "midipitch": [66, 64, 64, 67, 66, 69, 67, 66, 64, 62, 66, 69, 67], "diatonicpitch": [27, 26, 26, 28, 27, 29, 28, 27, 26, 25, 27, 29, 28], "diatonicinterval": [null, -1, 0, 2, -1, 2, -1, -1, -1, -1, 2, 2, -1], "chromaticinterval": [null, -2, 0, 3, -1, 3, -2, -1, -2, -2, 4, 3, -2], "pitchproximity": [null, null, 0, 3, 1, 3, 2, 1, 2, 2, 4, 3, 2], "pitchreversal": [null, null, 0, 0, 1.5, 1.5, 1.5, 0, 0, 0, 1.5, 0, 1.5], "nextisrest": [false, false, false, false, false, false, false, false, false, false, false, false, null], "restduration_frac": [null, null, null, null, null, null, null, null, null, null, null, null, null], "duration": [1.0, 0.25, 0.25, 0.25, 0.25, 0.5, 0.5, 1.0, 0.5, 0.25, 0.25, 0.5, 0.5], "duration_frac": ["1", "1/4", "1/4", "1/4", "1/4", "1/2", "1/2", "1", "1/2", "1/4", "1/4", "1/2", "1/2"], "duration_fullname": ["Quarter", "16th", "16th", "16th", "16th", "Eighth", "Eighth", "Quarter", "Eighth", "16th", "16th", "Eighth", "Eighth"], "durationcontour": [null, "-", "=", "=", "=", "+", "=", "+", "-", "-", "=", "+", "="], "onsettick": [0, 4, 5, 6, 7, 8, 10, 12, 16, 18, 19, 20, 22], "beatfraction": ["2/3", "1/6", "1/6", "1/6", "1/6", "1/3", "1/3", "2/3", "1/3", "1/6", "1/6", "1/3", "1/3"], "phrasepos": [0.0, 0.18181818181818182, 0.22727272727272727, 0.2727272727272727, 0.3181818181818182, 0.36363636363636365, 0.45454545454545453, 0.5454545454545454, 0.7272727272727273, 0.8181818181818182, 0.8636363636363636, 0.9090909090909091, 1.0], "phrase_ix": [0, 0, 0, 0, 0, 0, 0, 0, 0, 0, 0, 0, 0], "phrase_end": [false, false, false, false, false, false, false, false, false, false, false, false, true], "songpos": [0.0, 0.18181818181818182, 0.22727272727272727, 0.2727272727272727, 0.3181818181818182, 0.36363636363636365, 0.45454545454545453, 0.5454545454545454, 0.7272727272727273, 0.8181818181818182, 0.8636363636363636, 0.9090909090909091, 1.0], "beatinsong": ["0", "2/3", "5/6", "1", "7/6", "4/3", "5/3", "2", "8/3", "3", "19/6", "10/3", "11/3"], "beatinphrase": ["0", "2/3", "5/6", "1", "7/6", "4/3", "5/3", "2", "8/3", "3", "19/6", "10/3", "11/3"], "beatinphrase_end": ["-3", "-7/3", "-13/6", "-2", "-11/6", "-5/3", "-4/3", "-1", "-1/3", "0", "1/6", "1/3", "2/3"], "IOI_frac": ["1", "1/4", "1/4", "1/4", "1/4", "1/2", "1/2", "1", "1/2", "1/4", "1/4", "1/2", null], "IOI": [1.0, 0.25, 0.25, 0.25, 0.25, 0.5, 0.5, 1.0, 0.5, 0.25, 0.25, 0.5, null], "IOR_frac": [null, "1/4", "1", "1", "1", "2", "1", "2", "1/2", "1/2", "1", "2", null], "IOR": [null, 0.25, 1.0, 1.0, 1.0, 2.0, 1.0, 2.0, 0.5, 0.5, 1.0, 2.0, null], "imacontour": [null, "+", "-", "+", "-", "+", "-", "+", "-", "-", "-", "+", "-"], "pitch": ["F#4", "E4", "E4", "G4", "F#4", "A4", "G4", "F#4", "E4", "D4", "F#4", "A4", "G4"], "contour3": [null, "-", "=", "+", "-", "+", "-", "-", "-", "-", "+", "+", "-"], "contour5": [null, "-", "=", "++", "-", "++", "-", "-", "-", "-", "++", "++", "-"], "beatstrength": [1.0, 0.5, 0.25, 1.0, 0.25, 0.5, 0.5, 1.0, 0.5, 1.0, 0.25, 0.5, 0.5], "beat_str": ["1", "1", "1", "1", "1", "1", "1", "1", "1", "1", "1", "1", "1"], "beat_fraction_str": ["0", "2/3", "5/6", "0", "1/6", "1/3", "2/3", "0", "2/3", "0", "1/6", "1/3", "2/3"], "beat": [1.0, 1.6666666666666667, 1.8333333333333333, 1.0, 1.1666666666666667, 1.3333333333333333, 1.6666666666666667, 1.0, 1.6666666666666667, 1.0, 1.1666666666666667, 1.3333333333333333, 1.6666666666666667], "timesignature": ["3/8", "3/8", "3/8", "3/8", "3/8", "3/8", "3/8", "3/8", "3/8", "3/8", "3/8", "3/8", "3/8"], "gpr2a_Frankland": [null, null, null, null, null, null, null, null, null, null, null, null, null], "gpr2b_Frankland": [null, null, null, null, null, null, null, 0.5, null, null, null, null, null], "gpr3a_Frankland": [null, null, 0.8333333333333334, null, 0.5, null, null, null, null, 0.375, null, null, null], "gpr3d_Frankland": [null, null, 0.0, null, 0.5, null, null, null, null, null, null, null, null], "gpr_Frankland_sum": [0, 0, 0.8333333333333334, 0, 1.0, 0, 0, 0.5, 0, 0.375, 0, 0, 0], "lbdm_spitch": [null, 0.0, 1.0, 0.2380952380952381, 0.5102040816326531, 0.2448979591836735, 0.14285714285714288, 0.14285714285714288, 0.17857142857142858, 0.5158730158730159, 0.272108843537415, null, null], "lbdm_sioi": [null, 0.225, 0.0, 0.0, 0.125, 0.25, 0.25, 1.0, 0.5, 0.125, 0.125, null, null], "lbdm_srest": [null, 0.0, 0.0, 0.0, 0.0, 0.0, 0.0, 0.0, 0.0, 0.0, 0.0, null, null], "lbdm_rpitch": [null, 0.5, 0.6, 0.3333333333333333, 0.3333333333333333, 0.14285714285714285, 0.2, 0.2, 0.0, 0.25, 0.1111111111111111, 0.14285714285714285, null], "lbdm_rioi": [null, 0.6, 0.0, 0.0, 0.0, 0.3333333333333333, 0.0, 0.3333333333333333, 0.3333333333333333, 0.3333333333333333, 0.0, 0.3333333333333333, null], "lbdm_rrest": [null, 0.0, 0.0, 0.0, 0.0, 0.0, 0.0, 0.0, 0.0, 0.0, 0.0, 0.0, null], "lbdm_boundarystrength": [null, 0.1125, 0.25, 0.05952380952380953, 0.19005102040816327, 0.18622448979591838, 0.16071428571428573, 0.5357142857142857, 0.29464285714285715, 0.19146825396825398, 0.13052721088435376, null, null]}}
