{"id": "KB2132900010", "tunefamily": "", "year": -1, "tunefamily_full": "", "type": "", "freemeter": false, "origin": "", "features": {"scaledegree": [3, 4, 2, 5, 1, 6, 3, 4, 2, 5, 6, 1, 6], "scaledegreespecifier": ["M", "P", "M", "P", "P", "M", "M", "P", "M", "P", "M", "P", "M"], "tonic": ["C", "C", "C", "C", "C", "C", "C", "C", "C", "C", "C", "C", "C"], "mode": ["major", "major", "major", "major", "major", "major", "major", "major", "major", "major", "major", "major", "major"], "metriccontour": [null, "-", "=", "+", "-", "=", "+", "-", "=", "+", "-", "+", "="], "imaweight": [0.968, 0.968, 0.968, 0.968, 0.968, 0.968, 0.968, 0.968, 1.0, 1.0, 0.064, 1.0, 1.0], "imaweight_spectral": [0.968992, 0.968992, 1.0, 0.968992, 0.968992, 1.0, 0.968992, 0.968992, 1.0, 0.968992, 0.0620155, 0.968992, 1.0], "pitch40_hewlett": [175, 180, 169, 146, 163, 152, 175, 180, 169, 146, 152, 163, 152], "pitch40_sapp": [214, 219, 208, 185, 202, 191, 214, 219, 208, 185, 191, 202, 191], "octave": [5, 5, 5, 4, 5, 4, 5, 5, 5, 4, 4, 5, 4], "midipitch": [76, 77, 74, 67, 72, 69, 76, 77, 74, 67, 69, 72, 69], "diatonicpitch": [37, 38, 36, 32, 35, 33, 37, 38, 36, 32, 33, 35, 33], "diatonicinterval": [null, 1, -2, -4, 3, -2, 4, 1, -2, -4, 1, 2, -2], "chromaticinterval": [null, 1, -3, -7, 5, -3, 7, 1, -3, -7, 2, 3, -3], "pitchproximity": [null, null, 3, 7, 5, 3, 7, 1, 3, 7, 2, 3, 3], "pitchreversal": [null, null, 1.5, 0, 2.5, 1.5, 0, -1, 1.5, 0, 1, 0, 1.5], "nextisrest": [false, false, false, false, false, false, false, false, false, false, false, false, null], "restduration_frac": [null, null, null, null, null, null, null, null, null, null, null, null, null], "duration": [0.5, 0.5, 0.5, 0.5, 0.5, 0.5, 0.5, 0.5, 0.5, 0.25, 0.25, 0.5, 0.5], "duration_frac": ["1/2", "1/2", "1/2", "1/2", "1/2", "1/2", "1/2", "1/2", "1/2", "1/4", "1/4", "1/2", "1/2"], "duration_fullname": ["Eighth", "Eighth", "Eighth", "Eighth", "Eighth", "Eighth", "Eighth", "Eighth", "Eighth", "16th", "16th", "Eighth", "Eighth"], "durationcontour": [null, "=", "=", "=", "=", "=", "=", "=", "=", "-", "=", "+", "="], "onsettick": [0, 2, 4, 6, 8, 10, 12, 14, 16, 18, 19, 20, 22], "beatfraction": ["1/3", "1/3", "1/3", "1/3", "1/3", "1/3", "1/3", "1/3", "1/3", "1/6", "1/6", "1/3", "1/3"], "phrasepos": [0.0, 0.09090909090909091, 0.18181818181818182, 0.2727272727272727, 0.36363636363636365, 0.45454545454545453, 0.5454545454545454, 0.6363636363636364, 0.7272727272727273, 0.8181818181818182, 0.8636363636363636, 0.9090909090909091, 1.0], "phrase_ix": [0, 0, 0, 0, 0, 0, 0, 0, 0, 0, 0, 0, 0], "phrase_end": [false, false, false, false, false, false, false, false, false, false, false, false, true], "songpos": [0.0, 0.09090909090909091, 0.18181818181818182, 0.2727272727272727, 0.36363636363636365, 0.45454545454545453, 0.5454545454545454, 0.6363636363636364, 0.7272727272727273, 0.8181818181818182, 0.8636363636363636, 0.9090909090909091, 1.0], "beatinsong": ["0", "1/3", "2/3", "1", "4/3", "5/3", "2", "7/3", "8/3", "3", "19/6", "10/3", "11/3"], "beatinphrase": ["0", "1/3", "2/3", "1", "4/3", "5/3", "2", "7/3", "8/3", "3", "19/6", "10/3", "11/3"], "beatinphrase_end": ["-3", "-8/3", "-7/3", "-2", "-5/3", "-4/3", "-1", "-2/3", "-1/3", "0", "1/6", "1/3", "2/3"], "IOI_frac": ["1/2", "1/2", "1/2", "1/2", "1/2", "1/2", "1/2", "1/2", "1/2", "1/4", "1/4", "1/2", null], "IOI": [0.5, 0.5, 0.5, 0.5, 0.5, 0.5, 0.5, 0.5, 0.5, 0.25, 0.25, 0.5, null], "IOR_frac": [null, "1", "1", "1", "1", "1", "1", "1", "1", "1/2", "1", "2", null], "IOR": [null, 1.0, 1.0, 1.0, 1.0, 1.0, 1.0, 1.0, 1.0, 0.5, 1.0, 2.0, null], "imacontour": [null, "=", "=", "=", "=", "=", "=", "=", "+", "=", "-", "+", "="], "pitch": ["E5", "F5", "D5", "G4", "C5", "A4", "E5", "F5", "D5", "G4", "A4", "C5", "A4"], "contour3": [null, "+", "-", "-", "+", "-", "+", "+", "-", "-", "+", "+", "-"], "contour5": [null, "+", "--", "--", "++", "--", "++", "+", "--", "--", "+", "++", "--"], "beatstrength": [1.0, 0.5, 0.5, 1.0, 0.5, 0.5, 1.0, 0.5, 0.5, 1.0, 0.25, 0.5, 0.5], "beat_str": ["1", "1", "1", "1", "1", "1", "1", "1", "1", "1", "1", "1", "1"], "beat_fraction_str": ["0", "1/3", "2/3", "0", "1/3", "2/3", "0", "1/3", "2/3", "0", "1/6", "1/3", "2/3"], "beat": [1.0, 1.3333333333333333, 1.6666666666666667, 1.0, 1.3333333333333333, 1.6666666666666667, 1.0, 1.3333333333333333, 1.6666666666666667, 1.0, 1.1666666666666667, 1.3333333333333333, 1.6666666666666667], "timesignature": ["3/8", "3/8", "3/8", "3/8", "3/8", "3/8", "3/8", "3/8", "3/8", "3/8", "3/8", "3/8", "3/8"], "gpr2a_Frankland": [null, null, null, null, null, null, null, null, null, null, null, null, null], "gpr2b_Frankland": [null, null, null, null, null, null, null, null, null, null, null, null, null], "gpr3a_Frankland": [null, null, 0.4285714285714286, null, null, 0.7142857142857143, null, null, 0.6428571428571428, null, null, null, null], "gpr3d_Frankland": [null, 0.0, 0.0, 0.0, 0.0, 0.0, 0.0, null, 0.5, null, null, null, null], "gpr_Frankland_sum": [0, 0, 0.4285714285714286, 0, 0, 0.7142857142857143, 0, 0, 1.1428571428571428, 0, 0, 0, 0], "lbdm_spitch": [null, 0.30612244897959184, 0.5102040816326531, 0.2623906705539359, 0.2448979591836735, 1.0, 0.14285714285714285, 0.30612244897959184, 0.8441558441558441, 0.18287834614365225, 0.06559766763848396, null, null], "lbdm_sioi": [null, 0.0, 0.0, 0.0, 0.0, 0.0, 0.0, 0.0, 1.0, 0.5, 0.5, null, null], "lbdm_srest": [null, 0.0, 0.0, 0.0, 0.0, 0.0, 0.0, 0.0, 0.0, 0.0, 0.0, null, null], "lbdm_rpitch": [null, 0.3333333333333333, 0.3333333333333333, 0.14285714285714285, 0.2, 0.3333333333333333, 0.6, 0.3333333333333333, 0.3333333333333333, 0.45454545454545453, 0.14285714285714285, 0.0, null], "lbdm_rioi": [null, 0.0, 0.0, 0.0, 0.0, 0.0, 0.0, 0.0, 0.0, 0.3333333333333333, 0.0, 0.3333333333333333, null], "lbdm_rrest": [null, 0.0, 0.0, 0.0, 0.0, 0.0, 0.0, 0.0, 0.0, 0.0, 0.0, 0.0, null], "lbdm_boundarystrength": [null, 0.07653061224489796, 0.12755102040816327, 0.06559766763848397, 0.06122448979591837, 0.25, 0.03571428571428571, 0.07653061224489796, 0.711038961038961, 0.29571958653591307, 0.266399416909621, null, null]}}
