{"id": "KB2102200020", "tunefamily": "", "year": -1, "tunefamily_full": "", "type": "", "freemeter": false, "origin": "", "features": {"scaledegree": [1, 1, 2, 1, 1, 2, 1, 1, 2, 1, 1, 2, 4, 3, 1, 2, 1, 5], "scaledegreespecifier": ["P", "P", "M", "P", "P", "M", "P", "P", "M", "P", "P", "M", "P", "M", "P", "M", "P", "P"], "tonic": ["C", "C", "C", "C", "C", "C", "C", "C", "C", "C", "C", "C", "C", "C", "C", "C", "C", "C"], "mode": ["major", "major", "major", "major", "major", "major", "major", "major", "major", "major", "major", "major", "major", "major", "major", "major", "major", "major"], "metriccontour": [null, "-", "=", "+", "-", "=", "+", "-", "=", "+", "-", "=", "+", "-", "+", "=", "+", "-"], "imaweight": [0.984615, 0.984615, 0.984615, 0.984615, 0.984615, 0.984615, 0.984615, 0.984615, 0.984615, 1.0, 1.0, 1.0, 1.0, 0.0615385, 1.0, 1.0, 1.0, 1.0], "imaweight_spectral": [0.985075, 0.970149, 1.0, 0.970149, 0.970149, 1.0, 0.970149, 0.970149, 0.985075, 0.985075, 0.985075, 0.985075, 0.970149, 0.0597015, 0.970149, 0.985075, 0.985075, 0.985075], "pitch40_hewlett": [163, 163, 169, 163, 163, 169, 163, 163, 169, 163, 163, 169, 180, 175, 163, 169, 163, 146], "pitch40_sapp": [202, 202, 208, 202, 202, 208, 202, 202, 208, 202, 202, 208, 219, 214, 202, 208, 202, 185], "octave": [5, 5, 5, 5, 5, 5, 5, 5, 5, 5, 5, 5, 5, 5, 5, 5, 5, 4], "midipitch": [72, 72, 74, 72, 72, 74, 72, 72, 74, 72, 72, 74, 77, 76, 72, 74, 72, 67], "diatonicpitch": [35, 35, 36, 35, 35, 36, 35, 35, 36, 35, 35, 36, 38, 37, 35, 36, 35, 32], "diatonicinterval": [null, 0, 1, -1, 0, 1, -1, 0, 1, -1, 0, 1, 2, -1, -2, 1, -1, -3], "chromaticinterval": [null, 0, 2, -2, 0, 2, -2, 0, 2, -2, 0, 2, 3, -1, -4, 2, -2, -5], "pitchproximity": [null, null, 2, 2, 0, 2, 2, 0, 2, 2, 0, 2, 3, 1, 4, 2, 2, 5], "pitchreversal": [null, null, 0, 1.5, 0, 0, 1.5, 0, 0, 1.5, 0, 0, 0, 1.5, 0, 1.5, 1.5, 0], "nextisrest": [false, false, false, false, false, false, false, false, false, false, false, false, false, false, false, false, false, null], "restduration_frac": [null, null, null, null, null, null, null, null, null, null, null, null, null, null, null, null, null, null], "duration": [0.5, 0.5, 0.5, 0.5, 0.5, 0.5, 0.5, 0.5, 0.5, 0.5, 0.5, 0.5, 0.25, 0.25, 0.5, 0.5, 0.5, 1.0], "duration_frac": ["1/2", "1/2", "1/2", "1/2", "1/2", "1/2", "1/2", "1/2", "1/2", "1/2", "1/2", "1/2", "1/4", "1/4", "1/2", "1/2", "1/2", "1"], "duration_fullname": ["Eighth", "Eighth", "Eighth", "Eighth", "Eighth", "Eighth", "Eighth", "Eighth", "Eighth", "Eighth", "Eighth", "Eighth", "16th", "16th", "Eighth", "Eighth", "Eighth", "Quarter"], "durationcontour": [null, "=", "=", "=", "=", "=", "=", "=", "=", "=", "=", "=", "-", "=", "+", "=", "=", "+"], "onsettick": [0, 2, 4, 6, 8, 10, 12, 14, 16, 18, 20, 22, 24, 25, 26, 28, 30, 32], "beatfraction": ["1/3", "1/3", "1/3", "1/3", "1/3", "1/3", "1/3", "1/3", "1/3", "1/3", "1/3", "1/3", "1/6", "1/6", "1/3", "1/3", "1/3", "2/3"], "phrasepos": [0.0, 0.0625, 0.125, 0.1875, 0.25, 0.3125, 0.375, 0.4375, 0.5, 0.5625, 0.625, 0.6875, 0.75, 0.78125, 0.8125, 0.875, 0.9375, 1.0], "phrase_ix": [0, 0, 0, 0, 0, 0, 0, 0, 0, 0, 0, 0, 0, 0, 0, 0, 0, 0], "phrase_end": [false, false, false, false, false, false, false, false, false, false, false, false, false, false, false, false, false, true], "songpos": [0.0, 0.0625, 0.125, 0.1875, 0.25, 0.3125, 0.375, 0.4375, 0.5, 0.5625, 0.625, 0.6875, 0.75, 0.78125, 0.8125, 0.875, 0.9375, 1.0], "beatinsong": ["0", "1/3", "2/3", "1", "4/3", "5/3", "2", "7/3", "8/3", "3", "10/3", "11/3", "4", "25/6", "13/3", "14/3", "5", "16/3"], "beatinphrase": ["0", "1/3", "2/3", "1", "4/3", "5/3", "2", "7/3", "8/3", "3", "10/3", "11/3", "4", "25/6", "13/3", "14/3", "5", "16/3"], "beatinphrase_end": ["-5", "-14/3", "-13/3", "-4", "-11/3", "-10/3", "-3", "-8/3", "-7/3", "-2", "-5/3", "-4/3", "-1", "-5/6", "-2/3", "-1/3", "0", "1/3"], "IOI_frac": ["1/2", "1/2", "1/2", "1/2", "1/2", "1/2", "1/2", "1/2", "1/2", "1/2", "1/2", "1/2", "1/4", "1/4", "1/2", "1/2", "1/2", null], "IOI": [0.5, 0.5, 0.5, 0.5, 0.5, 0.5, 0.5, 0.5, 0.5, 0.5, 0.5, 0.5, 0.25, 0.25, 0.5, 0.5, 0.5, null], "IOR_frac": [null, "1", "1", "1", "1", "1", "1", "1", "1", "1", "1", "1", "1/2", "1", "2", "1", "1", null], "IOR": [null, 1.0, 1.0, 1.0, 1.0, 1.0, 1.0, 1.0, 1.0, 1.0, 1.0, 1.0, 0.5, 1.0, 2.0, 1.0, 1.0, null], "imacontour": [null, "=", "=", "=", "=", "=", "=", "=", "=", "+", "=", "=", "=", "-", "+", "=", "=", "="], "pitch": ["C5", "C5", "D5", "C5", "C5", "D5", "C5", "C5", "D5", "C5", "C5", "D5", "F5", "E5", "C5", "D5", "C5", "G4"], "contour3": [null, "=", "+", "-", "=", "+", "-", "=", "+", "-", "=", "+", "+", "-", "-", "+", "-", "-"], "contour5": [null, "=", "+", "-", "=", "+", "-", "=", "+", "-", "=", "+", "++", "-", "--", "+", "-", "--"], "beatstrength": [1.0, 0.5, 0.5, 1.0, 0.5, 0.5, 1.0, 0.5, 0.5, 1.0, 0.5, 0.5, 1.0, 0.25, 0.5, 0.5, 1.0, 0.5], "beat_str": ["1", "1", "1", "1", "1", "1", "1", "1", "1", "1", "1", "1", "1", "1", "1", "1", "1", "1"], "beat_fraction_str": ["0", "1/3", "2/3", "0", "1/3", "2/3", "0", "1/3", "2/3", "0", "1/3", "2/3", "0", "1/6", "1/3", "2/3", "0", "1/3"], "beat": [1.0, 1.3333333333333333, 1.6666666666666667, 1.0, 1.3333333333333333, 1.6666666666666667, 1.0, 1.3333333333333333, 1.6666666666666667, 1.0, 1.3333333333333333, 1.6666666666666667, 1.0, 1.1666666666666667, 1.3333333333333333, 1.6666666666666667, 1.0, 1.3333333333333333], "timesignature": ["3/8", "3/8", "3/8", "3/8", "3/8", "3/8", "3/8", "3/8", "3/8", "3/8", "3/8", "3/8", "3/8", "3/8", "3/8", "3/8", "3/8", "3/8"], "gpr2a_Frankland": [null, null, null, null, null, null, null, null, null, null, null, null, null, null, null, null, null, null], "gpr2b_Frankland": [null, null, null, null, null, null, null, null, null, null, null, null, null, null, null, null, null, null], "gpr3a_Frankland": [null, null, null, null, null, null, null, null, null, null, null, 0.5, null, 0.625, null, null, null, null], "gpr3d_Frankland": [null, 0.0, 0.0, 0.0, 0.0, 0.0, 0.0, 0.0, 0.0, 0.0, null, 0.5, null, 0.5, null, null, null, null], "gpr_Frankland_sum": [0, 0, 0, 0, 0, 0, 0, 0, 0, 0, 0, 1.0, 0, 1.125, 0, 0, 0, 0], "lbdm_spitch": [null, 0.3684210526315789, 0.3684210526315789, 0.0, 0.3684210526315789, 0.3684210526315789, 0.0, 0.3684210526315789, 0.3684210526315789, 0.0, 0.4736842105263157, 0.5263157894736841, 0.2807017543859649, 1.0, 0.18421052631578946, 0.24561403508771928, null, null], "lbdm_sioi": [null, 0.0, 0.0, 0.0, 0.0, 0.0, 0.0, 0.0, 0.0, 0.0, 0.0, 1.0, 0.5, 0.5, 1.0, 0.0, null, null], "lbdm_srest": [null, 0.0, 0.0, 0.0, 0.0, 0.0, 0.0, 0.0, 0.0, 0.0, 0.0, 0.0, 0.0, 0.0, 0.0, 0.0, null, null], "lbdm_rpitch": [null, 0.5, 0.0, 0.5, 0.5, 0.0, 0.5, 0.5, 0.0, 0.5, 0.5, 0.14285714285714285, 0.3333333333333333, 0.42857142857142855, 0.25, 0.0, 0.3333333333333333, null], "lbdm_rioi": [null, 0.0, 0.0, 0.0, 0.0, 0.0, 0.0, 0.0, 0.0, 0.0, 0.0, 0.0, 0.3333333333333333, 0.0, 0.3333333333333333, 0.0, 0.0, null], "lbdm_rrest": [null, 0.0, 0.0, 0.0, 0.0, 0.0, 0.0, 0.0, 0.0, 0.0, 0.0, 0.0, 0.0, 0.0, 0.0, 0.0, 0.0, null], "lbdm_boundarystrength": [null, 0.09210526315789473, 0.09210526315789473, 0.0, 0.09210526315789473, 0.09210526315789473, 0.0, 0.09210526315789473, 0.09210526315789473, 0.0, 0.11842105263157893, 0.631578947368421, 0.3201754385964912, 0.5, 0.5460526315789473, 0.06140350877192982, null, null]}}
