{"id": "KB2130200020", "tunefamily": "", "year": -1, "tunefamily_full": "", "type": "", "freemeter": false, "origin": "", "features": {"scaledegree": [4, 5, 7, 4, 6, 5, 4, 3, 4, 5, 7, 4, 4, 5, 4, 3], "scaledegreespecifier": ["P", "P", "m", "P", "M", "P", "P", "M", "P", "P", "m", "P", "P", "P", "P", "M"], "tonic": ["G", "G", "G", "G", "G", "G", "G", "G", "G", "G", "G", "G", "G", "G", "G", "G"], "mode": ["major", "major", "major", "major", "major", "major", "major", "major", "major", "major", "major", "major", "major", "major", "major", "major"], "metriccontour": [null, "-", "+", "-", "+", "-", "+", "=", "+", "-", "+", "-", "+", "-", "+", "="], "imaweight": [0.355932, 0.0, 0.915254, 0.423729, 1.0, 0.559322, 0.711864, 0.898305, 0.762712, 0.271186, 0.983051, 0.559322, 0.79661, 0.288136, 0.576271, 0.830508], "imaweight_spectral": [0.614583, 0.0, 1.0, 0.395833, 0.75, 0.4375, 0.614583, 0.78125, 0.697917, 0.166667, 0.875, 0.479167, 0.75, 0.270833, 0.697917, 0.864583], "pitch40_hewlett": [163, 169, 180, 163, 175, 169, 163, 158, 163, 169, 180, 163, 163, 169, 163, 158], "pitch40_sapp": [202, 208, 219, 202, 214, 208, 202, 197, 202, 208, 219, 202, 202, 208, 202, 197], "octave": [5, 5, 5, 5, 5, 5, 5, 4, 5, 5, 5, 5, 5, 5, 5, 4], "midipitch": [72, 74, 77, 72, 76, 74, 72, 71, 72, 74, 77, 72, 72, 74, 72, 71], "diatonicpitch": [31, 32, 34, 31, 33, 32, 31, 30, 31, 32, 34, 31, 31, 32, 31, 30], "diatonicinterval": [null, 1, 2, -3, 2, -1, -1, -1, 1, 1, 2, -3, 0, 1, -1, -1], "chromaticinterval": [null, 2, 3, -5, 4, -2, -2, -1, 1, 2, 3, -5, 0, 2, -2, -1], "pitchproximity": [null, null, 3, 5, 4, 2, 2, 1, 1, 2, 3, 5, 0, 2, 2, 1], "pitchreversal": [null, null, 0, 1.5, 1.5, 1.5, 0, 0, 1.5, 0, 0, 1.5, 0, 0, 1.5, 0], "nextisrest": [false, false, false, false, false, false, false, false, false, false, false, false, false, false, false, null], "restduration_frac": [null, null, null, null, null, null, null, null, null, null, null, null, null, null, null, null], "duration": [0.375, 0.125, 0.75, 0.25, 0.25, 0.25, 0.5, 0.5, 0.375, 0.125, 0.75, 0.25, 0.25, 0.25, 0.5, 0.5], "duration_frac": ["3/8", "1/8", "3/4", "1/4", "1/4", "1/4", "1/2", "1/2", "3/8", "1/8", "3/4", "1/4", "1/4", "1/4", "1/2", "1/2"], "duration_fullname": ["Dotted 16th", "32nd", "Dotted Eighth", "16th", "16th", "16th", "Eighth", "Eighth", "Dotted 16th", "32nd", "Dotted Eighth", "16th", "16th", "16th", "Eighth", "Eighth"], "durationcontour": [null, "-", "+", "-", "=", "=", "+", "=", "-", "-", "+", "-", "=", "=", "+", "="], "onsettick": [0, 3, 4, 10, 12, 14, 16, 20, 24, 27, 28, 34, 36, 38, 40, 44], "beatfraction": ["1/4", "1/12", "1/2", "1/6", "1/6", "1/6", "1/3", "1/3", "1/4", "1/12", "1/2", "1/6", "1/6", "1/6", "1/3", "1/3"], "phrasepos": [0.0, 0.15, 0.2, 0.5, 0.6, 0.7, 0.8, 1.0, 0.0, 0.15, 0.2, 0.5, 0.6, 0.7, 0.8, 1.0], "phrase_ix": [0, 0, 0, 0, 0, 0, 0, 0, 1, 1, 1, 1, 1, 1, 1, 1], "phrase_end": [false, false, false, false, false, false, false, true, false, false, false, false, false, false, false, true], "songpos": [0.0, 0.06818181818181818, 0.09090909090909091, 0.22727272727272727, 0.2727272727272727, 0.3181818181818182, 0.36363636363636365, 0.45454545454545453, 0.5454545454545454, 0.6136363636363636, 0.6363636363636364, 0.7727272727272727, 0.8181818181818182, 0.8636363636363636, 0.9090909090909091, 1.0], "beatinsong": ["0", "1/4", "1/3", "5/6", "1", "7/6", "4/3", "5/3", "2", "9/4", "7/3", "17/6", "3", "19/6", "10/3", "11/3"], "beatinphrase": ["0", "1/4", "1/3", "5/6", "1", "7/6", "4/3", "5/3", "0", "1/4", "1/3", "5/6", "1", "7/6", "4/3", "5/3"], "beatinphrase_end": ["-1", "-3/4", "-2/3", "-1/6", "0", "1/6", "1/3", "2/3", "-1", "-3/4", "-2/3", "-1/6", "0", "1/6", "1/3", "2/3"], "IOI_frac": ["3/8", "1/8", "3/4", "1/4", "1/4", "1/4", "1/2", "1/2", "3/8", "1/8", "3/4", "1/4", "1/4", "1/4", "1/2", null], "IOI": [0.375, 0.125, 0.75, 0.25, 0.25, 0.25, 0.5, 0.5, 0.375, 0.125, 0.75, 0.25, 0.25, 0.25, 0.5, null], "IOR_frac": [null, "1/3", "6", "1/3", "1", "1", "2", "1", "3/4", "1/3", "6", "1/3", "1", "1", "2", null], "IOR": [null, 0.3333333333333333, 6.0, 0.3333333333333333, 1.0, 1.0, 2.0, 1.0, 0.75, 0.3333333333333333, 6.0, 0.3333333333333333, 1.0, 1.0, 2.0, null], "imacontour": [null, "-", "+", "-", "+", "-", "+", "+", "-", "-", "+", "-", "+", "-", "+", "+"], "pitch": ["C5", "D5", "F5", "C5", "E5", "D5", "C5", "B4", "C5", "D5", "F5", "C5", "C5", "D5", "C5", "B4"], "contour3": [null, "+", "+", "-", "+", "-", "-", "-", "+", "+", "+", "-", "=", "+", "-", "-"], "contour5": [null, "+", "++", "--", "++", "-", "-", "-", "+", "+", "++", "--", "=", "+", "-", "-"], "beatstrength": [1.0, 0.125, 0.5, 0.25, 1.0, 0.25, 0.5, 0.5, 1.0, 0.125, 0.5, 0.25, 1.0, 0.25, 0.5, 0.5], "beat_str": ["1", "1", "1", "1", "1", "1", "1", "1", "1", "1", "1", "1", "1", "1", "1", "1"], "beat_fraction_str": ["0", "1/4", "1/3", "5/6", "0", "1/6", "1/3", "2/3", "0", "1/4", "1/3", "5/6", "0", "1/6", "1/3", "2/3"], "beat": [1.0, 1.25, 1.3333333333333333, 1.8333333333333333, 1.0, 1.1666666666666667, 1.3333333333333333, 1.6666666666666667, 1.0, 1.25, 1.3333333333333333, 1.8333333333333333, 1.0, 1.1666666666666667, 1.3333333333333333, 1.6666666666666667], "timesignature": ["3/8", "3/8", "3/8", "3/8", "3/8", "3/8", "3/8", "3/8", "3/8", "3/8", "3/8", "3/8", "3/8", "3/8", "3/8", "3/8"], "gpr2a_Frankland": [null, null, null, null, null, null, null, null, null, null, null, null, null, null, null, null], "gpr2b_Frankland": [null, null, 0.75, null, null, null, null, null, null, null, 0.75, null, null, null, null, null], "gpr3a_Frankland": [null, null, 0.30000000000000004, null, null, null, null, null, null, null, 0.7, null, null, null, null, null], "gpr3d_Frankland": [null, null, null, null, null, 0.5, null, null, null, null, null, null, null, null, null, null], "gpr_Frankland_sum": [0, 0, 1.05, 0, 0, 0.5, 0, 0, 0, 0, 1.45, 0, 0, 0, 0, 0], "lbdm_spitch": [null, 0.22499999999999995, 0.3181818181818181, 0.29829545454545453, 0.10937499999999999, 0.0875, 0.04375, 0.04375, 0.15, 0.22499999999999995, 1.0, 0.0, 0.21874999999999997, 0.0875, null, null], "lbdm_sioi": [null, 0.16666666666666666, 1.0, 0.1372549019607843, 0.0, 0.09150326797385619, 0.18300653594771238, 0.07843137254901959, 0.2647058823529411, 0.16666666666666666, 1.0, 0.1372549019607843, 0.0, 0.09150326797385619, null, null], "lbdm_srest": [null, 0.0, 0.0, 0.0, 0.0, 0.0, 0.0, 0.0, 0.0, 0.0, 0.0, 0.0, 0.0, 0.0, null, null], "lbdm_rpitch": [null, 0.14285714285714285, 0.2, 0.09090909090909091, 0.25, 0.0, 0.2, 0.0, 0.2, 0.14285714285714285, 0.2, 0.7142857142857143, 0.5, 0.0, 0.2, null], "lbdm_rioi": [null, 0.5, 0.7142857142857143, 0.5, 0.0, 0.0, 0.3333333333333333, 0.0, 0.14285714285714285, 0.5, 0.7142857142857143, 0.5, 0.0, 0.0, 0.3333333333333333, null], "lbdm_rrest": [null, 0.0, 0.0, 0.0, 0.0, 0.0, 0.0, 0.0, 0.0, 0.0, 0.0, 0.0, 0.0, 0.0, 0.0, null], "lbdm_boundarystrength": [null, 0.1395833333333333, 0.5795454545454546, 0.14320131461675578, 0.027343749999999997, 0.06762663398692809, 0.10244076797385619, 0.05015318627450979, 0.16985294117647057, 0.1395833333333333, 0.75, 0.06862745098039215, 0.05468749999999999, 0.06762663398692809, null, null]}}
