{"id": "KB2211400000", "tunefamily": "", "year": -1, "tunefamily_full": "", "type": "", "freemeter": false, "origin": "", "features": {"scaledegree": [1, 2, 3, 5, 4, 4, 5, 3, 2, 3, 1, 2, 2, 5, 5, 7, 1], "scaledegreespecifier": ["P", "M", "M", "P", "P", "P", "P", "m", "M", "m", "P", "M", "M", "P", "P", "M", "P"], "tonic": ["A", "A", "A", "A", "A", "A", "A", "A", "A", "A", "A", "A", "A", "A", "A", "A", "A"], "mode": ["minor", "minor", "minor", "minor", "minor", "minor", "minor", "minor", "minor", "minor", "minor", "minor", "minor", "minor", "minor", "minor", "minor"], "metriccontour": [null, "-", "+", "=", "+", "-", "=", "+", "-", "+", "=", "+", "-", "=", "+", "-", "+"], "imaweight": [1.0, 0.0170213, 0.66383, 0.906383, 0.774468, 0.855319, 0.73617, 0.944681, 0.102128, 0.685106, 0.923404, 0.753191, 0.876596, 0.73617, 0.944681, 0.310638, 0.2], "imaweight_spectral": [1.0, 0.0502092, 0.669456, 0.941423, 0.794979, 0.874477, 0.757322, 0.945607, 0.117155, 0.690377, 0.941423, 0.774059, 0.895397, 0.774059, 0.962343, 0.974895, 0.832636], "pitch40_hewlett": [152, 158, 164, 175, 169, 169, 175, 163, 158, 163, 152, 158, 158, 135, 175, 147, 152], "pitch40_sapp": [191, 197, 203, 214, 208, 208, 214, 202, 197, 202, 191, 197, 197, 174, 214, 186, 191], "octave": [4, 4, 5, 5, 5, 5, 5, 5, 4, 5, 4, 4, 4, 4, 5, 4, 4], "midipitch": [69, 71, 73, 76, 74, 74, 76, 72, 71, 72, 69, 71, 71, 64, 76, 68, 69], "diatonicpitch": [28, 29, 30, 32, 31, 31, 32, 30, 29, 30, 28, 29, 29, 25, 32, 27, 28], "diatonicinterval": [null, 1, 1, 2, -1, 0, 1, -2, -1, 1, -2, 1, 0, -4, 7, -5, 1], "chromaticinterval": [null, 2, 2, 3, -2, 0, 2, -4, -1, 1, -3, 2, 0, -7, 12, -8, 1], "pitchproximity": [null, null, 2, 3, 2, 0, 2, 4, 1, 1, 3, 2, 0, 7, null, 8, 1], "pitchreversal": [null, null, 0, 0, 1.5, 0, 0, 1.5, 0, 1.5, 1.5, 1.5, 0, 0, 1, null, 1], "nextisrest": [false, false, false, false, false, false, false, false, false, false, false, false, false, false, false, false, true], "restduration_frac": [null, null, null, null, null, null, null, null, null, null, null, null, null, null, null, null, "1/2"], "duration": [0.25, 0.25, 0.5, 0.5, 0.5, 0.5, 0.5, 0.25, 0.25, 0.5, 0.5, 0.5, 0.5, 0.5, 1.0, 0.5, 1.0], "duration_frac": ["1/4", "1/4", "1/2", "1/2", "1/2", "1/2", "1/2", "1/4", "1/4", "1/2", "1/2", "1/2", "1/2", "1/2", "1", "1/2", "1"], "duration_fullname": ["16th", "16th", "Eighth", "Eighth", "Eighth", "Eighth", "Eighth", "16th", "16th", "Eighth", "Eighth", "Eighth", "Eighth", "Eighth", "Quarter", "Eighth", "Quarter"], "durationcontour": [null, "=", "+", "=", "=", "=", "=", "-", "=", "+", "=", "=", "=", "=", "+", "-", "+"], "onsettick": [0, 1, 2, 4, 6, 8, 10, 12, 13, 14, 16, 18, 20, 22, 24, 28, 30], "beatfraction": ["1/6", "1/6", "1/3", "1/3", "1/3", "1/3", "1/3", "1/6", "1/6", "1/3", "1/3", "1/3", "1/3", "1/3", "2/3", "1/3", "2/3"], "phrasepos": [0.0, 0.03333333333333333, 0.06666666666666667, 0.13333333333333333, 0.2, 0.26666666666666666, 0.3333333333333333, 0.4, 0.43333333333333335, 0.4666666666666667, 0.5333333333333333, 0.6, 0.6666666666666666, 0.7333333333333333, 0.8, 0.9333333333333333, 1.0], "phrase_ix": [0, 0, 0, 0, 0, 0, 0, 0, 0, 0, 0, 0, 0, 0, 0, 0, 0], "phrase_end": [false, false, false, false, false, false, false, false, false, false, false, false, false, false, false, false, true], "songpos": [0.0, 0.03333333333333333, 0.06666666666666667, 0.13333333333333333, 0.2, 0.26666666666666666, 0.3333333333333333, 0.4, 0.43333333333333335, 0.4666666666666667, 0.5333333333333333, 0.6, 0.6666666666666666, 0.7333333333333333, 0.8, 0.9333333333333333, 1.0], "beatinsong": ["0", "1/6", "1/3", "2/3", "1", "4/3", "5/3", "2", "13/6", "7/3", "8/3", "3", "10/3", "11/3", "4", "14/3", "5"], "beatinphrase": ["0", "1/6", "1/3", "2/3", "1", "4/3", "5/3", "2", "13/6", "7/3", "8/3", "3", "10/3", "11/3", "4", "14/3", "5"], "beatinphrase_end": ["-5", "-29/6", "-14/3", "-13/3", "-4", "-11/3", "-10/3", "-3", "-17/6", "-8/3", "-7/3", "-2", "-5/3", "-4/3", "-1", "-1/3", "0"], "IOI_frac": ["1/4", "1/4", "1/2", "1/2", "1/2", "1/2", "1/2", "1/4", "1/4", "1/2", "1/2", "1/2", "1/2", "1/2", "1", "1/2", "3/2"], "IOI": [0.25, 0.25, 0.5, 0.5, 0.5, 0.5, 0.5, 0.25, 0.25, 0.5, 0.5, 0.5, 0.5, 0.5, 1.0, 0.5, 1.5], "IOR_frac": [null, "1", "2", "1", "1", "1", "1", "1/2", "1", "2", "1", "1", "1", "1", "2", "1/2", "3"], "IOR": [null, 1.0, 2.0, 1.0, 1.0, 1.0, 1.0, 0.5, 1.0, 2.0, 1.0, 1.0, 1.0, 1.0, 2.0, 0.5, 3.0], "imacontour": [null, "-", "+", "+", "-", "+", "-", "+", "-", "+", "+", "-", "+", "-", "+", "-", "-"], "pitch": ["A4", "B4", "C#5", "E5", "D5", "D5", "E5", "C5", "B4", "C5", "A4", "B4", "B4", "E4", "E5", "G#4", "A4"], "contour3": [null, "+", "+", "+", "-", "=", "+", "-", "-", "+", "-", "+", "=", "-", "+", "-", "+"], "contour5": [null, "+", "+", "++", "-", "=", "+", "--", "-", "+", "--", "+", "=", "--", "++", "--", "+"], "beatstrength": [1.0, 0.25, 0.5, 0.5, 1.0, 0.5, 0.5, 1.0, 0.25, 0.5, 0.5, 1.0, 0.5, 0.5, 1.0, 0.5, 1.0], "beat_str": ["1", "1", "1", "1", "1", "1", "1", "1", "1", "1", "1", "1", "1", "1", "1", "1", "1"], "beat_fraction_str": ["0", "1/6", "1/3", "2/3", "0", "1/3", "2/3", "0", "1/6", "1/3", "2/3", "0", "1/3", "2/3", "0", "2/3", "0"], "beat": [1.0, 1.1666666666666667, 1.3333333333333333, 1.6666666666666667, 1.0, 1.3333333333333333, 1.6666666666666667, 1.0, 1.1666666666666667, 1.3333333333333333, 1.6666666666666667, 1.0, 1.3333333333333333, 1.6666666666666667, 1.0, 1.6666666666666667, 1.0], "timesignature": ["3/8", "3/8", "3/8", "3/8", "3/8", "3/8", "3/8", "3/8", "3/8", "3/8", "3/8", "3/8", "3/8", "3/8", "3/8", "3/8", "3/8"], "gpr2a_Frankland": [null, null, null, null, null, null, null, null, null, null, null, null, null, null, null, null, 0.125], "gpr2b_Frankland": [null, null, null, null, null, null, null, null, null, null, null, null, null, null, 0.5, null, null], "gpr3a_Frankland": [null, null, 0.33333333333333337, null, null, null, 0.625, null, null, 0.5, null, null, null, 0.375, null, null, null], "gpr3d_Frankland": [null, 0.5, null, 0.0, 0.0, null, 0.5, null, 0.5, null, 0.0, 0.0, null, null, null, null, null], "gpr_Frankland_sum": [0, 0.5, 0.33333333333333337, 0, 0, 0, 1.125, 0, 0.5, 0.5, 0, 0, 0, 0.375, 0.5, 0, 0.125], "lbdm_spitch": [null, 0.04017857142857143, 0.12053571428571429, 0.18080357142857142, 0.0, 0.2109375, 0.3816964285714286, 0.060267857142857144, 0.046875, 0.20089285714285712, 0.18080357142857142, 0.0, 1.0, 0.7086038961038962, 0.9204545454545454, null, null], "lbdm_sioi": [null, 0.125, 0.25, 0.0, 0.0, 0.0, 0.25, 0.125, 0.125, 0.25, 0.0, 0.0, 0.0, 0.25, 1.0, null, null], "lbdm_srest": [null, 0.0, 0.0, 0.0, 0.0, 0.0, 0.0, 0.0, 0.0, 0.0, 0.0, 0.0, 0.0, 0.0, 0.0, null, null], "lbdm_rpitch": [null, 0.0, 0.14285714285714285, 0.14285714285714285, 0.5, 0.5, 0.25, 0.42857142857142855, 0.0, 0.3333333333333333, 0.14285714285714285, 0.5, 0.7777777777777778, 0.23809523809523808, 0.18181818181818182, 0.6363636363636364, null], "lbdm_rioi": [null, 0.0, 0.3333333333333333, 0.0, 0.0, 0.0, 0.0, 0.3333333333333333, 0.0, 0.3333333333333333, 0.0, 0.0, 0.0, 0.0, 0.3333333333333333, 0.3333333333333333, null], "lbdm_rrest": [null, 0.0, 0.0, 0.0, 0.0, 0.0, 0.0, 0.0, 0.0, 0.0, 0.0, 0.0, 0.0, 0.0, 0.0, 0.0, null], "lbdm_boundarystrength": [null, 0.07254464285714286, 0.15513392857142858, 0.045200892857142856, 0.0, 0.052734375, 0.22042410714285715, 0.07756696428571429, 0.07421875, 0.17522321428571427, 0.045200892857142856, 0.0, 0.25, 0.302150974025974, 0.7301136363636364, null, null]}}
