{"id": "KB2228700000", "tunefamily": "", "year": -1, "tunefamily_full": "", "type": "", "freemeter": false, "origin": "", "features": {"scaledegree": [5, 1, 7, 5, 1, 2, 5, 4, 2, 1, 7, 5, 1, 2, 7, 1], "scaledegreespecifier": ["P", "P", "M", "P", "P", "M", "P", "P", "M", "P", "M", "P", "P", "M", "M", "P"], "tonic": ["A", "A", "A", "A", "A", "A", "A", "A", "A", "A", "A", "A", "A", "A", "A", "A"], "mode": ["major", "major", "major", "major", "major", "major", "major", "major", "major", "major", "major", "major", "major", "major", "major", "major"], "metriccontour": [null, "-", "+", "-", "+", "-", "+", "-", "+", "-", "+", "-", "+", "-", "+", "-"], "imaweight": [1.0, 0.758824, 0.311765, 0.758824, 1.0, 0.758824, 0.358824, 0.758824, 1.0, 0.758824, 0.358824, 0.758824, 1.0, 0.758824, 0.311765, 0.758824], "imaweight_spectral": [1.0, 0.742105, 0.342105, 0.742105, 0.978947, 0.742105, 0.384211, 0.742105, 0.978947, 0.742105, 0.384211, 0.742105, 0.978947, 0.742105, 0.342105, 0.742105], "pitch40_hewlett": [135, 152, 147, 135, 152, 158, 175, 169, 158, 152, 147, 135, 152, 158, 147, 152], "pitch40_sapp": [174, 191, 186, 174, 191, 197, 214, 208, 197, 191, 186, 174, 191, 197, 186, 191], "octave": [4, 4, 4, 4, 4, 4, 5, 5, 4, 4, 4, 4, 4, 4, 4, 4], "midipitch": [64, 69, 68, 64, 69, 71, 76, 74, 71, 69, 68, 64, 69, 71, 68, 69], "diatonicpitch": [25, 28, 27, 25, 28, 29, 32, 31, 29, 28, 27, 25, 28, 29, 27, 28], "diatonicinterval": [null, 3, -1, -2, 3, 1, 3, -1, -2, -1, -1, -2, 3, 1, -2, 1], "chromaticinterval": [null, 5, -1, -4, 5, 2, 5, -2, -3, -2, -1, -4, 5, 2, -3, 1], "pitchproximity": [null, null, 1, 4, 5, 2, 5, 2, 3, 2, 1, 4, 5, 2, 3, 1], "pitchreversal": [null, null, 0, 0, 1.5, 0, 0, 0, 0, 0, 0, 0, 1.5, 0, 1.5, 1.5], "nextisrest": [false, false, false, false, false, false, false, false, false, false, false, false, false, false, false, null], "restduration_frac": [null, null, null, null, null, null, null, null, null, null, null, null, null, null, null, null], "duration": [1.0, 0.5, 0.5, 1.0, 1.0, 0.5, 0.5, 1.0, 1.0, 0.5, 0.5, 1.0, 1.0, 0.5, 0.5, 1.0], "duration_frac": ["1", "1/2", "1/2", "1", "1", "1/2", "1/2", "1", "1", "1/2", "1/2", "1", "1", "1/2", "1/2", "1"], "duration_fullname": ["Quarter", "Eighth", "Eighth", "Quarter", "Quarter", "Eighth", "Eighth", "Quarter", "Quarter", "Eighth", "Eighth", "Quarter", "Quarter", "Eighth", "Eighth", "Quarter"], "durationcontour": [null, "-", "=", "+", "=", "-", "=", "+", "=", "-", "=", "+", "=", "-", "=", "+"], "onsettick": [0, 2, 3, 4, 6, 8, 9, 10, 12, 14, 15, 16, 18, 20, 21, 22], "beatfraction": ["2/3", "1/3", "1/3", "2/3", "2/3", "1/3", "1/3", "2/3", "2/3", "1/3", "1/3", "2/3", "2/3", "1/3", "1/3", "2/3"], "phrasepos": [0.0, 0.09090909090909091, 0.13636363636363635, 0.18181818181818182, 0.2727272727272727, 0.36363636363636365, 0.4090909090909091, 0.45454545454545453, 0.5454545454545454, 0.6363636363636364, 0.6818181818181818, 0.7272727272727273, 0.8181818181818182, 0.9090909090909091, 0.9545454545454546, 1.0], "phrase_ix": [0, 0, 0, 0, 0, 0, 0, 0, 0, 0, 0, 0, 0, 0, 0, 0], "phrase_end": [false, false, false, false, false, false, false, false, false, false, false, false, false, false, false, true], "songpos": [0.0, 0.09090909090909091, 0.13636363636363635, 0.18181818181818182, 0.2727272727272727, 0.36363636363636365, 0.4090909090909091, 0.45454545454545453, 0.5454545454545454, 0.6363636363636364, 0.6818181818181818, 0.7272727272727273, 0.8181818181818182, 0.9090909090909091, 0.9545454545454546, 1.0], "beatinsong": ["0", "2/3", "1", "4/3", "2", "8/3", "3", "10/3", "4", "14/3", "5", "16/3", "6", "20/3", "7", "22/3"], "beatinphrase": ["0", "2/3", "1", "4/3", "2", "8/3", "3", "10/3", "4", "14/3", "5", "16/3", "6", "20/3", "7", "22/3"], "beatinphrase_end": ["-7", "-19/3", "-6", "-17/3", "-5", "-13/3", "-4", "-11/3", "-3", "-7/3", "-2", "-5/3", "-1", "-1/3", "0", "1/3"], "IOI_frac": ["1", "1/2", "1/2", "1", "1", "1/2", "1/2", "1", "1", "1/2", "1/2", "1", "1", "1/2", "1/2", null], "IOI": [1.0, 0.5, 0.5, 1.0, 1.0, 0.5, 0.5, 1.0, 1.0, 0.5, 0.5, 1.0, 1.0, 0.5, 0.5, null], "IOR_frac": [null, "1/2", "1", "2", "1", "1/2", "1", "2", "1", "1/2", "1", "2", "1", "1/2", "1", null], "IOR": [null, 0.5, 1.0, 2.0, 1.0, 0.5, 1.0, 2.0, 1.0, 0.5, 1.0, 2.0, 1.0, 0.5, 1.0, null], "imacontour": [null, "-", "-", "+", "+", "-", "-", "+", "+", "-", "-", "+", "+", "-", "-", "+"], "pitch": ["E4", "A4", "G#4", "E4", "A4", "B4", "E5", "D5", "B4", "A4", "G#4", "E4", "A4", "B4", "G#4", "A4"], "contour3": [null, "+", "-", "-", "+", "+", "+", "-", "-", "-", "-", "-", "+", "+", "-", "+"], "contour5": [null, "++", "-", "--", "++", "+", "++", "-", "--", "-", "-", "--", "++", "+", "--", "+"], "beatstrength": [1.0, 0.5, 1.0, 0.5, 1.0, 0.5, 1.0, 0.5, 1.0, 0.5, 1.0, 0.5, 1.0, 0.5, 1.0, 0.5], "beat_str": ["1", "1", "1", "1", "1", "1", "1", "1", "1", "1", "1", "1", "1", "1", "1", "1"], "beat_fraction_str": ["0", "2/3", "0", "1/3", "0", "2/3", "0", "1/3", "0", "2/3", "0", "1/3", "0", "2/3", "0", "1/3"], "beat": [1.0, 1.6666666666666667, 1.0, 1.3333333333333333, 1.0, 1.6666666666666667, 1.0, 1.3333333333333333, 1.0, 1.6666666666666667, 1.0, 1.3333333333333333, 1.0, 1.6666666666666667, 1.0, 1.3333333333333333], "timesignature": ["3/8", "3/8", "3/8", "3/8", "3/8", "3/8", "3/8", "3/8", "3/8", "3/8", "3/8", "3/8", "3/8", "3/8", "3/8", "3/8"], "gpr2a_Frankland": [null, null, null, null, null, null, null, null, null, null, null, null, null, null, null, null], "gpr2b_Frankland": [null, null, null, null, null, null, null, null, null, null, null, null, null, null, null, null], "gpr3a_Frankland": [null, null, null, 0.4, null, 0.6, null, 0.33333333333333337, null, null, null, 0.4, null, 0.5, null, null], "gpr3d_Frankland": [null, null, 0.5, null, 0.5, null, 0.5, null, 0.5, null, 0.5, null, 0.5, null, null, null], "gpr_Frankland_sum": [0, 0, 0.5, 0.4, 0.5, 0.6, 0.5, 0.33333333333333337, 0.5, 0, 0.5, 0.4, 0.5, 0.5, 0, 0], "lbdm_spitch": [null, 0.2785714285714286, 0.6233766233766234, 0.6363636363636364, 0.4, 1.0, 0.2857142857142857, 0.2571428571428572, 0.20571428571428574, 0.18857142857142858, 0.6233766233766234, 0.6363636363636364, 0.2857142857142857, 0.42857142857142855, null, null], "lbdm_sioi": [null, 0.5, 0.5, 1.0, 1.0, 0.5, 0.5, 1.0, 1.0, 0.5, 0.5, 1.0, 1.0, 0.5, null, null], "lbdm_srest": [null, 0.0, 0.0, 0.0, 0.0, 0.0, 0.0, 0.0, 0.0, 0.0, 0.0, 0.0, 0.0, 0.0, null, null], "lbdm_rpitch": [null, 0.5, 0.42857142857142855, 0.09090909090909091, 0.3333333333333333, 0.3333333333333333, 0.3333333333333333, 0.14285714285714285, 0.14285714285714285, 0.2, 0.42857142857142855, 0.09090909090909091, 0.3333333333333333, 0.14285714285714285, 0.3333333333333333, null], "lbdm_rioi": [null, 0.3333333333333333, 0.0, 0.3333333333333333, 0.0, 0.3333333333333333, 0.0, 0.3333333333333333, 0.0, 0.3333333333333333, 0.0, 0.3333333333333333, 0.0, 0.3333333333333333, 0.0, null], "lbdm_rrest": [null, 0.0, 0.0, 0.0, 0.0, 0.0, 0.0, 0.0, 0.0, 0.0, 0.0, 0.0, 0.0, 0.0, 0.0, null], "lbdm_boundarystrength": [null, 0.3196428571428571, 0.40584415584415584, 0.6590909090909091, 0.6, 0.5, 0.3214285714285714, 0.5642857142857143, 0.5514285714285714, 0.29714285714285715, 0.40584415584415584, 0.6590909090909091, 0.5714285714285714, 0.35714285714285715, null, null]}}
