{"id": "KB2213500000", "tunefamily": "", "year": -1, "tunefamily_full": "", "type": "", "freemeter": false, "origin": "", "features": {"scaledegree": [1, 3, 5, 6, 2, 4, 2, 7, 1, 3, 1, 4, 2, 7, 5, 1], "scaledegreespecifier": ["P", "M", "P", "M", "M", "P", "M", "M", "P", "M", "P", "P", "M", "M", "P", "P"], "tonic": ["G", "G", "G", "G", "G", "G", "G", "G", "G", "G", "G", "G", "G", "G", "G", "G"], "mode": ["major", "major", "major", "major", "major", "major", "major", "major", "major", "major", "major", "major", "major", "major", "major", "major"], "metriccontour": [null, "-", "+", "+", "-", "+", "-", "+", "+", "-", "+", "+", "-", "+", "-", "+"], "imaweight": [1.0, 0.0366972, 0.486239, 0.926606, 0.550459, 0.853211, 0.633028, 1.0, 1.0, 0.183486, 0.633028, 0.816514, 0.550459, 0.963303, 0.486239, 1.0], "imaweight_spectral": [0.973856, 0.0522876, 0.633987, 0.947712, 0.679739, 0.895425, 0.738562, 1.0, 0.973856, 0.156863, 0.712418, 0.869281, 0.679739, 0.973856, 0.633987, 1.0], "pitch40_hewlett": [146, 158, 169, 175, 152, 163, 152, 141, 146, 158, 146, 163, 152, 141, 129, 146], "pitch40_sapp": [185, 197, 208, 214, 191, 202, 191, 180, 185, 197, 185, 202, 191, 180, 168, 185], "octave": [4, 4, 5, 5, 4, 5, 4, 4, 4, 4, 4, 5, 4, 4, 4, 4], "midipitch": [67, 71, 74, 76, 69, 72, 69, 66, 67, 71, 67, 72, 69, 66, 62, 67], "diatonicpitch": [28, 30, 32, 33, 29, 31, 29, 27, 28, 30, 28, 31, 29, 27, 25, 28], "diatonicinterval": [null, 2, 2, 1, -4, 2, -2, -2, 1, 2, -2, 3, -2, -2, -2, 3], "chromaticinterval": [null, 4, 3, 2, -7, 3, -3, -3, 1, 4, -4, 5, -3, -3, -4, 5], "pitchproximity": [null, null, 3, 2, 7, 3, 3, 3, 1, 4, 4, 5, 3, 3, 4, 5], "pitchreversal": [null, null, 0, 0, 0, 1, 1.5, 0, 1.5, 0, 1.5, 1.5, 1.5, 0, 0, 1.5], "nextisrest": [false, false, false, false, false, false, false, false, false, false, false, false, false, false, false, null], "restduration_frac": [null, null, null, null, null, null, null, null, null, null, null, null, null, null, null, null], "duration": [0.5, 0.5, 1.0, 1.0, 1.0, 1.0, 1.0, 2.0, 0.5, 0.5, 1.0, 1.0, 1.0, 1.0, 1.0, 2.0], "duration_frac": ["1/2", "1/2", "1", "1", "1", "1", "1", "2", "1/2", "1/2", "1", "1", "1", "1", "1", "2"], "duration_fullname": ["Eighth", "Eighth", "Quarter", "Quarter", "Quarter", "Quarter", "Quarter", "Half", "Eighth", "Eighth", "Quarter", "Quarter", "Quarter", "Quarter", "Quarter", "Half"], "durationcontour": [null, "=", "+", "=", "=", "=", "=", "+", "-", "=", "+", "=", "=", "=", "=", "+"], "onsettick": [0, 1, 2, 4, 6, 8, 10, 12, 16, 17, 18, 20, 22, 24, 26, 28], "beatfraction": ["1/2", "1/2", "1", "1", "1", "1", "1", "2", "1/2", "1/2", "1", "1", "1", "1", "1", "2"], "phrasepos": [0.0, 0.03571428571428571, 0.07142857142857142, 0.14285714285714285, 0.21428571428571427, 0.2857142857142857, 0.35714285714285715, 0.42857142857142855, 0.5714285714285714, 0.6071428571428571, 0.6428571428571429, 0.7142857142857143, 0.7857142857142857, 0.8571428571428571, 0.9285714285714286, 1.0], "phrase_ix": [0, 0, 0, 0, 0, 0, 0, 0, 0, 0, 0, 0, 0, 0, 0, 0], "phrase_end": [false, false, false, false, false, false, false, false, false, false, false, false, false, false, false, true], "songpos": [0.0, 0.03571428571428571, 0.07142857142857142, 0.14285714285714285, 0.21428571428571427, 0.2857142857142857, 0.35714285714285715, 0.42857142857142855, 0.5714285714285714, 0.6071428571428571, 0.6428571428571429, 0.7142857142857143, 0.7857142857142857, 0.8571428571428571, 0.9285714285714286, 1.0], "beatinsong": ["0", "1/2", "1", "2", "3", "4", "5", "6", "8", "17/2", "9", "10", "11", "12", "13", "14"], "beatinphrase": ["0", "1/2", "1", "2", "3", "4", "5", "6", "8", "17/2", "9", "10", "11", "12", "13", "14"], "beatinphrase_end": ["-12", "-23/2", "-11", "-10", "-9", "-8", "-7", "-6", "-4", "-7/2", "-3", "-2", "-1", "0", "1", "2"], "IOI_frac": ["1/2", "1/2", "1", "1", "1", "1", "1", "2", "1/2", "1/2", "1", "1", "1", "1", "1", null], "IOI": [0.5, 0.5, 1.0, 1.0, 1.0, 1.0, 1.0, 2.0, 0.5, 0.5, 1.0, 1.0, 1.0, 1.0, 1.0, null], "IOR_frac": [null, "1", "2", "1", "1", "1", "1", "2", "1/4", "1", "2", "1", "1", "1", "1", null], "IOR": [null, 1.0, 2.0, 1.0, 1.0, 1.0, 1.0, 2.0, 0.25, 1.0, 2.0, 1.0, 1.0, 1.0, 1.0, null], "imacontour": [null, "-", "+", "+", "-", "+", "-", "+", "=", "-", "+", "+", "-", "+", "-", "+"], "pitch": ["G4", "B4", "D5", "E5", "A4", "C5", "A4", "F#4", "G4", "B4", "G4", "C5", "A4", "F#4", "D4", "G4"], "contour3": [null, "+", "+", "+", "-", "+", "-", "-", "+", "+", "-", "+", "-", "-", "-", "+"], "contour5": [null, "++", "++", "+", "--", "++", "--", "--", "+", "++", "--", "++", "--", "--", "--", "++"], "beatstrength": [1.0, 0.125, 0.25, 0.5, 0.25, 1.0, 0.25, 0.5, 1.0, 0.125, 0.25, 0.5, 0.25, 1.0, 0.25, 0.5], "beat_str": ["1", "1", "2", "3", "4", "1", "2", "3", "1", "1", "2", "3", "4", "1", "2", "3"], "beat_fraction_str": ["0", "1/2", "0", "0", "0", "0", "0", "0", "0", "1/2", "0", "0", "0", "0", "0", "0"], "beat": [1.0, 1.5, 2.0, 3.0, 4.0, 1.0, 2.0, 3.0, 1.0, 1.5, 2.0, 3.0, 4.0, 1.0, 2.0, 3.0], "timesignature": ["4/4", "4/4", "4/4", "4/4", "4/4", "4/4", "4/4", "4/4", "4/4", "4/4", "4/4", "4/4", "4/4", "4/4", "4/4", "4/4"], "gpr2a_Frankland": [null, null, null, null, null, null, null, null, null, null, null, null, null, null, null, null], "gpr2b_Frankland": [null, null, null, null, null, null, null, 0.625, null, null, null, null, null, null, null, null], "gpr3a_Frankland": [null, null, null, 0.6428571428571428, null, null, null, null, null, null, 0.30000000000000004, null, null, null, null, null], "gpr3d_Frankland": [null, 0.5, null, 0.0, 0.0, null, null, null, null, 0.5, null, 0.0, 0.0, null, null, null], "gpr_Frankland_sum": [0, 0.5, 0, 0.6428571428571428, 0, 0, 0, 0.625, 0, 0.5, 0.30000000000000004, 0, 0, 0, 0, 0], "lbdm_spitch": [null, 0.1381475667189953, 0.21664050235478807, 1.0, 0.18131868131868134, 0.0, 0.18131868131868134, 0.1381475667189953, 0.3108320251177394, 0.06593406593406594, 0.26373626373626374, 0.10879120879120882, 0.06043956043956044, 0.14652014652014653, null, null], "lbdm_sioi": [null, 0.08928571428571427, 0.17857142857142855, 0.0, 0.0, 0.0, 0.17857142857142855, 1.0, 0.1607142857142857, 0.08928571428571427, 0.17857142857142855, 0.0, 0.0, 0.0, null, null], "lbdm_srest": [null, 0.0, 0.0, 0.0, 0.0, 0.0, 0.0, 0.0, 0.0, 0.0, 0.0, 0.0, 0.0, 0.0, null, null], "lbdm_rpitch": [null, 0.1111111111111111, 0.14285714285714285, 0.45454545454545453, 0.3333333333333333, 0.0, 0.0, 0.3333333333333333, 0.42857142857142855, 0.0, 0.09090909090909091, 0.2, 0.0, 0.1111111111111111, 0.09090909090909091, null], "lbdm_rioi": [null, 0.0, 0.3333333333333333, 0.0, 0.0, 0.0, 0.0, 0.3333333333333333, 0.6, 0.0, 0.3333333333333333, 0.0, 0.0, 0.0, 0.0, null], "lbdm_rrest": [null, 0.0, 0.0, 0.0, 0.0, 0.0, 0.0, 0.0, 0.0, 0.0, 0.0, 0.0, 0.0, 0.0, 0.0, null], "lbdm_boundarystrength": [null, 0.07917974882260596, 0.14344583987441129, 0.25, 0.045329670329670335, 0.0, 0.1346153846153846, 0.5345368916797488, 0.1580651491365777, 0.06112637362637362, 0.15521978021978022, 0.027197802197802205, 0.01510989010989011, 0.03663003663003663, null, null]}}
