{"id": "KB2308600000", "tunefamily": "", "year": -1, "tunefamily_full": "", "type": "", "freemeter": false, "origin": "", "features": {"scaledegree": [1, 2, 7, 5, 7, 1, 2, 4, 5, 2, 1, 2, 7, 5, 7, 1, 2, 1, 7, 5], "scaledegreespecifier": ["P", "M", "M", "P", "M", "P", "M", "A", "P", "M", "P", "M", "M", "P", "M", "P", "M", "P", "M", "P"], "tonic": ["A", "A", "A", "A", "A", "A", "A", "A", "A", "A", "A", "A", "A", "A", "A", "A", "A", "A", "A", "A"], "mode": ["major", "major", "major", "major", "major", "major", "major", "major", "major", "major", "major", "major", "major", "major", "major", "major", "major", "major", "major", "major"], "metriccontour": [null, "-", "+", "-", "+", "-", "+", "-", "+", "-", "+", "-", "+", "-", "+", "-", "+", "-", "+", "-"], "imaweight": [0.709302, 0.616279, 0.616279, 0.755814, 0.953488, 0.860465, 0.523256, 0.581395, 0.860465, 1.0, 0.813953, 0.709302, 0.709302, 0.767442, 0.953488, 0.860465, 0.488372, 0.430233, 0.860465, 0.906977], "imaweight_spectral": [0.958333, 0.966667, 0.891667, 0.958333, 0.891667, 0.858333, 0.583333, 0.625, 0.858333, 0.925, 1.0, 0.958333, 0.991667, 0.966667, 0.891667, 0.891667, 0.591667, 0.516667, 0.891667, 0.925], "pitch40_hewlett": [152, 158, 147, 135, 147, 152, 158, 170, 175, 158, 152, 158, 147, 135, 147, 152, 158, 152, 147, 135], "pitch40_sapp": [191, 197, 186, 174, 186, 191, 197, 209, 214, 197, 191, 197, 186, 174, 186, 191, 197, 191, 186, 174], "octave": [4, 4, 4, 4, 4, 4, 4, 5, 5, 4, 4, 4, 4, 4, 4, 4, 4, 4, 4, 4], "midipitch": [69, 71, 68, 64, 68, 69, 71, 75, 76, 71, 69, 71, 68, 64, 68, 69, 71, 69, 68, 64], "diatonicpitch": [28, 29, 27, 25, 27, 28, 29, 31, 32, 29, 28, 29, 27, 25, 27, 28, 29, 28, 27, 25], "diatonicinterval": [null, 1, -2, -2, 2, 1, 1, 2, 1, -3, -1, 1, -2, -2, 2, 1, 1, -1, -1, -2], "chromaticinterval": [null, 2, -3, -4, 4, 1, 2, 4, 1, -5, -2, 2, -3, -4, 4, 1, 2, -2, -1, -4], "pitchproximity": [null, null, 3, 4, 4, 1, 2, 4, 1, 5, 2, 2, 3, 4, 4, 1, 2, 2, 1, 4], "pitchreversal": [null, null, 1.5, 0, 1.5, 0, 0, 0, 0, 0, 0, 1.5, 1.5, 0, 1.5, 0, 0, 1.5, 0, 0], "nextisrest": [false, false, false, false, false, false, false, false, false, false, false, false, false, false, false, false, false, false, false, null], "restduration_frac": [null, null, null, null, null, null, null, null, null, null, null, null, null, null, null, null, null, null, null, null], "duration": [0.5, 1.5, 0.5, 1.5, 0.5, 0.5, 0.5, 0.5, 0.5, 1.5, 0.5, 1.5, 0.5, 1.5, 0.5, 0.5, 0.5, 0.5, 0.5, 1.5], "duration_frac": ["1/2", "3/2", "1/2", "3/2", "1/2", "1/2", "1/2", "1/2", "1/2", "3/2", "1/2", "3/2", "1/2", "3/2", "1/2", "1/2", "1/2", "1/2", "1/2", "3/2"], "duration_fullname": ["Eighth", "Dotted Quarter", "Eighth", "Dotted Quarter", "Eighth", "Eighth", "Eighth", "Eighth", "Eighth", "Dotted Quarter", "Eighth", "Dotted Quarter", "Eighth", "Dotted Quarter", "Eighth", "Eighth", "Eighth", "Eighth", "Eighth", "Dotted Quarter"], "durationcontour": [null, "+", "-", "+", "-", "=", "=", "=", "=", "+", "-", "+", "-", "+", "-", "=", "=", "=", "=", "+"], "onsettick": [0, 1, 4, 5, 8, 9, 10, 11, 12, 13, 16, 17, 20, 21, 24, 25, 26, 27, 28, 29], "beatfraction": ["1/2", "3/2", "1/2", "3/2", "1/2", "1/2", "1/2", "1/2", "1/2", "3/2", "1/2", "3/2", "1/2", "3/2", "1/2", "1/2", "1/2", "1/2", "1/2", "3/2"], "phrasepos": [0.0, 0.07692307692307693, 0.3076923076923077, 0.38461538461538464, 0.6153846153846154, 0.6923076923076923, 0.7692307692307693, 0.8461538461538461, 0.9230769230769231, 1.0, 0.0, 0.07692307692307693, 0.3076923076923077, 0.38461538461538464, 0.6153846153846154, 0.6923076923076923, 0.7692307692307693, 0.8461538461538461, 0.9230769230769231, 1.0], "phrase_ix": [0, 0, 0, 0, 0, 0, 0, 0, 0, 0, 1, 1, 1, 1, 1, 1, 1, 1, 1, 1], "phrase_end": [false, false, false, false, false, false, false, false, false, true, false, false, false, false, false, false, false, false, false, true], "songpos": [0.0, 0.034482758620689655, 0.13793103448275862, 0.1724137931034483, 0.27586206896551724, 0.3103448275862069, 0.3448275862068966, 0.3793103448275862, 0.41379310344827586, 0.4482758620689655, 0.5517241379310345, 0.5862068965517241, 0.6896551724137931, 0.7241379310344828, 0.8275862068965517, 0.8620689655172413, 0.896551724137931, 0.9310344827586207, 0.9655172413793104, 1.0], "beatinsong": ["0", "1/2", "2", "5/2", "4", "9/2", "5", "11/2", "6", "13/2", "8", "17/2", "10", "21/2", "12", "25/2", "13", "27/2", "14", "29/2"], "beatinphrase": ["0", "1/2", "2", "5/2", "4", "9/2", "5", "11/2", "6", "13/2", "0", "1/2", "2", "5/2", "4", "9/2", "5", "11/2", "6", "13/2"], "beatinphrase_end": ["-6", "-11/2", "-4", "-7/2", "-2", "-3/2", "-1", "-1/2", "0", "1/2", "-6", "-11/2", "-4", "-7/2", "-2", "-3/2", "-1", "-1/2", "0", "1/2"], "IOI_frac": ["1/2", "3/2", "1/2", "3/2", "1/2", "1/2", "1/2", "1/2", "1/2", "3/2", "1/2", "3/2", "1/2", "3/2", "1/2", "1/2", "1/2", "1/2", "1/2", null], "IOI": [0.5, 1.5, 0.5, 1.5, 0.5, 0.5, 0.5, 0.5, 0.5, 1.5, 0.5, 1.5, 0.5, 1.5, 0.5, 0.5, 0.5, 0.5, 0.5, null], "IOR_frac": [null, "3", "1/3", "3", "1/3", "1", "1", "1", "1", "3", "1/3", "3", "1/3", "3", "1/3", "1", "1", "1", "1", null], "IOR": [null, 3.0, 0.3333333333333333, 3.0, 0.3333333333333333, 1.0, 1.0, 1.0, 1.0, 3.0, 0.3333333333333333, 3.0, 0.3333333333333333, 3.0, 0.3333333333333333, 1.0, 1.0, 1.0, 1.0, null], "imacontour": [null, "-", "=", "+", "+", "-", "-", "+", "+", "+", "-", "-", "=", "+", "+", "-", "-", "-", "+", "+"], "pitch": ["A4", "B4", "G#4", "E4", "G#4", "A4", "B4", "D#5", "E5", "B4", "A4", "B4", "G#4", "E4", "G#4", "A4", "B4", "A4", "G#4", "E4"], "contour3": [null, "+", "-", "-", "+", "+", "+", "+", "+", "-", "-", "+", "-", "-", "+", "+", "+", "-", "-", "-"], "contour5": [null, "+", "--", "--", "++", "+", "+", "++", "+", "--", "-", "+", "--", "--", "++", "+", "+", "-", "-", "--"], "beatstrength": [1.0, 0.25, 1.0, 0.25, 1.0, 0.25, 0.5, 0.25, 1.0, 0.25, 1.0, 0.25, 1.0, 0.25, 1.0, 0.25, 0.5, 0.25, 1.0, 0.25], "beat_str": ["1", "1", "1", "1", "1", "1", "2", "2", "1", "1", "1", "1", "1", "1", "1", "1", "2", "2", "1", "1"], "beat_fraction_str": ["0", "1/2", "0", "1/2", "0", "1/2", "0", "1/2", "0", "1/2", "0", "1/2", "0", "1/2", "0", "1/2", "0", "1/2", "0", "1/2"], "beat": [1.0, 1.5, 1.0, 1.5, 1.0, 1.5, 2.0, 2.5, 1.0, 1.5, 1.0, 1.5, 1.0, 1.5, 1.0, 1.5, 2.0, 2.5, 1.0, 1.5], "timesignature": ["2/4", "2/4", "2/4", "2/4", "2/4", "2/4", "2/4", "2/4", "2/4", "2/4", "2/4", "2/4", "2/4", "2/4", "2/4", "2/4", "2/4", "2/4", "2/4", "2/4"], "gpr2a_Frankland": [null, null, null, null, null, null, null, null, null, null, null, null, null, null, null, null, null, null, null, null], "gpr2b_Frankland": [null, 0.6666666666666667, null, 0.6666666666666667, null, null, null, null, null, 0.6666666666666667, null, 0.6666666666666667, null, 0.6666666666666667, null, null, null, null, null, null], "gpr3a_Frankland": [null, null, null, null, null, null, 0.625, null, 0.7, null, null, null, null, null, null, null, null, null, null, null], "gpr3d_Frankland": [null, null, null, null, null, 0.0, 0.0, null, null, null, null, null, null, null, null, 0.0, 0.0, null, null, null], "gpr_Frankland_sum": [0, 0.6666666666666667, 0, 0.6666666666666667, 0, 0, 0.625, 0, 0.7, 0.6666666666666667, 0, 0.6666666666666667, 0, 0.6666666666666667, 0, 0, 0, 0, 0, 0], "lbdm_spitch": [null, 0.18285714285714288, 0.10666666666666667, 0.4114285714285715, 0.15085714285714288, 0.21600000000000003, 0.6514285714285716, 0.2228571428571429, 1.0, 0.16, 0.06857142857142857, 0.18285714285714288, 0.10666666666666667, 0.4114285714285715, 0.15085714285714288, 0.09600000000000002, 0.09600000000000002, 0.15085714285714288, null, null], "lbdm_sioi": [null, 1.0, 0.3333333333333333, 1.0, 0.16666666666666666, 0.0, 0.0, 0.0, 0.16666666666666666, 1.0, 0.3333333333333333, 1.0, 0.3333333333333333, 1.0, 0.16666666666666666, 0.0, 0.0, 0.0, null, null], "lbdm_srest": [null, 0.0, 0.0, 0.0, 0.0, 0.0, 0.0, 0.0, 0.0, 0.0, 0.0, 0.0, 0.0, 0.0, 0.0, 0.0, 0.0, 0.0, null, null],