{"id": "KB2319800000", "tunefamily": "", "year": -1, "tunefamily_full": "", "type": "", "freemeter": false, "origin": "", "features": {"scaledegree": [4, 6, 4, 6, 4, 4, 6, 5, 3, 5, 2, 3, 1, 7, 2, 5], "scaledegreespecifier": ["P", "M", "P", "M", "P", "P", "M", "P", "M", "P", "M", "M", "P", "M", "M", "P"], "tonic": ["G", "G", "G", "G", "G", "G", "G", "G", "G", "G", "G", "G", "G", "G", "G", "G"], "mode": ["major", "major", "major", "major", "major", "major", "major", "major", "major", "major", "major", "major", "major", "major", "major", "major"], "metriccontour": [null, "-", "=", "+", "-", "+", "-", "+", "+", "-", "=", "+", "-", "+", "-", "+"], "imaweight": [0.652778, 0.652778, 0.486111, 1.0, 0.527778, 0.708333, 0.291667, 0.694444, 0.875, 0.555556, 0.847222, 0.708333, 0.361111, 0.708333, 0.180556, 0.416667], "imaweight_spectral": [0.794118, 0.705882, 0.676471, 0.95098, 0.666667, 0.843137, 0.245098, 0.745098, 0.862745, 0.637255, 0.843137, 0.745098, 0.54902, 1.0, 0.166667, 0.54902], "pitch40_hewlett": [163, 175, 163, 175, 163, 163, 175, 169, 158, 169, 152, 158, 146, 141, 152, 129], "pitch40_sapp": [202, 214, 202, 214, 202, 202, 214, 208, 197, 208, 191, 197, 185, 180, 191, 168], "octave": [5, 5, 5, 5, 5, 5, 5, 5, 4, 5, 4, 4, 4, 4, 4, 4], "midipitch": [72, 76, 72, 76, 72, 72, 76, 74, 71, 74, 69, 71, 67, 66, 69, 62], "diatonicpitch": [31, 33, 31, 33, 31, 31, 33, 32, 30, 32, 29, 30, 28, 27, 29, 25], "diatonicinterval": [null, 2, -2, 2, -2, 0, 2, -1, -2, 2, -3, 1, -2, -1, 2, -4], "chromaticinterval": [null, 4, -4, 4, -4, 0, 4, -2, -3, 3, -5, 2, -4, -1, 3, -7], "pitchproximity": [null, null, 4, 4, 4, 0, 4, 2, 3, 3, 5, 2, 4, 1, 3, 7], "pitchreversal": [null, null, 1.5, 1.5, 1.5, 0, 0, 1.5, 0, 1.5, 1.5, 0, 1.5, 0, 1.5, 0], "nextisrest": [false, false, false, false, false, false, false, false, false, false, false, false, false, false, false, null], "restduration_frac": [null, null, null, null, null, null, null, null, null, null, null, null, null, null, null, null], "duration": [0.5, 0.5, 0.5, 1.0, 0.5, 0.25, 0.25, 1.0, 0.5, 0.5, 0.5, 1.0, 0.5, 0.25, 0.25, 1.0], "duration_frac": ["1/2", "1/2", "1/2", "1", "1/2", "1/4", "1/4", "1", "1/2", "1/2", "1/2", "1", "1/2", "1/4", "1/4", "1"], "duration_fullname": ["Eighth", "Eighth", "Eighth", "Quarter", "Eighth", "16th", "16th", "Quarter", "Eighth", "Eighth", "Eighth", "Quarter", "Eighth", "16th", "16th", "Quarter"], "durationcontour": [null, "=", "=", "+", "-", "-", "=", "+", "-", "=", "=", "+", "-", "-", "=", "+"], "onsettick": [0, 2, 4, 6, 10, 12, 13, 14, 18, 20, 22, 24, 28, 30, 31, 32], "beatfraction": ["1/3", "1/3", "1/3", "2/3", "1/3", "1/6", "1/6", "2/3", "1/3", "1/3", "1/3", "2/3", "1/3", "1/6", "1/6", "2/3"], "phrasepos": [0.0, 0.14285714285714285, 0.2857142857142857, 0.42857142857142855, 0.7142857142857143, 0.8571428571428571, 0.9285714285714286, 1.0, 0.0, 0.14285714285714285, 0.2857142857142857, 0.42857142857142855, 0.7142857142857143, 0.8571428571428571, 0.9285714285714286, 1.0], "phrase_ix": [0, 0, 0, 0, 0, 0, 0, 0, 1, 1, 1, 1, 1, 1, 1, 1], "phrase_end": [false, false, false, false, false, false, false, true, false, false, false, false, false, false, false, true], "songpos": [0.0, 0.0625, 0.125, 0.1875, 0.3125, 0.375, 0.40625, 0.4375, 0.5625, 0.625, 0.6875, 0.75, 0.875, 0.9375, 0.96875, 1.0], "beatinsong": ["0", "1/3", "2/3", "1", "5/3", "2", "13/6", "7/3", "3", "10/3", "11/3", "4", "14/3", "5", "31/6", "16/3"], "beatinphrase": ["0", "1/3", "2/3", "1", "5/3", "2", "13/6", "7/3", "0", "1/3", "2/3", "1", "5/3", "2", "13/6", "7/3"], "beatinphrase_end": ["-2", "-5/3", "-4/3", "-1", "-1/3", "0", "1/6", "1/3", "-2", "-5/3", "-4/3", "-1", "-1/3", "0", "1/6", "1/3"], "IOI_frac": ["1/2", "1/2", "1/2", "1", "1/2", "1/4", "1/4", "1", "1/2", "1/2", "1/2", "1", "1/2", "1/4", "1/4", null], "IOI": [0.5, 0.5, 0.5, 1.0, 0.5, 0.25, 0.25, 1.0, 0.5, 0.5, 0.5, 1.0, 0.5, 0.25, 0.25, null], "IOR_frac": [null, "1", "1", "2", "1/2", "1/2", "1", "4", "1/2", "1", "1", "2", "1/2", "1/2", "1", null], "IOR": [null, 1.0, 1.0, 2.0, 0.5, 0.5, 1.0, 4.0, 0.5, 1.0, 1.0, 2.0, 0.5, 0.5, 1.0, null], "imacontour": [null, "=", "-", "+", "-", "+", "-", "+", "+", "-", "+", "-", "-", "+", "-", "+"], "pitch": ["C5", "E5", "C5", "E5", "C5", "C5", "E5", "D5", "B4", "D5", "A4", "B4", "G4", "F#4", "A4", "D4"], "contour3": [null, "+", "-", "+", "-", "=", "+", "-", "-", "+", "-", "+", "-", "-", "+", "-"], "contour5": [null, "++", "--", "++", "--", "=", "++", "-", "--", "++", "--", "+", "--", "-", "++", "--"], "beatstrength": [1.0, 0.5, 0.5, 1.0, 0.5, 1.0, 0.25, 0.5, 1.0, 0.5, 0.5, 1.0, 0.5, 1.0, 0.25, 0.5], "beat_str": ["1", "1", "1", "1", "1", "1", "1", "1", "1", "1", "1", "1", "1", "1", "1", "1"], "beat_fraction_str": ["0", "1/3", "2/3", "0", "2/3", "0", "1/6", "1/3", "0", "1/3", "2/3", "0", "2/3", "0", "1/6", "1/3"], "beat": [1.0, 1.3333333333333333, 1.6666666666666667, 1.0, 1.6666666666666667, 1.0, 1.1666666666666667, 1.3333333333333333, 1.0, 1.3333333333333333, 1.6666666666666667, 1.0, 1.6666666666666667, 1.0, 1.1666666666666667, 1.3333333333333333], "timesignature": ["3/8", "3/8", "3/8", "3/8", "3/8", "3/8", "3/8", "3/8", "3/8", "3/8", "3/8", "3/8", "3/8", "3/8", "3/8", "3/8"], "gpr2a_Frankland": [null, null, null, null, null, null, null, null, null, null, null, null, null, null, null, null], "gpr2b_Frankland": [null, null, null, 0.5, null, null, null, 0.625, null, null, null, 0.5, null, null, null, null], "gpr3a_Frankland": [null, null, null, null, null, 0.75, null, null, null, 0.5, null, 0.625, null, null, null, null], "gpr3d_Frankland": [null, null, null, null, null, null, null, null, null, null, null, null, null, null, null, null], "gpr_Frankland_sum": [0, 0, 0, 0.5, 0, 0.75, 0, 0.625, 0, 0.5, 0, 1.125, 0, 0, 0, 0], "lbdm_spitch": [null, 0.0, 0.0, 0.7272727272727273, 0.0, 1.0, 0.2142857142857143, 0.11688311688311688, 0.16363636363636366, 0.7272727272727273, 0.3181818181818182, 0.7402597402597403, 0.20779220779220778, 0.5454545454545455, null, null], "lbdm_sioi": [null, 0.0, 0.17857142857142855, 0.7142857142857142, 0.3571428571428571, 0.08928571428571427, 0.1607142857142857, 1.0, 0.17857142857142855, 0.0, 0.17857142857142855, 0.7142857142857142, 0.3571428571428571, 0.08928571428571427, null, null], "lbdm_srest": [null, 0.0, 0.0, 0.0, 0.0, 0.0, 0.0, 0.0, 0.0, 0.0, 0.0, 0.0, 0.0, 0.0, null, null], "lbdm_rpitch": [null, 0.0, 0.0, 0.0, 0.6666666666666666, 0.6666666666666666, 0.25, 0.14285714285714285, 0.0, 0.2, 0.3333333333333333, 0.25, 0.42857142857142855, 0.3333333333333333, 0.3333333333333333, null], "lbdm_rioi": [null, 0.0, 0.0, 0.3333333333333333, 0.3333333333333333, 0.3333333333333333, 0.0, 0.6, 0.3333333333333333, 0.0, 0.0, 0.3333333333333333, 0.3333333333333333, 0.3333333333333333, 0.0, null], "lbdm_rrest": [null, 0.0, 0.0, 0.0, 0.0, 0.0, 0.0, 0.0, 0.0, 0.0, 0.0, 0.0, 0.0, 0.0, 0.0, null], "lbdm_boundarystrength": [null, 0.0, 0.08928571428571427, 0.5389610389610389, 0.17857142857142855, 0.29464285714285715, 0.13392857142857142, 0.5292207792207793, 0.1301948051948052, 0.18181818181818182, 0.16883116883116883, 0.5422077922077921, 0.23051948051948049, 0.1810064935064935, null, null]}}
