{"id": "KB2404600002", "tunefamily": "", "year": -1, "tunefamily_full": "", "type": "", "freemeter": false, "origin": "", "features": {"scaledegree": [1, 1, 3, 5, 5, 3, 4, 5, 2, 1, 3, 3, 1, 2, 1, 7, 2, 4, 2, 1], "scaledegreespecifier": ["P", "P", "M", "P", "P", "M", "A", "P", "M", "P", "M", "M", "P", "M", "P", "M", "M", "P", "M", "P"], "tonic": ["G", "G", "G", "G", "G", "G", "G", "G", "G", "G", "G", "G", "G", "G", "G", "G", "G", "G", "G", "G"], "mode": ["major", "major", "major", "major", "major", "major", "major", "major", "major", "major", "major", "major", "major", "major", "major", "major", "major", "major", "major", "major"], "metriccontour": [null, "-", "-", "+", "-", "-", "+", "-", "+", "-", "+", "-", "-", "+", "-", "-", "+", "-", "+", "-"], "imaweight": [0.982533, 0.982533, 0.0, 0.982533, 0.982533, 0.0, 0.982533, 0.982533, 0.982533, 1.0, 1.0, 1.0, 0.0174672, 1.0, 1.0, 0.0873362, 1.0, 1.0, 1.0, 1.0], "imaweight_spectral": [0.966245, 1.0, 0.0, 0.966245, 0.966245, 0.0, 1.0, 0.966245, 0.966245, 1.0, 0.983122, 0.983122, 0.0168776, 0.983122, 0.966245, 0.0843882, 0.966245, 0.983122, 0.983122, 0.983122], "pitch40_hewlett": [146, 146, 158, 169, 169, 158, 164, 169, 152, 146, 158, 158, 146, 152, 146, 141, 152, 163, 152, 146], "pitch40_sapp": [185, 185, 197, 208, 208, 197, 203, 208, 191, 185, 197, 197, 185, 191, 185, 180, 191, 202, 191, 185], "octave": [4, 4, 4, 5, 5, 4, 5, 5, 4, 4, 4, 4, 4, 4, 4, 4, 4, 5, 4, 4], "midipitch": [67, 67, 71, 74, 74, 71, 73, 74, 69, 67, 71, 71, 67, 69, 67, 66, 69, 72, 69, 67], "diatonicpitch": [28, 28, 30, 32, 32, 30, 31, 32, 29, 28, 30, 30, 28, 29, 28, 27, 29, 31, 29, 28], "diatonicinterval": [null, 0, 2, 2, 0, -2, 1, 1, -3, -1, 2, 0, -2, 1, -1, -1, 2, 2, -2, -1], "chromaticinterval": [null, 0, 4, 3, 0, -3, 2, 1, -5, -2, 4, 0, -4, 2, -2, -1, 3, 3, -3, -2], "pitchproximity": [null, null, 4, 3, 0, 3, 2, 1, 5, 2, 4, 0, 4, 2, 2, 1, 3, 3, 3, 2], "pitchreversal": [null, null, 0, 0, 0, 0, 1.5, 0, 0, 0, 1.5, 0, 0, 1.5, 1.5, 0, 1.5, 0, 1.5, 0], "nextisrest": [false, false, false, false, false, false, false, false, false, false, false, false, false, false, false, false, false, false, false, null], "restduration_frac": [null, null, null, null, null, null, null, null, null, null, null, null, null, null, null, null, null, null, null, null], "duration": [1.0, 0.25, 0.75, 1.0, 0.25, 0.75, 1.0, 1.0, 1.0, 1.0, 1.0, 0.25, 0.75, 1.0, 0.5, 0.5, 1.0, 1.0, 1.0, 1.0], "duration_frac": ["1", "1/4", "3/4", "1", "1/4", "3/4", "1", "1", "1", "1", "1", "1/4", "3/4", "1", "1/2", "1/2", "1", "1", "1", "1"], "duration_fullname": ["Quarter", "16th", "Dotted Eighth", "Quarter", "16th", "Dotted Eighth", "Quarter", "Quarter", "Quarter", "Quarter", "Quarter", "16th", "Dotted Eighth", "Quarter", "Eighth", "Eighth", "Quarter", "Quarter", "Quarter", "Quarter"], "durationcontour": [null, "-", "+", "+", "-", "+", "+", "=", "=", "=", "=", "-", "+", "+", "-", "=", "+", "=", "=", "="], "onsettick": [0, 4, 5, 8, 12, 13, 16, 20, 24, 28, 32, 36, 37, 40, 44, 46, 48, 52, 56, 60], "beatfraction": ["1", "1/4", "3/4", "1", "1/4", "3/4", "1", "1", "1", "1", "1", "1/4", "3/4", "1", "1/2", "1/2", "1", "1", "1", "1"], "phrasepos": [0.0, 0.14285714285714285, 0.17857142857142858, 0.2857142857142857, 0.42857142857142855, 0.4642857142857143, 0.5714285714285714, 0.7142857142857143, 0.8571428571428571, 1.0, 0.0, 0.14285714285714285, 0.17857142857142858, 0.2857142857142857, 0.42857142857142855, 0.5, 0.5714285714285714, 0.7142857142857143, 0.8571428571428571, 1.0], "phrase_ix": [0, 0, 0, 0, 0, 0, 0, 0, 0, 0, 1, 1, 1, 1, 1, 1, 1, 1, 1, 1], "phrase_end": [false, false, false, false, false, false, false, false, false, true, false, false, false, false, false, false, false, false, false, true], "songpos": [0.0, 0.06666666666666667, 0.08333333333333333, 0.13333333333333333, 0.2, 0.21666666666666667, 0.26666666666666666, 0.3333333333333333, 0.4, 0.4666666666666667, 0.5333333333333333, 0.6, 0.6166666666666667, 0.6666666666666666, 0.7333333333333333, 0.7666666666666667, 0.8, 0.8666666666666667, 0.9333333333333333, 1.0], "beatinsong": ["0", "1", "5/4", "2", "3", "13/4", "4", "5", "6", "7", "8", "9", "37/4", "10", "11", "23/2", "12", "13", "14", "15"], "beatinphrase": ["0", "1", "5/4", "2", "3", "13/4", "4", "5", "6", "7", "0", "1", "5/4", "2", "3", "7/2", "4", "5", "6", "7"], "beatinphrase_end": ["-4", "-3", "-11/4", "-2", "-1", "-3/4", "0", "1", "2", "3", "-4", "-3", "-11/4", "-2", "-1", "-1/2", "0", "1", "2", "3"], "IOI_frac": ["1", "1/4", "3/4", "1", "1/4", "3/4", "1", "1", "1", "1", "1", "1/4", "3/4", "1", "1/2", "1/2", "1", "1", "1", null], "IOI": [1.0, 0.25, 0.75, 1.0, 0.25, 0.75, 1.0, 1.0, 1.0, 1.0, 1.0, 0.25, 0.75, 1.0, 0.5, 0.5, 1.0, 1.0, 1.0, null], "IOR_frac": [null, "1/4", "3", "4/3", "1/4", "3", "4/3", "1", "1", "1", "1", "1/4", "3", "4/3", "1/2", "1", "2", "1", "1", null], "IOR": [null, 0.25, 3.0, 1.3333333333333333, 0.25, 3.0, 1.3333333333333333, 1.0, 1.0, 1.0, 1.0, 0.25, 3.0, 1.3333333333333333, 0.5, 1.0, 2.0, 1.0, 1.0, null], "imacontour": [null, "=", "-", "+", "=", "-", "+", "=", "=", "+", "=", "=", "-", "+", "=", "-", "+", "=", "=", "="], "pitch": ["G4", "G4", "B4", "D5", "D5", "B4", "C#5", "D5", "A4", "G4", "B4", "B4", "G4", "A4", "G4", "F#4", "A4", "C5", "A4", "G4"], "contour3": [null, "=", "+", "+", "=", "-", "+", "+", "-", "-", "+", "=", "-", "+", "-", "-", "+", "+", "-", "-"], "contour5": [null, "=", "++", "++", "=", "--", "+", "+", "--", "-", "++", "=", "--", "+", "-", "-", "++", "++", "--", "-"], "beatstrength": [1.0, 0.25, 0.0625, 0.5, 0.25, 0.0625, 1.0, 0.25, 0.5, 0.25, 1.0, 0.25, 0.0625, 0.5, 0.25, 0.125, 1.0, 0.25, 0.5, 0.25], "beat_str": ["1", "2", "2", "3", "4", "4", "1", "2", "3", "4", "1", "2", "2", "3", "4", "4", "1", "2", "3", "4"], "beat_fraction_str": ["0", "0", "1/4", "0", "0", "1/4", "0", "0", "0", "0", "0", "0", "1/4", "0", "0", "1/2", "0", "0", "0", "0"], "beat": [1.0, 2.0, 2.25, 3.0, 4.0, 4.25, 1.0, 2.0, 3.0, 4.0, 1.0, 2.0, 2.25, 3.0, 4.0, 4.5, 1.0, 2.0, 3.0, 4.0], "timesignature": ["4/4", "4/4", "4/4", "4/4", "4/4", "4/4", "4/4", "4/4", "4/4", "4/4", "4/4", "4/4", "4/4", "4/4", "4/4", "4/4", "4/4", "4/4", "4/4", "4/4"], "gpr2a_Frankland": [null, null, null, null, null, null, null, null, null, null, null, null, null, null, null, null, null, null, null, null], "gpr2b_Frankland": [null, null, null, 0.5, null, null, null, null, null, null, null, null, null, 0.375, null, null, null, null, null, null], "gpr3a_Frankland": [null, 0.625, null, null, 0.6666666666666667, null, null, 0.7, null, 0.75, null, 0.75, null, null, null, null, null, null, null, null], "gpr3d_Frankland": [null, null, null, null, null, null, null, 0.0, 0.0, null, null, null, null, null, null, 0.5, null, null, null, null], "gpr_Frankland_sum": [0, 0.625, 0, 0.5, 0.6666666666666667, 0, 0, 0.7, 0, 0.75, 0, 0.75, 0, 0.375, 0, 0.5, 0, 0, 0, 0], "lbdm_spitch": [null, 0.7466666666666667, 0.512, 0.0, 0.5348571428571429, 0.1645714285714286, 0.168, 1.0, 0.28, 0.8800000000000001, 0.0, 0.8800000000000001, 0.12000000000000002, 0.09600000000000002, 0.128, 0.24000000000000005, 0.0, 0.10285714285714287, null, null], "lbdm_sioi": [null, 0.3701923076923077, 0.6490384615384615, 1.0, 0.3701923076923077, 0.6490384615384615, 0.1923076923076923, 0.0, 0.0, 0.0, 0.8076923076923076, 0.3701923076923077, 0.6490384615384615, 0.641025641025641, 0.22435897435897434, 0.22435897435897434, 0.4487179487179487, 0.0, null, null], "lbdm_srest": [null, 0.0, 0.0, 0.0, 0.0, 0.0, 0.0, 0.0, 0.0, 0.0, 0.0, 0.0, 0.0, 0.0, 0.0, 0.0, 0.0, 0.0, null, null], "lbdm_rpitch": [null, 0.6666666666666666, 0.1111111111111111, 0.6, 0.6, 0.14285714285714285, 0.2, 0.5, 0.3333333333333333, 0.25, 0.6666666666666666, 0.6666666666666666, 0.25, 0.0, 0.2, 0.3333333333333333, 0.0, 0.0, 0.14285714285714285, null], "lbdm_rioi": [null, 0.6, 0.5, 0.14285714285714285, 0.6, 0.5, 0.14285714285714285, 0.0, 0.0, 0.0, 0.0, 0.6, 0.5, 0.14285714285714285, 0.3333333333333333, 0.0, 0.3333333333333333, 0.0, 0.0, null],