{"id": "KB25110a0000", "tunefamily": "", "year": -1, "tunefamily_full": "", "type": "", "freemeter": false, "origin": "", "features": {"scaledegree": [1, 3, 3, 2, 5, 1, 2, 3, 1, 3, 3, 2, 5, 7, 2, 1], "scaledegreespecifier": ["P", "M", "M", "M", "P", "P", "M", "M", "P", "M", "M", "M", "P", "M", "M", "P"], "tonic": ["C", "C", "C", "C", "C", "C", "C", "C", "C", "C", "C", "C", "C", "C", "C", "C"], "mode": ["major", "major", "major", "major", "major", "major", "major", "major", "major", "major", "major", "major", "major", "major", "major", "major"], "metriccontour": [null, "-", "=", "+", "-", "+", "-", "+", "+", "-", "=", "+", "-", "+", "-", "+"], "imaweight": [0.652778, 0.652778, 0.486111, 1.0, 0.527778, 0.708333, 0.291667, 0.694444, 0.875, 0.555556, 0.847222, 0.708333, 0.361111, 0.708333, 0.180556, 0.416667], "imaweight_spectral": [0.794118, 0.705882, 0.676471, 0.95098, 0.666667, 0.843137, 0.245098, 0.745098, 0.862745, 0.637255, 0.843137, 0.745098, 0.54902, 1.0, 0.166667, 0.54902], "pitch40_hewlett": [163, 175, 175, 169, 146, 163, 169, 175, 163, 175, 175, 169, 146, 158, 169, 163], "pitch40_sapp": [202, 214, 214, 208, 185, 202, 208, 214, 202, 214, 214, 208, 185, 197, 208, 202], "octave": [5, 5, 5, 5, 4, 5, 5, 5, 5, 5, 5, 5, 4, 4, 5, 5], "midipitch": [72, 76, 76, 74, 67, 72, 74, 76, 72, 76, 76, 74, 67, 71, 74, 72], "diatonicpitch": [35, 37, 37, 36, 32, 35, 36, 37, 35, 37, 37, 36, 32, 34, 36, 35], "diatonicinterval": [null, 2, 0, -1, -4, 3, 1, 1, -2, 2, 0, -1, -4, 2, 2, -1], "chromaticinterval": [null, 4, 0, -2, -7, 5, 2, 2, -4, 4, 0, -2, -7, 4, 3, -2], "pitchproximity": [null, null, 0, 2, 7, 5, 2, 2, 4, 4, 0, 2, 7, 4, 3, 2], "pitchreversal": [null, null, 0, 0, 0, 2.5, 0, 0, 1.5, 1.5, 0, 0, 0, 1, 0, 1.5], "nextisrest": [false, false, false, false, false, false, false, false, false, false, false, false, false, false, false, null], "restduration_frac": [null, null, null, null, null, null, null, null, null, null, null, null, null, null, null, null], "duration": [0.5, 0.5, 0.5, 1.0, 0.5, 0.25, 0.25, 1.0, 0.5, 0.5, 0.5, 1.0, 0.5, 0.25, 0.25, 1.0], "duration_frac": ["1/2", "1/2", "1/2", "1", "1/2", "1/4", "1/4", "1", "1/2", "1/2", "1/2", "1", "1/2", "1/4", "1/4", "1"], "duration_fullname": ["Eighth", "Eighth", "Eighth", "Quarter", "Eighth", "16th", "16th", "Quarter", "Eighth", "Eighth", "Eighth", "Quarter", "Eighth", "16th", "16th", "Quarter"], "durationcontour": [null, "=", "=", "+", "-", "-", "=", "+", "-", "=", "=", "+", "-", "-", "=", "+"], "onsettick": [0, 2, 4, 6, 10, 12, 13, 14, 18, 20, 22, 24, 28, 30, 31, 32], "beatfraction": ["1/3", "1/3", "1/3", "2/3", "1/3", "1/6", "1/6", "2/3", "1/3", "1/3", "1/3", "2/3", "1/3", "1/6", "1/6", "2/3"], "phrasepos": [0.0, 0.14285714285714285, 0.2857142857142857, 0.42857142857142855, 0.7142857142857143, 0.8571428571428571, 0.9285714285714286, 1.0, 0.0, 0.14285714285714285, 0.2857142857142857, 0.42857142857142855, 0.7142857142857143, 0.8571428571428571, 0.9285714285714286, 1.0], "phrase_ix": [0, 0, 0, 0, 0, 0, 0, 0, 1, 1, 1, 1, 1, 1, 1, 1], "phrase_end": [false, false, false, false, false, false, false, true, false, false, false, false, false, false, false, true], "songpos": [0.0, 0.0625, 0.125, 0.1875, 0.3125, 0.375, 0.40625, 0.4375, 0.5625, 0.625, 0.6875, 0.75, 0.875, 0.9375, 0.96875, 1.0], "beatinsong": ["0", "1/3", "2/3", "1", "5/3", "2", "13/6", "7/3", "3", "10/3", "11/3", "4", "14/3", "5", "31/6", "16/3"], "beatinphrase": ["0", "1/3", "2/3", "1", "5/3", "2", "13/6", "7/3", "0", "1/3", "2/3", "1", "5/3", "2", "13/6", "7/3"], "beatinphrase_end": ["-2", "-5/3", "-4/3", "-1", "-1/3", "0", "1/6", "1/3", "-2", "-5/3", "-4/3", "-1", "-1/3", "0", "1/6", "1/3"], "IOI_frac": ["1/2", "1/2", "1/2", "1", "1/2", "1/4", "1/4", "1", "1/2", "1/2", "1/2", "1", "1/2", "1/4", "1/4", null], "IOI": [0.5, 0.5, 0.5, 1.0, 0.5, 0.25, 0.25, 1.0, 0.5, 0.5, 0.5, 1.0, 0.5, 0.25, 0.25, null], "IOR_frac": [null, "1", "1", "2", "1/2", "1/2", "1", "4", "1/2", "1", "1", "2", "1/2", "1/2", "1", null], "IOR": [null, 1.0, 1.0, 2.0, 0.5, 0.5, 1.0, 4.0, 0.5, 1.0, 1.0, 2.0, 0.5, 0.5, 1.0, null], "imacontour": [null, "=", "-", "+", "-", "+", "-", "+", "+", "-", "+", "-", "-", "+", "-", "+"], "pitch": ["C5", "E5", "E5", "D5", "G4", "C5", "D5", "E5", "C5", "E5", "E5", "D5", "G4", "B4", "D5", "C5"], "contour3": [null, "+", "=", "-", "-", "+", "+", "+", "-", "+", "=", "-", "-", "+", "+", "-"], "contour5": [null, "++", "=", "-", "--", "++", "+", "+", "--", "++", "=", "-", "--", "++", "++", "-"], "beatstrength": [1.0, 0.5, 0.5, 1.0, 0.5, 1.0, 0.25, 0.5, 1.0, 0.5, 0.5, 1.0, 0.5, 1.0, 0.25, 0.5], "beat_str": ["1", "1", "1", "1", "1", "1", "1", "1", "1", "1", "1", "1", "1", "1", "1", "1"], "beat_fraction_str": ["0", "1/3", "2/3", "0", "2/3", "0", "1/6", "1/3", "0", "1/3", "2/3", "0", "2/3", "0", "1/6", "1/3"], "beat": [1.0, 1.3333333333333333, 1.6666666666666667, 1.0, 1.6666666666666667, 1.0, 1.1666666666666667, 1.3333333333333333, 1.0, 1.3333333333333333, 1.6666666666666667, 1.0, 1.6666666666666667, 1.0, 1.1666666666666667, 1.3333333333333333], "timesignature": ["3/8", "3/8", "3/8", "3/8", "3/8", "3/8", "3/8", "3/8", "3/8", "3/8", "3/8", "3/8", "3/8", "3/8", "3/8", "3/8"], "gpr2a_Frankland": [null, null, null, null, null, null, null, null, null, null, null, null, null, null, null, null], "gpr2b_Frankland": [null, null, null, 0.5, null, null, null, 0.625, null, null, null, 0.5, null, null, null, null], "gpr3a_Frankland": [null, null, null, 0.5, null, null, null, null, null, null, null, 0.5714285714285714, null, null, null, null], "gpr3d_Frankland": [null, null, null, null, null, null, null, null, null, null, null, null, null, null, null, null], "gpr_Frankland_sum": [0, 0, 0, 1.0, 0, 0, 0, 0.625, 0, 0, 0, 1.0714285714285714, 0, 0, 0, 0], "lbdm_spitch": [null, 0.0, 0.3979591836734694, 0.8717201166180757, 0.49632097737054004, 0.1389698736637512, 0.1042274052478134, 0.2084548104956268, 0.5558794946550047, 0.0, 0.3979591836734694, 1.0, 0.2850664075153871, 0.1588227127585728, null, null], "lbdm_sioi": [null, 0.0, 0.17857142857142855, 0.7142857142857142, 0.3571428571428571, 0.08928571428571427, 0.1607142857142857, 1.0, 0.17857142857142855, 0.0, 0.17857142857142855, 0.7142857142857142, 0.3571428571428571, 0.08928571428571427, null, null], "lbdm_srest": [null, 0.0, 0.0, 0.0, 0.0, 0.0, 0.0, 0.0, 0.0, 0.0, 0.0, 0.0, 0.0, 0.0, null, null], "lbdm_rpitch": [null, 0.6666666666666666, 0.5, 0.45454545454545453, 0.14285714285714285, 0.3333333333333333, 0.0, 0.25, 0.0, 0.6666666666666666, 0.5, 0.45454545454545453, 0.23076923076923078, 0.1111111111111111, 0.14285714285714285, null], "lbdm_rioi": [null, 0.0, 0.0, 0.3333333333333333, 0.3333333333333333, 0.3333333333333333, 0.0, 0.6, 0.3333333333333333, 0.0, 0.0, 0.3333333333333333, 0.3333333333333333, 0.3333333333333333, 0.0, null], "lbdm_rrest": [null, 0.0, 0.0, 0.0, 0.0, 0.0, 0.0, 0.0, 0.0, 0.0, 0.0, 0.0, 0.0, 0.0, 0.0, null], "lbdm_boundarystrength": [null, 0.0, 0.18877551020408162, 0.575072886297376, 0.3026516729140636, 0.07938532555879493, 0.1064139941690962, 0.5521137026239067, 0.22825558794946546, 0.0, 0.18877551020408162, 0.6071428571428571, 0.2498380304502753, 0.08434853533250034, null, null]}}
