{"id": "KB2520300000", "tunefamily": "", "year": -1, "tunefamily_full": "", "type": "", "freemeter": false, "origin": "", "features": {"scaledegree": [5, 7, 1, 3, 2, 1, 3, 5, 3, 5, 5, 4, 2, 7, 2, 1], "scaledegreespecifier": ["P", "M", "P", "M", "M", "P", "M", "P", "M", "P", "P", "P", "M", "M", "M", "P"], "tonic": ["B-", "B-", "B-", "B-", "B-", "B-", "B-", "B-", "B-", "B-", "B-", "B-", "B-", "B-", "B-", "B-"], "mode": ["major", "major", "major", "major", "major", "major", "major", "major", "major", "major", "major", "major", "major", "major", "major", "major"], "metriccontour": [null, "-", "+", "=", "+", "-", "+", "-", "+", "-", "+", "=", "+", "-", "+", "-"], "imaweight": [0.708333, 0.180556, 0.652778, 0.361111, 1.0, 0.652778, 0.652778, 0.694444, 0.930556, 0.291667, 0.555556, 0.722222, 0.708333, 0.486111, 0.652778, 0.416667], "imaweight_spectral": [0.794118, 0.166667, 0.666667, 0.627451, 0.95098, 0.754902, 0.843137, 0.784314, 0.862745, 0.245098, 0.598039, 0.754902, 0.745098, 0.637255, 1.0, 0.588235], "pitch40_hewlett": [140, 152, 157, 169, 163, 157, 169, 180, 169, 180, 180, 174, 163, 152, 163, 157], "pitch40_sapp": [179, 191, 196, 208, 202, 196, 208, 219, 208, 219, 219, 213, 202, 191, 202, 196], "octave": [4, 4, 4, 5, 5, 4, 5, 5, 5, 5, 5, 5, 5, 4, 5, 4], "midipitch": [65, 69, 70, 74, 72, 70, 74, 77, 74, 77, 77, 75, 72, 69, 72, 70], "diatonicpitch": [25, 27, 28, 30, 29, 28, 30, 32, 30, 32, 32, 31, 29, 27, 29, 28], "diatonicinterval": [null, 2, 1, 2, -1, -1, 2, 2, -2, 2, 0, -1, -2, -2, 2, -1], "chromaticinterval": [null, 4, 1, 4, -2, -2, 4, 3, -3, 3, 0, -2, -3, -3, 3, -2], "pitchproximity": [null, null, 1, 4, 2, 2, 4, 3, 3, 3, 0, 2, 3, 3, 3, 2], "pitchreversal": [null, null, 0, 0, 1.5, 0, 1.5, 0, 1.5, 1.5, 0, 0, 0, 0, 1.5, 1.5], "nextisrest": [false, false, false, false, false, false, false, false, false, false, false, false, false, false, false, null], "restduration_frac": [null, null, null, null, null, null, null, null, null, null, null, null, null, null, null, null], "duration": [0.25, 0.25, 0.5, 0.5, 1.0, 0.5, 0.5, 1.0, 0.25, 0.25, 0.5, 0.5, 1.0, 0.5, 0.5, 1.0], "duration_frac": ["1/4", "1/4", "1/2", "1/2", "1", "1/2", "1/2", "1", "1/4", "1/4", "1/2", "1/2", "1", "1/2", "1/2", "1"], "duration_fullname": ["16th", "16th", "Eighth", "Eighth", "Quarter", "Eighth", "Eighth", "Quarter", "16th", "16th", "Eighth", "Eighth", "Quarter", "Eighth", "Eighth", "Quarter"], "durationcontour": [null, "=", "+", "=", "+", "-", "=", "+", "-", "=", "+", "=", "+", "-", "=", "+"], "onsettick": [0, 1, 2, 4, 6, 10, 12, 14, 18, 19, 20, 22, 24, 28, 30, 32], "beatfraction": ["1/6", "1/6", "1/3", "1/3", "2/3", "1/3", "1/3", "2/3", "1/6", "1/6", "1/3", "1/3", "2/3", "1/3", "1/3", "2/3"], "phrasepos": [0.0, 0.03125, 0.0625, 0.125, 0.1875, 0.3125, 0.375, 0.4375, 0.5625, 0.59375, 0.625, 0.6875, 0.75, 0.875, 0.9375, 1.0], "phrase_ix": [0, 0, 0, 0, 0, 0, 0, 0, 0, 0, 0, 0, 0, 0, 0, 0], "phrase_end": [false, false, false, false, false, false, false, false, false, false, false, false, false, false, false, true], "songpos": [0.0, 0.03125, 0.0625, 0.125, 0.1875, 0.3125, 0.375, 0.4375, 0.5625, 0.59375, 0.625, 0.6875, 0.75, 0.875, 0.9375, 1.0], "beatinsong": ["0", "1/6", "1/3", "2/3", "1", "5/3", "2", "7/3", "3", "19/6", "10/3", "11/3", "4", "14/3", "5", "16/3"], "beatinphrase": ["0", "1/6", "1/3", "2/3", "1", "5/3", "2", "7/3", "3", "19/6", "10/3", "11/3", "4", "14/3", "5", "16/3"], "beatinphrase_end": ["-5", "-29/6", "-14/3", "-13/3", "-4", "-10/3", "-3", "-8/3", "-2", "-11/6", "-5/3", "-4/3", "-1", "-1/3", "0", "1/3"], "IOI_frac": ["1/4", "1/4", "1/2", "1/2", "1", "1/2", "1/2", "1", "1/4", "1/4", "1/2", "1/2", "1", "1/2", "1/2", null], "IOI": [0.25, 0.25, 0.5, 0.5, 1.0, 0.5, 0.5, 1.0, 0.25, 0.25, 0.5, 0.5, 1.0, 0.5, 0.5, null], "IOR_frac": [null, "1", "2", "1", "2", "1/2", "1", "2", "1/4", "1", "2", "1", "2", "1/2", "1", null], "IOR": [null, 1.0, 2.0, 1.0, 2.0, 0.5, 1.0, 2.0, 0.25, 1.0, 2.0, 1.0, 2.0, 0.5, 1.0, null], "imacontour": [null, "-", "+", "-", "+", "-", "=", "+", "+", "-", "+", "+", "-", "-", "+", "-"], "pitch": ["F4", "A4", "B-4", "D5", "C5", "B-4", "D5", "F5", "D5", "F5", "F5", "E-5", "C5", "A4", "C5", "B-4"], "contour3": [null, "+", "+", "+", "-", "-", "+", "+", "-", "+", "=", "-", "-", "-", "+", "-"], "contour5": [null, "++", "+", "++", "-", "-", "++", "++", "--", "++", "=", "-", "--", "--", "++", "-"], "beatstrength": [1.0, 0.25, 0.5, 0.5, 1.0, 0.5, 1.0, 0.5, 1.0, 0.25, 0.5, 0.5, 1.0, 0.5, 1.0, 0.5], "beat_str": ["1", "1", "1", "1", "1", "1", "1", "1", "1", "1", "1", "1", "1", "1", "1", "1"], "beat_fraction_str": ["0", "1/6", "1/3", "2/3", "0", "2/3", "0", "1/3", "0", "1/6", "1/3", "2/3", "0", "2/3", "0", "1/3"], "beat": [1.0, 1.1666666666666667, 1.3333333333333333, 1.6666666666666667, 1.0, 1.6666666666666667, 1.0, 1.3333333333333333, 1.0, 1.1666666666666667, 1.3333333333333333, 1.6666666666666667, 1.0, 1.6666666666666667, 1.0, 1.3333333333333333], "timesignature": ["3/8", "3/8", "3/8", "3/8", "3/8", "3/8", "3/8", "3/8", "3/8", "3/8", "3/8", "3/8", "3/8", "3/8", "3/8", "3/8"], "gpr2a_Frankland": [null, null, null, null, null, null, null, null, null, null, null, null, null, null, null, null], "gpr2b_Frankland": [null, null, null, null, 0.5, null, null, 0.625, null, null, null, null, 0.5, null, null, null], "gpr3a_Frankland": [null, null, 0.625, null, null, 0.375, null, null, null, null, null, null, null, null, null, null], "gpr3d_Frankland": [null, 0.5, null, null, null, null, null, null, null, 0.5, null, null, null, null, null, null], "gpr_Frankland_sum": [0, 0.5, 0.625, 0, 0.5, 0.375, 0, 0.625, 0, 0.5, 0, 0, 0.5, 0, 0, 0], "lbdm_spitch": [null, 0.3157894736842105, 1.0, 0.18421052631578946, 0.18421052631578946, 0.5321637426900584, 0.12280701754385964, 0.0, 0.6631578947368421, 0.0, 0.4736842105263157, 0.15789473684210525, 0.0, 0.15789473684210525, null, null], "lbdm_sioi": [null, 0.08928571428571427, 0.17857142857142855, 0.17857142857142855, 0.7142857142857142, 0.17857142857142855, 0.17857142857142855, 1.0, 0.1607142857142857, 0.08928571428571427, 0.17857142857142855, 0.17857142857142855, 0.7142857142857142, 0.17857142857142855, null, null], "lbdm_srest": [null, 0.0, 0.0, 0.0, 0.0, 0.0, 0.0, 0.0, 0.0, 0.0, 0.0, 0.0, 0.0, 0.0, null, null], "lbdm_rpitch": [null, 0.42857142857142855, 0.42857142857142855, 0.25, 0.0, 0.25, 0.1111111111111111, 0.0, 0.0, 0.6, 0.5, 0.14285714285714285, 0.0, 0.0, 0.14285714285714285, null], "lbdm_rioi": [null, 0.0, 0.3333333333333333, 0.0, 0.3333333333333333, 0.3333333333333333, 0.0, 0.3333333333333333, 0.6, 0.0, 0.3333333333333333, 0.0, 0.3333333333333333, 0.3333333333333333, 0.0, null], "lbdm_rrest": [null, 0.0, 0.0, 0.0, 0.0, 0.0, 0.0, 0.0, 0.0, 0.0, 0.0, 0.0, 0.0, 0.0, 0.0, null], "lbdm_boundarystrength": [null, 0.12359022556390976, 0.3392857142857143, 0.13533834586466165, 0.40319548872180444, 0.22232664995822887, 0.11998746867167918, 0.5, 0.24614661654135336, 0.04464285714285714, 0.2077067669172932, 0.12875939849624057, 0.3571428571428571, 0.12875939849624057, null, null]}}
