{"id": "KB2543400020", "tunefamily": "", "year": -1, "tunefamily_full": "", "type": "", "freemeter": false, "origin": "", "features": {"scaledegree": [7, 2, 4, 3, 1, 4, 6, 5, 3, 1, 7, 5, 7, 2, 3, 1, 4, 6, 5, 1], "scaledegreespecifier": ["M", "M", "P", "M", "P", "P", "M", "P", "M", "P", "M", "P", "M", "M", "M", "P", "P", "M", "P", "P"], "tonic": ["C", "C", "C", "C", "C", "C", "C", "C", "C", "C", "C", "C", "C", "C", "C", "C", "C", "C", "C", "C"], "mode": ["major", "major", "major", "major", "major", "major", "major", "major", "major", "major", "major", "major", "major", "major", "major", "major", "major", "major", "major", "major"], "metriccontour": [null, "-", "+", "=", "-", "+", "-", "+", "=", "-", "+", "-", "+", "-", "+", "-", "+", "-", "+", "="], "imaweight": [0.520979, 0.248252, 0.618881, 0.664336, 0.251748, 0.524476, 0.328671, 0.65035, 1.0, 0.566434, 0.842657, 0.548951, 0.912587, 0.468531, 0.975524, 0.531469, 0.800699, 0.566434, 0.968531, 0.695804], "imaweight_spectral": [0.830721, 0.586207, 0.918495, 0.92163, 0.551724, 0.796238, 0.62069, 0.909091, 0.959248, 0.570533, 0.818182, 0.554859, 0.880878, 0.482759, 0.937304, 0.539185, 0.780564, 0.570533, 0.931034, 1.0], "pitch40_hewlett": [158, 169, 180, 175, 163, 180, 192, 186, 175, 163, 158, 146, 158, 169, 175, 163, 180, 192, 186, 163], "pitch40_sapp": [197, 208, 219, 214, 202, 219, 231, 225, 214, 202, 197, 185, 197, 208, 214, 202, 219, 231, 225, 202], "octave": [4, 5, 5, 5, 5, 5, 5, 5, 5, 5, 4, 4, 4, 5, 5, 5, 5, 5, 5, 5], "midipitch": [71, 74, 77, 76, 72, 77, 81, 79, 76, 72, 71, 67, 71, 74, 76, 72, 77, 81, 79, 72], "diatonicpitch": [34, 36, 38, 37, 35, 38, 40, 39, 37, 35, 34, 32, 34, 36, 37, 35, 38, 40, 39, 35], "diatonicinterval": [null, 2, 2, -1, -2, 3, 2, -1, -2, -2, -1, -2, 2, 2, 1, -2, 3, 2, -1, -4], "chromaticinterval": [null, 3, 3, -1, -4, 5, 4, -2, -3, -4, -1, -4, 4, 3, 2, -4, 5, 4, -2, -7], "pitchproximity": [null, null, 3, 1, 4, 5, 4, 2, 3, 4, 1, 4, 4, 3, 2, 4, 5, 4, 2, 7], "pitchreversal": [null, null, 0, 1.5, 0, 1.5, 0, 1.5, 0, 0, 0, 0, 1.5, 0, 0, 1.5, 1.5, 0, 1.5, 0], "nextisrest": [false, false, false, false, false, false, false, false, false, false, false, false, false, false, false, false, false, false, false, null], "restduration_frac": [null, null, null, null, null, null, null, null, null, null, null, null, null, null, null, null, null, null, null, null], "duration": [0.25, 0.25, 0.5, 0.25, 0.25, 0.25, 0.25, 0.5, 0.25, 0.25, 0.25, 0.25, 0.25, 0.25, 0.25, 0.25, 0.25, 0.25, 0.5, 0.5], "duration_frac": ["1/4", "1/4", "1/2", "1/4", "1/4", "1/4", "1/4", "1/2", "1/4", "1/4", "1/4", "1/4", "1/4", "1/4", "1/4", "1/4", "1/4", "1/4", "1/2", "1/2"], "duration_fullname": ["16th", "16th", "Eighth", "16th", "16th", "16th", "16th", "Eighth", "16th", "16th", "16th", "16th", "16th", "16th", "16th", "16th", "16th", "16th", "Eighth", "Eighth"], "durationcontour": [null, "=", "+", "-", "=", "=", "=", "+", "-", "=", "=", "=", "=", "=", "=", "=", "=", "=", "+", "="], "onsettick": [0, 1, 2, 4, 5, 6, 7, 8, 10, 11, 12, 13, 14, 15, 16, 17, 18, 19, 20, 22], "beatfraction": ["1/6", "1/6", "1/3", "1/6", "1/6", "1/6", "1/6", "1/3", "1/6", "1/6", "1/6", "1/6", "1/6", "1/6", "1/6", "1/6", "1/6", "1/6", "1/3", "1/3"], "phrasepos": [0.0, 0.045454545454545456, 0.09090909090909091, 0.18181818181818182, 0.22727272727272727, 0.2727272727272727, 0.3181818181818182, 0.36363636363636365, 0.45454545454545453, 0.5, 0.5454545454545454, 0.5909090909090909, 0.6363636363636364, 0.6818181818181818, 0.7272727272727273, 0.7727272727272727, 0.8181818181818182, 0.8636363636363636, 0.9090909090909091, 1.0], "phrase_ix": [0, 0, 0, 0, 0, 0, 0, 0, 0, 0, 0, 0, 0, 0, 0, 0, 0, 0, 0, 0], "phrase_end": [false, false, false, false, false, false, false, false, false, false, false, false, false, false, false, false, false, false, false, true], "songpos": [0.0, 0.045454545454545456, 0.09090909090909091, 0.18181818181818182, 0.22727272727272727, 0.2727272727272727, 0.3181818181818182, 0.36363636363636365, 0.45454545454545453, 0.5, 0.5454545454545454, 0.5909090909090909, 0.6363636363636364, 0.6818181818181818, 0.7272727272727273, 0.7727272727272727, 0.8181818181818182, 0.8636363636363636, 0.9090909090909091, 1.0], "beatinsong": ["0", "1/6", "1/3", "2/3", "5/6", "1", "7/6", "4/3", "5/3", "11/6", "2", "13/6", "7/3", "5/2", "8/3", "17/6", "3", "19/6", "10/3", "11/3"], "beatinphrase": ["0", "1/6", "1/3", "2/3", "5/6", "1", "7/6", "4/3", "5/3", "11/6", "2", "13/6", "7/3", "5/2", "8/3", "17/6", "3", "19/6", "10/3", "11/3"], "beatinphrase_end": ["-3", "-17/6", "-8/3", "-7/3", "-13/6", "-2", "-11/6", "-5/3", "-4/3", "-7/6", "-1", "-5/6", "-2/3", "-1/2", "-1/3", "-1/6", "0", "1/6", "1/3", "2/3"], "IOI_frac": ["1/4", "1/4", "1/2", "1/4", "1/4", "1/4", "1/4", "1/2", "1/4", "1/4", "1/4", "1/4", "1/4", "1/4", "1/4", "1/4", "1/4", "1/4", "1/2", null], "IOI": [0.25, 0.25, 0.5, 0.25, 0.25, 0.25, 0.25, 0.5, 0.25, 0.25, 0.25, 0.25, 0.25, 0.25, 0.25, 0.25, 0.25, 0.25, 0.5, null], "IOR_frac": [null, "1", "2", "1/2", "1", "1", "1", "2", "1/2", "1", "1", "1", "1", "1", "1", "1", "1", "1", "2", null], "IOR": [null, 1.0, 2.0, 0.5, 1.0, 1.0, 1.0, 2.0, 0.5, 1.0, 1.0, 1.0, 1.0, 1.0, 1.0, 1.0, 1.0, 1.0, 2.0, null], "imacontour": [null, "-", "+", "+", "-", "+", "-", "+", "+", "-", "+", "-", "+", "-", "+", "-", "+", "-", "+", "-"], "pitch": ["B4", "D5", "F5", "E5", "C5", "F5", "A5", "G5", "E5", "C5", "B4", "G4", "B4", "D5", "E5", "C5", "F5", "A5", "G5", "C5"], "contour3": [null, "+", "+", "-", "-", "+", "+", "-", "-", "-", "-", "-", "+", "+", "+", "-", "+", "+", "-", "-"], "contour5": [null, "++", "++", "-", "--", "++", "++", "-", "--", "--", "-", "--", "++", "++", "+", "--", "++", "++", "-", "--"], "beatstrength": [1.0, 0.25, 0.5, 0.5, 0.25, 1.0, 0.25, 0.5, 0.5, 0.25, 1.0, 0.25, 0.5, 0.25, 0.5, 0.25, 1.0, 0.25, 0.5, 0.5], "beat_str": ["1", "1", "1", "1", "1", "1", "1", "1", "1", "1", "1", "1", "1", "1", "1", "1", "1", "1", "1", "1"], "beat_fraction_str": ["0", "1/6", "1/3", "2/3", "5/6", "0", "1/6", "1/3", "2/3", "5/6", "0", "1/6", "1/3", "1/2", "2/3", "5/6", "0", "1/6", "1/3", "2/3"], "beat": [1.0, 1.1666666666666667, 1.3333333333333333, 1.6666666666666667, 1.8333333333333333, 1.0, 1.1666666666666667, 1.3333333333333333, 1.6666666666666667, 1.8333333333333333, 1.0, 1.1666666666666667, 1.3333333333333333, 1.5, 1.6666666666666667, 1.8333333333333333, 1.0, 1.1666666666666667, 1.3333333333333333, 1.6666666666666667], "timesignature": ["3/8", "3/8", "3/8", "3/8", "3/8", "3/8", "3/8", "3/8", "3/8", "3/8", "3/8", "3/8", "3/8", "3/8", "3/8", "3/8", "3/8", "3/8", "3/8", "3/8"], "gpr2a_Frankland": [null, null, null, null, null, null, null, null, null, null, null, null, null, null, null, null, null, null, null, null], "gpr2b_Frankland": [null, null, 0.5, null, null, null, null, 0.5, null, null, null, null, null, null, null, null, null, null, null, null], "gpr3a_Frankland": [null, null, null, null, 0.19999999999999996, null, null, null, 0.5, null, null, null, null, null, null, 0.19999999999999996, null, null, null, null], "gpr3d_Frankland": [null, null, null, null, 0.0, null, null, null, null, 0.0, 0.0, 0.0, 0.0, 0.0, 0.0, 0.0, null, null, null, null], "gpr_Frankland_sum": [0, 0, 0.5, 0, 0.19999999999999996, 0, 0, 0.5, 0.5, 0, 0, 0, 0, 0, 0, 0.19999999999999996, 0, 0, 0, 0], "lbdm_spitch": [null, 0.4632352941176471, 0.35294117647058826, 0.9625668449197861, 0.4211229946524065, 0.6316844919786098, 0.36397058823529416, 0.35294117647058826, 1.0, 0.39705882352941174, 0.7941176470588235, 0.20588235294117646, 0.35294117647058826, 0.36397058823529416, 0.6316844919786098, 0.4211229946524065, 0.6316844919786098, 0.65274064171123, null, null], "lbdm_sioi": [null, 0.25, 1.0, 0.25, 0.0, 0.0, 0.25, 1.0, 0.25, 0.0, 0.0, 0.0, 0.0, 0.0, 0.0, 0.0, 0.0, 0.25, null, null], "lbdm_srest": [null, 0.0, 0.0, 0.0, 0.0, 0.0, 0.0, 0.0, 0.0, 0.0, 0.0, 0.0, 0.0, 0.0, 0.0, 0.0, 0.0, 0.0, null, null],