{"id": "KB2518100020", "tunefamily": "", "year": -1, "tunefamily_full": "", "type": "", "freemeter": false, "origin": "", "features": {"scaledegree": [5, 3, 7, 5, 4, 3, 2, 7, 1, 3, 2, 7, 5, 5, 5, 7, 1, 1], "scaledegreespecifier": ["P", "m", "m", "P", "P", "m", "M", "M", "P", "m", "M", "M", "P", "P", "P", "M", "P", "P"], "tonic": ["A", "A", "A", "A", "A", "A", "A", "A", "A", "A", "A", "A", "A", "A", "A", "A", "A", "A"], "mode": ["minor", "minor", "minor", "minor", "minor", "minor", "minor", "minor", "minor", "minor", "minor", "minor", "minor", "minor", "minor", "minor", "minor", "minor"], "metriccontour": [null, "-", "-", "+", "-", "+", "+", "-", "+", "-", "+", "-", "+", "+", "-", "-", "+", "-"], "imaweight": [0.514563, 1.0, 0.68932, 0.854369, 0.0776699, 0.68932, 0.975728, 0.631068, 0.917476, 0.684466, 0.878641, 0.116505, 0.68932, 0.980583, 0.533981, 0.271845, 0.412621, 0.247573], "imaweight_spectral": [1.0, 0.948936, 0.693617, 0.804255, 0.102128, 0.659574, 0.944681, 0.625532, 0.876596, 0.689362, 0.825532, 0.13617, 0.659574, 0.965957, 0.92766, 0.731915, 0.821277, 0.693617], "pitch40_hewlett": [175, 163, 186, 175, 169, 163, 158, 147, 152, 163, 158, 147, 135, 175, 135, 147, 152, 152], "pitch40_sapp": [214, 202, 225, 214, 208, 202, 197, 186, 191, 202, 197, 186, 174, 214, 174, 186, 191, 191], "octave": [5, 5, 5, 5, 5, 5, 4, 4, 4, 5, 4, 4, 4, 5, 4, 4, 4, 4], "midipitch": [76, 72, 79, 76, 74, 72, 71, 68, 69, 72, 71, 68, 64, 76, 64, 68, 69, 69], "diatonicpitch": [32, 30, 34, 32, 31, 30, 29, 27, 28, 30, 29, 27, 25, 32, 25, 27, 28, 28], "diatonicinterval": [null, -2, 4, -2, -1, -1, -1, -2, 1, 2, -1, -2, -2, 7, -7, 2, 1, 0], "chromaticinterval": [null, -4, 7, -3, -2, -2, -1, -3, 1, 3, -1, -3, -4, 12, -12, 4, 1, 0], "pitchproximity": [null, null, 7, 3, 2, 2, 1, 3, 1, 3, 1, 3, 4, null, null, 4, 1, 0], "pitchreversal": [null, null, 0, 1, 0, 0, 0, 0, 1.5, 0, 1.5, 0, 0, 0, null, null, 0, 0], "nextisrest": [false, false, false, false, false, false, false, false, false, false, false, false, false, false, false, false, false, null], "restduration_frac": [null, null, null, null, null, null, null, null, null, null, null, null, null, null, null, null, null, null], "duration": [1.0, 0.5, 0.5, 0.25, 0.25, 0.5, 0.5, 0.5, 0.5, 0.5, 0.25, 0.25, 0.5, 1.0, 0.5, 0.5, 0.5, 0.5], "duration_frac": ["1", "1/2", "1/2", "1/4", "1/4", "1/2", "1/2", "1/2", "1/2", "1/2", "1/4", "1/4", "1/2", "1", "1/2", "1/2", "1/2", "1/2"], "duration_fullname": ["Quarter", "Eighth", "Eighth", "16th", "16th", "Eighth", "Eighth", "Eighth", "Eighth", "Eighth", "16th", "16th", "Eighth", "Quarter", "Eighth", "Eighth", "Eighth", "Eighth"], "durationcontour": [null, "-", "=", "-", "=", "+", "=", "=", "=", "=", "-", "=", "+", "+", "-", "=", "=", "="], "onsettick": [0, 4, 6, 8, 9, 10, 12, 14, 16, 18, 20, 21, 22, 24, 28, 30, 32, 34], "beatfraction": ["1", "1/2", "1/2", "1/4", "1/4", "1/2", "1/2", "1/2", "1/2", "1/2", "1/4", "1/4", "1/2", "1", "1/2", "1/2", "1/2", "1/2"], "phrasepos": [0.0, 0.11764705882352941, 0.17647058823529413, 0.23529411764705882, 0.2647058823529412, 0.29411764705882354, 0.35294117647058826, 0.4117647058823529, 0.47058823529411764, 0.5294117647058824, 0.5882352941176471, 0.6176470588235294, 0.6470588235294118, 0.7058823529411765, 0.8235294117647058, 0.8823529411764706, 0.9411764705882353, 1.0], "phrase_ix": [0, 0, 0, 0, 0, 0, 0, 0, 0, 0, 0, 0, 0, 0, 0, 0, 0, 0], "phrase_end": [false, false, false, false, false, false, false, false, false, false, false, false, false, false, false, false, false, true], "songpos": [0.0, 0.11764705882352941, 0.17647058823529413, 0.23529411764705882, 0.2647058823529412, 0.29411764705882354, 0.35294117647058826, 0.4117647058823529, 0.47058823529411764, 0.5294117647058824, 0.5882352941176471, 0.6176470588235294, 0.6470588235294118, 0.7058823529411765, 0.8235294117647058, 0.8823529411764706, 0.9411764705882353, 1.0], "beatinsong": ["0", "1", "3/2", "2", "9/4", "5/2", "3", "7/2", "4", "9/2", "5", "21/4", "11/2", "6", "7", "15/2", "8", "17/2"], "beatinphrase": ["0", "1", "3/2", "2", "9/4", "5/2", "3", "7/2", "4", "9/2", "5", "21/4", "11/2", "6", "7", "15/2", "8", "17/2"], "beatinphrase_end": ["-6", "-5", "-9/2", "-4", "-15/4", "-7/2", "-3", "-5/2", "-2", "-3/2", "-1", "-3/4", "-1/2", "0", "1", "3/2", "2", "5/2"], "IOI_frac": ["1", "1/2", "1/2", "1/4", "1/4", "1/2", "1/2", "1/2", "1/2", "1/2", "1/4", "1/4", "1/2", "1", "1/2", "1/2", "1/2", null], "IOI": [1.0, 0.5, 0.5, 0.25, 0.25, 0.5, 0.5, 0.5, 0.5, 0.5, 0.25, 0.25, 0.5, 1.0, 0.5, 0.5, 0.5, null], "IOR_frac": [null, "1/2", "1", "1/2", "1", "2", "1", "1", "1", "1", "1/2", "1", "2", "2", "1/2", "1", "1", null], "IOR": [null, 0.5, 1.0, 0.5, 1.0, 2.0, 1.0, 1.0, 1.0, 1.0, 0.5, 1.0, 2.0, 2.0, 0.5, 1.0, 1.0, null], "imacontour": [null, "+", "-", "+", "-", "+", "+", "-", "+", "-", "+", "-", "+", "+", "-", "-", "+", "-"], "pitch": ["E5", "C5", "G5", "E5", "D5", "C5", "B4", "G#4", "A4", "C5", "B4", "G#4", "E4", "E5", "E4", "G#4", "A4", "A4"], "contour3": [null, "-", "+", "-", "-", "-", "-", "-", "+", "+", "-", "-", "-", "+", "-", "+", "+", "="], "contour5": [null, "--", "++", "--", "-", "-", "-", "--", "+", "++", "-", "--", "--", "++", "--", "++", "+", "="], "beatstrength": [1.0, 0.5, 0.25, 0.5, 0.125, 0.25, 1.0, 0.25, 0.5, 0.25, 0.5, 0.125, 0.25, 1.0, 0.5, 0.25, 0.5, 0.25], "beat_str": ["1", "2", "2", "3", "3", "3", "1", "1", "2", "2", "3", "3", "3", "1", "2", "2", "3", "3"], "beat_fraction_str": ["0", "0", "1/2", "0", "1/4", "1/2", "0", "1/2", "0", "1/2", "0", "1/4", "1/2", "0", "0", "1/2", "0", "1/2"], "beat": [1.0, 2.0, 2.5, 3.0, 3.25, 3.5, 1.0, 1.5, 2.0, 2.5, 3.0, 3.25, 3.5, 1.0, 2.0, 2.5, 3.0, 3.5], "timesignature": ["3/4", "3/4", "3/4", "3/4", "3/4", "3/4", "3/4", "3/4", "3/4", "3/4", "3/4", "3/4", "3/4", "3/4", "3/4", "3/4", "3/4", "3/4"], "gpr2a_Frankland": [null, null, null, null, null, null, null, null, null, null, null, null, null, null, null, null, null, null], "gpr2b_Frankland": [null, null, null, null, null, null, null, null, null, null, null, null, null, 0.5, null, null, null, null], "gpr3a_Frankland": [null, 0.5, null, null, null, null, 0.6666666666666667, null, 0.6666666666666667, null, null, null, null, null, null, null, null, null], "gpr3d_Frankland": [null, null, 0.5, null, 0.5, null, 0.0, 0.0, null, 0.5, null, null, null, null, null, null, null, null], "gpr_Frankland_sum": [0, 0.5, 0.5, 0, 0.5, 0, 0.6666666666666667, 0, 0.6666666666666667, 0.5, 0, 0, 0, 0.5, 0, 0, 0, 0], "lbdm_spitch": [null, 0.7403846153846154, 0.26785714285714285, 0.05357142857142857, 0.07500000000000001, 0.1, 0.375, 0.125, 0.375, 0.125, 0.25, 0.4166666666666667, 1.0, 1.0, 0.6547619047619048, 0.14285714285714285, null, null], "lbdm_sioi": [null, 0.25, 0.25, 0.125, 0.125, 0.25, 0.0, 0.0, 0.0, 0.25, 0.125, 0.125, 0.5, 1.0, 0.25, 0.0, null, null], "lbdm_srest": [null, 0.0, 0.0, 0.0, 0.0, 0.0, 0.0, 0.0, 0.0, 0.0, 0.0, 0.0, 0.0, 0.0, 0.0, 0.0, null, null], "lbdm_rpitch": [null, 0.23076923076923078, 0.3333333333333333, 0.14285714285714285, 0.0, 0.2, 0.3333333333333333, 0.3333333333333333, 0.3333333333333333, 0.3333333333333333, 0.3333333333333333, 0.1111111111111111, 0.4444444444444444, 0.0, 0.4444444444444444, 0.42857142857142855, 0.3333333333333333, null], "lbdm_rioi": [null, 0.3333333333333333, 0.0, 0.3333333333333333, 0.0, 0.3333333333333333, 0.0, 0.0, 0.0, 0.0, 0.3333333333333333, 0.0, 0.3333333333333333, 0.3333333333333333, 0.3333333333333333, 0.0, 0.0, null], "lbdm_rrest": [null, 0.0, 0.0, 0.0, 0.0, 0.0, 0.0, 0.0, 0.0, 0.0, 0.0, 0.0, 0.0, 0.0, 0.0, 0.0, 0.0, null], "lbdm_boundarystrength": [null, 0.31009615384615385, 0.1919642857142857, 0.07589285714285714, 0.08125, 0.15, 0.09375, 0.03125, 0.09375, 0.15625, 0.125, 0.16666666666666669, 0.5, 0.75, 0.28869047619047616, 0.03571428571428571, null, null]}}
