{"id": "KB2574800020", "tunefamily": "", "year": -1, "tunefamily_full": "", "type": "", "freemeter": false, "origin": "", "features": {"scaledegree": [5, 5, 5, 1, 3, 3, 3, 2, 7, 5, 2, 1, 7, 6, 5], "scaledegreespecifier": ["P", "P", "P", "P", "M", "M", "M", "M", "M", "P", "M", "P", "M", "M", "P"], "tonic": ["G", "G", "G", "G", "G", "G", "G", "G", "G", "G", "G", "G", "G", "G", "G"], "mode": ["major", "major", "major", "major", "major", "major", "major", "major", "major", "major", "major", "major", "major", "major", "major"], "metriccontour": [null, "-", "=", "+", "-", "+", "=", "+", "-", "-", "+", "-", "=", "+", "="], "imaweight": [0.860465, 0.651163, 0.860465, 0.569767, 0.27907, 0.755814, 0.662791, 1.0, 0.546512, 0.232558, 0.406977, 0.104651, 0.104651, 0.546512, 0.395349], "imaweight_spectral": [0.892857, 0.732143, 0.892857, 0.633929, 0.25, 0.776786, 0.741071, 1.0, 0.892857, 0.214286, 0.669643, 0.0803571, 0.0803571, 0.8125, 0.8125], "pitch40_hewlett": [129, 129, 129, 146, 158, 158, 158, 152, 141, 129, 152, 146, 141, 135, 129], "pitch40_sapp": [168, 168, 168, 185, 197, 197, 197, 191, 180, 168, 191, 185, 180, 174, 168], "octave": [4, 4, 4, 4, 4, 4, 4, 4, 4, 4, 4, 4, 4, 4, 4], "midipitch": [62, 62, 62, 67, 71, 71, 71, 69, 66, 62, 69, 67, 66, 64, 62], "diatonicpitch": [25, 25, 25, 28, 30, 30, 30, 29, 27, 25, 29, 28, 27, 26, 25], "diatonicinterval": [null, 0, 0, 3, 2, 0, 0, -1, -2, -2, 4, -1, -1, -1, -1], "chromaticinterval": [null, 0, 0, 5, 4, 0, 0, -2, -3, -4, 7, -2, -1, -2, -2], "pitchproximity": [null, null, 0, 5, 4, 0, 0, 2, 3, 4, 7, 2, 1, 2, 2], "pitchreversal": [null, null, 0, 0, 0, 0, 0, 0, 0, 0, 0, 1, 0, 0, 0], "nextisrest": [false, false, false, false, false, false, false, false, false, false, false, false, false, false, null], "restduration_frac": [null, null, null, null, null, null, null, null, null, null, null, null, null, null, null], "duration": [0.5, 0.5, 0.5, 0.25, 0.25, 0.5, 0.5, 1.0, 0.25, 0.25, 0.16666666666666666, 0.16666666666666666, 0.16666666666666666, 0.5, 0.5], "duration_frac": ["1/2", "1/2", "1/2", "1/4", "1/4", "1/2", "1/2", "1", "1/4", "1/4", "1/6", "1/6", "1/6", "1/2", "1/2"], "duration_fullname": ["Eighth", "Eighth", "Eighth", "16th", "16th", "Eighth", "Eighth", "Quarter", "16th", "16th", "16th Triplet (1/6 QL)", "16th Triplet (1/6 QL)", "16th Triplet (1/6 QL)", "Eighth", "Eighth"], "durationcontour": [null, "=", "=", "-", "=", "+", "=", "+", "-", "=", "-", "=", "=", "+", "="], "onsettick": [0, 6, 12, 18, 21, 24, 30, 36, 48, 51, 54, 56, 58, 60, 66], "beatfraction": ["1/3", "1/3", "1/3", "1/6", "1/6", "1/3", "1/3", "2/3", "1/6", "1/6", "1/9", "1/9", "1/9", "1/3", "1/3"], "phrasepos": [0.0, 0.09090909090909091, 0.18181818181818182, 0.2727272727272727, 0.3181818181818182, 0.36363636363636365, 0.45454545454545453, 0.5454545454545454, 0.7272727272727273, 0.7727272727272727, 0.8181818181818182, 0.8484848484848485, 0.8787878787878788, 0.9090909090909091, 1.0], "phrase_ix": [0, 0, 0, 0, 0, 0, 0, 0, 0, 0, 0, 0, 0, 0, 0], "phrase_end": [false, false, false, false, false, false, false, false, false, false, false, false, false, false, true], "songpos": [0.0, 0.09090909090909091, 0.18181818181818182, 0.2727272727272727, 0.3181818181818182, 0.36363636363636365, 0.45454545454545453, 0.5454545454545454, 0.7272727272727273, 0.7727272727272727, 0.8181818181818182, 0.8484848484848485, 0.8787878787878788, 0.9090909090909091, 1.0], "beatinsong": ["0", "1/3", "2/3", "1", "7/6", "4/3", "5/3", "2", "8/3", "17/6", "3", "28/9", "29/9", "10/3", "11/3"], "beatinphrase": ["0", "1/3", "2/3", "1", "7/6", "4/3", "5/3", "2", "8/3", "17/6", "3", "28/9", "29/9", "10/3", "11/3"], "beatinphrase_end": ["-3", "-8/3", "-7/3", "-2", "-11/6", "-5/3", "-4/3", "-1", "-1/3", "-1/6", "0", "1/9", "2/9", "1/3", "2/3"], "IOI_frac": ["1/2", "1/2", "1/2", "1/4", "1/4", "1/2", "1/2", "1", "1/4", "1/4", "1/6", "1/6", "1/6", "1/2", null], "IOI": [0.5, 0.5, 0.5, 0.25, 0.25, 0.5, 0.5, 1.0, 0.25, 0.25, 0.16666666666666666, 0.16666666666666666, 0.16666666666666666, 0.5, null], "IOR_frac": [null, "1", "1", "1/2", "1", "2", "1", "2", "1/4", "1", "2/3", "1", "1", "3", null], "IOR": [null, 1.0, 1.0, 0.5, 1.0, 2.0, 1.0, 2.0, 0.25, 1.0, 0.6666666666666666, 1.0, 1.0, 3.0, null], "imacontour": [null, "-", "+", "-", "-", "+", "-", "+", "-", "-", "+", "-", "=", "+", "-"], "pitch": ["D4", "D4", "D4", "G4", "B4", "B4", "B4", "A4", "F#4", "D4", "A4", "G4", "F#4", "E4", "D4"], "contour3": [null, "=", "=", "+", "+", "=", "=", "-", "-", "-", "+", "-", "-", "-", "-"], "contour5": [null, "=", "=", "++", "++", "=", "=", "-", "--", "--", "++", "-", "-", "-", "-"], "beatstrength": [1.0, 0.5, 0.5, 1.0, 0.25, 0.5, 0.5, 1.0, 0.5, 0.25, 1.0, 0.0625, 0.0625, 0.5, 0.5], "beat_str": ["1", "1", "1", "1", "1", "1", "1", "1", "1", "1", "1", "1", "1", "1", "1"], "beat_fraction_str": ["0", "1/3", "2/3", "0", "1/6", "1/3", "2/3", "0", "2/3", "5/6", "0", "1/9", "2/9", "1/3", "2/3"], "beat": [1.0, 1.3333333333333333, 1.6666666666666667, 1.0, 1.1666666666666667, 1.3333333333333333, 1.6666666666666667, 1.0, 1.6666666666666667, 1.8333333333333333, 1.0, 1.1111111111111112, 1.2222222222222223, 1.3333333333333333, 1.6666666666666667], "timesignature": ["3/8", "3/8", "3/8", "3/8", "3/8", "3/8", "3/8", "3/8", "3/8", "3/8", "3/8", "3/8", "3/8", "3/8", "3/8"], "gpr2a_Frankland": [null, null, null, null, null, null, null, null, null, null, null, null, null, null, null], "gpr2b_Frankland": [null, null, null, null, null, null, null, 0.625, null, null, null, null, null, null, null], "gpr3a_Frankland": [null, null, 0.6, null, null, null, null, null, null, 0.5714285714285714, null, null, null, null, null], "gpr3d_Frankland": [null, null, 0.5, null, 0.5, null, null, null, null, 0.33333333333333337, null, null, null, null, null], "gpr_Frankland_sum": [0, 0, 1.1, 0, 0.5, 0, 0, 0.625, 0, 0.9047619047619048, 0, 0, 0, 0, 0], "lbdm_spitch": [null, 0.0, 0.8392336526447314, 0.6316812439261419, 0.0, 0.0, 0.26801332778009157, 0.1588227127585728, 0.2850664075153871, 1.0, 0.27288629737609327, 0.08338192419825073, 0.08338192419825073, null, null], "lbdm_sioi": [null, 0.0, 0.17857142857142855, 0.08928571428571427, 0.08928571428571427, 0.17857142857142855, 0.17857142857142855, 1.0, 0.1607142857142857, 0.05357142857142858, 0.03571428571428572, 0.0, 0.08928571428571429, null, null], "lbdm_srest": [null, 0.0, 0.0, 0.0, 0.0, 0.0, 0.0, 0.0, 0.0, 0.0, 0.0, 0.0, 0.0, null, null], "lbdm_rpitch": [null, 0.0, 0.7142857142857143, 0.09090909090909091, 0.6666666666666666, 0.0, 0.5, 0.14285714285714285, 0.1111111111111111, 0.23076923076923078, 0.45454545454545453, 0.2, 0.2, 0.0, null], "lbdm_rioi": [null, 0.0, 0.0, 0.3333333333333333, 0.0, 0.3333333333333333, 0.0, 0.3333333333333333, 0.6, 0.0, 0.20000000000000004, 0.0, 0.0, 0.5000000000000001, null], "lbdm_rrest": [null, 0.0, 0.0, 0.0, 0.0, 0.0, 0.0, 0.0, 0.0, 0.0, 0.0, 0.0, 0.0, 0.0, null], "lbdm_boundarystrength": [null, 0.0, 0.2990941274468971, 0.20256316812439262, 0.04464285714285714, 0.08928571428571427, 0.15628904623073717, 0.5397056781896432, 0.1516237447359896, 0.2767857142857143, 0.08607871720116618, 0.020845481049562683, 0.06548833819241982, null, null]}}
