{"id": "KB2506100000", "tunefamily": "", "year": -1, "tunefamily_full": "", "type": "", "freemeter": false, "origin": "", "features": {"scaledegree": [5, 7, 5, 7, 1, 3, 2, 4, 5, 5, 3, 2, 5, 1, 3, 1, 3, 5, 7, 1], "scaledegreespecifier": ["P", "M", "P", "M", "P", "m", "M", "A", "P", "P", "m", "M", "P", "P", "m", "P", "m", "P", "M", "P"], "tonic": ["A", "A", "A", "A", "A", "A", "A", "A", "A", "A", "A", "A", "A", "A", "A", "A", "A", "A", "A", "A"], "mode": ["minor", "minor", "minor", "minor", "minor", "minor", "minor", "minor", "minor", "minor", "minor", "minor", "minor", "minor", "minor", "minor", "minor", "minor", "minor", "minor"], "metriccontour": [null, "-", "+", "=", "+", "-", "+", "-", "+", "=", "+", "-", "+", "+", "-", "+", "=", "+", "-", "+"], "imaweight": [0.904, 0.064, 0.416, 0.752, 0.552, 0.744, 1.0, 0.256, 0.456, 0.688, 0.576, 0.256, 0.904, 0.92, 0.192, 0.432, 0.656, 0.488, 0.264, 0.552], "imaweight_spectral": [0.88, 0.16, 0.554286, 0.817143, 0.651429, 0.765714, 0.925714, 0.251429, 0.56, 0.725714, 0.645714, 0.251429, 0.857143, 0.908571, 0.228571, 0.56, 0.788571, 0.622857, 0.582857, 1.0], "pitch40_hewlett": [135, 147, 135, 147, 152, 163, 158, 170, 175, 175, 163, 158, 135, 152, 163, 152, 163, 175, 147, 152], "pitch40_sapp": [174, 186, 174, 186, 191, 202, 197, 209, 214, 214, 202, 197, 174, 191, 202, 191, 202, 214, 186, 191], "octave": [4, 4, 4, 4, 4, 5, 4, 5, 5, 5, 5, 4, 4, 4, 5, 4, 5, 5, 4, 4], "midipitch": [64, 68, 64, 68, 69, 72, 71, 75, 76, 76, 72, 71, 64, 69, 72, 69, 72, 76, 68, 69], "diatonicpitch": [25, 27, 25, 27, 28, 30, 29, 31, 32, 32, 30, 29, 25, 28, 30, 28, 30, 32, 27, 28], "diatonicinterval": [null, 2, -2, 2, 1, 2, -1, 2, 1, 0, -2, -1, -4, 3, 2, -2, 2, 2, -5, 1], "chromaticinterval": [null, 4, -4, 4, 1, 3, -1, 4, 1, 0, -4, -1, -7, 5, 3, -3, 3, 4, -8, 1], "pitchproximity": [null, null, 4, 4, 1, 3, 1, 4, 1, 0, 4, 1, 7, 5, 3, 3, 3, 4, 8, 1], "pitchreversal": [null, null, 1.5, 1.5, 0, 0, 1.5, 0, 0, 0, 0, 0, 0, 2.5, 0, 1.5, 1.5, 0, 0, 1], "nextisrest": [false, false, false, false, false, false, false, false, false, false, false, false, false, false, false, false, false, false, false, true], "restduration_frac": [null, null, null, null, null, null, null, null, null, null, null, null, null, null, null, null, null, null, null, "1/2"], "duration": [0.25, 0.25, 0.5, 0.5, 0.5, 1.0, 0.25, 0.25, 0.5, 0.5, 0.25, 0.25, 1.0, 0.25, 0.25, 0.5, 0.5, 1.0, 0.5, 1.0], "duration_frac": ["1/4", "1/4", "1/2", "1/2", "1/2", "1", "1/4", "1/4", "1/2", "1/2", "1/4", "1/4", "1", "1/4", "1/4", "1/2", "1/2", "1", "1/2", "1"], "duration_fullname": ["16th", "16th", "Eighth", "Eighth", "Eighth", "Quarter", "16th", "16th", "Eighth", "Eighth", "16th", "16th", "Quarter", "16th", "16th", "Eighth", "Eighth", "Quarter", "Eighth", "Quarter"], "durationcontour": [null, "=", "+", "=", "=", "+", "-", "=", "+", "=", "-", "=", "+", "-", "=", "+", "=", "+", "-", "+"], "onsettick": [0, 1, 2, 4, 6, 8, 12, 13, 14, 16, 18, 19, 20, 24, 25, 26, 28, 30, 34, 36], "beatfraction": ["1/6", "1/6", "1/3", "1/3", "1/3", "2/3", "1/6", "1/6", "1/3", "1/3", "1/6", "1/6", "2/3", "1/6", "1/6", "1/3", "1/3", "2/3", "1/3", "2/3"], "phrasepos": [0.0, 0.05, 0.1, 0.2, 0.3, 0.4, 0.6, 0.65, 0.7, 0.8, 0.9, 0.95, 1.0, 0.0, 0.08333333333333333, 0.16666666666666666, 0.3333333333333333, 0.5, 0.8333333333333334, 1.0], "phrase_ix": [0, 0, 0, 0, 0, 0, 0, 0, 0, 0, 0, 0, 0, 1, 1, 1, 1, 1, 1, 1], "phrase_end": [false, false, false, false, false, false, false, false, false, false, false, false, true, false, false, false, false, false, false, true], "songpos": [0.0, 0.027777777777777776, 0.05555555555555555, 0.1111111111111111, 0.16666666666666666, 0.2222222222222222, 0.3333333333333333, 0.3611111111111111, 0.3888888888888889, 0.4444444444444444, 0.5, 0.5277777777777778, 0.5555555555555556, 0.6666666666666666, 0.6944444444444444, 0.7222222222222222, 0.7777777777777778, 0.8333333333333334, 0.9444444444444444, 1.0], "beatinsong": ["0", "1/6", "1/3", "2/3", "1", "4/3", "2", "13/6", "7/3", "8/3", "3", "19/6", "10/3", "4", "25/6", "13/3", "14/3", "5", "17/3", "6"], "beatinphrase": ["0", "1/6", "1/3", "2/3", "1", "4/3", "2", "13/6", "7/3", "8/3", "3", "19/6", "10/3", "0", "1/6", "1/3", "2/3", "1", "5/3", "2"], "beatinphrase_end": ["-3", "-17/6", "-8/3", "-7/3", "-2", "-5/3", "-1", "-5/6", "-2/3", "-1/3", "0", "1/6", "1/3", "-2", "-11/6", "-5/3", "-4/3", "-1", "-1/3", "0"], "IOI_frac": ["1/4", "1/4", "1/2", "1/2", "1/2", "1", "1/4", "1/4", "1/2", "1/2", "1/4", "1/4", "1", "1/4", "1/4", "1/2", "1/2", "1", "1/2", "3/2"], "IOI": [0.25, 0.25, 0.5, 0.5, 0.5, 1.0, 0.25, 0.25, 0.5, 0.5, 0.25, 0.25, 1.0, 0.25, 0.25, 0.5, 0.5, 1.0, 0.5, 1.5], "IOR_frac": [null, "1", "2", "1", "1", "2", "1/4", "1", "2", "1", "1/2", "1", "4", "1/4", "1", "2", "1", "2", "1/2", "3"], "IOR": [null, 1.0, 2.0, 1.0, 1.0, 2.0, 0.25, 1.0, 2.0, 1.0, 0.5, 1.0, 4.0, 0.25, 1.0, 2.0, 1.0, 2.0, 0.5, 3.0], "imacontour": [null, "-", "+", "+", "-", "+", "+", "-", "+", "+", "-", "-", "+", "+", "-", "+", "+", "-", "-", "+"], "pitch": ["E4", "G#4", "E4", "G#4", "A4", "C5", "B4", "D#5", "E5", "E5", "C5", "B4", "E4", "A4", "C5", "A4", "C5", "E5", "G#4", "A4"], "contour3": [null, "+", "-", "+", "+", "+", "-", "+", "+", "=", "-", "-", "-", "+", "+", "-", "+", "+", "-", "+"], "contour5": [null, "++", "--", "++", "+", "++", "-", "++", "+", "=", "--", "-", "--", "++", "++", "--", "++", "++", "--", "+"], "beatstrength": [1.0, 0.25, 0.5, 0.5, 1.0, 0.5, 1.0, 0.25, 0.5, 0.5, 1.0, 0.25, 0.5, 1.0, 0.25, 0.5, 0.5, 1.0, 0.5, 1.0], "beat_str": ["1", "1", "1", "1", "1", "1", "1", "1", "1", "1", "1", "1", "1", "1", "1", "1", "1", "1", "1", "1"], "beat_fraction_str": ["0", "1/6", "1/3", "2/3", "0", "1/3", "0", "1/6", "1/3", "2/3", "0", "1/6", "1/3", "0", "1/6", "1/3", "2/3", "0", "2/3", "0"], "beat": [1.0, 1.1666666666666667, 1.3333333333333333, 1.6666666666666667, 1.0, 1.3333333333333333, 1.0, 1.1666666666666667, 1.3333333333333333, 1.6666666666666667, 1.0, 1.1666666666666667, 1.3333333333333333, 1.0, 1.1666666666666667, 1.3333333333333333, 1.6666666666666667, 1.0, 1.6666666666666667, 1.0], "timesignature": ["3/8", "3/8", "3/8", "3/8", "3/8", "3/8", "3/8", "3/8", "3/8", "3/8", "3/8", "3/8", "3/8", "3/8", "3/8", "3/8", "3/8", "3/8", "3/8", "3/8"], "gpr2a_Frankland": [null, null, null, null, null, null, null, null, null, null, null, null, null, null, null, null, null, null, null, 0.125], "gpr2b_Frankland": [null, null, null, null, null, 0.625, null, null, null, null, null, null, 0.75, null, null, null, null, 0.5, null, null], "gpr3a_Frankland": [null, null, null, null, 0.6666666666666667, null, 0.75, null, null, 0.875, null, 0.5714285714285714, null, null, null, null, null, 0.6875, null, null], "gpr3d_Frankland": [null, 0.5, null, null, null, null, null, 0.5, null, 0.5, null, null, null, null, 0.5, null, null, null, null, null], "gpr_Frankland_sum": [0, 0.5, 0, 0, 0.6666666666666667, 0.625, 0.75, 0.5, 0, 1.375, 0, 0.5714285714285714, 0.75, 0, 0.5, 0, 0, 1.1875, 0, 0.125], "lbdm_spitch": [null, 0.0, 0.2323943661971831, 0.10328638497652581, 0.2711267605633803, 0.10328638497652581, 0.4647887323943662, 0.10328638497652581, 0.0, 0.5938967136150234, 0.13943661971830984, 0.7049295774647888, 0.23239436619718312, 0.0813380281690141, 0.0, 0.04518779342723005, 0.21517996870109546, 1.0, null, null], "lbdm_sioi": [null, 0.06944444444444445, 0.1388888888888889, 0.0, 0.1388888888888889, 0.7777777777777778, 0.125, 0.06944444444444445, 0.1388888888888889, 0.1388888888888889, 0.06944444444444445, 0.125, 1.0, 0.125, 0.06944444444444445, 0.1388888888888889, 0.1388888888888889, 0.5555555555555556, null, null], "lbdm_srest": [null, 0.0, 0.0, 0.0, 0.0, 0.0, 0.0, 0.0, 0.0, 0.0, 0.0, 0.0, 0.0, 0.0, 0.0, 0.0, 0.0, 0.0, null, null],