{"id": "KB2541500020", "tunefamily": "", "year": -1, "tunefamily_full": "", "type": "", "freemeter": false, "origin": "", "features": {"scaledegree": [6, 1, 1, 2, 2, 1, 6, 5, 2, 4, 5, 6, 4, 4, 3, 2, 1], "scaledegreespecifier": ["M", "P", "P", "M", "M", "P", "M", "P", "M", "P", "P", "M", "P", "P", "M", "M", "P"], "tonic": ["C", "C", "C", "C", "C", "C", "C", "C", "C", "C", "C", "C", "C", "C", "C", "C", "C"], "mode": ["major", "major", "major", "major", "major", "major", "major", "major", "major", "major", "major", "major", "major", "major", "major", "major", "major"], "metriccontour": [null, "-", "+", "=", "+", "-", "+", "=", "+", "-", "+", "=", "-", "+", "-", "+", "="], "imaweight": [0.693548, 0.284946, 0.758065, 0.913978, 0.693548, 0.392473, 0.693548, 0.913978, 0.758065, 0.327957, 0.715054, 1.0, 0.193548, 0.758065, 0.349462, 0.77957, 1.0], "imaweight_spectral": [0.714953, 0.359813, 0.78972, 0.925234, 0.714953, 0.453271, 0.733645, 0.925234, 0.771028, 0.397196, 0.733645, 0.925234, 0.224299, 0.714953, 0.359813, 0.733645, 1.0], "pitch40_hewlett": [152, 163, 163, 169, 169, 163, 152, 146, 169, 180, 186, 192, 180, 180, 175, 169, 163], "pitch40_sapp": [191, 202, 202, 208, 208, 202, 191, 185, 208, 219, 225, 231, 219, 219, 214, 208, 202], "octave": [4, 5, 5, 5, 5, 5, 4, 4, 5, 5, 5, 5, 5, 5, 5, 5, 5], "midipitch": [69, 72, 72, 74, 74, 72, 69, 67, 74, 77, 79, 81, 77, 77, 76, 74, 72], "diatonicpitch": [33, 35, 35, 36, 36, 35, 33, 32, 36, 38, 39, 40, 38, 38, 37, 36, 35], "diatonicinterval": [null, 2, 0, 1, 0, -1, -2, -1, 4, 2, 1, 1, -2, 0, -1, -1, -1], "chromaticinterval": [null, 3, 0, 2, 0, -2, -3, -2, 7, 3, 2, 2, -4, 0, -1, -2, -2], "pitchproximity": [null, null, 0, 2, 0, 2, 3, 2, 7, 3, 2, 2, 4, 0, 1, 2, 2], "pitchreversal": [null, null, 0, 0, 0, 0, 0, 0, 0, -1, 0, 0, 1.5, 0, 0, 0, 0], "nextisrest": [false, false, false, false, false, false, false, false, false, false, false, false, false, false, false, false, null], "restduration_frac": [null, null, null, null, null, null, null, null, null, null, null, null, null, null, null, null, null], "duration": [0.25, 0.25, 0.5, 0.5, 0.25, 0.25, 0.5, 0.5, 0.25, 0.25, 0.5, 0.25, 0.25, 0.25, 0.25, 0.5, 0.5], "duration_frac": ["1/4", "1/4", "1/2", "1/2", "1/4", "1/4", "1/2", "1/2", "1/4", "1/4", "1/2", "1/4", "1/4", "1/4", "1/4", "1/2", "1/2"], "duration_fullname": ["16th", "16th", "Eighth", "Eighth", "16th", "16th", "Eighth", "Eighth", "16th", "16th", "Eighth", "16th", "16th", "16th", "16th", "Eighth", "Eighth"], "durationcontour": [null, "=", "+", "=", "-", "=", "+", "=", "-", "=", "+", "-", "=", "=", "=", "+", "="], "onsettick": [0, 1, 2, 4, 6, 7, 8, 10, 12, 13, 14, 16, 17, 18, 19, 20, 22], "beatfraction": ["1/6", "1/6", "1/3", "1/3", "1/6", "1/6", "1/3", "1/3", "1/6", "1/6", "1/3", "1/6", "1/6", "1/6", "1/6", "1/3", "1/3"], "phrasepos": [0.0, 0.045454545454545456, 0.09090909090909091, 0.18181818181818182, 0.2727272727272727, 0.3181818181818182, 0.36363636363636365, 0.45454545454545453, 0.5454545454545454, 0.5909090909090909, 0.6363636363636364, 0.7272727272727273, 0.7727272727272727, 0.8181818181818182, 0.8636363636363636, 0.9090909090909091, 1.0], "phrase_ix": [0, 0, 0, 0, 0, 0, 0, 0, 0, 0, 0, 0, 0, 0, 0, 0, 0], "phrase_end": [false, false, false, false, false, false, false, false, false, false, false, false, false, false, false, false, true], "songpos": [0.0, 0.045454545454545456, 0.09090909090909091, 0.18181818181818182, 0.2727272727272727, 0.3181818181818182, 0.36363636363636365, 0.45454545454545453, 0.5454545454545454, 0.5909090909090909, 0.6363636363636364, 0.7272727272727273, 0.7727272727272727, 0.8181818181818182, 0.8636363636363636, 0.9090909090909091, 1.0], "beatinsong": ["0", "1/6", "1/3", "2/3", "1", "7/6", "4/3", "5/3", "2", "13/6", "7/3", "8/3", "17/6", "3", "19/6", "10/3", "11/3"], "beatinphrase": ["0", "1/6", "1/3", "2/3", "1", "7/6", "4/3", "5/3", "2", "13/6", "7/3", "8/3", "17/6", "3", "19/6", "10/3", "11/3"], "beatinphrase_end": ["-3", "-17/6", "-8/3", "-7/3", "-2", "-11/6", "-5/3", "-4/3", "-1", "-5/6", "-2/3", "-1/3", "-1/6", "0", "1/6", "1/3", "2/3"], "IOI_frac": ["1/4", "1/4", "1/2", "1/2", "1/4", "1/4", "1/2", "1/2", "1/4", "1/4", "1/2", "1/4", "1/4", "1/4", "1/4", "1/2", null], "IOI": [0.25, 0.25, 0.5, 0.5, 0.25, 0.25, 0.5, 0.5, 0.25, 0.25, 0.5, 0.25, 0.25, 0.25, 0.25, 0.5, null], "IOR_frac": [null, "1", "2", "1", "1/2", "1", "2", "1", "1/2", "1", "2", "1/2", "1", "1", "1", "2", null], "IOR": [null, 1.0, 2.0, 1.0, 0.5, 1.0, 2.0, 1.0, 0.5, 1.0, 2.0, 0.5, 1.0, 1.0, 1.0, 2.0, null], "imacontour": [null, "-", "+", "+", "-", "-", "+", "+", "-", "-", "+", "+", "-", "+", "-", "+", "+"], "pitch": ["A4", "C5", "C5", "D5", "D5", "C5", "A4", "G4", "D5", "F5", "G5", "A5", "F5", "F5", "E5", "D5", "C5"], "contour3": [null, "+", "=", "+", "=", "-", "-", "-", "+", "+", "+", "+", "-", "=", "-", "-", "-"], "contour5": [null, "++", "=", "+", "=", "-", "--", "-", "++", "++", "+", "+", "--", "=", "-", "-", "-"], "beatstrength": [1.0, 0.25, 0.5, 0.5, 1.0, 0.25, 0.5, 0.5, 1.0, 0.25, 0.5, 0.5, 0.25, 1.0, 0.25, 0.5, 0.5], "beat_str": ["1", "1", "1", "1", "1", "1", "1", "1", "1", "1", "1", "1", "1", "1", "1", "1", "1"], "beat_fraction_str": ["0", "1/6", "1/3", "2/3", "0", "1/6", "1/3", "2/3", "0", "1/6", "1/3", "2/3", "5/6", "0", "1/6", "1/3", "2/3"], "beat": [1.0, 1.1666666666666667, 1.3333333333333333, 1.6666666666666667, 1.0, 1.1666666666666667, 1.3333333333333333, 1.6666666666666667, 1.0, 1.1666666666666667, 1.3333333333333333, 1.6666666666666667, 1.8333333333333333, 1.0, 1.1666666666666667, 1.3333333333333333, 1.6666666666666667], "timesignature": ["3/8", "3/8", "3/8", "3/8", "3/8", "3/8", "3/8", "3/8", "3/8", "3/8", "3/8", "3/8", "3/8", "3/8", "3/8", "3/8", "3/8"], "gpr2a_Frankland": [null, null, null, null, null, null, null, null, null, null, null, null, null, null, null, null, null], "gpr2b_Frankland": [null, null, null, null, null, null, null, null, null, null, 0.5, null, null, null, null, null, null], "gpr3a_Frankland": [null, null, 1.0, null, null, 0.33333333333333337, null, 0.6428571428571428, null, null, null, 0.75, null, null, null, null, null], "gpr3d_Frankland": [null, 0.5, null, 0.5, null, 0.5, null, 0.5, null, null, null, null, 0.0, null, null, null, null], "gpr_Frankland_sum": [0, 0.5, 1.0, 0.5, 0, 0.8333333333333334, 0, 1.1428571428571428, 0, 0, 0.5, 0.75, 0, 0, 0, 0, 0], "lbdm_spitch": [null, 0.0, 0.3626373626373627, 0.0, 0.23312401883830455, 0.1554160125588697, 0.21664050235478807, 1.0, 0.25902668759811615, 0.05180533751962323, 0.09065934065934067, 0.6648351648351649, 0.0, 0.0967032967032967, 0.07252747252747253, null, null], "lbdm_sioi": [null, 0.25, 0.5, 0.5, 0.25, 0.25, 0.5, 0.5, 0.25, 0.25, 1.0, 0.25, 0.0, 0.0, 0.25, null, null], "lbdm_srest": [null, 0.0, 0.0, 0.0, 0.0, 0.0, 0.0, 0.0, 0.0, 0.0, 0.0, 0.0, 0.0, 0.0, 0.0, null, null], "lbdm_rpitch": [null, 0.6, 0.5, 0.5, 0.5, 0.14285714285714285, 0.14285714285714285, 0.45454545454545453, 0.3333333333333333, 0.14285714285714285, 0.0, 0.25, 0.6666666666666666, 0.3333333333333333, 0.2, 0.0, null], "lbdm_rioi": [null, 0.0, 0.3333333333333333, 0.0, 0.3333333333333333, 0.0, 0.3333333333333333, 0.0, 0.3333333333333333, 0.0, 0.3333333333333333, 0.3333333333333333, 0.0, 0.0, 0.0, 0.3333333333333333, null], "lbdm_rrest": [null, 0.0, 0.0, 0.0, 0.0, 0.0, 0.0, 0.0, 0.0, 0.0, 0.0, 0.0, 0.0, 0.0, 0.0, 0.0, null], "lbdm_boundarystrength": [null, 0.125, 0.34065934065934067, 0.25, 0.18328100470957615, 0.16385400313971743, 0.30416012558869704, 0.5, 0.18975667189952905, 0.1379513343799058, 0.5226648351648352, 0.29120879120879123, 0.0, 0.024175824175824177, 0.14313186813186812, null, null]}}
