{"id": "KB2639200000", "tunefamily": "", "year": -1, "tunefamily_full": "", "type": "", "freemeter": false, "origin": "", "features": {"scaledegree": [1, 3, 5, 3, 4, 5, 1, 5, 5, 6, 4, 3, 1, 7, 3, 1, 5, 4, 5, 3, 1], "scaledegreespecifier": ["P", "m", "P", "m", "P", "P", "P", "P", "P", "m", "P", "m", "P", "m", "m", "P", "P", "P", "P", "m", "P"], "tonic": ["A", "A", "A", "A", "A", "A", "A", "A", "A", "A", "A", "A", "A", "A", "A", "A", "A", "A", "A", "A", "A"], "mode": ["minor", "minor", "minor", "minor", "minor", "minor", "minor", "minor", "minor", "minor", "minor", "minor", "minor", "minor", "minor", "minor", "minor", "minor", "minor", "minor", "minor"], "metriccontour": [null, "-", "+", "=", "+", "-", "-", "+", "-", "+", "=", "+", "-", "-", "+", "-", "+", "-", "+", "-", "+"], "imaweight": [0.858108, 0.148649, 0.331081, 0.662162, 0.554054, 0.722973, 0.202703, 1.0, 0.222973, 0.378378, 0.554054, 0.662162, 0.716216, 0.25, 0.75, 0.668919, 0.445946, 0.263514, 0.466216, 0.202703, 0.47973], "imaweight_spectral": [0.906977, 0.180233, 0.552326, 0.761628, 0.72093, 0.813953, 0.197674, 1.0, 0.215116, 0.517442, 0.668605, 0.813953, 0.831395, 0.313953, 0.930233, 0.860465, 0.668605, 0.511628, 1.0, 0.627907, 0.697674], "pitch40_hewlett": [152, 163, 175, 163, 169, 175, 152, 175, 175, 180, 169, 163, 152, 146, 163, 152, 175, 169, 175, 163, 152], "pitch40_sapp": [191, 202, 214, 202, 208, 214, 191, 214, 214, 219, 208, 202, 191, 185, 202, 191, 214, 208, 214, 202, 191], "octave": [4, 5, 5, 5, 5, 5, 4, 5, 5, 5, 5, 5, 4, 4, 5, 4, 5, 5, 5, 5, 4], "midipitch": [69, 72, 76, 72, 74, 76, 69, 76, 76, 77, 74, 72, 69, 67, 72, 69, 76, 74, 76, 72, 69], "diatonicpitch": [28, 30, 32, 30, 31, 32, 28, 32, 32, 33, 31, 30, 28, 27, 30, 28, 32, 31, 32, 30, 28], "diatonicinterval": [null, 2, 2, -2, 1, 1, -4, 4, 0, 1, -2, -1, -2, -1, 3, -2, 4, -1, 1, -2, -2], "chromaticinterval": [null, 3, 4, -4, 2, 2, -7, 7, 0, 1, -3, -2, -3, -2, 5, -3, 7, -2, 2, -4, -3], "pitchproximity": [null, null, 4, 4, 2, 2, 7, 7, 0, 1, 3, 2, 3, 2, 5, 3, 7, 2, 2, 4, 3], "pitchreversal": [null, null, 0, 1.5, 1.5, 0, 0, 2.5, 1, 0, 1.5, 0, 0, 0, 0, 1.5, 0, 1, 1.5, 1.5, 0], "nextisrest": [false, false, false, false, false, false, false, false, false, false, false, false, false, false, false, false, false, false, false, false, null], "restduration_frac": [null, null, null, null, null, null, null, null, null, null, null, null, null, null, null, null, null, null, null, null, null], "duration": [0.25, 0.25, 0.5, 0.5, 0.5, 0.75, 0.25, 0.25, 0.25, 0.5, 0.5, 0.5, 0.75, 0.25, 1.0, 0.5, 1.0, 0.5, 0.5, 1.0, 1.5], "duration_frac": ["1/4", "1/4", "1/2", "1/2", "1/2", "3/4", "1/4", "1/4", "1/4", "1/2", "1/2", "1/2", "3/4", "1/4", "1", "1/2", "1", "1/2", "1/2", "1", "3/2"], "duration_fullname": ["16th", "16th", "Eighth", "Eighth", "Eighth", "Dotted Eighth", "16th", "16th", "16th", "Eighth", "Eighth", "Eighth", "Dotted Eighth", "16th", "Quarter", "Eighth", "Quarter", "Eighth", "Eighth", "Quarter", "Dotted Quarter"], "durationcontour": [null, "=", "+", "=", "=", "+", "-", "=", "=", "+", "=", "=", "+", "-", "+", "-", "+", "-", "=", "+", "+"], "onsettick": [0, 1, 2, 4, 6, 8, 11, 12, 13, 14, 16, 18, 20, 23, 24, 28, 30, 34, 36, 38, 42], "beatfraction": ["1/6", "1/6", "1/3", "1/3", "1/3", "1/2", "1/6", "1/6", "1/6", "1/3", "1/3", "1/3", "1/2", "1/6", "2/3", "1/3", "2/3", "1/3", "1/3", "2/3", "1"], "phrasepos": [0.0, 0.043478260869565216, 0.08695652173913043, 0.17391304347826086, 0.2608695652173913, 0.34782608695652173, 0.4782608695652174, 0.5217391304347826, 0.5652173913043478, 0.6086956521739131, 0.6956521739130435, 0.782608695652174, 0.8695652173913043, 1.0, 0.0, 0.2222222222222222, 0.3333333333333333, 0.5555555555555556, 0.6666666666666666, 0.7777777777777778, 1.0], "phrase_ix": [0, 0, 0, 0, 0, 0, 0, 0, 0, 0, 0, 0, 0, 0, 1, 1, 1, 1, 1, 1, 1], "phrase_end": [false, false, false, false, false, false, false, false, false, false, false, false, false, true, false, false, false, false, false, false, true], "songpos": [0.0, 0.023809523809523808, 0.047619047619047616, 0.09523809523809523, 0.14285714285714285, 0.19047619047619047, 0.2619047619047619, 0.2857142857142857, 0.30952380952380953, 0.3333333333333333, 0.38095238095238093, 0.42857142857142855, 0.47619047619047616, 0.5476190476190477, 0.5714285714285714, 0.6666666666666666, 0.7142857142857143, 0.8095238095238095, 0.8571428571428571, 0.9047619047619048, 1.0], "beatinsong": ["0", "1/6", "1/3", "2/3", "1", "4/3", "11/6", "2", "13/6", "7/3", "8/3", "3", "10/3", "23/6", "4", "14/3", "5", "17/3", "6", "19/3", "7"], "beatinphrase": ["0", "1/6", "1/3", "2/3", "1", "4/3", "11/6", "2", "13/6", "7/3", "8/3", "3", "10/3", "23/6", "0", "2/3", "1", "5/3", "2", "7/3", "3"], "beatinphrase_end": ["-3", "-17/6", "-8/3", "-7/3", "-2", "-5/3", "-7/6", "-1", "-5/6", "-2/3", "-1/3", "0", "1/3", "5/6", "-3", "-7/3", "-2", "-4/3", "-1", "-2/3", "0"], "IOI_frac": ["1/4", "1/4", "1/2", "1/2", "1/2", "3/4", "1/4", "1/4", "1/4", "1/2", "1/2", "1/2", "3/4", "1/4", "1", "1/2", "1", "1/2", "1/2", "1", null], "IOI": [0.25, 0.25, 0.5, 0.5, 0.5, 0.75, 0.25, 0.25, 0.25, 0.5, 0.5, 0.5, 0.75, 0.25, 1.0, 0.5, 1.0, 0.5, 0.5, 1.0, null], "IOR_frac": [null, "1", "2", "1", "1", "3/2", "1/3", "1", "1", "2", "1", "1", "3/2", "1/3", "4", "1/2", "2", "1/2", "1", "2", null], "IOR": [null, 1.0, 2.0, 1.0, 1.0, 1.5, 0.3333333333333333, 1.0, 1.0, 2.0, 1.0, 1.0, 1.5, 0.3333333333333333, 4.0, 0.5, 2.0, 0.5, 1.0, 2.0, null], "imacontour": [null, "-", "+", "+", "-", "+", "-", "+", "-", "+", "+", "+", "+", "-", "+", "-", "-", "-", "+", "-", "+"], "pitch": ["A4", "C5", "E5", "C5", "D5", "E5", "A4", "E5", "E5", "F5", "D5", "C5", "A4", "G4", "C5", "A4", "E5", "D5", "E5", "C5", "A4"], "contour3": [null, "+", "+", "-", "+", "+", "-", "+", "=", "+", "-", "-", "-", "-", "+", "-", "+", "-", "+", "-", "-"], "contour5": [null, "++", "++", "--", "+", "+", "--", "++", "=", "+", "--", "-", "--", "-", "++", "--", "++", "-", "+", "--", "--"], "beatstrength": [1.0, 0.25, 0.5, 0.5, 1.0, 0.5, 0.25, 1.0, 0.25, 0.5, 0.5, 1.0, 0.5, 0.25, 1.0, 0.5, 1.0, 0.5, 1.0, 0.5, 1.0], "beat_str": ["1", "1", "1", "1", "1", "1", "1", "1", "1", "1", "1", "1", "1", "1", "1", "1", "1", "1", "1", "1", "1"], "beat_fraction_str": ["0", "1/6", "1/3", "2/3", "0", "1/3", "5/6", "0", "1/6", "1/3", "2/3", "0", "1/3", "5/6", "0", "2/3", "0", "2/3", "0", "1/3", "0"], "beat": [1.0, 1.1666666666666667, 1.3333333333333333, 1.6666666666666667, 1.0, 1.3333333333333333, 1.8333333333333333, 1.0, 1.1666666666666667, 1.3333333333333333, 1.6666666666666667, 1.0, 1.3333333333333333, 1.8333333333333333, 1.0, 1.6666666666666667, 1.0, 1.6666666666666667, 1.0, 1.3333333333333333, 1.0], "timesignature": ["3/8", "3/8", "3/8", "3/8", "3/8", "3/8", "3/8", "3/8", "3/8", "3/8", "3/8", "3/8", "3/8", "3/8", "3/8", "3/8", "3/8", "3/8", "3/8", "3/8", "3/8"], "gpr2a_Frankland": [null, null, null, null, null, null, null, null, null, null, null, null, null, null, null, null, null, null, null, null, null], "gpr2b_Frankland": [null, null, null, null, null, 0.5, null, null, null, null, null, null, 0.5, null, 0.625, null, 0.5, null, null, null, null], "gpr3a_Frankland": [null, null, null, null, null, null, null, null, null, 0.5, null, 0.33333333333333337, null, 0.5, null, 0.6428571428571428, null, null, 0.375, null, null], "gpr3d_Frankland": [null, 0.5, null, null, null, null, null, null, 0.5, null, null, null, null, null, null, null, null, null, null, null, null], "gpr_Frankland_sum": [0, 0.5, 0, 0, 0, 0.5, 0, 0, 0.5, 0.5, 0, 0.33333333333333337, 0.5, 0.5, 0.625, 0.6428571428571428, 0.5, 0, 0.375, 0, 0], "lbdm_spitch": [null, 0.08058608058608059, 0.18131868131868134, 0.09065934065934067, 0.16483516483516483, 0.576923076923077, 0.9871794871794873, 0.0, 0.12087912087912088, 0.25902668759811615, 0.10361067503924647, 0.1554160125588697, 0.1726844583987441, 0.4835164835164835, 0.29010989010989013, 1.0, 0.16483516483516483, 0.09065934065934067, 0.2619047619047619, null, null],