{"id": "KB2639100001", "tunefamily": "", "year": -1, "tunefamily_full": "", "type": "", "freemeter": false, "origin": "", "features": {"scaledegree": [1, 2, 3, 5, 4, 2, 4, 3, 2, 7, 1, 2, 7, 5, 1, 3, 5, 3, 2, 7, 1], "scaledegreespecifier": ["P", "M", "m", "P", "P", "M", "P", "m", "M", "M", "P", "M", "M", "P", "P", "m", "P", "m", "M", "M", "P"], "tonic": ["A", "A", "A", "A", "A", "A", "A", "A", "A", "A", "A", "A", "A", "A", "A", "A", "A", "A", "A", "A", "A"], "mode": ["minor", "minor", "minor", "minor", "minor", "minor", "minor", "minor", "minor", "minor", "minor", "minor", "minor", "minor", "minor", "minor", "minor", "minor", "minor", "minor", "minor"], "metriccontour": [null, "-", "+", "=", "+", "-", "=", "+", "-", "+", "=", "+", "-", "=", "+", "-", "+", "=", "+", "-", "+"], "imaweight": [0.963504, 0.0437956, 0.963504, 0.967153, 0.948905, 0.948905, 0.948905, 0.948905, 0.135036, 0.948905, 0.963504, 0.963504, 0.963504, 1.0, 0.963504, 0.0912409, 0.963504, 0.967153, 0.963504, 0.0948905, 0.963504], "imaweight_spectral": [0.939597, 0.124161, 0.926174, 1.0, 0.926174, 0.926174, 0.969799, 0.912752, 0.194631, 0.912752, 0.969799, 0.939597, 0.939597, 0.986577, 0.926174, 0.137584, 0.926174, 0.969799, 0.926174, 0.14094, 0.926174], "pitch40_hewlett": [152, 158, 163, 175, 169, 158, 169, 163, 158, 147, 152, 158, 147, 135, 152, 163, 175, 163, 158, 147, 152], "pitch40_sapp": [191, 197, 202, 214, 208, 197, 208, 202, 197, 186, 191, 197, 186, 174, 191, 202, 214, 202, 197, 186, 191], "octave": [4, 4, 5, 5, 5, 4, 5, 5, 4, 4, 4, 4, 4, 4, 4, 5, 5, 5, 4, 4, 4], "midipitch": [69, 71, 72, 76, 74, 71, 74, 72, 71, 68, 69, 71, 68, 64, 69, 72, 76, 72, 71, 68, 69], "diatonicpitch": [28, 29, 30, 32, 31, 29, 31, 30, 29, 27, 28, 29, 27, 25, 28, 30, 32, 30, 29, 27, 28], "diatonicinterval": [null, 1, 1, 2, -1, -2, 2, -1, -1, -2, 1, 1, -2, -2, 3, 2, 2, -2, -1, -2, 1], "chromaticinterval": [null, 2, 1, 4, -2, -3, 3, -2, -1, -3, 1, 2, -3, -4, 5, 3, 4, -4, -1, -3, 1], "pitchproximity": [null, null, 1, 4, 2, 3, 3, 2, 1, 3, 1, 2, 3, 4, 5, 3, 4, 4, 1, 3, 1], "pitchreversal": [null, null, 0, 0, 1.5, 0, 1.5, 1.5, 0, 0, 1.5, 0, 1.5, 0, 1.5, 0, 0, 1.5, 0, 0, 1.5], "nextisrest": [false, false, false, false, false, false, false, false, false, false, false, false, false, false, false, false, false, false, false, false, null], "restduration_frac": [null, null, null, null, null, null, null, null, null, null, null, null, null, null, null, null, null, null, null, null, null], "duration": [0.25, 0.25, 0.5, 0.5, 0.5, 0.5, 0.5, 0.25, 0.25, 0.5, 0.5, 0.5, 0.5, 0.5, 0.25, 0.25, 0.5, 0.5, 0.25, 0.25, 1.0], "duration_frac": ["1/4", "1/4", "1/2", "1/2", "1/2", "1/2", "1/2", "1/4", "1/4", "1/2", "1/2", "1/2", "1/2", "1/2", "1/4", "1/4", "1/2", "1/2", "1/4", "1/4", "1"], "duration_fullname": ["16th", "16th", "Eighth", "Eighth", "Eighth", "Eighth", "Eighth", "16th", "16th", "Eighth", "Eighth", "Eighth", "Eighth", "Eighth", "16th", "16th", "Eighth", "Eighth", "16th", "16th", "Quarter"], "durationcontour": [null, "=", "+", "=", "=", "=", "=", "-", "=", "+", "=", "=", "=", "=", "-", "=", "+", "=", "-", "=", "+"], "onsettick": [0, 1, 2, 4, 6, 8, 10, 12, 13, 14, 16, 18, 20, 22, 24, 25, 26, 28, 30, 31, 32], "beatfraction": ["1/6", "1/6", "1/3", "1/3", "1/3", "1/3", "1/3", "1/6", "1/6", "1/3", "1/3", "1/3", "1/3", "1/3", "1/6", "1/6", "1/3", "1/3", "1/6", "1/6", "2/3"], "phrasepos": [0.0, 0.045454545454545456, 0.09090909090909091, 0.18181818181818182, 0.2727272727272727, 0.36363636363636365, 0.45454545454545453, 0.5454545454545454, 0.5909090909090909, 0.6363636363636364, 0.7272727272727273, 0.8181818181818182, 0.9090909090909091, 1.0, 0.0, 0.125, 0.25, 0.5, 0.75, 0.875, 1.0], "phrase_ix": [0, 0, 0, 0, 0, 0, 0, 0, 0, 0, 0, 0, 0, 0, 1, 1, 1, 1, 1, 1, 1], "phrase_end": [false, false, false, false, false, false, false, false, false, false, false, false, false, true, false, false, false, false, false, false, true], "songpos": [0.0, 0.03125, 0.0625, 0.125, 0.1875, 0.25, 0.3125, 0.375, 0.40625, 0.4375, 0.5, 0.5625, 0.625, 0.6875, 0.75, 0.78125, 0.8125, 0.875, 0.9375, 0.96875, 1.0], "beatinsong": ["0", "1/6", "1/3", "2/3", "1", "4/3", "5/3", "2", "13/6", "7/3", "8/3", "3", "10/3", "11/3", "4", "25/6", "13/3", "14/3", "5", "31/6", "16/3"], "beatinphrase": ["0", "1/6", "1/3", "2/3", "1", "4/3", "5/3", "2", "13/6", "7/3", "8/3", "3", "10/3", "11/3", "0", "1/6", "1/3", "2/3", "1", "7/6", "4/3"], "beatinphrase_end": ["-3", "-17/6", "-8/3", "-7/3", "-2", "-5/3", "-4/3", "-1", "-5/6", "-2/3", "-1/3", "0", "1/3", "2/3", "-1", "-5/6", "-2/3", "-1/3", "0", "1/6", "1/3"], "IOI_frac": ["1/4", "1/4", "1/2", "1/2", "1/2", "1/2", "1/2", "1/4", "1/4", "1/2", "1/2", "1/2", "1/2", "1/2", "1/4", "1/4", "1/2", "1/2", "1/4", "1/4", null], "IOI": [0.25, 0.25, 0.5, 0.5, 0.5, 0.5, 0.5, 0.25, 0.25, 0.5, 0.5, 0.5, 0.5, 0.5, 0.25, 0.25, 0.5, 0.5, 0.25, 0.25, null], "IOR_frac": [null, "1", "2", "1", "1", "1", "1", "1/2", "1", "2", "1", "1", "1", "1", "1/2", "1", "2", "1", "1/2", "1", null], "IOR": [null, 1.0, 2.0, 1.0, 1.0, 1.0, 1.0, 0.5, 1.0, 2.0, 1.0, 1.0, 1.0, 1.0, 0.5, 1.0, 2.0, 1.0, 0.5, 1.0, null], "imacontour": [null, "-", "+", "+", "-", "=", "=", "=", "-", "+", "+", "=", "=", "+", "-", "-", "+", "+", "-", "-", "+"], "pitch": ["A4", "B4", "C5", "E5", "D5", "B4", "D5", "C5", "B4", "G#4", "A4", "B4", "G#4", "E4", "A4", "C5", "E5", "C5", "B4", "G#4", "A4"], "contour3": [null, "+", "+", "+", "-", "-", "+", "-", "-", "-", "+", "+", "-", "-", "+", "+", "+", "-", "-", "-", "+"], "contour5": [null, "+", "+", "++", "-", "--", "++", "-", "-", "--", "+", "+", "--", "--", "++", "++", "++", "--", "-", "--", "+"], "beatstrength": [1.0, 0.25, 0.5, 0.5, 1.0, 0.5, 0.5, 1.0, 0.25, 0.5, 0.5, 1.0, 0.5, 0.5, 1.0, 0.25, 0.5, 0.5, 1.0, 0.25, 0.5], "beat_str": ["1", "1", "1", "1", "1", "1", "1", "1", "1", "1", "1", "1", "1", "1", "1", "1", "1", "1", "1", "1", "1"], "beat_fraction_str": ["0", "1/6", "1/3", "2/3", "0", "1/3", "2/3", "0", "1/6", "1/3", "2/3", "0", "1/3", "2/3", "0", "1/6", "1/3", "2/3", "0", "1/6", "1/3"], "beat": [1.0, 1.1666666666666667, 1.3333333333333333, 1.6666666666666667, 1.0, 1.3333333333333333, 1.6666666666666667, 1.0, 1.1666666666666667, 1.3333333333333333, 1.6666666666666667, 1.0, 1.3333333333333333, 1.6666666666666667, 1.0, 1.1666666666666667, 1.3333333333333333, 1.6666666666666667, 1.0, 1.1666666666666667, 1.3333333333333333], "timesignature": ["3/8", "3/8", "3/8", "3/8", "3/8", "3/8", "3/8", "3/8", "3/8", "3/8", "3/8", "3/8", "3/8", "3/8", "3/8", "3/8", "3/8", "3/8", "3/8", "3/8", "3/8"], "gpr2a_Frankland": [null, null, null, null, null, null, null, null, null, null, null, null, null, null, null, null, null, null, null, null, null], "gpr2b_Frankland": [null, null, null, null, null, null, null, null, null, null, null, null, null, null, null, null, null, null, null, null, null], "gpr3a_Frankland": [null, null, 0.625, null, null, null, null, null, 0.6666666666666667, null, null, null, null, 0.30000000000000004, null, null, null, null, 0.6666666666666667, null, null], "gpr3d_Frankland": [null, 0.5, null, 0.0, 0.0, null, 0.5, null, 0.5, null, 0.0, 0.0, null, 0.5, null, 0.5, null, 0.5, null, null, null], "gpr_Frankland_sum": [0, 0.5, 0.625, 0, 0, 0, 0.5, 0, 1.1666666666666667, 0, 0, 0, 0, 0.8, 0, 0.5, 0, 0.5, 0.6666666666666667, 0, 0], "lbdm_spitch": [null, 0.23157894736842105, 1.0, 0.28947368421052627, 0.15789473684210525, 0.15789473684210525, 0.25263157894736843, 0.19649122807017544, 0.7368421052631579, 0.19649122807017544, 0.25263157894736843, 0.2807017543859649, 0.2977139819245082, 0.5358851674641149, 0.34385964912280703, 0.16374269005847952, 0.631578947368421, 0.2807017543859649, 0.7368421052631579, null, null], "lbdm_sioi": [null, 0.5, 1.0, 0.0, 0.0, 0.0, 1.0, 0.5, 0.5, 1.0, 0.0, 0.0, 0.0, 1.0, 0.5, 0.5, 1.0, 1.0, 0.5, null, null], "lbdm_srest": [null, 0.0, 0.0, 0.0, 0.0, 0.0, 0.0, 0.0, 0.0, 0.0, 0.0, 0.0, 0.0, 0.0, 0.0, 0.0, 0.0, 0.0, 0.0, null, null],