{"id": "KB2620100002", "tunefamily": "", "year": -1, "tunefamily_full": "", "type": "", "freemeter": false, "origin": "", "features": {"scaledegree": [5, 4, 3, 2, 4, 2, 4, 3, 2, 7, 1, 2, 2, 2, 4, 3, 2, 2, 7, 7, 1], "scaledegreespecifier": ["P", "P", "M", "M", "P", "M", "P", "M", "M", "M", "P", "M", "M", "M", "P", "M", "M", "M", "M", "M", "P"], "tonic": ["C", "C", "C", "C", "C", "C", "C", "C", "C", "C", "C", "C", "C", "C", "C", "C", "C", "C", "C", "C", "C"], "mode": ["major", "major", "major", "major", "major", "major", "major", "major", "major", "major", "major", "major", "major", "major", "major", "major", "major", "major", "major", "major", "major"], "metriccontour": [null, "-", "=", "+", "-", "+", "-", "=", "+", "-", "+", "-", "=", "+", "-", "=", "+", "-", "=", "+", "-"], "imaweight": [0.661017, 0.264407, 0.532203, 0.264407, 0.661017, 0.644068, 0.305085, 0.525424, 0.308475, 0.657627, 0.969492, 0.579661, 0.810169, 0.549153, 0.928814, 0.450847, 0.945763, 0.535593, 0.776271, 0.566102, 1.0], "imaweight_spectral": [0.963303, 0.620795, 0.834862, 0.593272, 0.95107, 0.93578, 0.629969, 0.828746, 0.633028, 0.948012, 0.972477, 0.620795, 0.828746, 0.593272, 0.93578, 0.504587, 0.95107, 0.58104, 0.798165, 0.608563, 1.0], "pitch40_hewlett": [146, 180, 175, 169, 180, 169, 180, 175, 169, 158, 163, 169, 169, 169, 180, 175, 169, 169, 158, 158, 163], "pitch40_sapp": [185, 219, 214, 208, 219, 208, 219, 214, 208, 197, 202, 208, 208, 208, 219, 214, 208, 208, 197, 197, 202], "octave": [4, 5, 5, 5, 5, 5, 5, 5, 5, 4, 5, 5, 5, 5, 5, 5, 5, 5, 4, 4, 5], "midipitch": [67, 77, 76, 74, 77, 74, 77, 76, 74, 71, 72, 74, 74, 74, 77, 76, 74, 74, 71, 71, 72], "diatonicpitch": [32, 38, 37, 36, 38, 36, 38, 37, 36, 34, 35, 36, 36, 36, 38, 37, 36, 36, 34, 34, 35], "diatonicinterval": [null, 6, -1, -1, 2, -2, 2, -1, -1, -2, 1, 1, 0, 0, 2, -1, -1, 0, -2, 0, 1], "chromaticinterval": [null, 10, -1, -2, 3, -3, 3, -1, -2, -3, 1, 2, 0, 0, 3, -1, -2, 0, -3, 0, 1], "pitchproximity": [null, null, 1, 2, 3, 3, 3, 1, 2, 3, 1, 2, 0, 0, 3, 1, 2, 0, 3, 0, 1], "pitchreversal": [null, null, 1, 0, 1.5, 1.5, 1.5, 1.5, 0, 0, 1.5, 0, 0, 0, 0, 1.5, 0, 0, 0, 0, 0], "nextisrest": [false, false, false, false, false, false, false, false, false, false, false, false, false, false, false, false, false, false, false, false, null], "restduration_frac": [null, null, null, null, null, null, null, null, null, null, null, null, null, null, null, null, null, null, null, null, null], "duration": [0.5, 0.5, 0.5, 0.5, 1.0, 0.5, 0.5, 0.5, 0.5, 1.0, 0.5, 0.5, 0.5, 0.5, 0.5, 0.5, 0.5, 0.5, 0.5, 0.5, 1.0], "duration_frac": ["1/2", "1/2", "1/2", "1/2", "1", "1/2", "1/2", "1/2", "1/2", "1", "1/2", "1/2", "1/2", "1/2", "1/2", "1/2", "1/2", "1/2", "1/2", "1/2", "1"], "duration_fullname": ["Eighth", "Eighth", "Eighth", "Eighth", "Quarter", "Eighth", "Eighth", "Eighth", "Eighth", "Quarter", "Eighth", "Eighth", "Eighth", "Eighth", "Eighth", "Eighth", "Eighth", "Eighth", "Eighth", "Eighth", "Quarter"], "durationcontour": [null, "=", "=", "=", "+", "-", "=", "=", "=", "+", "-", "=", "=", "=", "=", "=", "=", "=", "=", "=", "+"], "onsettick": [0, 1, 2, 3, 4, 6, 7, 8, 9, 10, 12, 13, 14, 15, 16, 17, 18, 19, 20, 21, 22], "beatfraction": ["1/3", "1/3", "1/3", "1/3", "2/3", "1/3", "1/3", "1/3", "1/3", "2/3", "1/3", "1/3", "1/3", "1/3", "1/3", "1/3", "1/3", "1/3", "1/3", "1/3", "2/3"], "phrasepos": [0.0, 0.1, 0.2, 0.3, 0.4, 0.6, 0.7, 0.8, 0.9, 1.0, 0.0, 0.1, 0.2, 0.3, 0.4, 0.5, 0.6, 0.7, 0.8, 0.9, 1.0], "phrase_ix": [0, 0, 0, 0, 0, 0, 0, 0, 0, 0, 1, 1, 1, 1, 1, 1, 1, 1, 1, 1, 1], "phrase_end": [false, false, false, false, false, false, false, false, false, true, false, false, false, false, false, false, false, false, false, false, true], "songpos": [0.0, 0.045454545454545456, 0.09090909090909091, 0.13636363636363635, 0.18181818181818182, 0.2727272727272727, 0.3181818181818182, 0.36363636363636365, 0.4090909090909091, 0.45454545454545453, 0.5454545454545454, 0.5909090909090909, 0.6363636363636364, 0.6818181818181818, 0.7272727272727273, 0.7727272727272727, 0.8181818181818182, 0.8636363636363636, 0.9090909090909091, 0.9545454545454546, 1.0], "beatinsong": ["0", "1/3", "2/3", "1", "4/3", "2", "7/3", "8/3", "3", "10/3", "4", "13/3", "14/3", "5", "16/3", "17/3", "6", "19/3", "20/3", "7", "22/3"], "beatinphrase": ["0", "1/3", "2/3", "1", "4/3", "2", "7/3", "8/3", "3", "10/3", "0", "1/3", "2/3", "1", "4/3", "5/3", "2", "7/3", "8/3", "3", "10/3"], "beatinphrase_end": ["-3", "-8/3", "-7/3", "-2", "-5/3", "-1", "-2/3", "-1/3", "0", "1/3", "-3", "-8/3", "-7/3", "-2", "-5/3", "-4/3", "-1", "-2/3", "-1/3", "0", "1/3"], "IOI_frac": ["1/2", "1/2", "1/2", "1/2", "1", "1/2", "1/2", "1/2", "1/2", "1", "1/2", "1/2", "1/2", "1/2", "1/2", "1/2", "1/2", "1/2", "1/2", "1/2", null], "IOI": [0.5, 0.5, 0.5, 0.5, 1.0, 0.5, 0.5, 0.5, 0.5, 1.0, 0.5, 0.5, 0.5, 0.5, 0.5, 0.5, 0.5, 0.5, 0.5, 0.5, null], "IOR_frac": [null, "1", "1", "1", "2", "1/2", "1", "1", "1", "2", "1/2", "1", "1", "1", "1", "1", "1", "1", "1", "1", null], "IOR": [null, 1.0, 1.0, 1.0, 2.0, 0.5, 1.0, 1.0, 1.0, 2.0, 0.5, 1.0, 1.0, 1.0, 1.0, 1.0, 1.0, 1.0, 1.0, 1.0, null], "imacontour": [null, "-", "+", "-", "+", "-", "-", "+", "-", "+", "+", "-", "+", "-", "+", "-", "+", "-", "+", "-", "+"], "pitch": ["G4", "F5", "E5", "D5", "F5", "D5", "F5", "E5", "D5", "B4", "C5", "D5", "D5", "D5", "F5", "E5", "D5", "D5", "B4", "B4", "C5"], "contour3": [null, "+", "-", "-", "+", "-", "+", "-", "-", "-", "+", "+", "=", "=", "+", "-", "-", "=", "-", "=", "+"], "contour5": [null, "++", "-", "-", "++", "--", "++", "-", "-", "--", "+", "+", "=", "=", "++", "-", "-", "=", "--", "=", "+"], "beatstrength": [1.0, 0.5, 0.5, 1.0, 0.5, 1.0, 0.5, 0.5, 1.0, 0.5, 1.0, 0.5, 0.5, 1.0, 0.5, 0.5, 1.0, 0.5, 0.5, 1.0, 0.5], "beat_str": ["1", "1", "1", "1", "1", "1", "1", "1", "1", "1", "1", "1", "1", "1", "1", "1", "1", "1", "1", "1", "1"], "beat_fraction_str": ["0", "1/3", "2/3", "0", "1/3", "0", "1/3", "2/3", "0", "1/3", "0", "1/3", "2/3", "0", "1/3", "2/3", "0", "1/3", "2/3", "0", "1/3"], "beat": [1.0, 1.3333333333333333, 1.6666666666666667, 1.0, 1.3333333333333333, 1.0, 1.3333333333333333, 1.6666666666666667, 1.0, 1.3333333333333333, 1.0, 1.3333333333333333, 1.6666666666666667, 1.0, 1.3333333333333333, 1.6666666666666667, 1.0, 1.3333333333333333, 1.6666666666666667, 1.0, 1.3333333333333333], "timesignature": ["3/8", "3/8", "3/8", "3/8", "3/8", "3/8", "3/8", "3/8", "3/8", "3/8", "3/8", "3/8", "3/8", "3/8", "3/8", "3/8", "3/8", "3/8", "3/8", "3/8", "3/8"], "gpr2a_Frankland": [null, null, null, null, null, null, null, null, null, null, null, null, null, null, null, null, null, null, null, null, null], "gpr2b_Frankland": [null, null, null, null, 0.5, null, null, null, null, 0.5, null, null, null, null, null, null, null, null, null, null, null], "gpr3a_Frankland": [null, null, null, null, null, null, null, null, 0.5, null, 0.75, null, null, 0.8333333333333334, null, 0.75, null, 1.0, null, null, null], "gpr3d_Frankland": [null, 0.0, null, null, null, null, 0.0, null, null, null, null, 0.0, 0.0, 0.0, 0.0, 0.0, 0.0, 0.0, null, null, null], "gpr_Frankland_sum": [0, 0, 0, 0, 0.5, 0, 0, 0, 0.5, 0.5, 0.75, 0, 0, 0.8333333333333334, 0, 0.75, 0, 1.0, 0, 0, 0], "lbdm_spitch": [null, 0.24786324786324787, 0.1904761904761905, 0.11904761904761905, 0.0, 0.2777777777777778, 0.14814814814814817, 0.1904761904761905, 0.3968253968253968, 0.14814814814814817, 0.3888888888888889, 0.0, 0.0, 0.7777777777777778, 0.14814814814814817, 0.3888888888888889, 0.0, 1.0, 0.0, null, null], "lbdm_sioi": [null, 0.0, 0.0, 0.25, 1.0, 0.25, 0.0, 0.0, 0.25, 1.0, 0.25, 0.0, 0.0, 0.0, 0.0, 0.0, 0.0, 0.0, 0.0, null, null], "lbdm_srest": [null, 0.0, 0.0, 0.0, 0.0, 0.0, 0.0, 0.0, 0.0, 0.0, 0.0, 0.0, 0.0, 0.0, 0.0, 0.0, 0.0, 0.0, 0.0, null, null], "lbdm_rpitch": [null, 0.6923076923076923, 0.2, 0.14285714285714285, 0.0, 0.0, 0.3333333333333333, 0.2, 0.14285714285714285, 0.3333333333333333, 0.2, 0.5, 0.0, 0.6, 0.3333333333333333, 0.2, 0.5, 0.6, 0.6, 0.3333333333333333, null],