{"id": "KB2622700000", "tunefamily": "", "year": -1, "tunefamily_full": "", "type": "", "freemeter": false, "origin": "", "features": {"scaledegree": [1, 3, 5, 4, 3, 3, 7, 1, 1, 1, 3, 5, 5, 4, 3, 5, 3, 3, 7, 1], "scaledegreespecifier": ["P", "M", "P", "P", "M", "M", "M", "P", "P", "P", "M", "P", "P", "P", "M", "P", "M", "M", "M", "P"], "tonic": ["C", "C", "C", "C", "C", "C", "C", "C", "C", "C", "C", "C", "C", "C", "C", "C", "C", "C", "C", "C"], "mode": ["major", "major", "major", "major", "major", "major", "major", "major", "major", "major", "major", "major", "major", "major", "major", "major", "major", "major", "major", "major"], "metriccontour": [null, "-", "+", "-", "+", "-", "-", "+", "-", "+", "-", "+", "+", "-", "-", "+", "-", "+", "-", "+"], "imaweight": [0.809187, 0.826855, 0.823322, 0.823322, 0.968198, 0.823322, 0.261484, 0.823322, 0.968198, 0.837456, 0.243816, 0.837456, 1.0, 0.837456, 0.215548, 0.823322, 0.968198, 0.837456, 0.219081, 0.837456], "imaweight_spectral": [0.798046, 1.0, 0.811075, 0.811075, 0.957655, 0.798046, 0.28013, 0.798046, 0.944625, 0.811075, 0.263844, 0.811075, 0.973941, 0.811075, 0.237785, 0.798046, 0.957655, 0.811075, 0.241042, 0.811075], "pitch40_hewlett": [163, 175, 186, 180, 175, 175, 158, 163, 163, 163, 175, 186, 186, 180, 175, 186, 175, 175, 158, 163], "pitch40_sapp": [202, 214, 225, 219, 214, 214, 197, 202, 202, 202, 214, 225, 225, 219, 214, 225, 214, 214, 197, 202], "octave": [5, 5, 5, 5, 5, 5, 4, 5, 5, 5, 5, 5, 5, 5, 5, 5, 5, 5, 4, 5], "midipitch": [72, 76, 79, 77, 76, 76, 71, 72, 72, 72, 76, 79, 79, 77, 76, 79, 76, 76, 71, 72], "diatonicpitch": [35, 37, 39, 38, 37, 37, 34, 35, 35, 35, 37, 39, 39, 38, 37, 39, 37, 37, 34, 35], "diatonicinterval": [null, 2, 2, -1, -1, 0, -3, 1, 0, 0, 2, 2, 0, -1, -1, 2, -2, 0, -3, 1], "chromaticinterval": [null, 4, 3, -2, -1, 0, -5, 1, 0, 0, 4, 3, 0, -2, -1, 3, -3, 0, -5, 1], "pitchproximity": [null, null, 3, 2, 1, 0, 5, 1, 0, 0, 4, 3, 0, 2, 1, 3, 3, 0, 5, 1], "pitchreversal": [null, null, 0, 1.5, 0, 0, 0, 0, 0, 0, 0, 0, 0, 0, 0, 1.5, 1.5, 0, 0, 0], "nextisrest": [false, false, false, false, false, false, false, false, false, false, false, false, false, false, false, false, false, false, false, null], "restduration_frac": [null, null, null, null, null, null, null, null, null, null, null, null, null, null, null, null, null, null, null, null], "duration": [1.0, 1.0, 1.0, 1.0, 1.0, 0.5, 0.5, 1.0, 1.0, 0.5, 0.5, 1.0, 1.0, 0.5, 0.5, 1.0, 1.0, 0.5, 0.5, 1.0], "duration_frac": ["1", "1", "1", "1", "1", "1/2", "1/2", "1", "1", "1/2", "1/2", "1", "1", "1/2", "1/2", "1", "1", "1/2", "1/2", "1"], "duration_fullname": ["Quarter", "Quarter", "Quarter", "Quarter", "Quarter", "Eighth", "Eighth", "Quarter", "Quarter", "Eighth", "Eighth", "Quarter", "Quarter", "Eighth", "Eighth", "Quarter", "Quarter", "Eighth", "Eighth", "Quarter"], "durationcontour": [null, "=", "=", "=", "=", "-", "=", "+", "=", "-", "=", "+", "=", "-", "=", "+", "=", "-", "=", "+"], "onsettick": [0, 2, 4, 6, 8, 10, 11, 12, 14, 16, 17, 18, 20, 22, 23, 24, 26, 28, 29, 30], "beatfraction": ["1", "1", "1", "1", "1", "1/2", "1/2", "1", "1", "1/2", "1/2", "1", "1", "1/2", "1/2", "1", "1", "1/2", "1/2", "1"], "phrasepos": [0.0, 0.14285714285714285, 0.2857142857142857, 0.42857142857142855, 0.5714285714285714, 0.7142857142857143, 0.7857142857142857, 0.8571428571428571, 1.0, 0.0, 0.07142857142857142, 0.14285714285714285, 0.2857142857142857, 0.42857142857142855, 0.5, 0.5714285714285714, 0.7142857142857143, 0.8571428571428571, 0.9285714285714286, 1.0], "phrase_ix": [0, 0, 0, 0, 0, 0, 0, 0, 0, 1, 1, 1, 1, 1, 1, 1, 1, 1, 1, 1], "phrase_end": [false, false, false, false, false, false, false, false, true, false, false, false, false, false, false, false, false, false, false, true], "songpos": [0.0, 0.06666666666666667, 0.13333333333333333, 0.2, 0.26666666666666666, 0.3333333333333333, 0.36666666666666664, 0.4, 0.4666666666666667, 0.5333333333333333, 0.5666666666666667, 0.6, 0.6666666666666666, 0.7333333333333333, 0.7666666666666667, 0.8, 0.8666666666666667, 0.9333333333333333, 0.9666666666666667, 1.0], "beatinsong": ["0", "1", "2", "3", "4", "5", "11/2", "6", "7", "8", "17/2", "9", "10", "11", "23/2", "12", "13", "14", "29/2", "15"], "beatinphrase": ["0", "1", "2", "3", "4", "5", "11/2", "6", "7", "0", "1/2", "1", "2", "3", "7/2", "4", "5", "6", "13/2", "7"], "beatinphrase_end": ["-4", "-3", "-2", "-1", "0", "1", "3/2", "2", "3", "-4", "-7/2", "-3", "-2", "-1", "-1/2", "0", "1", "2", "5/2", "3"], "IOI_frac": ["1", "1", "1", "1", "1", "1/2", "1/2", "1", "1", "1/2", "1/2", "1", "1", "1/2", "1/2", "1", "1", "1/2", "1/2", null], "IOI": [1.0, 1.0, 1.0, 1.0, 1.0, 0.5, 0.5, 1.0, 1.0, 0.5, 0.5, 1.0, 1.0, 0.5, 0.5, 1.0, 1.0, 0.5, 0.5, null], "IOR_frac": [null, "1", "1", "1", "1", "1/2", "1", "2", "1", "1/2", "1", "2", "1", "1/2", "1", "2", "1", "1/2", "1", null], "IOR": [null, 1.0, 1.0, 1.0, 1.0, 0.5, 1.0, 2.0, 1.0, 0.5, 1.0, 2.0, 1.0, 0.5, 1.0, 2.0, 1.0, 0.5, 1.0, null], "imacontour": [null, "+", "-", "=", "+", "-", "-", "+", "+", "-", "-", "+", "+", "-", "-", "+", "+", "-", "-", "+"], "pitch": ["C5", "E5", "G5", "F5", "E5", "E5", "B4", "C5", "C5", "C5", "E5", "G5", "G5", "F5", "E5", "G5", "E5", "E5", "B4", "C5"], "contour3": [null, "+", "+", "-", "-", "=", "-", "+", "=", "=", "+", "+", "=", "-", "-", "+", "-", "=", "-", "+"], "contour5": [null, "++", "++", "-", "-", "=", "--", "+", "=", "=", "++", "++", "=", "-", "-", "++", "--", "=", "--", "+"], "beatstrength": [1.0, 0.25, 0.5, 0.25, 1.0, 0.25, 0.125, 0.5, 0.25, 1.0, 0.125, 0.25, 0.5, 0.25, 0.125, 1.0, 0.25, 0.5, 0.125, 0.25], "beat_str": ["1", "2", "3", "4", "1", "2", "2", "3", "4", "1", "1", "2", "3", "4", "4", "1", "2", "3", "3", "4"], "beat_fraction_str": ["0", "0", "0", "0", "0", "0", "1/2", "0", "0", "0", "1/2", "0", "0", "0", "1/2", "0", "0", "0", "1/2", "0"], "beat": [1.0, 2.0, 3.0, 4.0, 1.0, 2.0, 2.5, 3.0, 4.0, 1.0, 1.5, 2.0, 3.0, 4.0, 4.5, 1.0, 2.0, 3.0, 3.5, 4.0], "timesignature": ["4/4", "4/4", "4/4", "4/4", "4/4", "4/4", "4/4", "4/4", "4/4", "4/4", "4/4", "4/4", "4/4", "4/4", "4/4", "4/4", "4/4", "4/4", "4/4", "4/4"], "gpr2a_Frankland": [null, null, null, null, null, null, null, null, null, null, null, null, null, null, null, null, null, null, null, null], "gpr2b_Frankland": [null, null, null, null, null, null, null, null, null, null, null, null, null, null, null, null, null, null, null, null], "gpr3a_Frankland": [null, null, null, null, null, 0.9, null, null, null, 0.625, null, null, 0.75, null, null, null, null, 0.9, null, null], "gpr3d_Frankland": [null, 0.0, 0.0, null, 0.5, null, 0.5, null, 0.5, null, 0.5, null, 0.5, null, 0.5, null, 0.5, null, null, null], "gpr_Frankland_sum": [0, 0, 0, 0, 0.5, 0.9, 0.5, 0, 0.5, 0.625, 0.5, 0, 1.25, 0, 0.5, 0, 0.5, 0.9, 0, 0], "lbdm_spitch": [null, 0.12549019607843134, 0.11294117647058823, 0.08784313725490195, 0.0, 1.0, 0.1372549019607843, 0.0, 0.0, 0.5124183006535946, 0.35137254901960774, 0.0, 0.23058823529411762, 0.08784313725490195, 0.16470588235294115, 0.29647058823529404, 0.0, 1.0, null, null], "lbdm_sioi": [null, 0.0, 0.0, 0.0, 1.0, 0.5, 0.5, 1.0, 1.0, 0.5, 0.5, 1.0, 1.0, 0.5, 0.5, 1.0, 1.0, 0.5, null, null], "lbdm_srest": [null, 0.0, 0.0, 0.0, 0.0, 0.0, 0.0, 0.0, 0.0, 0.0, 0.0, 0.0, 0.0, 0.0, 0.0, 0.0, 0.0, 0.0, null, null], "lbdm_rpitch": [null, 0.1111111111111111, 0.14285714285714285, 0.2, 0.3333333333333333, 0.7142857142857143, 0.5, 0.3333333333333333, 0.0, 0.6666666666666666, 0.1111111111111111, 0.6, 0.5, 0.2, 0.3333333333333333, 0.0, 0.6, 0.7142857142857143, 0.5, null], "lbdm_rioi": [null, 0.0, 0.0, 0.0, 0.0, 0.3333333333333333, 0.0, 0.3333333333333333, 0.0, 0.3333333333333333, 0.0, 0.3333333333333333, 0.0, 0.3333333333333333, 0.0, 0.3333333333333333, 0.0, 0.3333333333333333, 0.0, null], "lbdm_rrest": [null, 0.0, 0.0, 0.0, 0.0, 0.0, 0.0, 0.0, 0.0, 0.0, 0.0, 0.0, 0.0, 0.0, 0.0, 0.0, 0.0, 0.0, 0.0, null],