{"id": "KB2628300000", "tunefamily": "", "year": -1, "tunefamily_full": "", "type": "", "freemeter": false, "origin": "", "features": {"scaledegree": [5, 6, 5, 3, 4, 2, 3, 1, 2, 7, 7, 7, 1, 1, 1, 4, 2, 3, 1, 1], "scaledegreespecifier": ["P", "M", "P", "M", "P", "M", "M", "P", "M", "M", "M", "M", "P", "P", "P", "P", "M", "M", "P", "P"], "tonic": ["G", "G", "G", "G", "G", "G", "G", "G", "G", "G", "G", "G", "G", "G", "G", "G", "G", "G", "G", "G"], "mode": ["major", "major", "major", "major", "major", "major", "major", "major", "major", "major", "major", "major", "major", "major", "major", "major", "major", "major", "major", "major"], "metriccontour": [null, "-", "+", "-", "+", "-", "=", "+", "-", "+", "-", "=", "+", "-", "=", "+", "-", "=", "+", "-"], "imaweight": [0.329545, 0.234848, 0.234848, 0.621212, 0.568182, 0.314394, 0.530303, 0.329545, 0.598485, 1.0, 0.647727, 0.753788, 0.613636, 0.965909, 0.477273, 0.905303, 0.598485, 0.825758, 0.632576, 0.939394], "imaweight_spectral": [1.0, 0.649306, 0.618056, 0.972222, 0.868056, 0.635417, 0.833333, 0.649306, 0.895833, 0.972222, 0.649306, 0.746528, 0.618056, 0.940972, 0.493056, 0.885417, 0.604167, 0.8125, 0.635417, 0.916667], "pitch40_hewlett": [169, 175, 169, 158, 163, 152, 158, 146, 152, 141, 141, 141, 146, 146, 146, 163, 152, 158, 146, 146], "pitch40_sapp": [208, 214, 208, 197, 202, 191, 197, 185, 191, 180, 180, 180, 185, 185, 185, 202, 191, 197, 185, 185], "octave": [5, 5, 5, 4, 5, 4, 4, 4, 4, 4, 4, 4, 4, 4, 4, 5, 4, 4, 4, 4], "midipitch": [74, 76, 74, 71, 72, 69, 71, 67, 69, 66, 66, 66, 67, 67, 67, 72, 69, 71, 67, 67], "diatonicpitch": [32, 33, 32, 30, 31, 29, 30, 28, 29, 27, 27, 27, 28, 28, 28, 31, 29, 30, 28, 28], "diatonicinterval": [null, 1, -1, -2, 1, -2, 1, -2, 1, -2, 0, 0, 1, 0, 0, 3, -2, 1, -2, 0], "chromaticinterval": [null, 2, -2, -3, 1, -3, 2, -4, 2, -3, 0, 0, 1, 0, 0, 5, -3, 2, -4, 0], "pitchproximity": [null, null, 2, 3, 1, 3, 2, 4, 2, 3, 0, 0, 1, 0, 0, 5, 3, 2, 4, 0], "pitchreversal": [null, null, 1.5, 0, 1.5, 1.5, 1.5, 1.5, 1.5, 1.5, 0, 0, 0, 0, 0, 0, 1.5, 1.5, 1.5, 0], "nextisrest": [false, false, false, false, false, false, false, false, false, false, false, false, false, false, false, false, false, false, false, null], "restduration_frac": [null, null, null, null, null, null, null, null, null, null, null, null, null, null, null, null, null, null, null, null], "duration": [0.5, 1.0, 0.5, 1.0, 0.5, 0.5, 0.5, 0.5, 1.0, 0.5, 0.5, 0.5, 0.5, 0.5, 0.5, 0.5, 0.5, 0.5, 0.5, 1.0], "duration_frac": ["1/2", "1", "1/2", "1", "1/2", "1/2", "1/2", "1/2", "1", "1/2", "1/2", "1/2", "1/2", "1/2", "1/2", "1/2", "1/2", "1/2", "1/2", "1"], "duration_fullname": ["Eighth", "Quarter", "Eighth", "Quarter", "Eighth", "Eighth", "Eighth", "Eighth", "Quarter", "Eighth", "Eighth", "Eighth", "Eighth", "Eighth", "Eighth", "Eighth", "Eighth", "Eighth", "Eighth", "Quarter"], "durationcontour": [null, "+", "-", "+", "-", "=", "=", "=", "+", "-", "=", "=", "=", "=", "=", "=", "=", "=", "=", "+"], "onsettick": [0, 1, 3, 4, 6, 7, 8, 9, 10, 12, 13, 14, 15, 16, 17, 18, 19, 20, 21, 22], "beatfraction": ["1/3", "2/3", "1/3", "2/3", "1/3", "1/3", "1/3", "1/3", "2/3", "1/3", "1/3", "1/3", "1/3", "1/3", "1/3", "1/3", "1/3", "1/3", "1/3", "2/3"], "phrasepos": [0.0, 0.1, 0.3, 0.4, 0.6, 0.7, 0.8, 0.9, 1.0, 0.0, 0.1, 0.2, 0.3, 0.4, 0.5, 0.6, 0.7, 0.8, 0.9, 1.0], "phrase_ix": [0, 0, 0, 0, 0, 0, 0, 0, 0, 1, 1, 1, 1, 1, 1, 1, 1, 1, 1, 1], "phrase_end": [false, false, false, false, false, false, false, false, true, false, false, false, false, false, false, false, false, false, false, true], "songpos": [0.0, 0.045454545454545456, 0.13636363636363635, 0.18181818181818182, 0.2727272727272727, 0.3181818181818182, 0.36363636363636365, 0.4090909090909091, 0.45454545454545453, 0.5454545454545454, 0.5909090909090909, 0.6363636363636364, 0.6818181818181818, 0.7272727272727273, 0.7727272727272727, 0.8181818181818182, 0.8636363636363636, 0.9090909090909091, 0.9545454545454546, 1.0], "beatinsong": ["0", "1/3", "1", "4/3", "2", "7/3", "8/3", "3", "10/3", "4", "13/3", "14/3", "5", "16/3", "17/3", "6", "19/3", "20/3", "7", "22/3"], "beatinphrase": ["0", "1/3", "1", "4/3", "2", "7/3", "8/3", "3", "10/3", "0", "1/3", "2/3", "1", "4/3", "5/3", "2", "7/3", "8/3", "3", "10/3"], "beatinphrase_end": ["-3", "-8/3", "-2", "-5/3", "-1", "-2/3", "-1/3", "0", "1/3", "-3", "-8/3", "-7/3", "-2", "-5/3", "-4/3", "-1", "-2/3", "-1/3", "0", "1/3"], "IOI_frac": ["1/2", "1", "1/2", "1", "1/2", "1/2", "1/2", "1/2", "1", "1/2", "1/2", "1/2", "1/2", "1/2", "1/2", "1/2", "1/2", "1/2", "1/2", null], "IOI": [0.5, 1.0, 0.5, 1.0, 0.5, 0.5, 0.5, 0.5, 1.0, 0.5, 0.5, 0.5, 0.5, 0.5, 0.5, 0.5, 0.5, 0.5, 0.5, null], "IOR_frac": [null, "2", "1/2", "2", "1/2", "1", "1", "1", "2", "1/2", "1", "1", "1", "1", "1", "1", "1", "1", "1", null], "IOR": [null, 2.0, 0.5, 2.0, 0.5, 1.0, 1.0, 1.0, 2.0, 0.5, 1.0, 1.0, 1.0, 1.0, 1.0, 1.0, 1.0, 1.0, 1.0, null], "imacontour": [null, "-", "=", "+", "-", "-", "+", "-", "+", "+", "-", "+", "-", "+", "-", "+", "-", "+", "-", "+"], "pitch": ["D5", "E5", "D5", "B4", "C5", "A4", "B4", "G4", "A4", "F#4", "F#4", "F#4", "G4", "G4", "G4", "C5", "A4", "B4", "G4", "G4"], "contour3": [null, "+", "-", "-", "+", "-", "+", "-", "+", "-", "=", "=", "+", "=", "=", "+", "-", "+", "-", "="], "contour5": [null, "+", "-", "--", "+", "--", "+", "--", "+", "--", "=", "=", "+", "=", "=", "++", "--", "+", "--", "="], "beatstrength": [1.0, 0.5, 1.0, 0.5, 1.0, 0.5, 0.5, 1.0, 0.5, 1.0, 0.5, 0.5, 1.0, 0.5, 0.5, 1.0, 0.5, 0.5, 1.0, 0.5], "beat_str": ["1", "1", "1", "1", "1", "1", "1", "1", "1", "1", "1", "1", "1", "1", "1", "1", "1", "1", "1", "1"], "beat_fraction_str": ["0", "1/3", "0", "1/3", "0", "1/3", "2/3", "0", "1/3", "0", "1/3", "2/3", "0", "1/3", "2/3", "0", "1/3", "2/3", "0", "1/3"], "beat": [1.0, 1.3333333333333333, 1.0, 1.3333333333333333, 1.0, 1.3333333333333333, 1.6666666666666667, 1.0, 1.3333333333333333, 1.0, 1.3333333333333333, 1.6666666666666667, 1.0, 1.3333333333333333, 1.6666666666666667, 1.0, 1.3333333333333333, 1.6666666666666667, 1.0, 1.3333333333333333], "timesignature": ["3/8", "3/8", "3/8", "3/8", "3/8", "3/8", "3/8", "3/8", "3/8", "3/8", "3/8", "3/8", "3/8", "3/8", "3/8", "3/8", "3/8", "3/8", "3/8", "3/8"], "gpr2a_Frankland": [null, null, null, null, null, null, null, null, null, null, null, null, null, null, null, null, null, null, null, null], "gpr2b_Frankland": [null, 0.5, null, 0.5, null, null, null, null, 0.5, null, null, null, null, null, null, null, null, null, null, null], "gpr3a_Frankland": [null, null, 0.5, null, 0.5, null, 0.5, null, 0.6666666666666667, null, null, 1.0, null, null, 0.7, null, null, 0.75, null, null], "gpr3d_Frankland": [null, null, null, null, null, 0.0, null, null, null, null, 0.0, 0.0, 0.0, 0.0, 0.0, 0.0, 0.0, null, null, null], "gpr_Frankland_sum": [0, 0.5, 0.5, 0.5, 0.5, 0, 0.5, 0, 1.1666666666666667, 0, 0, 1.0, 0, 0, 0.7, 0, 0, 0.75, 0, 0], "lbdm_spitch": [null, 0.062499999999999986, 0.3124999999999999, 0.14583333333333331, 0.3124999999999999, 0.17187499999999997, 0.43749999999999994, 0.17187499999999997, 0.48749999999999993, 0.0, 0.0, 0.14583333333333331, 0.0, 0.0, 1.0, 0.22499999999999995, 0.17187499999999997, 0.8020833333333331, null, null], "lbdm_sioi": [null, 1.0, 0.5, 1.0, 0.25, 0.0, 0.0, 0.25, 1.0, 0.25, 0.0, 0.0, 0.0, 0.0, 0.0, 0.0, 0.0, 0.0, null, null], "lbdm_srest": [null, 0.0, 0.0, 0.0, 0.0, 0.0, 0.0, 0.0, 0.0, 0.0, 0.0, 0.0, 0.0, 0.0, 0.0, 0.0, 0.0, 0.0, null, null], "lbdm_rpitch": [null, 0.0, 0.14285714285714285, 0.3333333333333333, 0.3333333333333333, 0.14285714285714285, 0.25, 0.25, 0.14285714285714285, 0.6, 0.0, 0.3333333333333333, 0.3333333333333333, 0.0, 0.7142857142857143, 0.2, 0.14285714285714285, 0.25, 0.6666666666666666, null], "lbdm_rioi": [null, 0.3333333333333333, 0.3333333333333333, 0.3333333333333333, 0.3333333333333333, 0.0, 0.0, 0.0, 0.3333333333333333, 0.3333333333333333, 0.0, 0.0, 0.0, 0.0, 0.0, 0.0, 0.0, 0.0, 0.0, null],