{"id": "KB2634800000", "tunefamily": "", "year": -1, "tunefamily_full": "", "type": "", "freemeter": false, "origin": "", "features": {"scaledegree": [1, 5, 5, 5, 3, 5, 4, 2, 4, 4, 5, 1, 3, 5, 6, 4, 4, 5, 1, 3, 1], "scaledegreespecifier": ["P", "P", "P", "P", "m", "P", "P", "M", "P", "P", "P", "P", "m", "P", "m", "P", "P", "P", "P", "m", "P"], "tonic": ["A", "A", "A", "A", "A", "A", "A", "A", "A", "A", "A", "A", "A", "A", "A", "A", "A", "A", "A", "A", "A"], "mode": ["minor", "minor", "minor", "minor", "minor", "minor", "minor", "minor", "minor", "minor", "minor", "minor", "minor", "minor", "minor", "minor", "minor", "minor", "minor", "minor", "minor"], "metriccontour": [null, "-", "=", "+", "-", "+", "-", "+", "-", "=", "+", "-", "+", "-", "+", "-", "=", "+", "-", "+", "-"], "imaweight": [0.84252, 0.456693, 0.330709, 1.0, 0.488189, 0.787402, 0.559055, 0.913386, 0.622047, 0.653543, 0.937008, 0.559055, 0.929134, 0.527559, 0.929134, 0.472441, 0.566929, 0.84252, 0.433071, 0.677165, 0.393701], "imaweight_spectral": [0.914439, 0.518717, 0.518717, 0.887701, 0.566845, 0.855615, 0.614973, 0.828877, 0.582888, 0.652406, 0.796791, 0.566845, 1.0, 0.545455, 0.791444, 0.614973, 0.545455, 0.86631, 0.614973, 0.780749, 0.588235], "pitch40_hewlett": [152, 175, 175, 175, 163, 175, 169, 158, 169, 169, 175, 152, 163, 175, 180, 169, 169, 175, 152, 163, 152], "pitch40_sapp": [191, 214, 214, 214, 202, 214, 208, 197, 208, 208, 214, 191, 202, 214, 219, 208, 208, 214, 191, 202, 191], "octave": [4, 5, 5, 5, 5, 5, 5, 4, 5, 5, 5, 4, 5, 5, 5, 5, 5, 5, 4, 5, 4], "midipitch": [69, 76, 76, 76, 72, 76, 74, 71, 74, 74, 76, 69, 72, 76, 77, 74, 74, 76, 69, 72, 69], "diatonicpitch": [28, 32, 32, 32, 30, 32, 31, 29, 31, 31, 32, 28, 30, 32, 33, 31, 31, 32, 28, 30, 28], "diatonicinterval": [null, 4, 0, 0, -2, 2, -1, -2, 2, 0, 1, -4, 2, 2, 1, -2, 0, 1, -4, 2, -2], "chromaticinterval": [null, 7, 0, 0, -4, 4, -2, -3, 3, 0, 2, -7, 3, 4, 1, -3, 0, 2, -7, 3, -3], "pitchproximity": [null, null, 0, 0, 4, 4, 2, 3, 3, 0, 2, 7, 3, 4, 1, 3, 0, 2, 7, 3, 3], "pitchreversal": [null, null, 1, 0, 0, 1.5, 1.5, 0, 1.5, 0, 0, 0, 1, 0, 0, 1.5, 0, 0, 0, 1, 1.5], "nextisrest": [false, false, false, false, false, false, false, false, false, false, false, false, false, false, false, false, false, false, false, false, null], "restduration_frac": [null, null, null, null, null, null, null, null, null, null, null, null, null, null, null, null, null, null, null, null, null], "duration": [0.5, 0.5, 0.5, 1.0, 0.5, 0.5, 1.0, 0.5, 0.5, 0.5, 1.0, 0.5, 0.5, 1.0, 0.5, 0.5, 0.5, 1.0, 0.5, 0.5, 1.0], "duration_frac": ["1/2", "1/2", "1/2", "1", "1/2", "1/2", "1", "1/2", "1/2", "1/2", "1", "1/2", "1/2", "1", "1/2", "1/2", "1/2", "1", "1/2", "1/2", "1"], "duration_fullname": ["Eighth", "Eighth", "Eighth", "Quarter", "Eighth", "Eighth", "Quarter", "Eighth", "Eighth", "Eighth", "Quarter", "Eighth", "Eighth", "Quarter", "Eighth", "Eighth", "Eighth", "Quarter", "Eighth", "Eighth", "Quarter"], "durationcontour": [null, "=", "=", "+", "-", "=", "+", "-", "=", "=", "+", "-", "=", "+", "-", "=", "=", "+", "-", "=", "+"], "onsettick": [0, 1, 2, 3, 5, 6, 7, 9, 10, 11, 12, 14, 15, 16, 18, 19, 20, 21, 23, 24, 25], "beatfraction": ["1/3", "1/3", "1/3", "2/3", "1/3", "1/3", "2/3", "1/3", "1/3", "1/3", "2/3", "1/3", "1/3", "2/3", "1/3", "1/3", "1/3", "2/3", "1/3", "1/3", "2/3"], "phrasepos": [0.0, 0.14285714285714285, 0.2857142857142857, 0.42857142857142855, 0.7142857142857143, 0.8571428571428571, 1.0, 0.0, 0.14285714285714285, 0.2857142857142857, 0.42857142857142855, 0.7142857142857143, 0.8571428571428571, 1.0, 0.0, 0.14285714285714285, 0.2857142857142857, 0.42857142857142855, 0.7142857142857143, 0.8571428571428571, 1.0], "phrase_ix": [0, 0, 0, 0, 0, 0, 0, 1, 1, 1, 1, 1, 1, 1, 2, 2, 2, 2, 2, 2, 2], "phrase_end": [false, false, false, false, false, false, true, false, false, false, false, false, false, true, false, false, false, false, false, false, true], "songpos": [0.0, 0.04, 0.08, 0.12, 0.2, 0.24, 0.28, 0.36, 0.4, 0.44, 0.48, 0.56, 0.6, 0.64, 0.72, 0.76, 0.8, 0.84, 0.92, 0.96, 1.0], "beatinsong": ["0", "1/3", "2/3", "1", "5/3", "2", "7/3", "3", "10/3", "11/3", "4", "14/3", "5", "16/3", "6", "19/3", "20/3", "7", "23/3", "8", "25/3"], "beatinphrase": ["0", "1/3", "2/3", "1", "5/3", "2", "7/3", "0", "1/3", "2/3", "1", "5/3", "2", "7/3", "0", "1/3", "2/3", "1", "5/3", "2", "7/3"], "beatinphrase_end": ["-2", "-5/3", "-4/3", "-1", "-1/3", "0", "1/3", "-2", "-5/3", "-4/3", "-1", "-1/3", "0", "1/3", "-2", "-5/3", "-4/3", "-1", "-1/3", "0", "1/3"], "IOI_frac": ["1/2", "1/2", "1/2", "1", "1/2", "1/2", "1", "1/2", "1/2", "1/2", "1", "1/2", "1/2", "1", "1/2", "1/2", "1/2", "1", "1/2", "1/2", null], "IOI": [0.5, 0.5, 0.5, 1.0, 0.5, 0.5, 1.0, 0.5, 0.5, 0.5, 1.0, 0.5, 0.5, 1.0, 0.5, 0.5, 0.5, 1.0, 0.5, 0.5, null], "IOR_frac": [null, "1", "1", "2", "1/2", "1", "2", "1/2", "1", "1", "2", "1/2", "1", "2", "1/2", "1", "1", "2", "1/2", "1", null], "IOR": [null, 1.0, 1.0, 2.0, 0.5, 1.0, 2.0, 0.5, 1.0, 1.0, 2.0, 0.5, 1.0, 2.0, 0.5, 1.0, 1.0, 2.0, 0.5, 1.0, null], "imacontour": [null, "-", "-", "+", "-", "+", "-", "+", "-", "+", "+", "-", "+", "-", "+", "-", "+", "+", "-", "+", "-"], "pitch": ["A4", "E5", "E5", "E5", "C5", "E5", "D5", "B4", "D5", "D5", "E5", "A4", "C5", "E5", "F5", "D5", "D5", "E5", "A4", "C5", "A4"], "contour3": [null, "+", "=", "=", "-", "+", "-", "-", "+", "=", "+", "-", "+", "+", "+", "-", "=", "+", "-", "+", "-"], "contour5": [null, "++", "=", "=", "--", "++", "-", "--", "++", "=", "+", "--", "++", "++", "+", "--", "=", "+", "--", "++", "--"], "beatstrength": [1.0, 0.5, 0.5, 1.0, 0.5, 1.0, 0.5, 1.0, 0.5, 0.5, 1.0, 0.5, 1.0, 0.5, 1.0, 0.5, 0.5, 1.0, 0.5, 1.0, 0.5], "beat_str": ["1", "1", "1", "1", "1", "1", "1", "1", "1", "1", "1", "1", "1", "1", "1", "1", "1", "1", "1", "1", "1"], "beat_fraction_str": ["0", "1/3", "2/3", "0", "2/3", "0", "1/3", "0", "1/3", "2/3", "0", "2/3", "0", "1/3", "0", "1/3", "2/3", "0", "2/3", "0", "1/3"], "beat": [1.0, 1.3333333333333333, 1.6666666666666667, 1.0, 1.6666666666666667, 1.0, 1.3333333333333333, 1.0, 1.3333333333333333, 1.6666666666666667, 1.0, 1.6666666666666667, 1.0, 1.3333333333333333, 1.0, 1.3333333333333333, 1.6666666666666667, 1.0, 1.6666666666666667, 1.0, 1.3333333333333333], "timesignature": ["3/8", "3/8", "3/8", "3/8", "3/8", "3/8", "3/8", "3/8", "3/8", "3/8", "3/8", "3/8", "3/8", "3/8", "3/8", "3/8", "3/8", "3/8", "3/8", "3/8", "3/8"], "gpr2a_Frankland": [null, null, null, null, null, null, null, null, null, null, null, null, null, null, null, null, null, null, null, null, null], "gpr2b_Frankland": [null, null, null, 0.5, null, null, 0.5, null, null, null, 0.5, null, null, 0.5, null, null, null, 0.5, null, null, null], "gpr3a_Frankland": [null, null, null, null, null, null, null, null, null, null, 0.6428571428571428, null, 0.5, null, 0.8333333333333334, null, null, 0.6428571428571428, null, null, null], "gpr3d_Frankland": [null, null, null, null, null, null, null, null, null, null, null, null, null, null, null, null, null, null, null, null, null], "gpr_Frankland_sum": [0, 0, 0, 0.5, 0, 0, 0.5, 0, 0, 0, 1.1428571428571428, 0, 0.5, 0.5, 0.8333333333333334, 0, 0, 1.1428571428571428, 0, 0, 0], "lbdm_spitch": [null, 0.0, 0.0, 0.4835164835164835, 0.18131868131868134, 0.1424646781789639, 0.07770800627943485, 0.3263736263736264, 0.0, 0.3461538461538462, 1.0, 0.24175824175824176, 0.39141810570382, 0.1381475667189953, 0.5076923076923077, 0.0, 0.3461538461538462, 1.0, 0.18131868131868134, null, null], "lbdm_sioi": [null, 0.0, 0.25, 1.0, 0.25, 0.25, 1.0, 0.25, 0.0, 0.25, 1.0, 0.25, 0.25, 1.0, 0.25, 0.0, 0.25, 1.0, 0.25, null, null], "lbdm_srest": [null, 0.0, 0.0, 0.0, 0.0, 0.0, 0.0, 0.0, 0.0, 0.0, 0.0, 0.0, 0.0, 0.0, 0.0, 0.0, 0.0, 0.0, 0.0, null, null],