{"id": "KB2623800000", "tunefamily": "", "year": -1, "tunefamily_full": "", "type": "", "freemeter": false, "origin": "", "features": {"scaledegree": [7, 1, 3, 5, 2, 4, 3, 2, 1, 1, 7, 1, 3, 2, 2, 4, 3, 2, 1, 1], "scaledegreespecifier": ["M", "P", "m", "P", "M", "P", "m", "M", "P", "P", "M", "P", "m", "M", "M", "P", "m", "M", "P", "P"], "tonic": ["A", "A", "A", "A", "A", "A", "A", "A", "A", "A", "A", "A", "A", "A", "A", "A", "A", "A", "A", "A"], "mode": ["minor", "minor", "minor", "minor", "minor", "minor", "minor", "minor", "minor", "minor", "minor", "minor", "minor", "minor", "minor", "minor", "minor", "minor", "minor", "minor"], "metriccontour": [null, "-", "=", "+", "-", "+", "-", "=", "+", "-", "+", "-", "=", "+", "-", "+", "-", "=", "+", "-"], "imaweight": [0.34359, 0.728205, 0.34359, 1.0, 0.974359, 0.374359, 0.794872, 0.435897, 0.974359, 0.974359, 0.420513, 0.805128, 0.4, 0.974359, 1.0, 0.415385, 0.74359, 0.353846, 1.0, 0.974359], "imaweight_spectral": [0.465587, 0.769231, 0.465587, 0.983806, 0.935223, 0.461538, 0.793522, 0.510121, 0.935223, 0.935223, 0.497976, 0.801619, 0.481781, 0.935223, 0.955466, 0.493927, 0.753036, 0.445344, 0.97166, 1.0], "pitch40_hewlett": [147, 152, 163, 175, 158, 169, 163, 158, 152, 152, 147, 152, 163, 158, 158, 169, 163, 158, 152, 152], "pitch40_sapp": [186, 191, 202, 214, 197, 208, 202, 197, 191, 191, 186, 191, 202, 197, 197, 208, 202, 197, 191, 191], "octave": [4, 4, 5, 5, 4, 5, 5, 4, 4, 4, 4, 4, 5, 4, 4, 5, 5, 4, 4, 4], "midipitch": [68, 69, 72, 76, 71, 74, 72, 71, 69, 69, 68, 69, 72, 71, 71, 74, 72, 71, 69, 69], "diatonicpitch": [27, 28, 30, 32, 29, 31, 30, 29, 28, 28, 27, 28, 30, 29, 29, 31, 30, 29, 28, 28], "diatonicinterval": [null, 1, 2, 2, -3, 2, -1, -1, -1, 0, -1, 1, 2, -1, 0, 2, -1, -1, -1, 0], "chromaticinterval": [null, 1, 3, 4, -5, 3, -2, -1, -2, 0, -1, 1, 3, -1, 0, 3, -2, -1, -2, 0], "pitchproximity": [null, null, 3, 4, 5, 3, 2, 1, 2, 0, 1, 1, 3, 1, 0, 3, 2, 1, 2, 0], "pitchreversal": [null, null, 0, 0, 1.5, 1.5, 1.5, 0, 0, 0, 0, 1.5, 0, 1.5, 0, 0, 1.5, 0, 0, 0], "nextisrest": [false, false, false, false, false, false, false, false, false, false, false, false, false, false, false, false, false, false, false, null], "restduration_frac": [null, null, null, null, null, null, null, null, null, null, null, null, null, null, null, null, null, null, null, null], "duration": [0.5, 0.5, 0.5, 1.0, 0.5, 0.5, 0.5, 0.5, 1.0, 0.5, 0.5, 0.5, 0.5, 1.0, 0.5, 0.5, 0.5, 0.5, 1.0, 0.5], "duration_frac": ["1/2", "1/2", "1/2", "1", "1/2", "1/2", "1/2", "1/2", "1", "1/2", "1/2", "1/2", "1/2", "1", "1/2", "1/2", "1/2", "1/2", "1", "1/2"], "duration_fullname": ["Eighth", "Eighth", "Eighth", "Quarter", "Eighth", "Eighth", "Eighth", "Eighth", "Quarter", "Eighth", "Eighth", "Eighth", "Eighth", "Quarter", "Eighth", "Eighth", "Eighth", "Eighth", "Quarter", "Eighth"], "durationcontour": [null, "=", "=", "+", "-", "=", "=", "=", "+", "-", "=", "=", "=", "+", "-", "=", "=", "=", "+", "-"], "onsettick": [0, 1, 2, 3, 5, 6, 7, 8, 9, 11, 12, 13, 14, 15, 17, 18, 19, 20, 21, 23], "beatfraction": ["1/3", "1/3", "1/3", "2/3", "1/3", "1/3", "1/3", "1/3", "2/3", "1/3", "1/3", "1/3", "1/3", "2/3", "1/3", "1/3", "1/3", "1/3", "2/3", "1/3"], "phrasepos": [0.0, 0.09090909090909091, 0.18181818181818182, 0.2727272727272727, 0.45454545454545453, 0.5454545454545454, 0.6363636363636364, 0.7272727272727273, 0.8181818181818182, 1.0, 0.0, 0.09090909090909091, 0.18181818181818182, 0.2727272727272727, 0.45454545454545453, 0.5454545454545454, 0.6363636363636364, 0.7272727272727273, 0.8181818181818182, 1.0], "phrase_ix": [0, 0, 0, 0, 0, 0, 0, 0, 0, 0, 1, 1, 1, 1, 1, 1, 1, 1, 1, 1], "phrase_end": [false, false, false, false, false, false, false, false, false, true, false, false, false, false, false, false, false, false, false, true], "songpos": [0.0, 0.043478260869565216, 0.08695652173913043, 0.13043478260869565, 0.21739130434782608, 0.2608695652173913, 0.30434782608695654, 0.34782608695652173, 0.391304347826087, 0.4782608695652174, 0.5217391304347826, 0.5652173913043478, 0.6086956521739131, 0.6521739130434783, 0.7391304347826086, 0.782608695652174, 0.8260869565217391, 0.8695652173913043, 0.9130434782608695, 1.0], "beatinsong": ["0", "1/3", "2/3", "1", "5/3", "2", "7/3", "8/3", "3", "11/3", "4", "13/3", "14/3", "5", "17/3", "6", "19/3", "20/3", "7", "23/3"], "beatinphrase": ["0", "1/3", "2/3", "1", "5/3", "2", "7/3", "8/3", "3", "11/3", "0", "1/3", "2/3", "1", "5/3", "2", "7/3", "8/3", "3", "11/3"], "beatinphrase_end": ["-3", "-8/3", "-7/3", "-2", "-4/3", "-1", "-2/3", "-1/3", "0", "2/3", "-3", "-8/3", "-7/3", "-2", "-4/3", "-1", "-2/3", "-1/3", "0", "2/3"], "IOI_frac": ["1/2", "1/2", "1/2", "1", "1/2", "1/2", "1/2", "1/2", "1", "1/2", "1/2", "1/2", "1/2", "1", "1/2", "1/2", "1/2", "1/2", "1", null], "IOI": [0.5, 0.5, 0.5, 1.0, 0.5, 0.5, 0.5, 0.5, 1.0, 0.5, 0.5, 0.5, 0.5, 1.0, 0.5, 0.5, 0.5, 0.5, 1.0, null], "IOR_frac": [null, "1", "1", "2", "1/2", "1", "1", "1", "2", "1/2", "1", "1", "1", "2", "1/2", "1", "1", "1", "2", null], "IOR": [null, 1.0, 1.0, 2.0, 0.5, 1.0, 1.0, 1.0, 2.0, 0.5, 1.0, 1.0, 1.0, 2.0, 0.5, 1.0, 1.0, 1.0, 2.0, null], "imacontour": [null, "+", "-", "+", "-", "-", "+", "-", "+", "=", "-", "+", "-", "+", "+", "-", "+", "-", "+", "-"], "pitch": ["G#4", "A4", "C5", "E5", "B4", "D5", "C5", "B4", "A4", "A4", "G#4", "A4", "C5", "B4", "B4", "D5", "C5", "B4", "A4", "A4"], "contour3": [null, "+", "+", "+", "-", "+", "-", "-", "-", "=", "-", "+", "+", "-", "=", "+", "-", "-", "-", "="], "contour5": [null, "+", "++", "++", "--", "++", "-", "-", "-", "=", "-", "+", "++", "-", "=", "++", "-", "-", "-", "="], "beatstrength": [1.0, 0.5, 0.5, 1.0, 0.5, 1.0, 0.5, 0.5, 1.0, 0.5, 1.0, 0.5, 0.5, 1.0, 0.5, 1.0, 0.5, 0.5, 1.0, 0.5], "beat_str": ["1", "1", "1", "1", "1", "1", "1", "1", "1", "1", "1", "1", "1", "1", "1", "1", "1", "1", "1", "1"], "beat_fraction_str": ["0", "1/3", "2/3", "0", "2/3", "0", "1/3", "2/3", "0", "2/3", "0", "1/3", "2/3", "0", "2/3", "0", "1/3", "2/3", "0", "2/3"], "beat": [1.0, 1.3333333333333333, 1.6666666666666667, 1.0, 1.6666666666666667, 1.0, 1.3333333333333333, 1.6666666666666667, 1.0, 1.6666666666666667, 1.0, 1.3333333333333333, 1.6666666666666667, 1.0, 1.6666666666666667, 1.0, 1.3333333333333333, 1.6666666666666667, 1.0, 1.6666666666666667], "timesignature": ["3/8", "3/8", "3/8", "3/8", "3/8", "3/8", "3/8", "3/8", "3/8", "3/8", "3/8", "3/8", "3/8", "3/8", "3/8", "3/8", "3/8", "3/8", "3/8", "3/8"], "gpr2a_Frankland": [null, null, null, null, null, null, null, null, null, null, null, null, null, null, null, null, null, null, null, null], "gpr2b_Frankland": [null, null, null, 0.5, null, null, null, null, 0.5, null, null, null, null, 0.5, null, null, null, null, null, null], "gpr3a_Frankland": [null, null, null, 0.30000000000000004, null, null, null, 0.75, null, null, null, 0.6666666666666667, null, null, 0.6666666666666667, null, null, 0.75, null, null], "gpr3d_Frankland": [null, null, null, null, null, 0.0, null, null, null, null, 0.0, null, null, null, null, 0.0, null, null, null, null], "gpr_Frankland_sum": [0, 0, 0, 0.8, 0, 0, 0, 0.75, 0.5, 0, 0, 0.6666666666666667, 0, 0.5, 0.6666666666666667, 0, 0, 0.75, 0, 0], "lbdm_spitch": [null, 0.5982905982905983, 0.3626003626003626, 0.6526806526806527, 0.46153846153846145, 0.3076923076923077, 0.1794871794871795, 0.6282051282051282, 0.0, 0.14957264957264957, 0.14957264957264957, 0.8974358974358974, 0.29914529914529914, 0.0, 1.0, 0.3076923076923077, 0.1794871794871795, 0.6282051282051282, null, null], "lbdm_sioi": [null, 0.0, 0.25, 1.0, 0.25, 0.0, 0.0, 0.25, 1.0, 0.25, 0.0, 0.0, 0.25, 1.0, 0.25, 0.0, 0.0, 0.25, null, null], "lbdm_srest": [null, 0.0, 0.0, 0.0, 0.0, 0.0, 0.0, 0.0, 0.0, 0.0, 0.0, 0.0, 0.0, 0.0, 0.0, 0.0, 0.0, 0.0, null, null], "lbdm_rpitch": [null, 0.3333333333333333, 0.1111111111111111, 0.09090909090909091, 0.2, 0.14285714285714285, 0.2, 0.2, 0.5, 0.3333333333333333, 0.0, 0.3333333333333333, 0.3333333333333333, 0.3333333333333333, 0.6, 0.14285714285714285, 0.2, 0.2, 0.5, null],