{"id": "KB2721700020", "tunefamily": "", "year": -1, "tunefamily_full": "", "type": "", "freemeter": false, "origin": "", "features": {"scaledegree": [5, 5, 7, 2, 2, 2, 1, 5, 5, 5, 7, 7, 2, 7, 1, 5], "scaledegreespecifier": ["P", "P", "M", "M", "M", "M", "P", "P", "P", "P", "M", "M", "M", "M", "P", "P"], "tonic": ["A", "A", "A", "A", "A", "A", "A", "A", "A", "A", "A", "A", "A", "A", "A", "A"], "mode": ["major", "major", "major", "major", "major", "major", "major", "major", "major", "major", "major", "major", "major", "major", "major", "major"], "metriccontour": [null, "-", "+", "=", "+", "-", "+", "=", "+", "-", "+", "=", "+", "-", "+", "="], "imaweight": [0.758824, 0.311765, 0.758824, 1.0, 0.758824, 0.358824, 0.758824, 1.0, 0.758824, 0.358824, 0.758824, 1.0, 0.758824, 0.311765, 0.758824, 1.0], "imaweight_spectral": [0.742105, 0.342105, 0.742105, 0.978947, 0.742105, 0.384211, 0.742105, 0.978947, 0.742105, 0.384211, 0.742105, 0.978947, 0.742105, 0.342105, 0.742105, 1.0], "pitch40_hewlett": [135, 135, 147, 158, 158, 158, 152, 135, 135, 135, 147, 147, 158, 147, 152, 135], "pitch40_sapp": [174, 174, 186, 197, 197, 197, 191, 174, 174, 174, 186, 186, 197, 186, 191, 174], "octave": [4, 4, 4, 4, 4, 4, 4, 4, 4, 4, 4, 4, 4, 4, 4, 4], "midipitch": [64, 64, 68, 71, 71, 71, 69, 64, 64, 64, 68, 68, 71, 68, 69, 64], "diatonicpitch": [25, 25, 27, 29, 29, 29, 28, 25, 25, 25, 27, 27, 29, 27, 28, 25], "diatonicinterval": [null, 0, 2, 2, 0, 0, -1, -3, 0, 0, 2, 0, 2, -2, 1, -3], "chromaticinterval": [null, 0, 4, 3, 0, 0, -2, -5, 0, 0, 4, 0, 3, -3, 1, -5], "pitchproximity": [null, null, 4, 3, 0, 0, 2, 5, 0, 0, 4, 0, 3, 3, 1, 5], "pitchreversal": [null, null, 0, 0, 0, 0, 0, 0, 0, 0, 0, 0, 0, 1.5, 1.5, 0], "nextisrest": [false, false, false, false, false, false, false, false, false, false, false, false, false, false, false, null], "restduration_frac": [null, null, null, null, null, null, null, null, null, null, null, null, null, null, null, null], "duration": [0.25, 0.25, 0.5, 0.5, 0.25, 0.25, 0.5, 0.5, 0.25, 0.25, 0.5, 0.5, 0.25, 0.25, 0.5, 0.5], "duration_frac": ["1/4", "1/4", "1/2", "1/2", "1/4", "1/4", "1/2", "1/2", "1/4", "1/4", "1/2", "1/2", "1/4", "1/4", "1/2", "1/2"], "duration_fullname": ["16th", "16th", "Eighth", "Eighth", "16th", "16th", "Eighth", "Eighth", "16th", "16th", "Eighth", "Eighth", "16th", "16th", "Eighth", "Eighth"], "durationcontour": [null, "=", "+", "=", "-", "=", "+", "=", "-", "=", "+", "=", "-", "=", "+", "="], "onsettick": [0, 1, 2, 4, 6, 7, 8, 10, 12, 13, 14, 16, 18, 19, 20, 22], "beatfraction": ["1/6", "1/6", "1/3", "1/3", "1/6", "1/6", "1/3", "1/3", "1/6", "1/6", "1/3", "1/3", "1/6", "1/6", "1/3", "1/3"], "phrasepos": [0.0, 0.045454545454545456, 0.09090909090909091, 0.18181818181818182, 0.2727272727272727, 0.3181818181818182, 0.36363636363636365, 0.45454545454545453, 0.5454545454545454, 0.5909090909090909, 0.6363636363636364, 0.7272727272727273, 0.8181818181818182, 0.8636363636363636, 0.9090909090909091, 1.0], "phrase_ix": [0, 0, 0, 0, 0, 0, 0, 0, 0, 0, 0, 0, 0, 0, 0, 0], "phrase_end": [false, false, false, false, false, false, false, false, false, false, false, false, false, false, false, true], "songpos": [0.0, 0.045454545454545456, 0.09090909090909091, 0.18181818181818182, 0.2727272727272727, 0.3181818181818182, 0.36363636363636365, 0.45454545454545453, 0.5454545454545454, 0.5909090909090909, 0.6363636363636364, 0.7272727272727273, 0.8181818181818182, 0.8636363636363636, 0.9090909090909091, 1.0], "beatinsong": ["0", "1/6", "1/3", "2/3", "1", "7/6", "4/3", "5/3", "2", "13/6", "7/3", "8/3", "3", "19/6", "10/3", "11/3"], "beatinphrase": ["0", "1/6", "1/3", "2/3", "1", "7/6", "4/3", "5/3", "2", "13/6", "7/3", "8/3", "3", "19/6", "10/3", "11/3"], "beatinphrase_end": ["-3", "-17/6", "-8/3", "-7/3", "-2", "-11/6", "-5/3", "-4/3", "-1", "-5/6", "-2/3", "-1/3", "0", "1/6", "1/3", "2/3"], "IOI_frac": ["1/4", "1/4", "1/2", "1/2", "1/4", "1/4", "1/2", "1/2", "1/4", "1/4", "1/2", "1/2", "1/4", "1/4", "1/2", null], "IOI": [0.25, 0.25, 0.5, 0.5, 0.25, 0.25, 0.5, 0.5, 0.25, 0.25, 0.5, 0.5, 0.25, 0.25, 0.5, null], "IOR_frac": [null, "1", "2", "1", "1/2", "1", "2", "1", "1/2", "1", "2", "1", "1/2", "1", "2", null], "IOR": [null, 1.0, 2.0, 1.0, 0.5, 1.0, 2.0, 1.0, 0.5, 1.0, 2.0, 1.0, 0.5, 1.0, 2.0, null], "imacontour": [null, "-", "+", "+", "-", "-", "+", "+", "-", "-", "+", "+", "-", "-", "+", "+"], "pitch": ["E4", "E4", "G#4", "B4", "B4", "B4", "A4", "E4", "E4", "E4", "G#4", "G#4", "B4", "G#4", "A4", "E4"], "contour3": [null, "=", "+", "+", "=", "=", "-", "-", "=", "=", "+", "=", "+", "-", "+", "-"], "contour5": [null, "=", "++", "++", "=", "=", "-", "--", "=", "=", "++", "=", "++", "--", "+", "--"], "beatstrength": [1.0, 0.25, 0.5, 0.5, 1.0, 0.25, 0.5, 0.5, 1.0, 0.25, 0.5, 0.5, 1.0, 0.25, 0.5, 0.5], "beat_str": ["1", "1", "1", "1", "1", "1", "1", "1", "1", "1", "1", "1", "1", "1", "1", "1"], "beat_fraction_str": ["0", "1/6", "1/3", "2/3", "0", "1/6", "1/3", "2/3", "0", "1/6", "1/3", "2/3", "0", "1/6", "1/3", "2/3"], "beat": [1.0, 1.1666666666666667, 1.3333333333333333, 1.6666666666666667, 1.0, 1.1666666666666667, 1.3333333333333333, 1.6666666666666667, 1.0, 1.1666666666666667, 1.3333333333333333, 1.6666666666666667, 1.0, 1.1666666666666667, 1.3333333333333333, 1.6666666666666667], "timesignature": ["3/8", "3/8", "3/8", "3/8", "3/8", "3/8", "3/8", "3/8", "3/8", "3/8", "3/8", "3/8", "3/8", "3/8", "3/8", "3/8"], "gpr2a_Frankland": [null, null, null, null, null, null, null, null, null, null, null, null, null, null, null, null], "gpr2b_Frankland": [null, null, null, null, null, null, null, null, null, null, null, null, null, null, null, null], "gpr3a_Frankland": [null, 0.625, null, null, null, null, 0.8, null, null, 1.0, null, null, null, null, null, null], "gpr3d_Frankland": [null, 0.5, null, 0.5, null, 0.5, null, 0.5, null, 0.5, null, 0.5, null, null, null, null], "gpr_Frankland_sum": [0, 1.125, 0, 0.5, 0, 0.5, 0.8, 0.5, 0, 1.5, 0, 0.5, 0, 0, 0, 0], "lbdm_spitch": [null, 0.5833333333333333, 0.3999999999999999, 0.0, 0.0, 0.3125, 0.9821428571428572, 0.0, 0.0, 1.0, 0.0, 0.33749999999999997, 0.1875, 0.15625, null, null], "lbdm_sioi": [null, 0.5, 1.0, 1.0, 0.5, 0.5, 1.0, 1.0, 0.5, 0.5, 1.0, 1.0, 0.5, 0.5, null, null], "lbdm_srest": [null, 0.0, 0.0, 0.0, 0.0, 0.0, 0.0, 0.0, 0.0, 0.0, 0.0, 0.0, 0.0, 0.0, null, null], "lbdm_rpitch": [null, 0.6666666666666666, 0.1111111111111111, 0.6, 0.0, 0.5, 0.3333333333333333, 0.7142857142857143, 0.0, 0.6666666666666666, 0.6666666666666666, 0.6, 0.0, 0.3333333333333333, 0.5, null], "lbdm_rioi": [null, 0.0, 0.3333333333333333, 0.0, 0.3333333333333333, 0.0, 0.3333333333333333, 0.0, 0.3333333333333333, 0.0, 0.3333333333333333, 0.0, 0.3333333333333333, 0.0, 0.3333333333333333, null], "lbdm_rrest": [null, 0.0, 0.0, 0.0, 0.0, 0.0, 0.0, 0.0, 0.0, 0.0, 0.0, 0.0, 0.0, 0.0, 0.0, null], "lbdm_boundarystrength": [null, 0.3958333333333333, 0.6, 0.5, 0.25, 0.328125, 0.7455357142857143, 0.5, 0.25, 0.5, 0.5, 0.584375, 0.296875, 0.2890625, null, null]}}
