{"id": "KB2704500020", "tunefamily": "", "year": -1, "tunefamily_full": "", "type": "", "freemeter": false, "origin": "", "features": {"scaledegree": [2, 2, 2, 7, 5, 1, 3, 2, 7, 5, 2, 4, 2, 7, 5, 1, 3, 3, 2, 7, 1], "scaledegreespecifier": ["M", "M", "M", "M", "P", "P", "m", "M", "M", "P", "M", "P", "M", "M", "P", "P", "m", "m", "M", "M", "P"], "tonic": ["A", "A", "A", "A", "A", "A", "A", "A", "A", "A", "A", "A", "A", "A", "A", "A", "A", "A", "A", "A", "A"], "mode": ["minor", "minor", "minor", "minor", "minor", "minor", "minor", "minor", "minor", "minor", "minor", "minor", "minor", "minor", "minor", "minor", "minor", "minor", "minor", "minor", "minor"], "metriccontour": [null, "-", "=", "+", "-", "+", "-", "+", "-", "+", "+", "-", "=", "+", "-", "+", "-", "-", "+", "-", "+"], "imaweight": [0.629371, 0.692308, 0.888112, 0.972028, 0.769231, 0.825175, 0.86014, 0.755245, 0.972028, 0.937063, 0.72028, 0.72028, 0.972028, 0.86014, 0.748252, 0.776224, 0.853147, 0.0839161, 0.685315, 1.0, 0.839161], "imaweight_spectral": [0.959276, 0.9819, 0.904977, 0.868778, 0.809955, 0.791855, 0.886878, 0.728507, 0.959276, 0.846154, 0.963801, 1.0, 0.959276, 0.868778, 0.79638, 0.81448, 0.846154, 0.0542986, 0.737557, 0.959276, 0.855204], "pitch40_hewlett": [158, 158, 158, 147, 135, 152, 163, 158, 147, 135, 158, 169, 158, 147, 135, 152, 163, 163, 158, 147, 152], "pitch40_sapp": [197, 197, 197, 186, 174, 191, 202, 197, 186, 174, 197, 208, 197, 186, 174, 191, 202, 202, 197, 186, 191], "octave": [4, 4, 4, 4, 4, 4, 5, 4, 4, 4, 4, 5, 4, 4, 4, 4, 5, 5, 4, 4, 4], "midipitch": [71, 71, 71, 68, 64, 69, 72, 71, 68, 64, 71, 74, 71, 68, 64, 69, 72, 72, 71, 68, 69], "diatonicpitch": [29, 29, 29, 27, 25, 28, 30, 29, 27, 25, 29, 31, 29, 27, 25, 28, 30, 30, 29, 27, 28], "diatonicinterval": [null, 0, 0, -2, -2, 3, 2, -1, -2, -2, 4, 2, -2, -2, -2, 3, 2, 0, -1, -2, 1], "chromaticinterval": [null, 0, 0, -3, -4, 5, 3, -1, -3, -4, 7, 3, -3, -3, -4, 5, 3, 0, -1, -3, 1], "pitchproximity": [null, null, 0, 3, 4, 5, 3, 1, 3, 4, 7, 3, 3, 3, 4, 5, 3, 0, 1, 3, 1], "pitchreversal": [null, null, 0, 0, 0, 1.5, 0, 1.5, 0, 0, 0, -1, 1.5, 0, 0, 1.5, 0, 0, 0, 0, 1.5], "nextisrest": [false, false, false, false, false, false, false, false, false, false, false, false, false, false, false, false, false, false, false, false, null], "restduration_frac": [null, null, null, null, null, null, null, null, null, null, null, null, null, null, null, null, null, null, null, null, null], "duration": [0.5, 1.0, 0.5, 0.5, 0.5, 0.5, 0.5, 0.5, 0.5, 1.0, 0.5, 1.0, 0.5, 0.5, 0.5, 0.5, 0.25, 0.25, 0.5, 0.5, 1.0], "duration_frac": ["1/2", "1", "1/2", "1/2", "1/2", "1/2", "1/2", "1/2", "1/2", "1", "1/2", "1", "1/2", "1/2", "1/2", "1/2", "1/4", "1/4", "1/2", "1/2", "1"], "duration_fullname": ["Eighth", "Quarter", "Eighth", "Eighth", "Eighth", "Eighth", "Eighth", "Eighth", "Eighth", "Quarter", "Eighth", "Quarter", "Eighth", "Eighth", "Eighth", "Eighth", "16th", "16th", "Eighth", "Eighth", "Quarter"], "durationcontour": [null, "+", "-", "=", "=", "=", "=", "=", "=", "+", "-", "+", "-", "=", "=", "=", "-", "=", "+", "=", "+"], "onsettick": [0, 2, 6, 8, 10, 12, 14, 16, 18, 20, 24, 26, 30, 32, 34, 36, 38, 39, 40, 42, 44], "beatfraction": ["1/2", "1", "1/2", "1/2", "1/2", "1/2", "1/2", "1/2", "1/2", "1", "1/2", "1", "1/2", "1/2", "1/2", "1/2", "1/4", "1/4", "1/2", "1/2", "1"], "phrasepos": [0.0, 0.1, 0.3, 0.4, 0.5, 0.6, 0.7, 0.8, 0.9, 1.0, 0.0, 0.1, 0.3, 0.4, 0.5, 0.6, 0.7, 0.75, 0.8, 0.9, 1.0], "phrase_ix": [0, 0, 0, 0, 0, 0, 0, 0, 0, 0, 1, 1, 1, 1, 1, 1, 1, 1, 1, 1, 1], "phrase_end": [false, false, false, false, false, false, false, false, false, true, false, false, false, false, false, false, false, false, false, false, true], "songpos": [0.0, 0.045454545454545456, 0.13636363636363635, 0.18181818181818182, 0.22727272727272727, 0.2727272727272727, 0.3181818181818182, 0.36363636363636365, 0.4090909090909091, 0.45454545454545453, 0.5454545454545454, 0.5909090909090909, 0.6818181818181818, 0.7272727272727273, 0.7727272727272727, 0.8181818181818182, 0.8636363636363636, 0.8863636363636364, 0.9090909090909091, 0.9545454545454546, 1.0], "beatinsong": ["0", "1/2", "3/2", "2", "5/2", "3", "7/2", "4", "9/2", "5", "6", "13/2", "15/2", "8", "17/2", "9", "19/2", "39/4", "10", "21/2", "11"], "beatinphrase": ["0", "1/2", "3/2", "2", "5/2", "3", "7/2", "4", "9/2", "5", "0", "1/2", "3/2", "2", "5/2", "3", "7/2", "15/4", "4", "9/2", "5"], "beatinphrase_end": ["-3", "-5/2", "-3/2", "-1", "-1/2", "0", "1/2", "1", "3/2", "2", "-3", "-5/2", "-3/2", "-1", "-1/2", "0", "1/2", "3/4", "1", "3/2", "2"], "IOI_frac": ["1/2", "1", "1/2", "1/2", "1/2", "1/2", "1/2", "1/2", "1/2", "1", "1/2", "1", "1/2", "1/2", "1/2", "1/2", "1/4", "1/4", "1/2", "1/2", null], "IOI": [0.5, 1.0, 0.5, 0.5, 0.5, 0.5, 0.5, 0.5, 0.5, 1.0, 0.5, 1.0, 0.5, 0.5, 0.5, 0.5, 0.25, 0.25, 0.5, 0.5, null], "IOR_frac": [null, "2", "1/2", "1", "1", "1", "1", "1", "1", "2", "1/2", "2", "1/2", "1", "1", "1", "1/2", "1", "2", "1", null], "IOR": [null, 2.0, 0.5, 1.0, 1.0, 1.0, 1.0, 1.0, 1.0, 2.0, 0.5, 2.0, 0.5, 1.0, 1.0, 1.0, 0.5, 1.0, 2.0, 1.0, null], "imacontour": [null, "+", "+", "+", "-", "+", "+", "-", "+", "-", "-", "=", "+", "-", "-", "+", "+", "-", "+", "+", "-"], "pitch": ["B4", "B4", "B4", "G#4", "E4", "A4", "C5", "B4", "G#4", "E4", "B4", "D5", "B4", "G#4", "E4", "A4", "C5", "C5", "B4", "G#4", "A4"], "contour3": [null, "=", "=", "-", "-", "+", "+", "-", "-", "-", "+", "+", "-", "-", "-", "+", "+", "=", "-", "-", "+"], "contour5": [null, "=", "=", "--", "--", "++", "++", "-", "--", "--", "++", "++", "--", "--", "--", "++", "++", "=", "-", "--", "+"], "beatstrength": [1.0, 0.25, 0.25, 0.5, 0.25, 1.0, 0.25, 0.5, 0.25, 0.5, 1.0, 0.25, 0.25, 0.5, 0.25, 1.0, 0.25, 0.125, 0.5, 0.25, 0.5], "beat_str": ["1", "1", "2", "3", "3", "1", "1", "2", "2", "3", "1", "1", "2", "3", "3", "1", "1", "1", "2", "2", "3"], "beat_fraction_str": ["0", "1/2", "1/2", "0", "1/2", "0", "1/2", "0", "1/2", "0", "0", "1/2", "1/2", "0", "1/2", "0", "1/2", "3/4", "0", "1/2", "0"], "beat": [1.0, 1.5, 2.5, 3.0, 3.5, 1.0, 1.5, 2.0, 2.5, 3.0, 1.0, 1.5, 2.5, 3.0, 3.5, 1.0, 1.5, 1.75, 2.0, 2.5, 3.0], "timesignature": ["3/4", "3/4", "3/4", "3/4", "3/4", "3/4", "3/4", "3/4", "3/4", "3/4", "3/4", "3/4", "3/4", "3/4", "3/4", "3/4", "3/4", "3/4", "3/4", "3/4", "3/4"], "gpr2a_Frankland": [null, null, null, null, null, null, null, null, null, null, null, null, null, null, null, null, null, null, null, null, null], "gpr2b_Frankland": [null, 0.5, null, null, null, null, null, null, null, 0.5, null, 0.5, null, null, null, null, null, null, null, null, null], "gpr3a_Frankland": [null, null, null, null, 0.30000000000000004, null, null, null, null, 0.5, null, null, null, null, 0.30000000000000004, null, null, null, 0.6666666666666667, null, null], "gpr3d_Frankland": [null, null, null, 0.0, 0.0, 0.0, 0.0, null, null, null, null, null, null, 0.0, null, 0.5, null, 0.5, null, null, null], "gpr_Frankland_sum": [0, 0.5, 0, 0, 0.30000000000000004, 0, 0, 0, 0, 1.0, 0, 0.5, 0, 0, 0.30000000000000004, 0.5, 0, 0.5, 0.6666666666666667, 0, 0], "lbdm_spitch": [null, 0.0, 0.5402597402597401, 0.20464384100747735, 0.36835891381345925, 0.4051948051948052, 0.1688311688311688, 0.3376623376623376, 0.3463203463203463, 1.0, 0.2532467532467532, 0.0, 0.0844155844155844, 0.20464384100747735, 0.36835891381345925, 0.6077922077922079, 0.0, 0.1688311688311688, 0.5064935064935064, null, null], "lbdm_sioi": [null, 1.0, 0.25, 0.0, 0.0, 0.0, 0.0, 0.0, 0.25, 1.0, 0.5, 1.0, 0.25, 0.0, 0.0, 0.25, 0.125, 0.125, 0.25, null, null], "lbdm_srest": [null, 0.0, 0.0, 0.0, 0.0, 0.0, 0.0, 0.0, 0.0, 0.0, 0.0, 0.0, 0.0, 0.0, 0.0, 0.0, 0.0, 0.0, 0.0, null, null], "lbdm_rpitch": [null, 0.0, 0.6, 0.1111111111111111, 0.09090909090909091, 0.2, 0.3333333333333333, 0.3333333333333333, 0.1111111111111111, 0.23076923076923078, 0.3333333333333333, 0.0, 0.0, 0.1111111111111111, 0.09090909090909091, 0.2, 0.6, 0.3333333333333333, 0.3333333333333333, 0.3333333333333333, null],