{"id": "KB2739900020", "tunefamily": "", "year": -1, "tunefamily_full": "", "type": "", "freemeter": false, "origin": "", "features": {"scaledegree": [2, 1, 7, 6, 5, 6, 7, 1, 6, 2, 1, 7, 6, 5, 6, 7, 1], "scaledegreespecifier": ["M", "P", "M", "M", "P", "M", "M", "P", "M", "M", "P", "M", "M", "P", "M", "M", "P"], "tonic": ["C", "C", "C", "C", "C", "C", "C", "C", "C", "C", "C", "C", "C", "C", "C", "C", "C"], "mode": ["major", "major", "major", "major", "major", "major", "major", "major", "major", "major", "major", "major", "major", "major", "major", "major", "major"], "metriccontour": [null, "-", "-", "-", "+", "-", "-", "+", "-", "+", "-", "-", "-", "+", "-", "-", "+"], "imaweight": [0.633028, 1.0, 0.513761, 0.110092, 0.93578, 0.587156, 0.146789, 0.853211, 0.59633, 1.0, 0.752294, 0.40367, 0.0733945, 0.669725, 0.33945, 0.0366972, 0.816514], "imaweight_spectral": [0.944828, 0.972414, 0.57931, 0.165517, 0.924138, 0.634483, 0.22069, 0.834483, 0.696552, 1.0, 0.951724, 0.662069, 0.165517, 0.862069, 0.641379, 0.110345, 1.0], "pitch40_hewlett": [169, 163, 158, 152, 146, 152, 158, 163, 152, 169, 163, 158, 152, 146, 152, 158, 163], "pitch40_sapp": [208, 202, 197, 191, 185, 191, 197, 202, 191, 208, 202, 197, 191, 185, 191, 197, 202], "octave": [5, 5, 4, 4, 4, 4, 4, 5, 4, 5, 5, 4, 4, 4, 4, 4, 5], "midipitch": [74, 72, 71, 69, 67, 69, 71, 72, 69, 74, 72, 71, 69, 67, 69, 71, 72], "diatonicpitch": [36, 35, 34, 33, 32, 33, 34, 35, 33, 36, 35, 34, 33, 32, 33, 34, 35], "diatonicinterval": [null, -1, -1, -1, -1, 1, 1, 1, -2, 3, -1, -1, -1, -1, 1, 1, 1], "chromaticinterval": [null, -2, -1, -2, -2, 2, 2, 1, -3, 5, -2, -1, -2, -2, 2, 2, 1], "pitchproximity": [null, null, 1, 2, 2, 2, 2, 1, 3, 5, 2, 1, 2, 2, 2, 2, 1], "pitchreversal": [null, null, 0, 0, 0, 1.5, 0, 0, 1.5, 1.5, 0, 0, 0, 0, 1.5, 0, 0], "nextisrest": [false, false, false, false, false, false, false, false, false, false, false, false, false, false, false, false, null], "restduration_frac": [null, null, null, null, null, null, null, null, null, null, null, null, null, null, null, null, null], "duration": [1.0, 0.5, 0.25, 0.25, 0.5, 0.25, 0.25, 0.5, 0.5, 1.0, 0.5, 0.25, 0.25, 0.5, 0.25, 0.25, 1.0], "duration_frac": ["1", "1/2", "1/4", "1/4", "1/2", "1/4", "1/4", "1/2", "1/2", "1", "1/2", "1/4", "1/4", "1/2", "1/4", "1/4", "1"], "duration_fullname": ["Quarter", "Eighth", "16th", "16th", "Eighth", "16th", "16th", "Eighth", "Eighth", "Quarter", "Eighth", "16th", "16th", "Eighth", "16th", "16th", "Quarter"], "durationcontour": [null, "-", "-", "=", "+", "-", "=", "+", "=", "+", "-", "-", "=", "+", "-", "=", "+"], "onsettick": [0, 4, 6, 7, 8, 10, 11, 12, 14, 16, 20, 22, 23, 24, 26, 27, 28], "beatfraction": ["1", "1/2", "1/4", "1/4", "1/2", "1/4", "1/4", "1/2", "1/2", "1", "1/2", "1/4", "1/4", "1/2", "1/4", "1/4", "1"], "phrasepos": [0.0, 0.14285714285714285, 0.21428571428571427, 0.25, 0.2857142857142857, 0.35714285714285715, 0.39285714285714285, 0.42857142857142855, 0.5, 0.5714285714285714, 0.7142857142857143, 0.7857142857142857, 0.8214285714285714, 0.8571428571428571, 0.9285714285714286, 0.9642857142857143, 1.0], "phrase_ix": [0, 0, 0, 0, 0, 0, 0, 0, 0, 0, 0, 0, 0, 0, 0, 0, 0], "phrase_end": [false, false, false, false, false, false, false, false, false, false, false, false, false, false, false, false, true], "songpos": [0.0, 0.14285714285714285, 0.21428571428571427, 0.25, 0.2857142857142857, 0.35714285714285715, 0.39285714285714285, 0.42857142857142855, 0.5, 0.5714285714285714, 0.7142857142857143, 0.7857142857142857, 0.8214285714285714, 0.8571428571428571, 0.9285714285714286, 0.9642857142857143, 1.0], "beatinsong": ["0", "1", "3/2", "7/4", "2", "5/2", "11/4", "3", "7/2", "4", "5", "11/2", "23/4", "6", "13/2", "27/4", "7"], "beatinphrase": ["0", "1", "3/2", "7/4", "2", "5/2", "11/4", "3", "7/2", "4", "5", "11/2", "23/4", "6", "13/2", "27/4", "7"], "beatinphrase_end": ["-6", "-5", "-9/2", "-17/4", "-4", "-7/2", "-13/4", "-3", "-5/2", "-2", "-1", "-1/2", "-1/4", "0", "1/2", "3/4", "1"], "IOI_frac": ["1", "1/2", "1/4", "1/4", "1/2", "1/4", "1/4", "1/2", "1/2", "1", "1/2", "1/4", "1/4", "1/2", "1/4", "1/4", null], "IOI": [1.0, 0.5, 0.25, 0.25, 0.5, 0.25, 0.25, 0.5, 0.5, 1.0, 0.5, 0.25, 0.25, 0.5, 0.25, 0.25, null], "IOR_frac": [null, "1/2", "1/2", "1", "2", "1/2", "1", "2", "1", "2", "1/2", "1/2", "1", "2", "1/2", "1", null], "IOR": [null, 0.5, 0.5, 1.0, 2.0, 0.5, 1.0, 2.0, 1.0, 2.0, 0.5, 0.5, 1.0, 2.0, 0.5, 1.0, null], "imacontour": [null, "+", "-", "-", "+", "-", "-", "+", "-", "+", "-", "-", "-", "+", "-", "-", "+"], "pitch": ["D5", "C5", "B4", "A4", "G4", "A4", "B4", "C5", "A4", "D5", "C5", "B4", "A4", "G4", "A4", "B4", "C5"], "contour3": [null, "-", "-", "-", "-", "+", "+", "+", "-", "+", "-", "-", "-", "-", "+", "+", "+"], "contour5": [null, "-", "-", "-", "-", "+", "+", "+", "--", "++", "-", "-", "-", "-", "+", "+", "+"], "beatstrength": [1.0, 0.5, 0.25, 0.125, 1.0, 0.25, 0.125, 0.5, 0.25, 1.0, 0.5, 0.25, 0.125, 1.0, 0.25, 0.125, 0.5], "beat_str": ["1", "2", "2", "2", "1", "1", "1", "2", "2", "1", "2", "2", "2", "1", "1", "1", "2"], "beat_fraction_str": ["0", "0", "1/2", "3/4", "0", "1/2", "3/4", "0", "1/2", "0", "0", "1/2", "3/4", "0", "1/2", "3/4", "0"], "beat": [1.0, 2.0, 2.5, 2.75, 1.0, 1.5, 1.75, 2.0, 2.5, 1.0, 2.0, 2.5, 2.75, 1.0, 1.5, 1.75, 2.0], "timesignature": ["2/4", "2/4", "2/4", "2/4", "2/4", "2/4", "2/4", "2/4", "2/4", "2/4", "2/4", "2/4", "2/4", "2/4", "2/4", "2/4", "2/4"], "gpr2a_Frankland": [null, null, null, null, null, null, null, null, null, null, null, null, null, null, null, null, null], "gpr2b_Frankland": [null, null, null, null, 0.5, null, null, null, null, 0.5, null, null, null, 0.5, null, null, null], "gpr3a_Frankland": [null, null, null, null, null, null, null, null, 0.5, null, null, null, null, null, null, null, null], "gpr3d_Frankland": [null, null, null, null, null, null, 0.5, null, null, null, null, null, null, null, null, null, null], "gpr_Frankland_sum": [0, 0, 0, 0, 0.5, 0, 0.5, 0, 0.5, 0.5, 0, 0, 0, 0.5, 0, 0, 0], "lbdm_spitch": [null, 0.15000000000000002, 0.15000000000000002, 0.0, 0.0, 0.15000000000000002, 0.2, 0.6000000000000001, 1.0, 0.4, 0.15000000000000002, 0.15000000000000002, 0.0, 0.0, 0.15000000000000002, null, null], "lbdm_sioi": [null, 0.5, 0.125, 0.125, 0.5, 0.125, 0.125, 0.25, 0.25, 1.0, 0.5, 0.125, 0.125, 0.5, 0.125, null, null], "lbdm_srest": [null, 0.0, 0.0, 0.0, 0.0, 0.0, 0.0, 0.0, 0.0, 0.0, 0.0, 0.0, 0.0, 0.0, 0.0, null, null], "lbdm_rpitch": [null, 0.2, 0.2, 0.0, 0.0, 0.0, 0.2, 0.3333333333333333, 0.2, 0.3333333333333333, 0.2, 0.2, 0.0, 0.0, 0.0, 0.2, null], "lbdm_rioi": [null, 0.3333333333333333, 0.3333333333333333, 0.0, 0.3333333333333333, 0.3333333333333333, 0.0, 0.3333333333333333, 0.0, 0.3333333333333333, 0.3333333333333333, 0.3333333333333333, 0.0, 0.3333333333333333, 0.3333333333333333, 0.0, null], "lbdm_rrest": [null, 0.0, 0.0, 0.0, 0.0, 0.0, 0.0, 0.0, 0.0, 0.0, 0.0, 0.0, 0.0, 0.0, 0.0, 0.0, null], "lbdm_boundarystrength": [null, 0.2875, 0.1, 0.0625, 0.25, 0.1, 0.1125, 0.275, 0.375, 0.6, 0.2875, 0.1, 0.0625, 0.25, 0.1, null, null]}}
