{"id": "KB2822700000", "tunefamily": "", "year": -1, "tunefamily_full": "", "type": "", "freemeter": false, "origin": "", "features": {"scaledegree": [1, 1, 2, 3, 4, 4, 3, 5, 2, 1, 2, 3, 1, 6, 5, 2, 1, 2, 3, 1], "scaledegreespecifier": ["P", "P", "M", "M", "P", "P", "M", "P", "M", "P", "M", "M", "P", "M", "P", "M", "P", "M", "M", "P"], "tonic": ["C", "C", "C", "C", "C", "C", "C", "C", "C", "C", "C", "C", "C", "C", "C", "C", "C", "C", "C", "C"], "mode": ["major", "major", "major", "major", "major", "major", "major", "major", "major", "major", "major", "major", "major", "major", "major", "major", "major", "major", "major", "major"], "metriccontour": [null, "-", "+", "-", "+", "-", "+", "=", "+", "-", "+", "-", "+", "-", "=", "+", "-", "+", "-", "+"], "imaweight": [1.0, 0.306306, 0.846847, 0.333333, 0.558559, 0.108108, 0.702703, 0.630631, 0.963964, 0.486486, 0.882883, 0.351351, 0.522523, 0.810811, 0.45045, 0.963964, 0.27027, 0.738739, 0.234234, 0.495495], "imaweight_spectral": [1.0, 0.32967, 0.703297, 0.302198, 0.571429, 0.0659341, 0.664835, 0.620879, 0.868132, 0.461538, 0.725275, 0.313187, 0.549451, 0.752747, 0.510989, 0.868132, 0.307692, 0.725275, 0.241758, 0.774725], "pitch40_hewlett": [163, 163, 169, 175, 180, 180, 175, 186, 169, 163, 169, 175, 163, 152, 146, 169, 163, 169, 175, 163], "pitch40_sapp": [202, 202, 208, 214, 219, 219, 214, 225, 208, 202, 208, 214, 202, 191, 185, 208, 202, 208, 214, 202], "octave": [5, 5, 5, 5, 5, 5, 5, 5, 5, 5, 5, 5, 5, 4, 4, 5, 5, 5, 5, 5], "midipitch": [72, 72, 74, 76, 77, 77, 76, 79, 74, 72, 74, 76, 72, 69, 67, 74, 72, 74, 76, 72], "diatonicpitch": [35, 35, 36, 37, 38, 38, 37, 39, 36, 35, 36, 37, 35, 33, 32, 36, 35, 36, 37, 35], "diatonicinterval": [null, 0, 1, 1, 1, 0, -1, 2, -3, -1, 1, 1, -2, -2, -1, 4, -1, 1, 1, -2], "chromaticinterval": [null, 0, 2, 2, 1, 0, -1, 3, -5, -2, 2, 2, -4, -3, -2, 7, -2, 2, 2, -4], "pitchproximity": [null, null, 2, 2, 1, 0, 1, 3, 5, 2, 2, 2, 4, 3, 2, 7, 2, 2, 2, 4], "pitchreversal": [null, null, 0, 0, 0, 0, 0, 1.5, 1.5, 0, 1.5, 0, 1.5, 0, 0, 0, 1, 1.5, 0, 1.5], "nextisrest": [false, false, false, false, false, false, false, false, false, false, false, false, false, false, false, false, false, false, false, true], "restduration_frac": [null, null, null, null, null, null, null, null, null, null, null, null, null, null, null, null, null, null, null, "1/2"], "duration": [0.75, 0.25, 0.25, 0.25, 0.375, 0.125, 0.5, 0.5, 0.75, 0.25, 0.25, 0.25, 0.5, 0.5, 0.5, 0.75, 0.25, 0.25, 0.25, 1.0], "duration_frac": ["3/4", "1/4", "1/4", "1/4", "3/8", "1/8", "1/2", "1/2", "3/4", "1/4", "1/4", "1/4", "1/2", "1/2", "1/2", "3/4", "1/4", "1/4", "1/4", "1"], "duration_fullname": ["Dotted Eighth", "16th", "16th", "16th", "Dotted 16th", "32nd", "Eighth", "Eighth", "Dotted Eighth", "16th", "16th", "16th", "Eighth", "Eighth", "Eighth", "Dotted Eighth", "16th", "16th", "16th", "Quarter"], "durationcontour": [null, "-", "=", "=", "+", "-", "+", "=", "+", "-", "=", "=", "+", "=", "=", "+", "-", "=", "=", "+"], "onsettick": [0, 6, 8, 10, 12, 15, 16, 20, 24, 30, 32, 34, 36, 40, 44, 48, 54, 56, 58, 60], "beatfraction": ["1/2", "1/6", "1/6", "1/6", "1/4", "1/12", "1/3", "1/3", "1/2", "1/6", "1/6", "1/6", "1/3", "1/3", "1/3", "1/2", "1/6", "1/6", "1/6", "2/3"], "phrasepos": [0.0, 0.17647058823529413, 0.23529411764705882, 0.29411764705882354, 0.35294117647058826, 0.4411764705882353, 0.47058823529411764, 0.5882352941176471, 0.7058823529411765, 0.8823529411764706, 0.9411764705882353, 1.0, 0.0, 0.16666666666666666, 0.3333333333333333, 0.5, 0.75, 0.8333333333333334, 0.9166666666666666, 1.0], "phrase_ix": [0, 0, 0, 0, 0, 0, 0, 0, 0, 0, 0, 0, 1, 1, 1, 1, 1, 1, 1, 1], "phrase_end": [false, false, false, false, false, false, false, false, false, false, false, true, false, false, false, false, false, false, false, true], "songpos": [0.0, 0.1, 0.13333333333333333, 0.16666666666666666, 0.2, 0.25, 0.26666666666666666, 0.3333333333333333, 0.4, 0.5, 0.5333333333333333, 0.5666666666666667, 0.6, 0.6666666666666666, 0.7333333333333333, 0.8, 0.9, 0.9333333333333333, 0.9666666666666667, 1.0], "beatinsong": ["0", "1/2", "2/3", "5/6", "1", "5/4", "4/3", "5/3", "2", "5/2", "8/3", "17/6", "3", "10/3", "11/3", "4", "9/2", "14/3", "29/6", "5"], "beatinphrase": ["0", "1/2", "2/3", "5/6", "1", "5/4", "4/3", "5/3", "2", "5/2", "8/3", "17/6", "0", "1/3", "2/3", "1", "3/2", "5/3", "11/6", "2"], "beatinphrase_end": ["-2", "-3/2", "-4/3", "-7/6", "-1", "-3/4", "-2/3", "-1/3", "0", "1/2", "2/3", "5/6", "-2", "-5/3", "-4/3", "-1", "-1/2", "-1/3", "-1/6", "0"], "IOI_frac": ["3/4", "1/4", "1/4", "1/4", "3/8", "1/8", "1/2", "1/2", "3/4", "1/4", "1/4", "1/4", "1/2", "1/2", "1/2", "3/4", "1/4", "1/4", "1/4", "3/2"], "IOI": [0.75, 0.25, 0.25, 0.25, 0.375, 0.125, 0.5, 0.5, 0.75, 0.25, 0.25, 0.25, 0.5, 0.5, 0.5, 0.75, 0.25, 0.25, 0.25, 1.5], "IOR_frac": [null, "1/3", "1", "1", "3/2", "1/3", "4", "1", "3/2", "1/3", "1", "1", "2", "1", "1", "3/2", "1/3", "1", "1", "6"], "IOR": [null, 0.3333333333333333, 1.0, 1.0, 1.5, 0.3333333333333333, 4.0, 1.0, 1.5, 0.3333333333333333, 1.0, 1.0, 2.0, 1.0, 1.0, 1.5, 0.3333333333333333, 1.0, 1.0, 6.0], "imacontour": [null, "-", "+", "-", "+", "-", "+", "-", "+", "-", "+", "-", "+", "+", "-", "+", "-", "+", "-", "+"], "pitch": ["C5", "C5", "D5", "E5", "F5", "F5", "E5", "G5", "D5", "C5", "D5", "E5", "C5", "A4", "G4", "D5", "C5", "D5", "E5", "C5"], "contour3": [null, "=", "+", "+", "+", "=", "-", "+", "-", "-", "+", "+", "-", "-", "-", "+", "-", "+", "+", "-"], "contour5": [null, "=", "+", "+", "+", "=", "-", "++", "--", "-", "+", "+", "--", "--", "-", "++", "-", "+", "+", "--"], "beatstrength": [1.0, 0.25, 0.5, 0.25, 1.0, 0.125, 0.5, 0.5, 1.0, 0.25, 0.5, 0.25, 1.0, 0.5, 0.5, 1.0, 0.25, 0.5, 0.25, 1.0], "beat_str": ["1", "1", "1", "1", "1", "1", "1", "1", "1", "1", "1", "1", "1", "1", "1", "1", "1", "1", "1", "1"], "beat_fraction_str": ["0", "1/2", "2/3", "5/6", "0", "1/4", "1/3", "2/3", "0", "1/2", "2/3", "5/6", "0", "1/3", "2/3", "0", "1/2", "2/3", "5/6", "0"], "beat": [1.0, 1.5, 1.6666666666666667, 1.8333333333333333, 1.0, 1.25, 1.3333333333333333, 1.6666666666666667, 1.0, 1.5, 1.6666666666666667, 1.8333333333333333, 1.0, 1.3333333333333333, 1.6666666666666667, 1.0, 1.5, 1.6666666666666667, 1.8333333333333333, 1.0], "timesignature": ["3/8", "3/8", "3/8", "3/8", "3/8", "3/8", "3/8", "3/8", "3/8", "3/8", "3/8", "3/8", "3/8", "3/8", "3/8", "3/8", "3/8", "3/8", "3/8", "3/8"], "gpr2a_Frankland": [null, null, null, null, null, null, null, null, null, null, null, null, null, null, null, null, null, null, null, 0.125], "gpr2b_Frankland": [null, null, null, null, 0.5, null, null, null, 0.5, null, null, null, null, null, null, 0.5, null, null, null, null], "gpr3a_Frankland": [null, null, null, null, null, null, null, 0.5, null, null, null, 0.375, null, null, 0.7142857142857143, null, null, null, null, null], "gpr3d_Frankland": [null, null, null, null, null, null, null, null, null, null, null, 0.5, null, null, null, null, null, null, null, null], "gpr_Frankland_sum": [0, 0, 0, 0, 0.5, 0, 0, 0.5, 0.5, 0, 0, 0.875, 0, 0, 0.7142857142857143, 0.5, 0, 0, 0, 0.125], "lbdm_spitch": [null, 0.15714285714285714, 0.06285714285714286, 0.0838095238095238, 0.0, 0.10476190476190476, 0.25142857142857145, 0.41904761904761906, 0.10476190476190476, 0.0, 0.07857142857142857, 0.22698412698412698, 0.11972789115646258, 0.18775510204081633, 1.0, 0.14285714285714285, 0.0, 0.07857142857142857, null, null], "lbdm_sioi": [null, 0.23809523809523814, 0.0, 0.09523809523809526, 0.5, 0.261904761904762, 0.5714285714285715, 0.19047619047619052, 1.0, 0.23809523809523814, 0.0, 0.15873015873015875, 0.3174603174603175, 0.0, 0.19047619047619052, 1.0, 0.23809523809523814, 0.0, null, null], "lbdm_srest": [null, 0.0, 0.0, 0.0, 0.0, 0.0, 0.0, 0.0, 0.0, 0.0, 0.0, 0.0, 0.0, 0.0, 0.0, 0.0, 0.0, 0.0, null, null],