{"id": "KB2906400000", "tunefamily": "", "year": -1, "tunefamily_full": "", "type": "", "freemeter": false, "origin": "", "features": {"scaledegree": [3, 5, 5, 5, 6, 5, 5, 4, 3, 5, 5, 6, 5, 5, 4, 3, 2, 2, 1], "scaledegreespecifier": ["m", "P", "P", "P", "m", "P", "P", "P", "M", "P", "P", "m", "P", "P", "P", "m", "M", "M", "P"], "tonic": ["A", "A", "A", "A", "A", "A", "A", "A", "A", "A", "A", "A", "A", "A", "A", "A", "A", "A", "A"], "mode": ["minor", "minor", "minor", "minor", "minor", "minor", "minor", "minor", "minor", "minor", "minor", "minor", "minor", "minor", "minor", "minor", "minor", "minor", "minor"], "metriccontour": [null, "-", "+", "-", "+", "-", "+", "-", "+", "-", "-", "+", "-", "+", "-", "+", "-", "-", "+"], "imaweight": [0.901961, 0.553922, 0.921569, 0.436275, 1.0, 0.490196, 0.867647, 0.607843, 0.946078, 0.921569, 0.416667, 0.72549, 0.416667, 0.764706, 0.372549, 0.887255, 0.593137, 0.294118, 0.627451], "imaweight_spectral": [0.890625, 0.597656, 0.890625, 0.519531, 0.953125, 0.546875, 0.863281, 0.640625, 0.910156, 1.0, 0.597656, 0.84375, 0.597656, 0.875, 0.5625, 0.972656, 0.863281, 0.625, 0.953125], "pitch40_hewlett": [163, 175, 175, 175, 180, 175, 175, 169, 164, 175, 175, 180, 175, 175, 169, 163, 158, 158, 152], "pitch40_sapp": [202, 214, 214, 214, 219, 214, 214, 208, 203, 214, 214, 219, 214, 214, 208, 202, 197, 197, 191], "octave": [5, 5, 5, 5, 5, 5, 5, 5, 5, 5, 5, 5, 5, 5, 5, 5, 4, 4, 4], "midipitch": [72, 76, 76, 76, 77, 76, 76, 74, 73, 76, 76, 77, 76, 76, 74, 72, 71, 71, 69], "diatonicpitch": [30, 32, 32, 32, 33, 32, 32, 31, 30, 32, 32, 33, 32, 32, 31, 30, 29, 29, 28], "diatonicinterval": [null, 2, 0, 0, 1, -1, 0, -1, -1, 2, 0, 1, -1, 0, -1, -1, -1, 0, -1], "chromaticinterval": [null, 4, 0, 0, 1, -1, 0, -2, -1, 3, 0, 1, -1, 0, -2, -2, -1, 0, -2], "pitchproximity": [null, null, 0, 0, 1, 1, 0, 2, 1, 3, 0, 1, 1, 0, 2, 2, 1, 0, 2], "pitchreversal": [null, null, 0, 0, 0, 1.5, 0, 0, 0, 1.5, 0, 0, 1.5, 0, 0, 0, 0, 0, 0], "nextisrest": [false, false, false, false, false, false, false, false, false, false, false, false, false, false, false, false, false, false, null], "restduration_frac": [null, null, null, null, null, null, null, null, null, null, null, null, null, null, null, null, null, null, null], "duration": [0.5, 0.5, 0.5, 0.5, 0.5, 0.5, 0.5, 0.5, 1.0, 0.5, 0.5, 0.5, 0.5, 0.5, 0.5, 1.0, 0.5, 0.5, 2.0], "duration_frac": ["1/2", "1/2", "1/2", "1/2", "1/2", "1/2", "1/2", "1/2", "1", "1/2", "1/2", "1/2", "1/2", "1/2", "1/2", "1", "1/2", "1/2", "2"], "duration_fullname": ["Eighth", "Eighth", "Eighth", "Eighth", "Eighth", "Eighth", "Eighth", "Eighth", "Quarter", "Eighth", "Eighth", "Eighth", "Eighth", "Eighth", "Eighth", "Quarter", "Eighth", "Eighth", "Half"], "durationcontour": [null, "=", "=", "=", "=", "=", "=", "=", "+", "-", "=", "=", "=", "=", "=", "+", "-", "=", "+"], "onsettick": [0, 1, 2, 3, 4, 5, 6, 7, 8, 10, 11, 12, 13, 14, 15, 16, 18, 19, 20], "beatfraction": ["1/2", "1/2", "1/2", "1/2", "1/2", "1/2", "1/2", "1/2", "1", "1/2", "1/2", "1/2", "1/2", "1/2", "1/2", "1", "1/2", "1/2", "2"], "phrasepos": [0.0, 0.06666666666666667, 0.13333333333333333, 0.2, 0.26666666666666666, 0.3333333333333333, 0.4, 0.4666666666666667, 0.5333333333333333, 0.6666666666666666, 0.7333333333333333, 0.8, 0.8666666666666667, 0.9333333333333333, 1.0, 0.0, 0.5, 0.75, 1.0], "phrase_ix": [0, 0, 0, 0, 0, 0, 0, 0, 0, 0, 0, 0, 0, 0, 0, 1, 1, 1, 1], "phrase_end": [false, false, false, false, false, false, false, false, false, false, false, false, false, false, true, false, false, false, true], "songpos": [0.0, 0.05, 0.1, 0.15, 0.2, 0.25, 0.3, 0.35, 0.4, 0.5, 0.55, 0.6, 0.65, 0.7, 0.75, 0.8, 0.9, 0.95, 1.0], "beatinsong": ["0", "1/2", "1", "3/2", "2", "5/2", "3", "7/2", "4", "5", "11/2", "6", "13/2", "7", "15/2", "8", "9", "19/2", "10"], "beatinphrase": ["0", "1/2", "1", "3/2", "2", "5/2", "3", "7/2", "4", "5", "11/2", "6", "13/2", "7", "15/2", "0", "1", "3/2", "2"], "beatinphrase_end": ["-6", "-11/2", "-5", "-9/2", "-4", "-7/2", "-3", "-5/2", "-2", "-1", "-1/2", "0", "1/2", "1", "3/2", "-2", "-1", "-1/2", "0"], "IOI_frac": ["1/2", "1/2", "1/2", "1/2", "1/2", "1/2", "1/2", "1/2", "1", "1/2", "1/2", "1/2", "1/2", "1/2", "1/2", "1", "1/2", "1/2", null], "IOI": [0.5, 0.5, 0.5, 0.5, 0.5, 0.5, 0.5, 0.5, 1.0, 0.5, 0.5, 0.5, 0.5, 0.5, 0.5, 1.0, 0.5, 0.5, null], "IOR_frac": [null, "1", "1", "1", "1", "1", "1", "1", "2", "1/2", "1", "1", "1", "1", "1", "2", "1/2", "1", null], "IOR": [null, 1.0, 1.0, 1.0, 1.0, 1.0, 1.0, 1.0, 2.0, 0.5, 1.0, 1.0, 1.0, 1.0, 1.0, 2.0, 0.5, 1.0, null], "imacontour": [null, "-", "+", "-", "+", "-", "+", "-", "+", "-", "-", "+", "-", "+", "-", "+", "-", "-", "+"], "pitch": ["C5", "E5", "E5", "E5", "F5", "E5", "E5", "D5", "C#5", "E5", "E5", "F5", "E5", "E5", "D5", "C5", "B4", "B4", "A4"], "contour3": [null, "+", "=", "=", "+", "-", "=", "-", "-", "+", "=", "+", "-", "=", "-", "-", "-", "=", "-"], "contour5": [null, "++", "=", "=", "+", "-", "=", "-", "-", "++", "=", "+", "-", "=", "-", "-", "-", "=", "-"], "beatstrength": [1.0, 0.25, 0.5, 0.25, 1.0, 0.25, 0.5, 0.25, 1.0, 0.5, 0.25, 1.0, 0.25, 0.5, 0.25, 1.0, 0.5, 0.25, 1.0], "beat_str": ["1", "1", "2", "2", "1", "1", "2", "2", "1", "2", "2", "1", "1", "2", "2", "1", "2", "2", "1"], "beat_fraction_str": ["0", "1/2", "0", "1/2", "0", "1/2", "0", "1/2", "0", "0", "1/2", "0", "1/2", "0", "1/2", "0", "0", "1/2", "0"], "beat": [1.0, 1.5, 2.0, 2.5, 1.0, 1.5, 2.0, 2.5, 1.0, 2.0, 2.5, 1.0, 1.5, 2.0, 2.5, 1.0, 2.0, 2.5, 1.0], "timesignature": ["2/4", "2/4", "2/4", "2/4", "2/4", "2/4", "2/4", "2/4", "2/4", "2/4", "2/4", "2/4", "2/4", "2/4", "2/4", "2/4", "2/4", "2/4", "2/4"], "gpr2a_Frankland": [null, null, null, null, null, null, null, null, null, null, null, null, null, null, null, null, null, null, null], "gpr2b_Frankland": [null, null, null, null, null, null, null, null, 0.5, null, null, null, null, null, null, 0.5, null, null, null], "gpr3a_Frankland": [null, null, null, null, null, null, 0.75, null, 0.8333333333333334, null, null, null, null, null, null, null, null, null, null], "gpr3d_Frankland": [null, 0.0, 0.0, 0.0, 0.0, 0.0, null, null, null, null, 0.0, 0.0, 0.0, null, null, null, null, null, null], "gpr_Frankland_sum": [0, 0, 0, 0, 0, 0, 0.75, 0, 1.3333333333333335, 0, 0, 0, 0, 0, 0, 0.5, 0, 0, 0], "lbdm_spitch": [null, 0.0, 0.0, 0.11904761904761905, 0.11904761904761905, 0.0, 0.5, 0.1904761904761905, 1.0, 0.0, 0.11904761904761905, 0.11904761904761905, 0.0, 0.35714285714285715, 0.14285714285714288, 0.1904761904761905, 0.0, null, null], "lbdm_sioi": [null, 0.0, 0.0, 0.0, 0.0, 0.0, 0.0, 0.25, 1.0, 0.25, 0.0, 0.0, 0.0, 0.0, 0.25, 1.0, 0.25, null, null], "lbdm_srest": [null, 0.0, 0.0, 0.0, 0.0, 0.0, 0.0, 0.0, 0.0, 0.0, 0.0, 0.0, 0.0, 0.0, 0.0, 0.0, 0.0, null, null], "lbdm_rpitch": [null, 0.6666666666666666, 0.0, 0.3333333333333333, 0.0, 0.3333333333333333, 0.5, 0.2, 0.3333333333333333, 0.6, 0.3333333333333333, 0.0, 0.3333333333333333, 0.5, 0.0, 0.2, 0.3333333333333333, 0.5, null], "lbdm_rioi": [null, 0.0, 0.0, 0.0, 0.0, 0.0, 0.0, 0.0, 0.3333333333333333, 0.3333333333333333, 0.0, 0.0, 0.0, 0.0, 0.0, 0.3333333333333333, 0.3333333333333333, 0.0, null], "lbdm_rrest": [null, 0.0, 0.0, 0.0, 0.0, 0.0, 0.0, 0.0, 0.0, 0.0, 0.0, 0.0, 0.0, 0.0, 0.0, 0.0, 0.0, 0.0, null], "lbdm_boundarystrength": [null, 0.0, 0.0, 0.029761904761904764, 0.029761904761904764, 0.0, 0.125, 0.17261904761904762, 0.75, 0.125, 0.029761904761904764, 0.029761904761904764, 0.0, 0.08928571428571429, 0.16071428571428573, 0.5476190476190477, 0.125, null, null]}}
