{"id": "KB3014100001", "tunefamily": "", "year": -1, "tunefamily_full": "", "type": "", "freemeter": false, "origin": "", "features": {"scaledegree": [4, 5, 6, 7, 1, 7, 6, 5, 4, 2, 1, 3, 4, 2, 1, 4, 2, 2, 2, 1, 1], "scaledegreespecifier": ["P", "P", "M", "m", "P", "m", "M", "P", "P", "M", "P", "M", "P", "M", "P", "P", "M", "M", "M", "P", "P"], "tonic": ["G", "G", "G", "G", "G", "G", "G", "G", "G", "G", "G", "G", "G", "G", "G", "G", "G", "G", "G", "G", "G"], "mode": ["major", "major", "major", "major", "major", "major", "major", "major", "major", "major", "major", "major", "major", "major", "major", "major", "major", "major", "major", "major", "major"], "metriccontour": [null, "-", "-", "+", "+", "-", "-", "+", "+", "-", "+", "-", "+", "-", "+", "+", "-", "+", "-", "+", "-"], "imaweight": [0.69802, 0.20297, 0.019802, 0.856436, 0.70297, 0.336634, 0.0792079, 0.722772, 0.975248, 0.381188, 0.915842, 0.460396, 0.836634, 0.39604, 1.0, 0.821782, 0.356436, 0.737624, 0.242574, 0.876238, 0.737624], "imaweight_spectral": [0.881857, 0.493671, 0.0337553, 1.0, 0.936709, 0.540084, 0.0843882, 0.869198, 0.966245, 0.459916, 0.915612, 0.527426, 0.848101, 0.472574, 0.987342, 0.936709, 0.523207, 0.864979, 0.443038, 0.983122, 0.932489], "pitch40_hewlett": [163, 169, 175, 180, 186, 180, 175, 169, 163, 152, 146, 158, 163, 152, 146, 163, 152, 152, 152, 146, 146], "pitch40_sapp": [202, 208, 214, 219, 225, 219, 214, 208, 202, 191, 185, 197, 202, 191, 185, 202, 191, 191, 191, 185, 185], "octave": [5, 5, 5, 5, 5, 5, 5, 5, 5, 4, 4, 4, 5, 4, 4, 5, 4, 4, 4, 4, 4], "midipitch": [72, 74, 76, 77, 79, 77, 76, 74, 72, 69, 67, 71, 72, 69, 67, 72, 69, 69, 69, 67, 67], "diatonicpitch": [31, 32, 33, 34, 35, 34, 33, 32, 31, 29, 28, 30, 31, 29, 28, 31, 29, 29, 29, 28, 28], "diatonicinterval": [null, 1, 1, 1, 1, -1, -1, -1, -1, -2, -1, 2, 1, -2, -1, 3, -2, 0, 0, -1, 0], "chromaticinterval": [null, 2, 2, 1, 2, -2, -1, -2, -2, -3, -2, 4, 1, -3, -2, 5, -3, 0, 0, -2, 0], "pitchproximity": [null, null, 2, 1, 2, 2, 1, 2, 2, 3, 2, 4, 1, 3, 2, 5, 3, 0, 0, 2, 0], "pitchreversal": [null, null, 0, 0, 0, 1.5, 0, 0, 0, 0, 0, 1.5, 0, 1.5, 0, 0, 1.5, 0, 0, 0, 0], "nextisrest": [false, false, false, false, false, false, false, false, false, false, false, false, false, false, false, false, false, false, false, false, true], "restduration_frac": [null, null, null, null, null, null, null, null, null, null, null, null, null, null, null, null, null, null, null, null, "1/2"], "duration": [0.5, 0.25, 0.25, 1.0, 0.5, 0.25, 0.25, 1.0, 0.5, 0.5, 0.5, 0.5, 0.5, 0.5, 1.0, 0.5, 0.5, 0.5, 0.5, 1.0, 0.5], "duration_frac": ["1/2", "1/4", "1/4", "1", "1/2", "1/4", "1/4", "1", "1/2", "1/2", "1/2", "1/2", "1/2", "1/2", "1", "1/2", "1/2", "1/2", "1/2", "1", "1/2"], "duration_fullname": ["Eighth", "16th", "16th", "Quarter", "Eighth", "16th", "16th", "Quarter", "Eighth", "Eighth", "Eighth", "Eighth", "Eighth", "Eighth", "Quarter", "Eighth", "Eighth", "Eighth", "Eighth", "Quarter", "Eighth"], "durationcontour": [null, "-", "=", "+", "-", "-", "=", "+", "-", "=", "=", "=", "=", "=", "+", "-", "=", "=", "=", "+", "-"], "onsettick": [0, 2, 3, 4, 8, 10, 11, 12, 16, 18, 20, 22, 24, 26, 28, 32, 34, 36, 38, 40, 44], "beatfraction": ["1/2", "1/4", "1/4", "1", "1/2", "1/4", "1/4", "1", "1/2", "1/2", "1/2", "1/2", "1/2", "1/2", "1", "1/2", "1/2", "1/2", "1/2", "1", "1/2"], "phrasepos": [0.0, 0.07142857142857142, 0.10714285714285714, 0.14285714285714285, 0.2857142857142857, 0.35714285714285715, 0.39285714285714285, 0.42857142857142855, 0.5714285714285714, 0.6428571428571429, 0.7142857142857143, 0.7857142857142857, 0.8571428571428571, 0.9285714285714286, 1.0, 0.0, 0.16666666666666666, 0.3333333333333333, 0.5, 0.6666666666666666, 1.0], "phrase_ix": [0, 0, 0, 0, 0, 0, 0, 0, 0, 0, 0, 0, 0, 0, 0, 1, 1, 1, 1, 1, 1], "phrase_end": [false, false, false, false, false, false, false, false, false, false, false, false, false, false, true, false, false, false, false, false, true], "songpos": [0.0, 0.045454545454545456, 0.06818181818181818, 0.09090909090909091, 0.18181818181818182, 0.22727272727272727, 0.25, 0.2727272727272727, 0.36363636363636365, 0.4090909090909091, 0.45454545454545453, 0.5, 0.5454545454545454, 0.5909090909090909, 0.6363636363636364, 0.7272727272727273, 0.7727272727272727, 0.8181818181818182, 0.8636363636363636, 0.9090909090909091, 1.0], "beatinsong": ["0", "1/2", "3/4", "1", "2", "5/2", "11/4", "3", "4", "9/2", "5", "11/2", "6", "13/2", "7", "8", "17/2", "9", "19/2", "10", "11"], "beatinphrase": ["0", "1/2", "3/4", "1", "2", "5/2", "11/4", "3", "4", "9/2", "5", "11/2", "6", "13/2", "7", "0", "1/2", "1", "3/2", "2", "3"], "beatinphrase_end": ["-6", "-11/2", "-21/4", "-5", "-4", "-7/2", "-13/4", "-3", "-2", "-3/2", "-1", "-1/2", "0", "1/2", "1", "-2", "-3/2", "-1", "-1/2", "0", "1"], "IOI_frac": ["1/2", "1/4", "1/4", "1", "1/2", "1/4", "1/4", "1", "1/2", "1/2", "1/2", "1/2", "1/2", "1/2", "1", "1/2", "1/2", "1/2", "1/2", "1", "1"], "IOI": [0.5, 0.25, 0.25, 1.0, 0.5, 0.25, 0.25, 1.0, 0.5, 0.5, 0.5, 0.5, 0.5, 0.5, 1.0, 0.5, 0.5, 0.5, 0.5, 1.0, 1.0], "IOR_frac": [null, "1/2", "1", "4", "1/2", "1/2", "1", "4", "1/2", "1", "1", "1", "1", "1", "2", "1/2", "1", "1", "1", "2", "1"], "IOR": [null, 0.5, 1.0, 4.0, 0.5, 0.5, 1.0, 4.0, 0.5, 1.0, 1.0, 1.0, 1.0, 1.0, 2.0, 0.5, 1.0, 1.0, 1.0, 2.0, 1.0], "imacontour": [null, "-", "-", "+", "-", "-", "-", "+", "+", "-", "+", "-", "+", "-", "+", "-", "-", "+", "-", "+", "-"], "pitch": ["C5", "D5", "E5", "F5", "G5", "F5", "E5", "D5", "C5", "A4", "G4", "B4", "C5", "A4", "G4", "C5", "A4", "A4", "A4", "G4", "G4"], "contour3": [null, "+", "+", "+", "+", "-", "-", "-", "-", "-", "-", "+", "+", "-", "-", "+", "-", "=", "=", "-", "="], "contour5": [null, "+", "+", "+", "+", "-", "-", "-", "-", "--", "-", "++", "+", "--", "-", "++", "--", "=", "=", "-", "="], "beatstrength": [1.0, 0.25, 0.125, 0.5, 1.0, 0.25, 0.125, 0.5, 1.0, 0.25, 0.5, 0.25, 1.0, 0.25, 0.5, 1.0, 0.25, 0.5, 0.25, 1.0, 0.5], "beat_str": ["1", "1", "1", "2", "1", "1", "1", "2", "1", "1", "2", "2", "1", "1", "2", "1", "1", "2", "2", "1", "2"], "beat_fraction_str": ["0", "1/2", "3/4", "0", "0", "1/2", "3/4", "0", "0", "1/2", "0", "1/2", "0", "1/2", "0", "0", "1/2", "0", "1/2", "0", "0"], "beat": [1.0, 1.5, 1.75, 2.0, 1.0, 1.5, 1.75, 2.0, 1.0, 1.5, 2.0, 2.5, 1.0, 1.5, 2.0, 1.0, 1.5, 2.0, 2.5, 1.0, 2.0], "timesignature": ["2/4", "2/4", "2/4", "2/4", "2/4", "2/4", "2/4", "2/4", "2/4", "2/4", "2/4", "2/4", "2/4", "2/4", "2/4", "2/4", "2/4", "2/4", "2/4", "2/4", "2/4"], "gpr2a_Frankland": [null, null, null, null, null, null, null, null, null, null, null, null, null, null, null, null, null, null, null, null, 0.125], "gpr2b_Frankland": [null, null, null, 0.625, null, null, null, 0.625, null, null, null, null, null, null, 0.5, null, null, null, null, null, null], "gpr3a_Frankland": [null, null, null, null, null, null, null, null, 0.33333333333333337, null, 0.625, null, 0.5, null, 0.5, null, null, null, 1.0, null, null], "gpr3d_Frankland": [null, null, null, null, null, null, null, null, null, 0.0, 0.0, 0.0, null, null, null, null, 0.0, null, 0.5, null, null], "gpr_Frankland_sum": [0, 0, 0, 0.625, 0, 0, 0, 0.625, 0.33333333333333337, 0, 0.625, 0, 0.5, 0, 1.0, 0, 0, 0, 1.5, 0, 0.125], "lbdm_spitch": [null, 0.1473684210526316, 0.1473684210526316, 0.1473684210526316, 0.1473684210526316, 0.1473684210526316, 0.1473684210526316, 0.10526315789473684, 0.3157894736842105, 0.28947368421052627, 1.0, 0.2807017543859649, 0.5263157894736841, 0.3508771929824561, 0.9824561403508771, 0.8842105263157896, 0.0, 0.0, 0.7368421052631579, null, null], "lbdm_sioi": [null, 0.08928571428571427, 0.1607142857142857, 1.0, 0.3571428571428571, 0.08928571428571427, 0.1607142857142857, 1.0, 0.17857142857142855, 0.0, 0.0, 0.0, 0.0, 0.17857142857142855, 0.7142857142857142, 0.17857142857142855, 0.0, 0.0, 0.17857142857142855, null, null], "lbdm_srest": [null, 0.0, 0.0, 0.0, 0.0, 0.0, 0.0, 0.0, 0.0, 0.0, 0.0, 0.0, 0.0, 0.0, 0.0, 0.0, 0.0, 0.0, 0.0, null, null],