{"id": "KB3004600000", "tunefamily": "", "year": -1, "tunefamily_full": "", "type": "", "freemeter": false, "origin": "", "features": {"scaledegree": [5, 5, 2, 4, 5, 7, 5, 5, 2, 1, 7, 5, 5, 7, 1, 5, 4, 1, 3, 1], "scaledegreespecifier": ["P", "P", "M", "A", "P", "m", "P", "P", "M", "P", "m", "P", "P", "m", "P", "P", "P", "P", "m", "P"], "tonic": ["A", "A", "A", "A", "A", "A", "A", "A", "A", "A", "A", "A", "A", "A", "A", "A", "A", "A", "A", "A"], "mode": ["minor", "minor", "minor", "minor", "minor", "minor", "minor", "minor", "minor", "minor", "minor", "minor", "minor", "minor", "minor", "minor", "minor", "minor", "minor", "minor"], "metriccontour": [null, "-", "+", "=", "+", "-", "+", "-", "+", "=", "+", "-", "+", "-", "+", "-", "+", "-", "+", "-"], "imaweight": [0.536364, 0.109091, 0.454545, 0.309091, 0.572727, 0.609091, 0.8, 0.263636, 0.636364, 0.672727, 0.754545, 0.818182, 1.0, 0.436364, 0.781818, 0.445455, 0.854545, 0.363636, 0.854545, 0.6], "imaweight_spectral": [1.0, 0.331361, 0.852071, 0.899408, 0.87574, 0.828402, 0.905325, 0.408284, 0.822485, 0.846154, 0.899408, 0.964497, 0.899408, 0.35503, 0.852071, 0.337278, 0.852071, 0.284024, 0.899408, 0.852071], "pitch40_hewlett": [175, 175, 158, 170, 175, 186, 175, 175, 158, 152, 146, 135, 135, 146, 152, 175, 169, 152, 163, 152], "pitch40_sapp": [214, 214, 197, 209, 214, 225, 214, 214, 197, 191, 185, 174, 174, 185, 191, 214, 208, 191, 202, 191], "octave": [5, 5, 4, 5, 5, 5, 5, 5, 4, 4, 4, 4, 4, 4, 4, 5, 5, 4, 5, 4], "midipitch": [76, 76, 71, 75, 76, 79, 76, 76, 71, 69, 67, 64, 64, 67, 69, 76, 74, 69, 72, 69], "diatonicpitch": [32, 32, 29, 31, 32, 34, 32, 32, 29, 28, 27, 25, 25, 27, 28, 32, 31, 28, 30, 28], "diatonicinterval": [null, 0, -3, 2, 1, 2, -2, 0, -3, -1, -1, -2, 0, 2, 1, 4, -1, -3, 2, -2], "chromaticinterval": [null, 0, -5, 4, 1, 3, -3, 0, -5, -2, -2, -3, 0, 3, 2, 7, -2, -5, 3, -3], "pitchproximity": [null, null, 5, 4, 1, 3, 3, 0, 5, 2, 2, 3, 0, 3, 2, 7, 2, 5, 3, 3], "pitchreversal": [null, null, 0, 1.5, 0, 0, 1.5, 0, 0, 0, 0, 0, 0, 0, 0, 0, 1, 0, 1.5, 1.5], "nextisrest": [false, false, false, false, false, false, false, false, false, false, false, false, false, false, false, false, false, false, false, null], "restduration_frac": [null, null, null, null, null, null, null, null, null, null, null, null, null, null, null, null, null, null, null, null], "duration": [0.5, 0.5, 1.0, 1.0, 2.0, 1.0, 0.5, 0.5, 1.0, 1.0, 1.0, 2.0, 0.5, 0.5, 0.5, 0.5, 0.5, 0.5, 1.0, 2.0], "duration_frac": ["1/2", "1/2", "1", "1", "2", "1", "1/2", "1/2", "1", "1", "1", "2", "1/2", "1/2", "1/2", "1/2", "1/2", "1/2", "1", "2"], "duration_fullname": ["Eighth", "Eighth", "Quarter", "Quarter", "Half", "Quarter", "Eighth", "Eighth", "Quarter", "Quarter", "Quarter", "Half", "Eighth", "Eighth", "Eighth", "Eighth", "Eighth", "Eighth", "Quarter", "Half"], "durationcontour": [null, "=", "+", "=", "+", "-", "-", "=", "+", "=", "=", "+", "-", "=", "=", "=", "=", "=", "+", "+"], "onsettick": [0, 1, 2, 4, 6, 10, 12, 13, 14, 16, 18, 20, 24, 25, 26, 27, 28, 29, 30, 32], "beatfraction": ["1/2", "1/2", "1", "1", "2", "1", "1/2", "1/2", "1", "1", "1", "2", "1/2", "1/2", "1/2", "1/2", "1/2", "1/2", "1", "2"], "phrasepos": [0.0, 0.05, 0.1, 0.2, 0.3, 0.5, 0.6, 0.65, 0.7, 0.8, 0.9, 1.0, 0.0, 0.125, 0.25, 0.375, 0.5, 0.625, 0.75, 1.0], "phrase_ix": [0, 0, 0, 0, 0, 0, 0, 0, 0, 0, 0, 0, 1, 1, 1, 1, 1, 1, 1, 1], "phrase_end": [false, false, false, false, false, false, false, false, false, false, false, true, false, false, false, false, false, false, false, true], "songpos": [0.0, 0.03125, 0.0625, 0.125, 0.1875, 0.3125, 0.375, 0.40625, 0.4375, 0.5, 0.5625, 0.625, 0.75, 0.78125, 0.8125, 0.84375, 0.875, 0.90625, 0.9375, 1.0], "beatinsong": ["0", "1/2", "1", "2", "3", "5", "6", "13/2", "7", "8", "9", "10", "12", "25/2", "13", "27/2", "14", "29/2", "15", "16"], "beatinphrase": ["0", "1/2", "1", "2", "3", "5", "6", "13/2", "7", "8", "9", "10", "0", "1/2", "1", "3/2", "2", "5/2", "3", "4"], "beatinphrase_end": ["-9", "-17/2", "-8", "-7", "-6", "-4", "-3", "-5/2", "-2", "-1", "0", "1", "-3", "-5/2", "-2", "-3/2", "-1", "-1/2", "0", "1"], "IOI_frac": ["1/2", "1/2", "1", "1", "2", "1", "1/2", "1/2", "1", "1", "1", "2", "1/2", "1/2", "1/2", "1/2", "1/2", "1/2", "1", null], "IOI": [0.5, 0.5, 1.0, 1.0, 2.0, 1.0, 0.5, 0.5, 1.0, 1.0, 1.0, 2.0, 0.5, 0.5, 0.5, 0.5, 0.5, 0.5, 1.0, null], "IOR_frac": [null, "1", "2", "1", "2", "1/2", "1/2", "1", "2", "1", "1", "2", "1/4", "1", "1", "1", "1", "1", "2", null], "IOR": [null, 1.0, 2.0, 1.0, 2.0, 0.5, 0.5, 1.0, 2.0, 1.0, 1.0, 2.0, 0.25, 1.0, 1.0, 1.0, 1.0, 1.0, 2.0, null], "imacontour": [null, "-", "+", "-", "+", "+", "+", "-", "+", "+", "+", "+", "+", "-", "+", "-", "+", "-", "+", "-"], "pitch": ["E5", "E5", "B4", "D#5", "E5", "G5", "E5", "E5", "B4", "A4", "G4", "E4", "E4", "G4", "A4", "E5", "D5", "A4", "C5", "A4"], "contour3": [null, "=", "-", "+", "+", "+", "-", "=", "-", "-", "-", "-", "=", "+", "+", "+", "-", "-", "+", "-"], "contour5": [null, "=", "--", "++", "+", "++", "--", "=", "--", "-", "-", "--", "=", "++", "+", "++", "-", "--", "++", "--"], "beatstrength": [1.0, 0.25, 0.5, 0.5, 1.0, 0.5, 1.0, 0.25, 0.5, 0.5, 1.0, 0.5, 1.0, 0.25, 0.5, 0.25, 0.5, 0.25, 1.0, 0.5], "beat_str": ["1", "1", "2", "3", "1", "3", "1", "1", "2", "3", "1", "2", "1", "1", "2", "2", "3", "3", "1", "2"], "beat_fraction_str": ["0", "1/2", "0", "0", "0", "0", "0", "1/2", "0", "0", "0", "0", "0", "1/2", "0", "1/2", "0", "1/2", "0", "0"], "beat": [1.0, 1.5, 2.0, 3.0, 1.0, 3.0, 1.0, 1.5, 2.0, 3.0, 1.0, 2.0, 1.0, 1.5, 2.0, 2.5, 3.0, 3.5, 1.0, 2.0], "timesignature": ["3/4", "3/4", "3/4", "3/4", "3/4", "3/4", "3/4", "3/4", "3/4", "3/4", "3/4", "3/4", "3/4", "3/4", "3/4", "3/4", "3/4", "3/4", "3/4", "3/4"], "gpr2a_Frankland": [null, null, null, null, null, null, null, null, null, null, null, null, null, null, null, null, null, null, null, null], "gpr2b_Frankland": [null, null, null, null, 0.5, null, null, null, null, null, null, 0.625, null, null, null, null, null, null, null, null], "gpr3a_Frankland": [null, 0.6, null, null, null, null, null, 0.8, null, null, 0.6666666666666667, null, 0.6666666666666667, null, 0.7142857142857143, null, 0.5, null, null, null], "gpr3d_Frankland": [null, 0.5, null, null, null, null, null, 0.5, null, null, null, null, null, 0.0, 0.0, 0.0, null, null, null, null], "gpr_Frankland_sum": [0, 1.1, 0, 0, 0.5, 0, 0, 1.3, 0, 0, 0.6666666666666667, 0.625, 0.6666666666666667, 0, 0.7142857142857143, 0, 0.5, 0, 0, 0], "lbdm_spitch": [null, 0.6326530612244898, 0.32653061224489793, 0.11972789115646258, 0.15714285714285714, 0.28285714285714286, 0.0, 0.8231292517006803, 0.10476190476190476, 0.044897959183673466, 0.3502040816326531, 0.0, 0.3502040816326531, 0.18775510204081633, 1.0, 0.24761904761904763, 0.41904761904761906, 0.0942857142857143, null, null], "lbdm_sioi": [null, 0.08928571428571427, 0.17857142857142855, 0.17857142857142855, 0.7142857142857142, 0.3571428571428571, 0.08928571428571427, 0.08928571428571427, 0.17857142857142855, 0.0, 0.17857142857142855, 1.0, 0.1607142857142857, 0.0, 0.0, 0.0, 0.0, 0.08928571428571427, null, null], "lbdm_srest": [null, 0.0, 0.0, 0.0, 0.0, 0.0, 0.0, 0.0, 0.0, 0.0, 0.0, 0.0, 0.0, 0.0, 0.0, 0.0, 0.0, 0.0, null, null], "lbdm_rpitch": [null, 0.7142857142857143, 0.09090909090909091, 0.42857142857142855, 0.3333333333333333, 0.0, 0.6, 0.7142857142857143, 0.3333333333333333, 0.0, 0.14285714285714285, 0.6, 0.6, 0.14285714285714285, 0.45454545454545453, 0.45454545454545453, 0.3333333333333333, 0.2, 0.0, null], "lbdm_rioi": [null, 0.0, 0.3333333333333333, 0.0, 0.3333333333333333, 0.3333333333333333, 0.3333333333333333, 0.0, 0.3333333333333333, 0.0, 0.0, 0.3333333333333333, 0.6, 0.0, 0.0, 0.0, 0.0, 0.0, 0.3333333333333333, null], "lbdm_rrest": [null, 0.0, 0.0, 0.0, 0.0, 0.0, 0.0, 0.0, 0.0, 0.0, 0.0, 0.0, 0.0, 0.0, 0.0, 0.0, 0.0, 0.0, 0.0, null],