{"id": "KB3040100000", "tunefamily": "", "year": -1, "tunefamily_full": "", "type": "", "freemeter": false, "origin": "", "features": {"scaledegree": [1, 4, 4, 1, 2, 2, 2, 1, 1, 1, 4, 5, 6, 4, 7, 6, 5, 1, 1, 4], "scaledegreespecifier": ["P", "P", "P", "P", "M", "M", "M", "P", "P", "P", "P", "P", "M", "P", "m", "M", "P", "P", "P", "P"], "tonic": ["G", "G", "G", "G", "G", "G", "G", "G", "G", "G", "G", "G", "G", "G", "G", "G", "G", "G", "G", "G"], "mode": ["major", "major", "major", "major", "major", "major", "major", "major", "major", "major", "major", "major", "major", "major", "major", "major", "major", "major", "major", "major"], "metriccontour": [null, "-", "+", "-", "+", "-", "+", "+", "-", "+", "+", "-", "+", "-", "+", "-", "+", "+", "-", "+"], "imaweight": [0.743697, 0.743697, 0.794118, 0.743697, 0.760504, 0.201681, 0.848739, 0.777311, 0.273109, 0.810924, 1.0, 0.285714, 0.911765, 0.340336, 0.894958, 0.252101, 1.0, 0.844538, 0.189076, 0.794118], "imaweight_spectral": [0.889313, 0.889313, 1.0, 0.889313, 0.874046, 0.366412, 0.938931, 0.889313, 0.416031, 0.90458, 0.954198, 0.305344, 0.889313, 0.354962, 0.858779, 0.290076, 0.954198, 0.950382, 0.339695, 0.90458], "pitch40_hewlett": [146, 163, 163, 146, 152, 152, 152, 146, 146, 146, 163, 169, 175, 163, 180, 175, 169, 146, 146, 163], "pitch40_sapp": [185, 202, 202, 185, 191, 191, 191, 185, 185, 185, 202, 208, 214, 202, 219, 214, 208, 185, 185, 202], "octave": [4, 5, 5, 4, 4, 4, 4, 4, 4, 4, 5, 5, 5, 5, 5, 5, 5, 4, 4, 5], "midipitch": [67, 72, 72, 67, 69, 69, 69, 67, 67, 67, 72, 74, 76, 72, 77, 76, 74, 67, 67, 72], "diatonicpitch": [28, 31, 31, 28, 29, 29, 29, 28, 28, 28, 31, 32, 33, 31, 34, 33, 32, 28, 28, 31], "diatonicinterval": [null, 3, 0, -3, 1, 0, 0, -1, 0, 0, 3, 1, 1, -2, 3, -1, -1, -4, 0, 3], "chromaticinterval": [null, 5, 0, -5, 2, 0, 0, -2, 0, 0, 5, 2, 2, -4, 5, -1, -2, -7, 0, 5], "pitchproximity": [null, null, 0, 5, 2, 0, 0, 2, 0, 0, 5, 2, 2, 4, 5, 1, 2, 7, 0, 5], "pitchreversal": [null, null, 0, 0, 0, 0, 0, 0, 0, 0, 0, 0, 0, 1.5, 1.5, 0, 0, 0, 1, 0], "nextisrest": [false, false, false, false, false, false, false, false, false, false, false, false, false, false, false, false, false, false, false, null], "restduration_frac": [null, null, null, null, null, null, null, null, null, null, null, null, null, null, null, null, null, null, null, null], "duration": [1.0, 1.0, 1.0, 1.0, 0.5, 0.5, 1.0, 0.5, 0.5, 1.0, 0.5, 0.5, 0.5, 0.5, 0.5, 0.5, 1.0, 0.5, 0.5, 1.0], "duration_frac": ["1", "1", "1", "1", "1/2", "1/2", "1", "1/2", "1/2", "1", "1/2", "1/2", "1/2", "1/2", "1/2", "1/2", "1", "1/2", "1/2", "1"], "duration_fullname": ["Quarter", "Quarter", "Quarter", "Quarter", "Eighth", "Eighth", "Quarter", "Eighth", "Eighth", "Quarter", "Eighth", "Eighth", "Eighth", "Eighth", "Eighth", "Eighth", "Quarter", "Eighth", "Eighth", "Quarter"], "durationcontour": [null, "=", "=", "=", "-", "=", "+", "-", "=", "+", "-", "=", "=", "=", "=", "=", "+", "-", "=", "+"], "onsettick": [0, 2, 4, 6, 8, 9, 10, 12, 13, 14, 16, 17, 18, 19, 20, 21, 22, 24, 25, 26], "beatfraction": ["1", "1", "1", "1", "1/2", "1/2", "1", "1/2", "1/2", "1", "1/2", "1/2", "1/2", "1/2", "1/2", "1/2", "1", "1/2", "1/2", "1"], "phrasepos": [0.0, 0.14285714285714285, 0.2857142857142857, 0.42857142857142855, 0.5714285714285714, 0.6428571428571429, 0.7142857142857143, 0.8571428571428571, 0.9285714285714286, 1.0, 0.0, 0.1, 0.2, 0.3, 0.4, 0.5, 0.6, 0.8, 0.9, 1.0], "phrase_ix": [0, 0, 0, 0, 0, 0, 0, 0, 0, 0, 1, 1, 1, 1, 1, 1, 1, 1, 1, 1], "phrase_end": [false, false, false, false, false, false, false, false, false, true, false, false, false, false, false, false, false, false, false, true], "songpos": [0.0, 0.07692307692307693, 0.15384615384615385, 0.23076923076923078, 0.3076923076923077, 0.34615384615384615, 0.38461538461538464, 0.46153846153846156, 0.5, 0.5384615384615384, 0.6153846153846154, 0.6538461538461539, 0.6923076923076923, 0.7307692307692307, 0.7692307692307693, 0.8076923076923077, 0.8461538461538461, 0.9230769230769231, 0.9615384615384616, 1.0], "beatinsong": ["0", "1", "2", "3", "4", "9/2", "5", "6", "13/2", "7", "8", "17/2", "9", "19/2", "10", "21/2", "11", "12", "25/2", "13"], "beatinphrase": ["0", "1", "2", "3", "4", "9/2", "5", "6", "13/2", "7", "0", "1/2", "1", "3/2", "2", "5/2", "3", "4", "9/2", "5"], "beatinphrase_end": ["-6", "-5", "-4", "-3", "-2", "-3/2", "-1", "0", "1/2", "1", "-4", "-7/2", "-3", "-5/2", "-2", "-3/2", "-1", "0", "1/2", "1"], "IOI_frac": ["1", "1", "1", "1", "1/2", "1/2", "1", "1/2", "1/2", "1", "1/2", "1/2", "1/2", "1/2", "1/2", "1/2", "1", "1/2", "1/2", null], "IOI": [1.0, 1.0, 1.0, 1.0, 0.5, 0.5, 1.0, 0.5, 0.5, 1.0, 0.5, 0.5, 0.5, 0.5, 0.5, 0.5, 1.0, 0.5, 0.5, null], "IOR_frac": [null, "1", "1", "1", "1/2", "1", "2", "1/2", "1", "2", "1/2", "1", "1", "1", "1", "1", "2", "1/2", "1", null], "IOR": [null, 1.0, 1.0, 1.0, 0.5, 1.0, 2.0, 0.5, 1.0, 2.0, 0.5, 1.0, 1.0, 1.0, 1.0, 1.0, 2.0, 0.5, 1.0, null], "imacontour": [null, "=", "+", "-", "+", "-", "+", "-", "-", "+", "+", "-", "+", "-", "+", "-", "+", "-", "-", "+"], "pitch": ["G4", "C5", "C5", "G4", "A4", "A4", "A4", "G4", "G4", "G4", "C5", "D5", "E5", "C5", "F5", "E5", "D5", "G4", "G4", "C5"], "contour3": [null, "+", "=", "-", "+", "=", "=", "-", "=", "=", "+", "+", "+", "-", "+", "-", "-", "-", "=", "+"], "contour5": [null, "++", "=", "--", "+", "=", "=", "-", "=", "=", "++", "+", "+", "--", "++", "-", "-", "--", "=", "++"], "beatstrength": [1.0, 0.5, 1.0, 0.5, 1.0, 0.25, 0.5, 1.0, 0.25, 0.5, 1.0, 0.25, 0.5, 0.25, 1.0, 0.25, 0.5, 1.0, 0.25, 0.5], "beat_str": ["1", "2", "1", "2", "1", "1", "2", "1", "1", "2", "1", "1", "2", "2", "1", "1", "2", "1", "1", "2"], "beat_fraction_str": ["0", "0", "0", "0", "0", "1/2", "0", "0", "1/2", "0", "0", "1/2", "0", "1/2", "0", "1/2", "0", "0", "1/2", "0"], "beat": [1.0, 2.0, 1.0, 2.0, 1.0, 1.5, 2.0, 1.0, 1.5, 2.0, 1.0, 1.5, 2.0, 2.5, 1.0, 1.5, 2.0, 1.0, 1.5, 2.0], "timesignature": ["2/4", "2/4", "2/4", "2/4", "2/4", "2/4", "2/4", "2/4", "2/4", "2/4", "2/4", "2/4", "2/4", "2/4", "2/4", "2/4", "2/4", "2/4", "2/4", "2/4"], "gpr2a_Frankland": [null, null, null, null, null, null, null, null, null, null, null, null, null, null, null, null, null, null, null, null], "gpr2b_Frankland": [null, null, null, null, null, null, 0.5, null, null, 0.5, null, null, null, null, null, null, 0.5, null, null, null], "gpr3a_Frankland": [null, null, 0.8, null, null, null, 1.0, null, null, 0.8, null, null, null, 0.5, null, null, 0.8571428571428572, null, null, null], "gpr3d_Frankland": [null, 0.0, null, 0.5, null, null, null, null, null, null, null, 0.0, 0.0, 0.0, null, null, null, null, null, null], "gpr_Frankland_sum": [0, 0, 0.8, 0.5, 0, 0, 1.5, 0, 0, 1.3, 0, 0, 0, 0.5, 0, 0, 1.3571428571428572, 0, 0, 0], "lbdm_spitch": [null, 0.0, 0.6072264971562396, 0.19320843091334894, 0.0, 0.0, 0.23185011709601874, 0.0, 0.0, 0.6072264971562396, 0.07728337236533957, 0.057962529274004686, 0.15807962529274006, 0.34250585480093676, 0.08114754098360655, 0.15175644028103044, 1.0, 0.0, null, null], "lbdm_sioi": [null, 0.0, 0.0, 0.5, 0.25, 0.25, 1.0, 0.25, 0.25, 1.0, 0.25, 0.0, 0.0, 0.0, 0.0, 0.25, 1.0, 0.25, null, null], "lbdm_srest": [null, 0.0, 0.0, 0.0, 0.0, 0.0, 0.0, 0.0, 0.0, 0.0, 0.0, 0.0, 0.0, 0.0, 0.0, 0.0, 0.0, 0.0, null, null], "lbdm_rpitch": [null, 0.7142857142857143, 0.7142857142857143, 0.3333333333333333, 0.5, 0.0, 0.5, 0.5, 0.0, 0.7142857142857143, 0.3333333333333333, 0.0, 0.25, 0.09090909090909091, 0.5, 0.2, 0.45454545454545453, 0.7777777777777778, 0.7142857142857143, null], "lbdm_rioi": [null, 0.0, 0.0, 0.0, 0.3333333333333333, 0.0, 0.3333333333333333, 0.3333333333333333, 0.0, 0.3333333333333333, 0.3333333333333333, 0.0, 0.0, 0.0, 0.0, 0.0, 0.3333333333333333, 0.3333333333333333, 0.0, null], "lbdm_rrest": [null, 0.0, 0.0, 0.0, 0.0, 0.0, 0.0, 0.0, 0.0, 0.0, 0.0, 0.0, 0.0, 0.0, 0.0, 0.0, 0.0, 0.0, 0.0, null],