{"id": "KB3033600000", "tunefamily": "", "year": -1, "tunefamily_full": "", "type": "", "freemeter": false, "origin": "", "features": {"scaledegree": [3, 5, 5, 6, 5, 3, 5, 5, 5, 4, 3, 2, 7, 1, 4, 3, 1], "scaledegreespecifier": ["m", "P", "P", "m", "P", "m", "P", "P", "P", "P", "m", "M", "M", "P", "P", "m", "P"], "tonic": ["A", "A", "A", "A", "A", "A", "A", "A", "A", "A", "A", "A", "A", "A", "A", "A", "A"], "mode": ["minor", "minor", "minor", "minor", "minor", "minor", "minor", "minor", "minor", "minor", "minor", "minor", "minor", "minor", "minor", "minor", "minor"], "metriccontour": [null, "-", "+", "-", "+", "+", "-", "+", "-", "+", "-", "+", "-", "+", "+", "-", "+"], "imaweight": [0.857143, 0.0952381, 0.952381, 0.0952381, 0.285714, 0.857143, 0.190476, 1.0, 0.380952, 0.857143, 0.190476, 0.952381, 0.0952381, 0.285714, 0.857143, 0.952381, 0.809524], "imaweight_spectral": [1.0, 0.16, 0.96, 0.16, 0.36, 0.92, 0.24, 1.0, 0.48, 0.88, 0.28, 0.92, 0.2, 0.36, 1.0, 1.0, 1.0], "pitch40_hewlett": [163, 175, 175, 180, 175, 163, 175, 175, 175, 169, 163, 158, 147, 152, 169, 163, 152], "pitch40_sapp": [202, 214, 214, 219, 214, 202, 214, 214, 214, 208, 202, 197, 186, 191, 208, 202, 191], "octave": [5, 5, 5, 5, 5, 5, 5, 5, 5, 5, 5, 4, 4, 4, 5, 5, 4], "midipitch": [72, 76, 76, 77, 76, 72, 76, 76, 76, 74, 72, 71, 68, 69, 74, 72, 69], "diatonicpitch": [30, 32, 32, 33, 32, 30, 32, 32, 32, 31, 30, 29, 27, 28, 31, 30, 28], "diatonicinterval": [null, 2, 0, 1, -1, -2, 2, 0, 0, -1, -1, -1, -2, 1, 3, -1, -2], "chromaticinterval": [null, 4, 0, 1, -1, -4, 4, 0, 0, -2, -2, -1, -3, 1, 5, -2, -3], "pitchproximity": [null, null, 0, 1, 1, 4, 4, 0, 0, 2, 2, 1, 3, 1, 5, 2, 3], "pitchreversal": [null, null, 0, 0, 1.5, 0, 1.5, 0, 0, 0, 0, 0, 0, 1.5, 0, 0, 0], "nextisrest": [false, false, false, false, false, false, false, false, false, false, false, false, false, false, false, false, null], "restduration_frac": [null, null, null, null, null, null, null, null, null, null, null, null, null, null, null, null, null], "duration": [0.25, 0.75, 0.25, 0.25, 0.5, 0.25, 0.75, 0.5, 0.5, 0.25, 0.75, 0.25, 0.25, 0.5, 1.0, 1.0, 2.0], "duration_frac": ["1/4", "3/4", "1/4", "1/4", "1/2", "1/4", "3/4", "1/2", "1/2", "1/4", "3/4", "1/4", "1/4", "1/2", "1", "1", "2"], "duration_fullname": ["16th", "Dotted Eighth", "16th", "16th", "Eighth", "16th", "Dotted Eighth", "Eighth", "Eighth", "16th", "Dotted Eighth", "16th", "16th", "Eighth", "Quarter", "Quarter", "Half"], "durationcontour": [null, "+", "-", "=", "+", "-", "+", "-", "=", "-", "+", "-", "=", "+", "+", "=", "+"], "onsettick": [0, 1, 4, 5, 6, 8, 9, 12, 14, 16, 17, 20, 21, 22, 24, 28, 32], "beatfraction": ["1/4", "3/4", "1/4", "1/4", "1/2", "1/4", "3/4", "1/2", "1/2", "1/4", "3/4", "1/4", "1/4", "1/2", "1", "1", "2"], "phrasepos": [0.0, 0.03125, 0.125, 0.15625, 0.1875, 0.25, 0.28125, 0.375, 0.4375, 0.5, 0.53125, 0.625, 0.65625, 0.6875, 0.75, 0.875, 1.0], "phrase_ix": [0, 0, 0, 0, 0, 0, 0, 0, 0, 0, 0, 0, 0, 0, 0, 0, 0], "phrase_end": [false, false, false, false, false, false, false, false, false, false, false, false, false, false, false, false, true], "songpos": [0.0, 0.03125, 0.125, 0.15625, 0.1875, 0.25, 0.28125, 0.375, 0.4375, 0.5, 0.53125, 0.625, 0.65625, 0.6875, 0.75, 0.875, 1.0], "beatinsong": ["0", "1/4", "1", "5/4", "3/2", "2", "9/4", "3", "7/2", "4", "17/4", "5", "21/4", "11/2", "6", "7", "8"], "beatinphrase": ["0", "1/4", "1", "5/4", "3/2", "2", "9/4", "3", "7/2", "4", "17/4", "5", "21/4", "11/2", "6", "7", "8"], "beatinphrase_end": ["-8", "-31/4", "-7", "-27/4", "-13/2", "-6", "-23/4", "-5", "-9/2", "-4", "-15/4", "-3", "-11/4", "-5/2", "-2", "-1", "0"], "IOI_frac": ["1/4", "3/4", "1/4", "1/4", "1/2", "1/4", "3/4", "1/2", "1/2", "1/4", "3/4", "1/4", "1/4", "1/2", "1", "1", null], "IOI": [0.25, 0.75, 0.25, 0.25, 0.5, 0.25, 0.75, 0.5, 0.5, 0.25, 0.75, 0.25, 0.25, 0.5, 1.0, 1.0, null], "IOR_frac": [null, "3", "1/3", "1", "2", "1/2", "3", "2/3", "1", "1/2", "3", "1/3", "1", "2", "2", "1", null], "IOR": [null, 3.0, 0.3333333333333333, 1.0, 2.0, 0.5, 3.0, 0.6666666666666666, 1.0, 0.5, 3.0, 0.3333333333333333, 1.0, 2.0, 2.0, 1.0, null], "imacontour": [null, "-", "+", "-", "+", "+", "-", "+", "-", "+", "-", "+", "-", "+", "+", "+", "-"], "pitch": ["C5", "E5", "E5", "F5", "E5", "C5", "E5", "E5", "E5", "D5", "C5", "B4", "G#4", "A4", "D5", "C5", "A4"], "contour3": [null, "+", "=", "+", "-", "-", "+", "=", "=", "-", "-", "-", "-", "+", "+", "-", "-"], "contour5": [null, "++", "=", "+", "-", "--", "++", "=", "=", "-", "-", "-", "--", "+", "++", "-", "--"], "beatstrength": [1.0, 0.125, 0.5, 0.125, 0.25, 1.0, 0.125, 0.5, 0.25, 1.0, 0.125, 0.5, 0.125, 0.25, 1.0, 0.5, 1.0], "beat_str": ["1", "1", "2", "2", "2", "1", "1", "2", "2", "1", "1", "2", "2", "2", "1", "2", "1"], "beat_fraction_str": ["0", "1/4", "0", "1/4", "1/2", "0", "1/4", "0", "1/2", "0", "1/4", "0", "1/4", "1/2", "0", "0", "0"], "beat": [1.0, 1.25, 2.0, 2.25, 2.5, 1.0, 1.25, 2.0, 2.5, 1.0, 1.25, 2.0, 2.25, 2.5, 1.0, 2.0, 1.0], "timesignature": ["2/4", "2/4", "2/4", "2/4", "2/4", "2/4", "2/4", "2/4", "2/4", "2/4", "2/4", "2/4", "2/4", "2/4", "2/4", "2/4", "2/4"], "gpr2a_Frankland": [null, null, null, null, null, null, null, null, null, null, null, null, null, null, null, null, null], "gpr2b_Frankland": [null, 0.6666666666666667, null, null, 0.5, null, 0.5, null, null, null, 0.6666666666666667, null, null, null, null, null, null], "gpr3a_Frankland": [null, null, null, null, null, null, null, null, null, null, null, 0.6666666666666667, null, 0.7, null, null, null], "gpr3d_Frankland": [null, null, null, null, null, null, null, null, null, null, null, null, null, null, null, null, null], "gpr_Frankland_sum": [0, 0.6666666666666667, 0, 0, 0.5, 0, 0.5, 0, 0, 0, 0.6666666666666667, 0.6666666666666667, 0, 0.7, 0, 0, 0], "lbdm_spitch": [null, 0.0, 0.08, 0.10285714285714287, 0.4114285714285715, 0.64, 0.0, 0.0, 0.24000000000000005, 0.09600000000000002, 0.128, 0.4800000000000001, 0.2, 1.0, 0.2285714285714286, null, null], "lbdm_sioi": [null, 1.0, 0.16666666666666666, 0.1111111111111111, 0.4444444444444444, 0.27777777777777773, 0.6999999999999998, 0.13333333333333333, 0.2222222222222222, 0.27777777777777773, 1.0, 0.16666666666666666, 0.1111111111111111, 0.4444444444444444, 0.4444444444444444, null, null], "lbdm_srest": [null, 0.0, 0.0, 0.0, 0.0, 0.0, 0.0, 0.0, 0.0, 0.0, 0.0, 0.0, 0.0, 0.0, 0.0, null, null], "lbdm_rpitch": [null, 0.6666666666666666, 0.3333333333333333, 0.0, 0.42857142857142855, 0.0, 0.6666666666666666, 0.0, 0.5, 0.0, 0.2, 0.3333333333333333, 0.3333333333333333, 0.5, 0.3333333333333333, 0.14285714285714285, null], "lbdm_rioi": [null, 0.5, 0.5, 0.0, 0.3333333333333333, 0.3333333333333333, 0.5, 0.2, 0.0, 0.3333333333333333, 0.5, 0.5, 0.0, 0.3333333333333333, 0.3333333333333333, 0.0, null], "lbdm_rrest": [null, 0.0, 0.0, 0.0, 0.0, 0.0, 0.0, 0.0, 0.0, 0.0, 0.0, 0.0, 0.0, 0.0, 0.0, 0.0, null], "lbdm_boundarystrength": [null, 0.5, 0.10333333333333333, 0.08126984126984127, 0.3250793650793651, 0.29888888888888887, 0.3499999999999999, 0.06666666666666667, 0.1711111111111111, 0.16288888888888886, 0.532, 0.20333333333333337, 0.10555555555555556, 0.4722222222222222, 0.27936507936507937, null, null]}}
