{"id": "KB3128500020", "tunefamily": "", "year": -1, "tunefamily_full": "", "type": "", "freemeter": false, "origin": "", "features": {"scaledegree": [1, 3, 4, 3, 4, 2, 1, 3, 4, 2, 1, 3, 4, 3, 4, 2, 1, 6, 5], "scaledegreespecifier": ["P", "M", "P", "M", "P", "M", "P", "M", "P", "M", "P", "M", "P", "M", "P", "M", "P", "M", "P"], "tonic": ["G", "G", "G", "G", "G", "G", "G", "G", "G", "G", "G", "G", "G", "G", "G", "G", "G", "G", "G"], "mode": ["major", "major", "major", "major", "major", "major", "major", "major", "major", "major", "major", "major", "major", "major", "major", "major", "major", "major", "major"], "metriccontour": [null, "-", "+", "-", "+", "-", "+", "-", "+", "-", "+", "-", "+", "-", "+", "-", "+", "-", "+"], "imaweight": [1.0, 0.944444, 1.0, 0.12963, 0.981481, 0.185185, 1.0, 0.944444, 0.925926, 1.0, 0.925926, 0.944444, 1.0, 0.185185, 0.981481, 0.12963, 1.0, 0.944444, 1.0], "imaweight_spectral": [0.984375, 0.9375, 0.90625, 0.1875, 0.921875, 0.21875, 0.9375, 0.921875, 0.921875, 1.0, 0.921875, 0.921875, 0.9375, 0.21875, 0.921875, 0.1875, 0.90625, 0.9375, 0.984375], "pitch40_hewlett": [146, 158, 163, 158, 163, 152, 146, 158, 163, 152, 146, 158, 163, 158, 163, 152, 146, 135, 129], "pitch40_sapp": [185, 197, 202, 197, 202, 191, 185, 197, 202, 191, 185, 197, 202, 197, 202, 191, 185, 174, 168], "octave": [4, 4, 5, 4, 5, 4, 4, 4, 5, 4, 4, 4, 5, 4, 5, 4, 4, 4, 4], "midipitch": [67, 71, 72, 71, 72, 69, 67, 71, 72, 69, 67, 71, 72, 71, 72, 69, 67, 64, 62], "diatonicpitch": [28, 30, 31, 30, 31, 29, 28, 30, 31, 29, 28, 30, 31, 30, 31, 29, 28, 26, 25], "diatonicinterval": [null, 2, 1, -1, 1, -2, -1, 2, 1, -2, -1, 2, 1, -1, 1, -2, -1, -2, -1], "chromaticinterval": [null, 4, 1, -1, 1, -3, -2, 4, 1, -3, -2, 4, 1, -1, 1, -3, -2, -3, -2], "pitchproximity": [null, null, 1, 1, 1, 3, 2, 4, 1, 3, 2, 4, 1, 1, 1, 3, 2, 3, 2], "pitchreversal": [null, null, 0, 1.5, 1.5, 1.5, 0, 1.5, 0, 1.5, 0, 1.5, 0, 1.5, 1.5, 1.5, 0, 0, 0], "nextisrest": [false, false, false, false, false, false, false, false, false, false, false, false, false, false, false, false, false, false, null], "restduration_frac": [null, null, null, null, null, null, null, null, null, null, null, null, null, null, null, null, null, null, null], "duration": [0.5, 0.5, 0.25, 0.25, 0.25, 0.25, 0.5, 0.5, 0.5, 0.5, 0.5, 0.5, 0.25, 0.25, 0.25, 0.25, 0.5, 0.5, 1.0], "duration_frac": ["1/2", "1/2", "1/4", "1/4", "1/4", "1/4", "1/2", "1/2", "1/2", "1/2", "1/2", "1/2", "1/4", "1/4", "1/4", "1/4", "1/2", "1/2", "1"], "duration_fullname": ["Eighth", "Eighth", "16th", "16th", "16th", "16th", "Eighth", "Eighth", "Eighth", "Eighth", "Eighth", "Eighth", "16th", "16th", "16th", "16th", "Eighth", "Eighth", "Quarter"], "durationcontour": [null, "=", "-", "=", "=", "=", "+", "=", "=", "=", "=", "=", "-", "=", "=", "=", "+", "=", "+"], "onsettick": [0, 2, 4, 5, 6, 7, 8, 10, 12, 14, 16, 18, 20, 21, 22, 23, 24, 26, 28], "beatfraction": ["1/2", "1/2", "1/4", "1/4", "1/4", "1/4", "1/2", "1/2", "1/2", "1/2", "1/2", "1/2", "1/4", "1/4", "1/4", "1/4", "1/2", "1/2", "1"], "phrasepos": [0.0, 0.07142857142857142, 0.14285714285714285, 0.17857142857142858, 0.21428571428571427, 0.25, 0.2857142857142857, 0.35714285714285715, 0.42857142857142855, 0.5, 0.5714285714285714, 0.6428571428571429, 0.7142857142857143, 0.75, 0.7857142857142857, 0.8214285714285714, 0.8571428571428571, 0.9285714285714286, 1.0], "phrase_ix": [0, 0, 0, 0, 0, 0, 0, 0, 0, 0, 0, 0, 0, 0, 0, 0, 0, 0, 0], "phrase_end": [false, false, false, false, false, false, false, false, false, false, false, false, false, false, false, false, false, false, true], "songpos": [0.0, 0.07142857142857142, 0.14285714285714285, 0.17857142857142858, 0.21428571428571427, 0.25, 0.2857142857142857, 0.35714285714285715, 0.42857142857142855, 0.5, 0.5714285714285714, 0.6428571428571429, 0.7142857142857143, 0.75, 0.7857142857142857, 0.8214285714285714, 0.8571428571428571, 0.9285714285714286, 1.0], "beatinsong": ["0", "1/2", "1", "5/4", "3/2", "7/4", "2", "5/2", "3", "7/2", "4", "9/2", "5", "21/4", "11/2", "23/4", "6", "13/2", "7"], "beatinphrase": ["0", "1/2", "1", "5/4", "3/2", "7/4", "2", "5/2", "3", "7/2", "4", "9/2", "5", "21/4", "11/2", "23/4", "6", "13/2", "7"], "beatinphrase_end": ["-6", "-11/2", "-5", "-19/4", "-9/2", "-17/4", "-4", "-7/2", "-3", "-5/2", "-2", "-3/2", "-1", "-3/4", "-1/2", "-1/4", "0", "1/2", "1"], "IOI_frac": ["1/2", "1/2", "1/4", "1/4", "1/4", "1/4", "1/2", "1/2", "1/2", "1/2", "1/2", "1/2", "1/4", "1/4", "1/4", "1/4", "1/2", "1/2", null], "IOI": [0.5, 0.5, 0.25, 0.25, 0.25, 0.25, 0.5, 0.5, 0.5, 0.5, 0.5, 0.5, 0.25, 0.25, 0.25, 0.25, 0.5, 0.5, null], "IOR_frac": [null, "1", "1/2", "1", "1", "1", "2", "1", "1", "1", "1", "1", "1/2", "1", "1", "1", "2", "1", null], "IOR": [null, 1.0, 0.5, 1.0, 1.0, 1.0, 2.0, 1.0, 1.0, 1.0, 1.0, 1.0, 0.5, 1.0, 1.0, 1.0, 2.0, 1.0, null], "imacontour": [null, "-", "+", "-", "+", "-", "+", "-", "-", "+", "-", "+", "+", "-", "+", "-", "+", "-", "+"], "pitch": ["G4", "B4", "C5", "B4", "C5", "A4", "G4", "B4", "C5", "A4", "G4", "B4", "C5", "B4", "C5", "A4", "G4", "E4", "D4"], "contour3": [null, "+", "+", "-", "+", "-", "-", "+", "+", "-", "-", "+", "+", "-", "+", "-", "-", "-", "-"], "contour5": [null, "++", "+", "-", "+", "--", "-", "++", "+", "--", "-", "++", "+", "-", "+", "--", "-", "--", "-"], "beatstrength": [1.0, 0.25, 0.5, 0.125, 0.25, 0.125, 1.0, 0.25, 0.5, 0.25, 1.0, 0.25, 0.5, 0.125, 0.25, 0.125, 1.0, 0.25, 0.5], "beat_str": ["1", "1", "2", "2", "2", "2", "1", "1", "2", "2", "1", "1", "2", "2", "2", "2", "1", "1", "2"], "beat_fraction_str": ["0", "1/2", "0", "1/4", "1/2", "3/4", "0", "1/2", "0", "1/2", "0", "1/2", "0", "1/4", "1/2", "3/4", "0", "1/2", "0"], "beat": [1.0, 1.5, 2.0, 2.25, 2.5, 2.75, 1.0, 1.5, 2.0, 2.5, 1.0, 1.5, 2.0, 2.25, 2.5, 2.75, 1.0, 1.5, 2.0], "timesignature": ["2/4", "2/4", "2/4", "2/4", "2/4", "2/4", "2/4", "2/4", "2/4", "2/4", "2/4", "2/4", "2/4", "2/4", "2/4", "2/4", "2/4", "2/4", "2/4"], "gpr2a_Frankland": [null, null, null, null, null, null, null, null, null, null, null, null, null, null, null, null, null, null, null], "gpr2b_Frankland": [null, null, null, null, null, null, null, null, null, null, null, null, null, null, null, null, null, null, null], "gpr3a_Frankland": [null, null, null, null, 0.5, null, 0.625, null, 0.5, null, 0.625, null, null, null, 0.5, null, 0.33333333333333337, null, null], "gpr3d_Frankland": [null, 0.5, null, 0.0, null, 0.5, null, 0.0, 0.0, 0.0, null, 0.5, null, 0.0, null, 0.5, null, null, null], "gpr_Frankland_sum": [0, 0.5, 0, 0, 0.5, 0.5, 0.625, 0, 0.5, 0, 0.625, 0.5, 0, 0, 0.5, 0.5, 0.33333333333333337, 0, 0], "lbdm_spitch": [null, 0.15789473684210525, 0.0, 0.12280701754385964, 0.5263157894736841, 0.28947368421052627, 1.0, 0.2807017543859649, 0.5263157894736841, 0.28947368421052627, 1.0, 0.15789473684210525, 0.0, 0.12280701754385964, 0.5263157894736841, 0.21052631578947367, 0.3157894736842105, null, null], "lbdm_sioi": [null, 1.0, 0.5, 0.0, 0.0, 0.5, 1.0, 0.0, 0.0, 0.0, 0.0, 1.0, 0.5, 0.0, 0.0, 0.5, 1.0, null, null], "lbdm_srest": [null, 0.0, 0.0, 0.0, 0.0, 0.0, 0.0, 0.0, 0.0, 0.0, 0.0, 0.0, 0.0, 0.0, 0.0, 0.0, 0.0, null, null], "lbdm_rpitch": [null, 0.42857142857142855, 0.0, 0.0, 0.3333333333333333, 0.14285714285714285, 0.25, 0.42857142857142855, 0.3333333333333333, 0.14285714285714285, 0.25, 0.42857142857142855, 0.0, 0.0, 0.3333333333333333, 0.14285714285714285, 0.14285714285714285, 0.14285714285714285, null], "lbdm_rioi": [null, 0.0, 0.3333333333333333, 0.0, 0.0, 0.0, 0.3333333333333333, 0.0, 0.0, 0.0, 0.0, 0.0, 0.3333333333333333, 0.0, 0.0, 0.0, 0.3333333333333333, 0.0, null], "lbdm_rrest": [null, 0.0, 0.0, 0.0, 0.0, 0.0, 0.0, 0.0, 0.0, 0.0, 0.0, 0.0, 0.0, 0.0, 0.0, 0.0, 0.0, 0.0, null],