{"id": "KB3330500000", "tunefamily": "", "year": -1, "tunefamily_full": "", "type": "", "freemeter": false, "origin": "", "features": {"scaledegree": [3, 3, 3, 5, 5, 5, 4, 3, 7, 1, 3, 1, 3, 5, 3, 5, 5, 5, 3, 1, 1], "scaledegreespecifier": ["M", "M", "M", "P", "P", "P", "P", "M", "M", "P", "M", "P", "M", "P", "M", "P", "P", "P", "M", "P", "P"], "tonic": ["G", "G", "G", "G", "G", "G", "G", "G", "G", "G", "G", "G", "G", "G", "G", "G", "G", "G", "G", "G", "G"], "mode": ["major", "major", "major", "major", "major", "major", "major", "major", "major", "major", "major", "major", "major", "major", "major", "major", "major", "major", "major", "major", "major"], "metriccontour": [null, "-", "=", "+", "-", "+", "-", "+", "=", "+", "-", "=", "+", "-", "=", "+", "-", "+", "-", "+", "-"], "imaweight": [0.282686, 0.530035, 0.222615, 0.717314, 0.943463, 0.611307, 0.0848057, 0.858657, 0.526502, 0.968198, 0.484099, 0.897527, 0.600707, 0.85159, 0.558304, 1.0, 0.575972, 0.300353, 0.484099, 0.632509, 0.512367], "imaweight_spectral": [0.604502, 0.829582, 0.562701, 1.0, 0.913183, 0.598071, 0.0771704, 0.823151, 0.533762, 0.935691, 0.495177, 0.884244, 0.601286, 0.829582, 0.575563, 0.96463, 0.913183, 0.636656, 0.803859, 0.96463, 0.948553], "pitch40_hewlett": [158, 158, 158, 169, 169, 169, 163, 158, 141, 146, 158, 146, 158, 169, 158, 169, 169, 169, 158, 146, 146], "pitch40_sapp": [197, 197, 197, 208, 208, 208, 202, 197, 180, 185, 197, 185, 197, 208, 197, 208, 208, 208, 197, 185, 185], "octave": [4, 4, 4, 5, 5, 5, 5, 4, 4, 4, 4, 4, 4, 5, 4, 5, 5, 5, 4, 4, 4], "midipitch": [71, 71, 71, 74, 74, 74, 72, 71, 66, 67, 71, 67, 71, 74, 71, 74, 74, 74, 71, 67, 67], "diatonicpitch": [30, 30, 30, 32, 32, 32, 31, 30, 27, 28, 30, 28, 30, 32, 30, 32, 32, 32, 30, 28, 28], "diatonicinterval": [null, 0, 0, 2, 0, 0, -1, -1, -3, 1, 2, -2, 2, 2, -2, 2, 0, 0, -2, -2, 0], "chromaticinterval": [null, 0, 0, 3, 0, 0, -2, -1, -5, 1, 4, -4, 4, 3, -3, 3, 0, 0, -3, -4, 0], "pitchproximity": [null, null, 0, 3, 0, 0, 2, 1, 5, 1, 4, 4, 4, 3, 3, 3, 0, 0, 3, 4, 0], "pitchreversal": [null, null, 0, 0, 0, 0, 0, 0, 0, 0, 0, 1.5, 1.5, 0, 1.5, 1.5, 0, 0, 0, 0, 0], "nextisrest": [false, false, false, false, false, false, false, false, false, false, false, false, false, false, false, false, false, false, false, false, null], "restduration_frac": [null, null, null, null, null, null, null, null, null, null, null, null, null, null, null, null, null, null, null, null, null], "duration": [0.5, 0.5, 0.5, 1.0, 0.5, 0.25, 0.25, 0.5, 0.5, 0.5, 0.5, 0.5, 0.5, 0.5, 0.5, 1.0, 0.5, 0.5, 1.0, 1.0, 0.5], "duration_frac": ["1/2", "1/2", "1/2", "1", "1/2", "1/4", "1/4", "1/2", "1/2", "1/2", "1/2", "1/2", "1/2", "1/2", "1/2", "1", "1/2", "1/2", "1", "1", "1/2"], "duration_fullname": ["Eighth", "Eighth", "Eighth", "Quarter", "Eighth", "16th", "16th", "Eighth", "Eighth", "Eighth", "Eighth", "Eighth", "Eighth", "Eighth", "Eighth", "Quarter", "Eighth", "Eighth", "Quarter", "Quarter", "Eighth"], "durationcontour": [null, "=", "=", "+", "-", "-", "=", "+", "=", "=", "=", "=", "=", "=", "=", "+", "-", "=", "+", "=", "-"], "onsettick": [0, 2, 4, 6, 10, 12, 13, 14, 16, 18, 20, 22, 24, 26, 28, 30, 34, 36, 38, 42, 46], "beatfraction": ["1/3", "1/3", "1/3", "2/3", "1/3", "1/6", "1/6", "1/3", "1/3", "1/3", "1/3", "1/3", "1/3", "1/3", "1/3", "2/3", "1/3", "1/3", "2/3", "2/3", "1/3"], "phrasepos": [0.0, 0.09090909090909091, 0.18181818181818182, 0.2727272727272727, 0.45454545454545453, 0.5454545454545454, 0.5909090909090909, 0.6363636363636364, 0.7272727272727273, 0.8181818181818182, 0.9090909090909091, 1.0, 0.0, 0.09090909090909091, 0.18181818181818182, 0.2727272727272727, 0.45454545454545453, 0.5454545454545454, 0.6363636363636364, 0.8181818181818182, 1.0], "phrase_ix": [0, 0, 0, 0, 0, 0, 0, 0, 0, 0, 0, 0, 1, 1, 1, 1, 1, 1, 1, 1, 1], "phrase_end": [false, false, false, false, false, false, false, false, false, false, false, true, false, false, false, false, false, false, false, false, true], "songpos": [0.0, 0.043478260869565216, 0.08695652173913043, 0.13043478260869565, 0.21739130434782608, 0.2608695652173913, 0.2826086956521739, 0.30434782608695654, 0.34782608695652173, 0.391304347826087, 0.43478260869565216, 0.4782608695652174, 0.5217391304347826, 0.5652173913043478, 0.6086956521739131, 0.6521739130434783, 0.7391304347826086, 0.782608695652174, 0.8260869565217391, 0.9130434782608695, 1.0], "beatinsong": ["0", "1/3", "2/3", "1", "5/3", "2", "13/6", "7/3", "8/3", "3", "10/3", "11/3", "4", "13/3", "14/3", "5", "17/3", "6", "19/3", "7", "23/3"], "beatinphrase": ["0", "1/3", "2/3", "1", "5/3", "2", "13/6", "7/3", "8/3", "3", "10/3", "11/3", "0", "1/3", "2/3", "1", "5/3", "2", "7/3", "3", "11/3"], "beatinphrase_end": ["-3", "-8/3", "-7/3", "-2", "-4/3", "-1", "-5/6", "-2/3", "-1/3", "0", "1/3", "2/3", "-3", "-8/3", "-7/3", "-2", "-4/3", "-1", "-2/3", "0", "2/3"], "IOI_frac": ["1/2", "1/2", "1/2", "1", "1/2", "1/4", "1/4", "1/2", "1/2", "1/2", "1/2", "1/2", "1/2", "1/2", "1/2", "1", "1/2", "1/2", "1", "1", null], "IOI": [0.5, 0.5, 0.5, 1.0, 0.5, 0.25, 0.25, 0.5, 0.5, 0.5, 0.5, 0.5, 0.5, 0.5, 0.5, 1.0, 0.5, 0.5, 1.0, 1.0, null], "IOR_frac": [null, "1", "1", "2", "1/2", "1/2", "1", "2", "1", "1", "1", "1", "1", "1", "1", "2", "1/2", "1", "2", "1", null], "IOR": [null, 1.0, 1.0, 2.0, 0.5, 0.5, 1.0, 2.0, 1.0, 1.0, 1.0, 1.0, 1.0, 1.0, 1.0, 2.0, 0.5, 1.0, 2.0, 1.0, null], "imacontour": [null, "+", "-", "+", "+", "-", "-", "+", "-", "+", "-", "+", "-", "+", "-", "+", "-", "-", "+", "+", "-"], "pitch": ["B4", "B4", "B4", "D5", "D5", "D5", "C5", "B4", "F#4", "G4", "B4", "G4", "B4", "D5", "B4", "D5", "D5", "D5", "B4", "G4", "G4"], "contour3": [null, "=", "=", "+", "=", "=", "-", "-", "-", "+", "+", "-", "+", "+", "-", "+", "=", "=", "-", "-", "="], "contour5": [null, "=", "=", "++", "=", "=", "-", "-", "--", "+", "++", "--", "++", "++", "--", "++", "=", "=", "--", "--", "="], "beatstrength": [1.0, 0.5, 0.5, 1.0, 0.5, 1.0, 0.25, 0.5, 0.5, 1.0, 0.5, 0.5, 1.0, 0.5, 0.5, 1.0, 0.5, 1.0, 0.5, 1.0, 0.5], "beat_str": ["1", "1", "1", "1", "1", "1", "1", "1", "1", "1", "1", "1", "1", "1", "1", "1", "1", "1", "1", "1", "1"], "beat_fraction_str": ["0", "1/3", "2/3", "0", "2/3", "0", "1/6", "1/3", "2/3", "0", "1/3", "2/3", "0", "1/3", "2/3", "0", "2/3", "0", "1/3", "0", "2/3"], "beat": [1.0, 1.3333333333333333, 1.6666666666666667, 1.0, 1.6666666666666667, 1.0, 1.1666666666666667, 1.3333333333333333, 1.6666666666666667, 1.0, 1.3333333333333333, 1.6666666666666667, 1.0, 1.3333333333333333, 1.6666666666666667, 1.0, 1.6666666666666667, 1.0, 1.3333333333333333, 1.0, 1.6666666666666667], "timesignature": ["3/8", "3/8", "3/8", "3/8", "3/8", "3/8", "3/8", "3/8", "3/8", "3/8", "3/8", "3/8", "3/8", "3/8", "3/8", "3/8", "3/8", "3/8", "3/8", "3/8", "3/8"], "gpr2a_Frankland": [null, null, null, null, null, null, null, null, null, null, null, null, null, null, null, null, null, null, null, null, null], "gpr2b_Frankland": [null, null, null, 0.5, null, null, null, null, null, null, null, null, null, null, null, 0.5, null, null, null, null, null], "gpr3a_Frankland": [null, null, 1.0, null, null, 0.75, null, 0.8, null, null, null, null, null, null, null, null, null, null, 0.625, null, null], "gpr3d_Frankland": [null, null, null, null, null, null, 0.5, null, 0.0, 0.0, 0.0, 0.0, 0.0, null, null, null, null, 0.5, null, null, null], "gpr_Frankland_sum": [0, 0, 1.0, 0.5, 0, 0.75, 0.5, 0.8, 0, 0, 0, 0, 0, 0, 0, 0.5, 0, 0.5, 0.625, 0, 0], "lbdm_spitch": [null, 0.0, 0.72, 0.0, 0.0, 0.27999999999999997, 0.13999999999999999, 1.0, 0.18571428571428572, 0.34285714285714286, 0.0, 0.08888888888888888, 0.06666666666666667, 0.0, 0.36, 0.0, 0.0, 0.4266666666666666, 0.6222222222222221, null, null], "lbdm_sioi": [null, 0.0, 0.25, 1.0, 0.5, 0.125, 0.125, 0.25, 0.0, 0.0, 0.0, 0.0, 0.0, 0.0, 0.25, 1.0, 0.25, 0.25, 0.5, null, null], "lbdm_srest": [null, 0.0, 0.0, 0.0, 0.0, 0.0, 0.0, 0.0, 0.0, 0.0, 0.0, 0.0, 0.0, 0.0, 0.0, 0.0, 0.0, 0.0, 0.0, null, null],