{"id": "KB3309600000", "tunefamily": "", "year": -1, "tunefamily_full": "", "type": "", "freemeter": false, "origin": "", "features": {"scaledegree": [3, 5, 6, 5, 4, 3, 5, 3, 7, 1, 5, 1, 2, 3, 1, 4, 4, 5, 3, 1, 1], "scaledegreespecifier": ["M", "P", "M", "P", "P", "M", "P", "M", "M", "P", "P", "P", "M", "M", "P", "P", "P", "P", "M", "P", "P"], "tonic": ["G", "G", "G", "G", "G", "G", "G", "G", "G", "G", "G", "G", "G", "G", "G", "G", "G", "G", "G", "G", "G"], "mode": ["major", "major", "major", "major", "major", "major", "major", "major", "major", "major", "major", "major", "major", "major", "major", "major", "major", "major", "major", "major", "major"], "metriccontour": [null, "-", "=", "+", "-", "-", "+", "-", "=", "+", "-", "+", "-", "+", "=", "+", "-", "+", "-", "+", "-"], "imaweight": [0.356784, 0.713568, 0.281407, 1.0, 0.874372, 0.105528, 0.386935, 0.798995, 0.346734, 1.0, 0.874372, 0.432161, 0.165829, 0.788945, 0.311558, 0.954774, 0.819095, 0.366834, 0.688442, 0.899497, 0.748744], "imaweight_spectral": [0.471311, 0.762295, 0.42623, 0.995902, 0.864754, 0.102459, 0.45082, 0.803279, 0.45082, 0.967213, 0.864754, 0.487705, 0.151639, 0.795082, 0.405738, 0.930328, 0.885246, 0.516393, 0.762295, 0.967213, 1.0], "pitch40_hewlett": [158, 169, 175, 169, 163, 158, 169, 158, 141, 146, 129, 146, 152, 158, 146, 163, 163, 169, 158, 146, 146], "pitch40_sapp": [197, 208, 214, 208, 202, 197, 208, 197, 180, 185, 168, 185, 191, 197, 185, 202, 202, 208, 197, 185, 185], "octave": [4, 5, 5, 5, 5, 4, 5, 4, 4, 4, 4, 4, 4, 4, 4, 5, 5, 5, 4, 4, 4], "midipitch": [71, 74, 76, 74, 72, 71, 74, 71, 66, 67, 62, 67, 69, 71, 67, 72, 72, 74, 71, 67, 67], "diatonicpitch": [30, 32, 33, 32, 31, 30, 32, 30, 27, 28, 25, 28, 29, 30, 28, 31, 31, 32, 30, 28, 28], "diatonicinterval": [null, 2, 1, -1, -1, -1, 2, -2, -3, 1, -3, 3, 1, 1, -2, 3, 0, 1, -2, -2, 0], "chromaticinterval": [null, 3, 2, -2, -2, -1, 3, -3, -5, 1, -5, 5, 2, 2, -4, 5, 0, 2, -3, -4, 0], "pitchproximity": [null, null, 2, 2, 2, 1, 3, 3, 5, 1, 5, 5, 2, 2, 4, 5, 0, 2, 3, 4, 0], "pitchreversal": [null, null, 0, 1.5, 0, 0, 1.5, 1.5, 0, 0, 0, 1.5, 0, 0, 1.5, 1.5, 0, 0, 1.5, 0, 0], "nextisrest": [false, false, false, false, false, false, false, false, false, false, false, false, false, false, false, false, false, false, false, false, null], "restduration_frac": [null, null, null, null, null, null, null, null, null, null, null, null, null, null, null, null, null, null, null, null, null], "duration": [0.5, 0.5, 0.5, 1.0, 0.25, 0.25, 0.5, 0.5, 0.5, 1.0, 0.5, 0.25, 0.25, 0.5, 0.5, 1.0, 0.5, 0.5, 1.0, 1.0, 0.5], "duration_frac": ["1/2", "1/2", "1/2", "1", "1/4", "1/4", "1/2", "1/2", "1/2", "1", "1/2", "1/4", "1/4", "1/2", "1/2", "1", "1/2", "1/2", "1", "1", "1/2"], "duration_fullname": ["Eighth", "Eighth", "Eighth", "Quarter", "16th", "16th", "Eighth", "Eighth", "Eighth", "Quarter", "Eighth", "16th", "16th", "Eighth", "Eighth", "Quarter", "Eighth", "Eighth", "Quarter", "Quarter", "Eighth"], "durationcontour": [null, "=", "=", "+", "-", "=", "+", "=", "=", "+", "-", "-", "=", "+", "=", "+", "-", "=", "+", "=", "-"], "onsettick": [0, 2, 4, 6, 10, 11, 12, 14, 16, 18, 22, 24, 25, 26, 28, 30, 34, 36, 38, 42, 46], "beatfraction": ["1/3", "1/3", "1/3", "2/3", "1/6", "1/6", "1/3", "1/3", "1/3", "2/3", "1/3", "1/6", "1/6", "1/3", "1/3", "2/3", "1/3", "1/3", "2/3", "2/3", "1/3"], "phrasepos": [0.0, 0.09090909090909091, 0.18181818181818182, 0.2727272727272727, 0.45454545454545453, 0.5, 0.5454545454545454, 0.6363636363636364, 0.7272727272727273, 0.8181818181818182, 1.0, 0.0, 0.045454545454545456, 0.09090909090909091, 0.18181818181818182, 0.2727272727272727, 0.45454545454545453, 0.5454545454545454, 0.6363636363636364, 0.8181818181818182, 1.0], "phrase_ix": [0, 0, 0, 0, 0, 0, 0, 0, 0, 0, 0, 1, 1, 1, 1, 1, 1, 1, 1, 1, 1], "phrase_end": [false, false, false, false, false, false, false, false, false, false, true, false, false, false, false, false, false, false, false, false, true], "songpos": [0.0, 0.043478260869565216, 0.08695652173913043, 0.13043478260869565, 0.21739130434782608, 0.2391304347826087, 0.2608695652173913, 0.30434782608695654, 0.34782608695652173, 0.391304347826087, 0.4782608695652174, 0.5217391304347826, 0.5434782608695652, 0.5652173913043478, 0.6086956521739131, 0.6521739130434783, 0.7391304347826086, 0.782608695652174, 0.8260869565217391, 0.9130434782608695, 1.0], "beatinsong": ["0", "1/3", "2/3", "1", "5/3", "11/6", "2", "7/3", "8/3", "3", "11/3", "4", "25/6", "13/3", "14/3", "5", "17/3", "6", "19/3", "7", "23/3"], "beatinphrase": ["0", "1/3", "2/3", "1", "5/3", "11/6", "2", "7/3", "8/3", "3", "11/3", "0", "1/6", "1/3", "2/3", "1", "5/3", "2", "7/3", "3", "11/3"], "beatinphrase_end": ["-3", "-8/3", "-7/3", "-2", "-4/3", "-7/6", "-1", "-2/3", "-1/3", "0", "2/3", "-3", "-17/6", "-8/3", "-7/3", "-2", "-4/3", "-1", "-2/3", "0", "2/3"], "IOI_frac": ["1/2", "1/2", "1/2", "1", "1/4", "1/4", "1/2", "1/2", "1/2", "1", "1/2", "1/4", "1/4", "1/2", "1/2", "1", "1/2", "1/2", "1", "1", null], "IOI": [0.5, 0.5, 0.5, 1.0, 0.25, 0.25, 0.5, 0.5, 0.5, 1.0, 0.5, 0.25, 0.25, 0.5, 0.5, 1.0, 0.5, 0.5, 1.0, 1.0, null], "IOR_frac": [null, "1", "1", "2", "1/4", "1", "2", "1", "1", "2", "1/2", "1/2", "1", "2", "1", "2", "1/2", "1", "2", "1", null], "IOR": [null, 1.0, 1.0, 2.0, 0.25, 1.0, 2.0, 1.0, 1.0, 2.0, 0.5, 0.5, 1.0, 2.0, 1.0, 2.0, 0.5, 1.0, 2.0, 1.0, null], "imacontour": [null, "+", "-", "+", "-", "-", "+", "+", "-", "+", "-", "-", "-", "+", "-", "+", "-", "-", "+", "+", "-"], "pitch": ["B4", "D5", "E5", "D5", "C5", "B4", "D5", "B4", "F#4", "G4", "D4", "G4", "A4", "B4", "G4", "C5", "C5", "D5", "B4", "G4", "G4"], "contour3": [null, "+", "+", "-", "-", "-", "+", "-", "-", "+", "-", "+", "+", "+", "-", "+", "=", "+", "-", "-", "="], "contour5": [null, "++", "+", "-", "-", "-", "++", "--", "--", "+", "--", "++", "+", "+", "--", "++", "=", "+", "--", "--", "="], "beatstrength": [1.0, 0.5, 0.5, 1.0, 0.5, 0.25, 1.0, 0.5, 0.5, 1.0, 0.5, 1.0, 0.25, 0.5, 0.5, 1.0, 0.5, 1.0, 0.5, 1.0, 0.5], "beat_str": ["1", "1", "1", "1", "1", "1", "1", "1", "1", "1", "1", "1", "1", "1", "1", "1", "1", "1", "1", "1", "1"], "beat_fraction_str": ["0", "1/3", "2/3", "0", "2/3", "5/6", "0", "1/3", "2/3", "0", "2/3", "0", "1/6", "1/3", "2/3", "0", "2/3", "0", "1/3", "0", "2/3"], "beat": [1.0, 1.3333333333333333, 1.6666666666666667, 1.0, 1.6666666666666667, 1.8333333333333333, 1.0, 1.3333333333333333, 1.6666666666666667, 1.0, 1.6666666666666667, 1.0, 1.1666666666666667, 1.3333333333333333, 1.6666666666666667, 1.0, 1.6666666666666667, 1.0, 1.3333333333333333, 1.0, 1.6666666666666667], "timesignature": ["3/8", "3/8", "3/8", "3/8", "3/8", "3/8", "3/8", "3/8", "3/8", "3/8", "3/8", "3/8", "3/8", "3/8", "3/8", "3/8", "3/8", "3/8", "3/8", "3/8", "3/8"], "gpr2a_Frankland": [null, null, null, null, null, null, null, null, null, null, null, null, null, null, null, null, null, null, null, null, null], "gpr2b_Frankland": [null, null, null, 0.625, null, null, null, null, null, 0.5, null, null, null, null, null, 0.5, null, null, null, null, null], "gpr3a_Frankland": [null, null, null, null, null, null, null, 0.6, null, null, null, null, null, null, 0.6, null, null, null, 0.625, null, null], "gpr3d_Frankland": [null, null, null, null, null, 0.5, null, null, null, null, null, null, 0.5, null, null, null, null, 0.5, null, null, null], "gpr_Frankland_sum": [0, 0, 0, 0.625, 0, 0.5, 0, 0.6, 0, 0.5, 0, 0, 0.5, 0, 0.6, 0.5, 0, 0.5, 0.625, 0, 0], "lbdm_spitch": [null, 0.07096774193548386, 0.0, 0.09935483870967741, 0.1324731182795699, 0.24838709677419354, 0.14903225806451614, 0.8693548387096773, 0.24838709677419354, 0.6209677419354839, 0.4139784946236559, 0.16559139784946234, 0.12419354838709677, 0.33870967741935487, 1.0, 0.0, 0.31935483870967735, 0.18924731182795695, 0.7727598566308242, null, null],