{"id": "KB3404100000", "tunefamily": "", "year": -1, "tunefamily_full": "", "type": "", "freemeter": false, "origin": "", "features": {"scaledegree": [1, 1, 3, 5, 3, 5, 4, 2, 2, 1, 1, 1, 3, 5, 3, 5, 4, 2, 1, 1], "scaledegreespecifier": ["P", "P", "M", "P", "M", "P", "P", "M", "M", "P", "P", "P", "M", "P", "M", "P", "P", "M", "P", "P"], "tonic": ["F", "F", "F", "F", "F", "F", "F", "F", "F", "F", "F", "F", "F", "F", "F", "F", "F", "F", "F", "F"], "mode": ["major", "major", "major", "major", "major", "major", "major", "major", "major", "major", "major", "major", "major", "major", "major", "major", "major", "major", "major", "major"], "metriccontour": [null, "-", "=", "+", "-", "+", "-", "=", "+", "-", "+", "-", "=", "+", "-", "+", "-", "=", "+", "-"], "imaweight": [0.34359, 0.728205, 0.34359, 1.0, 0.974359, 0.374359, 0.794872, 0.435897, 0.974359, 0.974359, 0.420513, 0.805128, 0.4, 0.974359, 1.0, 0.415385, 0.74359, 0.353846, 1.0, 0.974359], "imaweight_spectral": [0.465587, 0.769231, 0.465587, 0.983806, 0.935223, 0.461538, 0.793522, 0.510121, 0.935223, 0.935223, 0.497976, 0.801619, 0.481781, 0.935223, 0.955466, 0.493927, 0.753036, 0.445344, 0.97166, 1.0], "pitch40_hewlett": [140, 140, 152, 163, 152, 163, 157, 146, 146, 140, 140, 140, 152, 163, 152, 163, 157, 146, 140, 140], "pitch40_sapp": [179, 179, 191, 202, 191, 202, 196, 185, 185, 179, 179, 179, 191, 202, 191, 202, 196, 185, 179, 179], "octave": [4, 4, 4, 5, 4, 5, 4, 4, 4, 4, 4, 4, 4, 5, 4, 5, 4, 4, 4, 4], "midipitch": [65, 65, 69, 72, 69, 72, 70, 67, 67, 65, 65, 65, 69, 72, 69, 72, 70, 67, 65, 65], "diatonicpitch": [28, 28, 30, 32, 30, 32, 31, 29, 29, 28, 28, 28, 30, 32, 30, 32, 31, 29, 28, 28], "diatonicinterval": [null, 0, 2, 2, -2, 2, -1, -2, 0, -1, 0, 0, 2, 2, -2, 2, -1, -2, -1, 0], "chromaticinterval": [null, 0, 4, 3, -3, 3, -2, -3, 0, -2, 0, 0, 4, 3, -3, 3, -2, -3, -2, 0], "pitchproximity": [null, null, 4, 3, 3, 3, 2, 3, 0, 2, 0, 0, 4, 3, 3, 3, 2, 3, 2, 0], "pitchreversal": [null, null, 0, 0, 1.5, 1.5, 1.5, 0, 0, 0, 0, 0, 0, 0, 1.5, 1.5, 1.5, 0, 0, 0], "nextisrest": [false, false, false, false, false, false, false, false, false, false, false, false, false, false, false, false, false, false, false, null], "restduration_frac": [null, null, null, null, null, null, null, null, null, null, null, null, null, null, null, null, null, null, null, null], "duration": [0.5, 0.5, 0.5, 1.0, 0.5, 0.5, 0.5, 0.5, 1.0, 0.5, 0.5, 0.5, 0.5, 1.0, 0.5, 0.5, 0.5, 0.5, 1.0, 0.5], "duration_frac": ["1/2", "1/2", "1/2", "1", "1/2", "1/2", "1/2", "1/2", "1", "1/2", "1/2", "1/2", "1/2", "1", "1/2", "1/2", "1/2", "1/2", "1", "1/2"], "duration_fullname": ["Eighth", "Eighth", "Eighth", "Quarter", "Eighth", "Eighth", "Eighth", "Eighth", "Quarter", "Eighth", "Eighth", "Eighth", "Eighth", "Quarter", "Eighth", "Eighth", "Eighth", "Eighth", "Quarter", "Eighth"], "durationcontour": [null, "=", "=", "+", "-", "=", "=", "=", "+", "-", "=", "=", "=", "+", "-", "=", "=", "=", "+", "-"], "onsettick": [0, 1, 2, 3, 5, 6, 7, 8, 9, 11, 12, 13, 14, 15, 17, 18, 19, 20, 21, 23], "beatfraction": ["1/3", "1/3", "1/3", "2/3", "1/3", "1/3", "1/3", "1/3", "2/3", "1/3", "1/3", "1/3", "1/3", "2/3", "1/3", "1/3", "1/3", "1/3", "2/3", "1/3"], "phrasepos": [0.0, 0.043478260869565216, 0.08695652173913043, 0.13043478260869565, 0.21739130434782608, 0.2608695652173913, 0.30434782608695654, 0.34782608695652173, 0.391304347826087, 0.4782608695652174, 0.5217391304347826, 0.5652173913043478, 0.6086956521739131, 0.6521739130434783, 0.7391304347826086, 0.782608695652174, 0.8260869565217391, 0.8695652173913043, 0.9130434782608695, 1.0], "phrase_ix": [0, 0, 0, 0, 0, 0, 0, 0, 0, 0, 0, 0, 0, 0, 0, 0, 0, 0, 0, 0], "phrase_end": [false, false, false, false, false, false, false, false, false, false, false, false, false, false, false, false, false, false, false, true], "songpos": [0.0, 0.043478260869565216, 0.08695652173913043, 0.13043478260869565, 0.21739130434782608, 0.2608695652173913, 0.30434782608695654, 0.34782608695652173, 0.391304347826087, 0.4782608695652174, 0.5217391304347826, 0.5652173913043478, 0.6086956521739131, 0.6521739130434783, 0.7391304347826086, 0.782608695652174, 0.8260869565217391, 0.8695652173913043, 0.9130434782608695, 1.0], "beatinsong": ["0", "1/3", "2/3", "1", "5/3", "2", "7/3", "8/3", "3", "11/3", "4", "13/3", "14/3", "5", "17/3", "6", "19/3", "20/3", "7", "23/3"], "beatinphrase": ["0", "1/3", "2/3", "1", "5/3", "2", "7/3", "8/3", "3", "11/3", "4", "13/3", "14/3", "5", "17/3", "6", "19/3", "20/3", "7", "23/3"], "beatinphrase_end": ["-6", "-17/3", "-16/3", "-5", "-13/3", "-4", "-11/3", "-10/3", "-3", "-7/3", "-2", "-5/3", "-4/3", "-1", "-1/3", "0", "1/3", "2/3", "1", "5/3"], "IOI_frac": ["1/2", "1/2", "1/2", "1", "1/2", "1/2", "1/2", "1/2", "1", "1/2", "1/2", "1/2", "1/2", "1", "1/2", "1/2", "1/2", "1/2", "1", null], "IOI": [0.5, 0.5, 0.5, 1.0, 0.5, 0.5, 0.5, 0.5, 1.0, 0.5, 0.5, 0.5, 0.5, 1.0, 0.5, 0.5, 0.5, 0.5, 1.0, null], "IOR_frac": [null, "1", "1", "2", "1/2", "1", "1", "1", "2", "1/2", "1", "1", "1", "2", "1/2", "1", "1", "1", "2", null], "IOR": [null, 1.0, 1.0, 2.0, 0.5, 1.0, 1.0, 1.0, 2.0, 0.5, 1.0, 1.0, 1.0, 2.0, 0.5, 1.0, 1.0, 1.0, 2.0, null], "imacontour": [null, "+", "-", "+", "-", "-", "+", "-", "+", "=", "-", "+", "-", "+", "+", "-", "+", "-", "+", "-"], "pitch": ["F4", "F4", "A4", "C5", "A4", "C5", "B-4", "G4", "G4", "F4", "F4", "F4", "A4", "C5", "A4", "C5", "B-4", "G4", "F4", "F4"], "contour3": [null, "=", "+", "+", "-", "+", "-", "-", "=", "-", "=", "=", "+", "+", "-", "+", "-", "-", "-", "="], "contour5": [null, "=", "++", "++", "--", "++", "-", "--", "=", "-", "=", "=", "++", "++", "--", "++", "-", "--", "-", "="], "beatstrength": [1.0, 0.25, 0.25, 0.5, 0.25, 1.0, 0.25, 0.25, 0.5, 0.25, 1.0, 0.25, 0.25, 0.5, 0.25, 1.0, 0.25, 0.25, 0.5, 0.25], "beat_str": ["1", "1", "1", "2", "2", "1", "1", "1", "2", "2", "1", "1", "1", "2", "2", "1", "1", "1", "2", "2"], "beat_fraction_str": ["0", "1/3", "2/3", "0", "2/3", "0", "1/3", "2/3", "0", "2/3", "0", "1/3", "2/3", "0", "2/3", "0", "1/3", "2/3", "0", "2/3"], "beat": [1.0, 1.3333333333333333, 1.6666666666666667, 2.0, 2.6666666666666665, 1.0, 1.3333333333333333, 1.6666666666666667, 2.0, 2.6666666666666665, 1.0, 1.3333333333333333, 1.6666666666666667, 2.0, 2.6666666666666665, 1.0, 1.3333333333333333, 1.6666666666666667, 2.0, 2.6666666666666665], "timesignature": ["6/8", "6/8", "6/8", "6/8", "6/8", "6/8", "6/8", "6/8", "6/8", "6/8", "6/8", "6/8", "6/8", "6/8", "6/8", "6/8", "6/8", "6/8", "6/8", "6/8"], "gpr2a_Frankland": [null, null, null, null, null, null, null, null, null, null, null, null, null, null, null, null, null, null, null, null], "gpr2b_Frankland": [null, null, null, 0.5, null, null, null, null, 0.5, null, null, null, null, 0.5, null, null, null, null, null, null], "gpr3a_Frankland": [null, 0.625, null, null, null, null, 0.6666666666666667, null, 1.0, null, null, 0.625, null, null, null, null, 0.33333333333333337, null, null, null], "gpr3d_Frankland": [null, null, null, null, null, 0.0, null, null, null, null, 0.0, null, null, null, null, 0.0, null, null, null, null], "gpr_Frankland_sum": [0, 0.625, 0, 0.5, 0, 0, 0.6666666666666667, 0, 1.5, 0, 0, 0.625, 0, 0.5, 0, 0, 0.33333333333333337, 0, 0, 0], "lbdm_spitch": [null, 1.0, 0.10714285714285715, 0.0, 0.13775510204081634, 0.1836734693877551, 0.716326530612245, 0.0, 0.6428571428571429, 0.0, 0.0, 1.0, 0.10714285714285715, 0.0, 0.13775510204081634, 0.1836734693877551, 0.2755102040816327, 0.413265306122449, null, null], "lbdm_sioi": [null, 0.0, 0.25, 1.0, 0.25, 0.0, 0.0, 0.25, 1.0, 0.25, 0.0, 0.0, 0.25, 1.0, 0.25, 0.0, 0.0, 0.25, null, null], "lbdm_srest": [null, 0.0, 0.0, 0.0, 0.0, 0.0, 0.0, 0.0, 0.0, 0.0, 0.0, 0.0, 0.0, 0.0, 0.0, 0.0, 0.0, 0.0, null, null], "lbdm_rpitch": [null, 0.6666666666666666, 0.1111111111111111, 0.0, 0.0, 0.14285714285714285, 0.14285714285714285, 0.6, 0.5, 0.5, 0.0, 0.6666666666666666, 0.1111111111111111, 0.0, 0.0, 0.14285714285714285, 0.14285714285714285, 0.14285714285714285, 0.5, null],