{"id": "KB35A05200001", "tunefamily": "", "year": -1, "tunefamily_full": "", "type": "", "freemeter": false, "origin": "", "features": {"scaledegree": [2, 2, 4, 3, 1, 1, 1, 4, 5, 4, 3, 2, 4, 3, 4, 2, 1, 3, 1, 1, 1], "scaledegreespecifier": ["M", "M", "P", "M", "P", "P", "P", "P", "P", "P", "M", "M", "P", "M", "P", "M", "P", "M", "P", "P", "P"], "tonic": ["G", "G", "G", "G", "G", "G", "G", "G", "G", "G", "G", "G", "G", "G", "G", "G", "G", "G", "G", "G", "G"], "mode": ["major", "major", "major", "major", "major", "major", "major", "major", "major", "major", "major", "major", "major", "major", "major", "major", "major", "major", "major", "major", "major"], "metriccontour": [null, "-", "-", "+", "-", "+", "=", "=", "-", "-", "+", "-", "+", "-", "+", "-", "-", "+", "-", "+", "="], "imaweight": [0.607004, 0.159533, 0.0311284, 0.513619, 0.284047, 0.498054, 0.595331, 0.906615, 0.59144, 0.108949, 0.824903, 0.548638, 0.918288, 0.470817, 0.871595, 0.59144, 0.0622568, 0.859922, 0.513619, 1.0, 0.513619], "imaweight_spectral": [0.941176, 0.515571, 0.0553633, 0.927336, 0.653979, 0.83045, 0.986159, 0.930796, 0.622837, 0.138408, 0.816609, 0.598616, 0.927336, 0.515571, 0.885813, 0.622837, 0.0968858, 0.847751, 0.567474, 1.0, 0.941176], "pitch40_hewlett": [152, 152, 163, 158, 146, 146, 146, 163, 169, 163, 158, 152, 163, 158, 163, 152, 146, 158, 146, 146, 146], "pitch40_sapp": [191, 191, 202, 197, 185, 185, 185, 202, 208, 202, 197, 191, 202, 197, 202, 191, 185, 197, 185, 185, 185], "octave": [4, 4, 5, 4, 4, 4, 4, 5, 5, 5, 4, 4, 5, 4, 5, 4, 4, 4, 4, 4, 4], "midipitch": [69, 69, 72, 71, 67, 67, 67, 72, 74, 72, 71, 69, 72, 71, 72, 69, 67, 71, 67, 67, 67], "diatonicpitch": [29, 29, 31, 30, 28, 28, 28, 31, 32, 31, 30, 29, 31, 30, 31, 29, 28, 30, 28, 28, 28], "diatonicinterval": [null, 0, 2, -1, -2, 0, 0, 3, 1, -1, -1, -1, 2, -1, 1, -2, -1, 2, -2, 0, 0], "chromaticinterval": [null, 0, 3, -1, -4, 0, 0, 5, 2, -2, -1, -2, 3, -1, 1, -3, -2, 4, -4, 0, 0], "pitchproximity": [null, null, 3, 1, 4, 0, 0, 5, 2, 2, 1, 2, 3, 1, 1, 3, 2, 4, 4, 0, 0], "pitchreversal": [null, null, 0, 1.5, 0, 0, 0, 0, 0, 1.5, 0, 0, 1.5, 1.5, 1.5, 1.5, 0, 1.5, 1.5, 0, 0], "nextisrest": [false, false, false, false, false, false, true, false, false, false, false, false, false, false, false, false, false, false, false, false, true], "restduration_frac": [null, null, null, null, null, null, "1", null, null, null, null, null, null, null, null, null, null, null, null, null, "1"], "duration": [1.0, 0.5, 0.5, 1.0, 1.0, 2.0, 1.0, 1.0, 0.5, 0.5, 1.0, 1.0, 1.0, 1.0, 1.0, 0.5, 0.5, 1.0, 1.0, 2.0, 1.0], "duration_frac": ["1", "1/2", "1/2", "1", "1", "2", "1", "1", "1/2", "1/2", "1", "1", "1", "1", "1", "1/2", "1/2", "1", "1", "2", "1"], "duration_fullname": ["Quarter", "Eighth", "Eighth", "Quarter", "Quarter", "Half", "Quarter", "Quarter", "Eighth", "Eighth", "Quarter", "Quarter", "Quarter", "Quarter", "Quarter", "Eighth", "Eighth", "Quarter", "Quarter", "Half", "Quarter"], "durationcontour": [null, "-", "=", "+", "=", "+", "-", "=", "-", "=", "+", "=", "=", "=", "=", "-", "=", "+", "=", "+", "-"], "onsettick": [0, 2, 3, 4, 6, 8, 12, 16, 18, 19, 20, 22, 24, 26, 28, 30, 31, 32, 34, 36, 40], "beatfraction": ["1", "1/2", "1/2", "1", "1", "2", "1", "1", "1/2", "1/2", "1", "1", "1", "1", "1", "1/2", "1/2", "1", "1", "2", "1"], "phrasepos": [0.0, 0.07692307692307693, 0.11538461538461539, 0.15384615384615385, 0.23076923076923078, 0.3076923076923077, 0.46153846153846156, 0.6153846153846154, 0.6923076923076923, 0.7307692307692307, 0.7692307692307693, 0.8461538461538461, 0.9230769230769231, 1.0, 0.0, 0.16666666666666666, 0.25, 0.3333333333333333, 0.5, 0.6666666666666666, 1.0], "phrase_ix": [0, 0, 0, 0, 0, 0, 0, 0, 0, 0, 0, 0, 0, 0, 1, 1, 1, 1, 1, 1, 1], "phrase_end": [false, false, false, false, false, false, false, false, false, false, false, false, false, true, false, false, false, false, false, false, true], "songpos": [0.0, 0.05, 0.075, 0.1, 0.15, 0.2, 0.3, 0.4, 0.45, 0.475, 0.5, 0.55, 0.6, 0.65, 0.7, 0.75, 0.775, 0.8, 0.85, 0.9, 1.0], "beatinsong": ["0", "1", "3/2", "2", "3", "4", "6", "8", "9", "19/2", "10", "11", "12", "13", "14", "15", "31/2", "16", "17", "18", "20"], "beatinphrase": ["0", "1", "3/2", "2", "3", "4", "6", "8", "9", "19/2", "10", "11", "12", "13", "0", "1", "3/2", "2", "3", "4", "6"], "beatinphrase_end": ["-12", "-11", "-21/2", "-10", "-9", "-8", "-6", "-4", "-3", "-5/2", "-2", "-1", "0", "1", "-6", "-5", "-9/2", "-4", "-3", "-2", "0"], "IOI_frac": ["1", "1/2", "1/2", "1", "1", "2", "2", "1", "1/2", "1/2", "1", "1", "1", "1", "1", "1/2", "1/2", "1", "1", "2", "2"], "IOI": [1.0, 0.5, 0.5, 1.0, 1.0, 2.0, 2.0, 1.0, 0.5, 0.5, 1.0, 1.0, 1.0, 1.0, 1.0, 0.5, 0.5, 1.0, 1.0, 2.0, 2.0], "IOR_frac": [null, "1/2", "1", "2", "1", "2", "1", "1/2", "1/2", "1", "2", "1", "1", "1", "1", "1/2", "1", "2", "1", "2", "1"], "IOR": [null, 0.5, 1.0, 2.0, 1.0, 2.0, 1.0, 0.5, 0.5, 1.0, 2.0, 1.0, 1.0, 1.0, 1.0, 0.5, 1.0, 2.0, 1.0, 2.0, 1.0], "imacontour": [null, "-", "-", "+", "-", "+", "+", "+", "-", "-", "+", "-", "+", "-", "+", "-", "-", "+", "-", "+", "-"], "pitch": ["A4", "A4", "C5", "B4", "G4", "G4", "G4", "C5", "D5", "C5", "B4", "A4", "C5", "B4", "C5", "A4", "G4", "B4", "G4", "G4", "G4"], "contour3": [null, "=", "+", "-", "-", "=", "=", "+", "+", "-", "-", "-", "+", "-", "+", "-", "-", "+", "-", "=", "="], "contour5": [null, "=", "++", "-", "--", "=", "=", "++", "+", "-", "-", "-", "++", "-", "+", "--", "-", "++", "--", "=", "="], "beatstrength": [1.0, 0.5, 0.25, 1.0, 0.5, 1.0, 1.0, 1.0, 0.5, 0.25, 1.0, 0.5, 1.0, 0.5, 1.0, 0.5, 0.25, 1.0, 0.5, 1.0, 1.0], "beat_str": ["1", "2", "2", "1", "2", "1", "1", "1", "2", "2", "1", "2", "1", "2", "1", "2", "2", "1", "2", "1", "1"], "beat_fraction_str": ["0", "0", "1/2", "0", "0", "0", "0", "0", "0", "1/2", "0", "0", "0", "0", "0", "0", "1/2", "0", "0", "0", "0"], "beat": [1.0, 2.0, 2.5, 1.0, 2.0, 1.0, 1.0, 1.0, 2.0, 2.5, 1.0, 2.0, 1.0, 2.0, 1.0, 2.0, 2.5, 1.0, 2.0, 1.0, 1.0], "timesignature": ["2/4", "2/4", "2/4", "2/4", "2/4", "2/4", "2/4", "2/4", "2/4", "2/4", "2/4", "2/4", "2/4", "2/4", "2/4", "2/4", "2/4", "2/4", "2/4", "2/4", "2/4"], "gpr2a_Frankland": [null, null, null, null, null, null, 0.25, null, null, null, null, null, null, null, null, null, null, null, null, null, 0.25], "gpr2b_Frankland": [null, null, null, null, null, null, null, null, null, null, null, null, null, null, null, null, null, null, null, null, null], "gpr3a_Frankland": [null, 0.8333333333333334, null, 0.875, null, null, 0.8, null, null, null, null, 0.5, null, null, 0.5, null, null, null, null, null, null], "gpr3d_Frankland": [null, null, 0.5, null, 0.5, null, null, null, null, 0.5, null, 0.0, 0.0, null, 0.5, null, 0.5, null, 0.5, null, null], "gpr_Frankland_sum": [0, 0.8333333333333334, 0.5, 0.875, 0.5, 0, 1.05, 0, 0, 0.5, 0, 0.5, 0, 0, 1.0, 0, 0.5, 0, 0.5, 0, 0.25], "lbdm_spitch": [null, 0.5345454545454545, 0.14545454545454545, 0.8363636363636363, 0.0, 0.0, 1.0, 0.12727272727272726, 0.07636363636363637, 0.07636363636363637, 0.13090909090909092, 0.2727272727272727, 0.06363636363636363, 0.06363636363636363, 0.2727272727272727, 0.15, 0.19090909090909092, 0.509090909090909, 0.0, null, null], "lbdm_sioi": [null, 0.25, 0.25, 0.5, 0.5, 1.0, 1.0, 1.0, 0.25, 0.25, 0.5, 0.0, 0.0, 0.0, 0.5, 0.25, 0.25, 0.5, 0.5, null, null], "lbdm_srest": [null, 0.0, 0.0, 0.0, 0.0, 0.0, 1.0, 0.0, 0.0, 0.0, 0.0, 0.0, 0.0, 0.0, 0.0, 0.0, 0.0, 0.0, 0.0, null, null], "lbdm_rpitch": [null, 0.6, 0.3333333333333333, 0.42857142857142855, 0.6666666666666666, 0.0, 0.7142857142857143, 0.3333333333333333, 0.0, 0.2, 0.2, 0.14285714285714285, 0.3333333333333333, 0.0, 0.3333333333333333, 0.14285714285714285, 0.25, 0.0, 0.6666666666666666, 0.0, null], "lbdm_rioi": [null, 0.3333333333333333, 0.0, 0.3333333333333333, 0.0, 0.3333333333333333, 0.0, 0.3333333333333333, 0.3333333333333333, 0.0, 0.3333333333333333, 0.0, 0.0, 0.0, 0.0, 0.3333333333333333, 0.0, 0.3333333333333333, 0.0, 0.3333333333333333, null],