{"id": "KB35A02200000", "tunefamily": "", "year": -1, "tunefamily_full": "", "type": "", "freemeter": false, "origin": "", "features": {"scaledegree": [5, 4, 5, 2, 2, 3, 4, 3, 5, 4, 4, 5, 4, 3, 2, 1, 2, 2, 3, 1], "scaledegreespecifier": ["P", "A", "P", "M", "M", "M", "P", "M", "P", "P", "P", "P", "P", "M", "M", "P", "M", "M", "M", "P"], "tonic": ["G", "G", "G", "G", "G", "G", "G", "G", "G", "G", "G", "G", "G", "G", "G", "G", "G", "G", "G", "G"], "mode": ["major", "major", "major", "major", "major", "major", "major", "major", "major", "major", "major", "major", "major", "major", "major", "major", "major", "major", "major", "major"], "metriccontour": [null, "=", "-", "+", "+", "-", "+", "-", "+", "-", "+", "-", "+", "-", "+", "-", "+", "=", "-", "+"], "imaweight": [0.487685, 0.995074, 0.20197, 0.738916, 0.975369, 0.241379, 0.753695, 0.280788, 0.995074, 0.802956, 0.931034, 0.300493, 0.753695, 0.280788, 1.0, 0.674877, 1.0, 0.418719, 0.182266, 0.270936], "imaweight_spectral": [0.983806, 0.979757, 0.311741, 0.753036, 0.898785, 0.295547, 0.732794, 0.327935, 0.91498, 0.821862, 0.862348, 0.34413, 0.732794, 0.327935, 0.935223, 0.716599, 1.0, 0.910931, 0.396761, 0.805668], "pitch40_hewlett": [169, 164, 169, 152, 152, 158, 163, 158, 169, 163, 163, 169, 163, 158, 152, 146, 152, 152, 158, 146], "pitch40_sapp": [208, 203, 208, 191, 191, 197, 202, 197, 208, 202, 202, 208, 202, 197, 191, 185, 191, 191, 197, 185], "octave": [5, 5, 5, 4, 4, 4, 5, 4, 5, 5, 5, 5, 5, 4, 4, 4, 4, 4, 4, 4], "midipitch": [74, 73, 74, 69, 69, 71, 72, 71, 74, 72, 72, 74, 72, 71, 69, 67, 69, 69, 71, 67], "diatonicpitch": [32, 31, 32, 29, 29, 30, 31, 30, 32, 31, 31, 32, 31, 30, 29, 28, 29, 29, 30, 28], "diatonicinterval": [null, -1, 1, -3, 0, 1, 1, -1, 2, -1, 0, 1, -1, -1, -1, -1, 1, 0, 1, -2], "chromaticinterval": [null, -1, 1, -5, 0, 2, 1, -1, 3, -2, 0, 2, -2, -1, -2, -2, 2, 0, 2, -4], "pitchproximity": [null, null, 1, 5, 0, 2, 1, 1, 3, 2, 0, 2, 2, 1, 2, 2, 2, 0, 2, 4], "pitchreversal": [null, null, 1.5, 0, 0, 0, 0, 1.5, 1.5, 1.5, 0, 0, 1.5, 0, 0, 0, 1.5, 0, 0, 1.5], "nextisrest": [false, false, false, false, false, false, false, false, false, false, false, false, false, false, false, false, false, false, false, null], "restduration_frac": [null, null, null, null, null, null, null, null, null, null, null, null, null, null, null, null, null, null, null, null], "duration": [2.0, 0.5, 0.5, 1.0, 0.5, 0.5, 0.5, 0.5, 1.0, 1.0, 0.5, 0.5, 0.5, 0.5, 1.0, 1.0, 2.0, 0.5, 0.5, 1.0], "duration_frac": ["2", "1/2", "1/2", "1", "1/2", "1/2", "1/2", "1/2", "1", "1", "1/2", "1/2", "1/2", "1/2", "1", "1", "2", "1/2", "1/2", "1"], "duration_fullname": ["Half", "Eighth", "Eighth", "Quarter", "Eighth", "Eighth", "Eighth", "Eighth", "Quarter", "Quarter", "Eighth", "Eighth", "Eighth", "Eighth", "Quarter", "Quarter", "Half", "Eighth", "Eighth", "Quarter"], "durationcontour": [null, "-", "=", "+", "-", "=", "=", "=", "+", "=", "-", "=", "=", "=", "+", "=", "+", "-", "=", "+"], "onsettick": [0, 4, 5, 6, 8, 9, 10, 11, 12, 14, 16, 17, 18, 19, 20, 22, 24, 28, 29, 30], "beatfraction": ["2", "1/2", "1/2", "1", "1/2", "1/2", "1/2", "1/2", "1", "1", "1/2", "1/2", "1/2", "1/2", "1", "1", "2", "1/2", "1/2", "1"], "phrasepos": [0.0, 0.6666666666666666, 0.8333333333333334, 1.0, 0.0, 0.07142857142857142, 0.14285714285714285, 0.21428571428571427, 0.2857142857142857, 0.42857142857142855, 0.5714285714285714, 0.6428571428571429, 0.7142857142857143, 0.7857142857142857, 0.8571428571428571, 1.0, 0.0, 0.6666666666666666, 0.8333333333333334, 1.0], "phrase_ix": [0, 0, 0, 0, 1, 1, 1, 1, 1, 1, 1, 1, 1, 1, 1, 1, 2, 2, 2, 2], "phrase_end": [false, false, false, true, false, false, false, false, false, false, false, false, false, false, false, true, false, false, false, true], "songpos": [0.0, 0.13333333333333333, 0.16666666666666666, 0.2, 0.26666666666666666, 0.3, 0.3333333333333333, 0.36666666666666664, 0.4, 0.4666666666666667, 0.5333333333333333, 0.5666666666666667, 0.6, 0.6333333333333333, 0.6666666666666666, 0.7333333333333333, 0.8, 0.9333333333333333, 0.9666666666666667, 1.0], "beatinsong": ["0", "2", "5/2", "3", "4", "9/2", "5", "11/2", "6", "7", "8", "17/2", "9", "19/2", "10", "11", "12", "14", "29/2", "15"], "beatinphrase": ["0", "2", "5/2", "3", "0", "1/2", "1", "3/2", "2", "3", "4", "9/2", "5", "11/2", "6", "7", "0", "2", "5/2", "3"], "beatinphrase_end": ["-2", "0", "1/2", "1", "-6", "-11/2", "-5", "-9/2", "-4", "-3", "-2", "-3/2", "-1", "-1/2", "0", "1", "-2", "0", "1/2", "1"], "IOI_frac": ["2", "1/2", "1/2", "1", "1/2", "1/2", "1/2", "1/2", "1", "1", "1/2", "1/2", "1/2", "1/2", "1", "1", "2", "1/2", "1/2", null], "IOI": [2.0, 0.5, 0.5, 1.0, 0.5, 0.5, 0.5, 0.5, 1.0, 1.0, 0.5, 0.5, 0.5, 0.5, 1.0, 1.0, 2.0, 0.5, 0.5, null], "IOR_frac": [null, "1/4", "1", "2", "1/2", "1", "1", "1", "2", "1", "1/2", "1", "1", "1", "2", "1", "2", "1/4", "1", null], "IOR": [null, 0.25, 1.0, 2.0, 0.5, 1.0, 1.0, 1.0, 2.0, 1.0, 0.5, 1.0, 1.0, 1.0, 2.0, 1.0, 2.0, 0.25, 1.0, null], "imacontour": [null, "+", "-", "+", "+", "-", "+", "-", "+", "-", "+", "-", "+", "-", "+", "-", "+", "-", "-", "+"], "pitch": ["D5", "C#5", "D5", "A4", "A4", "B4", "C5", "B4", "D5", "C5", "C5", "D5", "C5", "B4", "A4", "G4", "A4", "A4", "B4", "G4"], "contour3": [null, "-", "+", "-", "=", "+", "+", "-", "+", "-", "=", "+", "-", "-", "-", "-", "+", "=", "+", "-"], "contour5": [null, "-", "+", "--", "=", "+", "+", "-", "++", "-", "=", "+", "-", "-", "-", "-", "+", "=", "+", "--"], "beatstrength": [1.0, 1.0, 0.25, 0.5, 1.0, 0.25, 0.5, 0.25, 1.0, 0.5, 1.0, 0.25, 0.5, 0.25, 1.0, 0.5, 1.0, 1.0, 0.25, 0.5], "beat_str": ["1", "1", "1", "2", "1", "1", "2", "2", "1", "2", "1", "1", "2", "2", "1", "2", "1", "1", "1", "2"], "beat_fraction_str": ["0", "0", "1/2", "0", "0", "1/2", "0", "1/2", "0", "0", "0", "1/2", "0", "1/2", "0", "0", "0", "0", "1/2", "0"], "beat": [1.0, 1.0, 1.5, 2.0, 1.0, 1.5, 2.0, 2.5, 1.0, 2.0, 1.0, 1.5, 2.0, 2.5, 1.0, 2.0, 1.0, 1.0, 1.5, 2.0], "timesignature": ["2/4", "2/4", "2/4", "2/4", "2/4", "2/4", "2/4", "2/4", "2/4", "2/4", "2/4", "2/4", "2/4", "2/4", "2/4", "2/4", "2/4", "2/4", "2/4", "2/4"], "gpr2a_Frankland": [null, null, null, null, null, null, null, null, null, null, null, null, null, null, null, null, null, null, null, null], "gpr2b_Frankland": [null, null, null, 0.5, null, null, null, null, null, null, null, null, null, null, null, null, 0.625, null, null, null], "gpr3a_Frankland": [null, null, 0.9, null, 0.75, null, null, 0.5, null, null, null, null, null, null, null, null, null, null, null, null], "gpr3d_Frankland": [null, null, null, null, null, 0.0, null, 0.5, null, 0.5, null, 0.0, null, 0.5, null, null, null, null, null, null], "gpr_Frankland_sum": [0, 0, 0.9, 0.5, 0.75, 0, 0, 1.0, 0, 0.5, 0, 0, 0, 0.5, 0, 0, 0.625, 0, 0, 0], "lbdm_spitch": [null, 0.08235294117647057, 1.0, 0.0, 0.23058823529411762, 0.03294117647058823, 0.05490196078431372, 0.23529411764705876, 0.2117647058823529, 0.0, 0.16470588235294115, 0.06588235294117646, 0.06588235294117646, 0.06588235294117646, 0.0, 0.16470588235294115, 0.0, 0.24705882352941175, null, null], "lbdm_sioi": [null, 0.1607142857142857, 0.08928571428571427, 0.3571428571428571, 0.08928571428571427, 0.0, 0.0, 0.08928571428571427, 0.17857142857142855, 0.17857142857142855, 0.08928571428571427, 0.0, 0.0, 0.08928571428571427, 0.17857142857142855, 0.17857142857142855, 1.0, 0.1607142857142857, null, null], "lbdm_srest": [null, 0.0, 0.0, 0.0, 0.0, 0.0, 0.0, 0.0, 0.0, 0.0, 0.0, 0.0, 0.0, 0.0, 0.0, 0.0, 0.0, 0.0, null, null], "lbdm_rpitch": [null, 0.0, 0.5, 0.7142857142857143, 0.5, 0.2, 0.0, 0.3333333333333333, 0.14285714285714285, 0.5, 0.5, 0.0, 0.2, 0.2, 0.0, 0.0, 0.5, 0.5, 0.25, null], "lbdm_rioi": [null, 0.6, 0.0, 0.3333333333333333, 0.3333333333333333, 0.0, 0.0, 0.0, 0.3333333333333333, 0.0, 0.3333333333333333, 0.0, 0.0, 0.0, 0.3333333333333333, 0.0, 0.3333333333333333, 0.6, 0.0, null], "lbdm_rrest": [null, 0.0, 0.0, 0.0, 0.0, 0.0, 0.0, 0.0, 0.0, 0.0, 0.0, 0.0, 0.0, 0.0, 0.0, 0.0, 0.0, 0.0, 0.0, null],