{"id": "KB35A04100002", "tunefamily": "", "year": -1, "tunefamily_full": "", "type": "", "freemeter": false, "origin": "", "features": {"scaledegree": [5, 1, 2, 4, 3, 2, 1, 2, 1, 3, 4, 2, 3, 2, 7, 1, 1], "scaledegreespecifier": ["P", "P", "M", "P", "M", "M", "P", "M", "P", "M", "P", "M", "M", "M", "M", "P", "P"], "tonic": ["C", "C", "C", "C", "C", "C", "C", "C", "C", "C", "C", "C", "C", "C", "C", "C", "C"], "mode": ["major", "major", "major", "major", "major", "major", "major", "major", "major", "major", "major", "major", "major", "major", "major", "major", "major"], "metriccontour": [null, "-", "+", "-", "+", "-", "=", "+", "=", "+", "-", "=", "+", "-", "=", "+", "-"], "imaweight": [0.256757, 0.189189, 0.283784, 0.364865, 0.972973, 0.0608108, 0.0608108, 1.0, 0.891892, 0.939189, 0.851351, 0.864865, 0.972973, 0.851351, 0.831081, 0.972973, 0.310811], "imaweight_spectral": [0.974522, 0.910828, 1.0, 0.917197, 0.917197, 0.0573248, 0.0573248, 0.942675, 0.898089, 0.942675, 0.859873, 0.872611, 0.974522, 0.859873, 0.840764, 0.974522, 0.866242], "pitch40_hewlett": [146, 163, 169, 180, 175, 169, 163, 169, 163, 175, 180, 169, 175, 169, 158, 163, 163], "pitch40_sapp": [185, 202, 208, 219, 214, 208, 202, 208, 202, 214, 219, 208, 214, 208, 197, 202, 202], "octave": [4, 5, 5, 5, 5, 5, 5, 5, 5, 5, 5, 5, 5, 5, 4, 5, 5], "midipitch": [67, 72, 74, 77, 76, 74, 72, 74, 72, 76, 77, 74, 76, 74, 71, 72, 72], "diatonicpitch": [32, 35, 36, 38, 37, 36, 35, 36, 35, 37, 38, 36, 37, 36, 34, 35, 35], "diatonicinterval": [null, 3, 1, 2, -1, -1, -1, 1, -1, 2, 1, -2, 1, -1, -2, 1, 0], "chromaticinterval": [null, 5, 2, 3, -1, -2, -2, 2, -2, 4, 1, -3, 2, -2, -3, 1, 0], "pitchproximity": [null, null, 2, 3, 1, 2, 2, 2, 2, 4, 1, 3, 2, 2, 3, 1, 0], "pitchreversal": [null, null, 0, 0, 1.5, 0, 0, 1.5, 1.5, 1.5, 0, 1.5, 1.5, 1.5, 0, 1.5, 0], "nextisrest": [false, false, false, false, false, false, false, false, false, false, false, false, false, false, false, false, null], "restduration_frac": [null, null, null, null, null, null, null, null, null, null, null, null, null, null, null, null, null], "duration": [0.5, 1.0, 0.5, 1.0, 0.16666666666666666, 0.16666666666666666, 0.16666666666666666, 0.5, 0.5, 0.5, 0.5, 0.5, 0.5, 0.5, 0.5, 1.0, 0.5], "duration_frac": ["1/2", "1", "1/2", "1", "1/6", "1/6", "1/6", "1/2", "1/2", "1/2", "1/2", "1/2", "1/2", "1/2", "1/2", "1", "1/2"], "duration_fullname": ["Eighth", "Quarter", "Eighth", "Quarter", "16th Triplet (1/6 QL)", "16th Triplet (1/6 QL)", "16th Triplet (1/6 QL)", "Eighth", "Eighth", "Eighth", "Eighth", "Eighth", "Eighth", "Eighth", "Eighth", "Quarter", "Eighth"], "durationcontour": [null, "+", "-", "+", "-", "=", "=", "+", "=", "=", "=", "=", "=", "=", "=", "+", "-"], "onsettick": [0, 3, 9, 12, 18, 19, 20, 21, 24, 27, 30, 33, 36, 39, 42, 45, 51], "beatfraction": ["1/3", "2/3", "1/3", "2/3", "1/9", "1/9", "1/9", "1/3", "1/3", "1/3", "1/3", "1/3", "1/3", "1/3", "1/3", "2/3", "1/3"], "phrasepos": [0.0, 0.058823529411764705, 0.17647058823529413, 0.23529411764705882, 0.35294117647058826, 0.37254901960784315, 0.39215686274509803, 0.4117647058823529, 0.47058823529411764, 0.5294117647058824, 0.5882352941176471, 0.6470588235294118, 0.7058823529411765, 0.7647058823529411, 0.8235294117647058, 0.8823529411764706, 1.0], "phrase_ix": [0, 0, 0, 0, 0, 0, 0, 0, 0, 0, 0, 0, 0, 0, 0, 0, 0], "phrase_end": [false, false, false, false, false, false, false, false, false, false, false, false, false, false, false, false, true], "songpos": [0.0, 0.058823529411764705, 0.17647058823529413, 0.23529411764705882, 0.35294117647058826, 0.37254901960784315, 0.39215686274509803, 0.4117647058823529, 0.47058823529411764, 0.5294117647058824, 0.5882352941176471, 0.6470588235294118, 0.7058823529411765, 0.7647058823529411, 0.8235294117647058, 0.8823529411764706, 1.0], "beatinsong": ["0", "1/3", "1", "4/3", "2", "19/9", "20/9", "7/3", "8/3", "3", "10/3", "11/3", "4", "13/3", "14/3", "5", "17/3"], "beatinphrase": ["0", "1/3", "1", "4/3", "2", "19/9", "20/9", "7/3", "8/3", "3", "10/3", "11/3", "4", "13/3", "14/3", "5", "17/3"], "beatinphrase_end": ["-5", "-14/3", "-4", "-11/3", "-3", "-26/9", "-25/9", "-8/3", "-7/3", "-2", "-5/3", "-4/3", "-1", "-2/3", "-1/3", "0", "2/3"], "IOI_frac": ["1/2", "1", "1/2", "1", "1/6", "1/6", "1/6", "1/2", "1/2", "1/2", "1/2", "1/2", "1/2", "1/2", "1/2", "1", null], "IOI": [0.5, 1.0, 0.5, 1.0, 0.16666666666666666, 0.16666666666666666, 0.16666666666666666, 0.5, 0.5, 0.5, 0.5, 0.5, 0.5, 0.5, 0.5, 1.0, null], "IOR_frac": [null, "2", "1/2", "2", "1/6", "1", "1", "3", "1", "1", "1", "1", "1", "1", "1", "2", null], "IOR": [null, 2.0, 0.5, 2.0, 0.16666666666666666, 1.0, 1.0, 3.0, 1.0, 1.0, 1.0, 1.0, 1.0, 1.0, 1.0, 2.0, null], "imacontour": [null, "-", "+", "+", "+", "-", "=", "+", "-", "+", "-", "+", "+", "-", "-", "+", "-"], "pitch": ["G4", "C5", "D5", "F5", "E5", "D5", "C5", "D5", "C5", "E5", "F5", "D5", "E5", "D5", "B4", "C5", "C5"], "contour3": [null, "+", "+", "+", "-", "-", "-", "+", "-", "+", "+", "-", "+", "-", "-", "+", "="], "contour5": [null, "++", "+", "++", "-", "-", "-", "+", "-", "++", "+", "--", "+", "-", "--", "+", "="], "beatstrength": [1.0, 0.5, 1.0, 0.5, 1.0, 0.0625, 0.0625, 0.5, 0.5, 1.0, 0.5, 0.5, 1.0, 0.5, 0.5, 1.0, 0.5], "beat_str": ["1", "1", "1", "1", "1", "1", "1", "1", "1", "1", "1", "1", "1", "1", "1", "1", "1"], "beat_fraction_str": ["0", "1/3", "0", "1/3", "0", "1/9", "2/9", "1/3", "2/3", "0", "1/3", "2/3", "0", "1/3", "2/3", "0", "2/3"], "beat": [1.0, 1.3333333333333333, 1.0, 1.3333333333333333, 1.0, 1.1111111111111112, 1.2222222222222223, 1.3333333333333333, 1.6666666666666667, 1.0, 1.3333333333333333, 1.6666666666666667, 1.0, 1.3333333333333333, 1.6666666666666667, 1.0, 1.6666666666666667], "timesignature": ["3/8", "3/8", "3/8", "3/8", "3/8", "3/8", "3/8", "3/8", "3/8", "3/8", "3/8", "3/8", "3/8", "3/8", "3/8", "3/8", "3/8"], "gpr2a_Frankland": [null, null, null, null, null, null, null, null, null, null, null, null, null, null, null, null, null], "gpr2b_Frankland": [null, 0.5, null, 0.6666666666666667, null, null, null, null, null, null, null, null, null, null, null, null, null], "gpr3a_Frankland": [null, null, 0.5, null, null, null, null, null, 0.625, null, 0.5, null, null, 0.5, null, null, null], "gpr3d_Frankland": [null, null, null, null, null, null, 0.6666666666666667, null, 0.0, 0.0, 0.0, 0.0, 0.0, null, null, null, null], "gpr_Frankland_sum": [0, 0.5, 0.5, 0.6666666666666667, 0, 0, 0.6666666666666667, 0, 0.625, 0, 0.5, 0, 0, 0.5, 0, 0, 0], "lbdm_spitch": [null, 0.3508771929824561, 0.5263157894736841, 0.19649122807017544, 0.1473684210526316, 0.0, 0.0, 0.18421052631578946, 1.0, 0.2807017543859649, 0.5263157894736841, 0.10526315789473684, 0.10526315789473684, 0.5263157894736841, 0.24561403508771928, null, null], "lbdm_sioi": [null, 0.6363636363636362, 0.3181818181818181, 1.0, 0.11363636363636362, 0.0, 0.07954545454545454, 0.23863636363636367, 0.0, 0.0, 0.0, 0.0, 0.0, 0.0, 0.15909090909090906, null, null], "lbdm_srest": [null, 0.0, 0.0, 0.0, 0.0, 0.0, 0.0, 0.0, 0.0, 0.0, 0.0, 0.0, 0.0, 0.0, 0.0, null, null], "lbdm_rpitch": [null, 0.3333333333333333, 0.14285714285714285, 0.3333333333333333, 0.2, 0.0, 0.0, 0.0, 0.25, 0.42857142857142855, 0.3333333333333333, 0.14285714285714285, 0.0, 0.14285714285714285, 0.3333333333333333, 0.3333333333333333, null], "lbdm_rioi": [null, 0.3333333333333333, 0.3333333333333333, 0.3333333333333333, 0.7142857142857143, 0.0, 0.0, 0.5000000000000001, 0.0, 0.0, 0.0, 0.0, 0.0, 0.0, 0.0, 0.3333333333333333, null], "lbdm_rrest": [null, 0.0, 0.0, 0.0, 0.0, 0.0, 0.0, 0.0, 0.0, 0.0, 0.0, 0.0, 0.0, 0.0, 0.0, 0.0, null], "lbdm_boundarystrength": [null, 0.40590111642743215, 0.2906698564593301, 0.5491228070175439, 0.09366028708133971, 0.0, 0.03977272727272727, 0.1653708133971292, 0.25, 0.07017543859649122, 0.13157894736842102, 0.02631578947368421, 0.02631578947368421, 0.13157894736842102, 0.14094896331738435, null, null]}}
