{"id": "KB35A02600001", "tunefamily": "", "year": -1, "tunefamily_full": "", "type": "", "freemeter": false, "origin": "", "features": {"scaledegree": [1, 3, 2, 3, 3, 5, 4, 3, 4, 3, 1, 2, 4, 3, 1, 1], "scaledegreespecifier": ["P", "m", "M", "m", "m", "P", "P", "m", "P", "m", "P", "M", "P", "m", "P", "P"], "tonic": ["A", "A", "A", "A", "A", "A", "A", "A", "A", "A", "A", "A", "A", "A", "A", "A"], "mode": ["minor", "minor", "minor", "minor", "minor", "minor", "minor", "minor", "minor", "minor", "minor", "minor", "minor", "minor", "minor", "minor"], "metriccontour": [null, "-", "+", "=", "+", "-", "+", "=", "+", "-", "+", "=", "+", "-", "+", "="], "imaweight": [0.758824, 0.311765, 0.758824, 1.0, 0.758824, 0.358824, 0.758824, 1.0, 0.758824, 0.358824, 0.758824, 1.0, 0.758824, 0.311765, 0.758824, 1.0], "imaweight_spectral": [0.742105, 0.342105, 0.742105, 0.978947, 0.742105, 0.384211, 0.742105, 0.978947, 0.742105, 0.384211, 0.742105, 0.978947, 0.742105, 0.342105, 0.742105, 1.0], "pitch40_hewlett": [152, 163, 158, 163, 163, 175, 169, 163, 169, 163, 152, 158, 169, 163, 152, 152], "pitch40_sapp": [191, 202, 197, 202, 202, 214, 208, 202, 208, 202, 191, 197, 208, 202, 191, 191], "octave": [4, 5, 4, 5, 5, 5, 5, 5, 5, 5, 4, 4, 5, 5, 4, 4], "midipitch": [69, 72, 71, 72, 72, 76, 74, 72, 74, 72, 69, 71, 74, 72, 69, 69], "diatonicpitch": [28, 30, 29, 30, 30, 32, 31, 30, 31, 30, 28, 29, 31, 30, 28, 28], "diatonicinterval": [null, 2, -1, 1, 0, 2, -1, -1, 1, -1, -2, 1, 2, -1, -2, 0], "chromaticinterval": [null, 3, -1, 1, 0, 4, -2, -2, 2, -2, -3, 2, 3, -2, -3, 0], "pitchproximity": [null, null, 1, 1, 0, 4, 2, 2, 2, 2, 3, 2, 3, 2, 3, 0], "pitchreversal": [null, null, 1.5, 1.5, 0, 0, 1.5, 0, 1.5, 1.5, 0, 1.5, 0, 1.5, 0, 0], "nextisrest": [false, false, false, false, false, false, false, false, false, false, false, false, false, false, false, null], "restduration_frac": [null, null, null, null, null, null, null, null, null, null, null, null, null, null, null, null], "duration": [0.5, 0.5, 1.0, 1.0, 0.5, 0.5, 1.0, 1.0, 0.5, 0.5, 1.0, 1.0, 0.5, 0.5, 1.0, 1.0], "duration_frac": ["1/2", "1/2", "1", "1", "1/2", "1/2", "1", "1", "1/2", "1/2", "1", "1", "1/2", "1/2", "1", "1"], "duration_fullname": ["Eighth", "Eighth", "Quarter", "Quarter", "Eighth", "Eighth", "Quarter", "Quarter", "Eighth", "Eighth", "Quarter", "Quarter", "Eighth", "Eighth", "Quarter", "Quarter"], "durationcontour": [null, "=", "+", "=", "-", "=", "+", "=", "-", "=", "+", "=", "-", "=", "+", "="], "onsettick": [0, 1, 2, 4, 6, 7, 8, 10, 12, 13, 14, 16, 18, 19, 20, 22], "beatfraction": ["1/2", "1/2", "1", "1", "1/2", "1/2", "1", "1", "1/2", "1/2", "1", "1", "1/2", "1/2", "1", "1"], "phrasepos": [0.0, 0.045454545454545456, 0.09090909090909091, 0.18181818181818182, 0.2727272727272727, 0.3181818181818182, 0.36363636363636365, 0.45454545454545453, 0.5454545454545454, 0.5909090909090909, 0.6363636363636364, 0.7272727272727273, 0.8181818181818182, 0.8636363636363636, 0.9090909090909091, 1.0], "phrase_ix": [0, 0, 0, 0, 0, 0, 0, 0, 0, 0, 0, 0, 0, 0, 0, 0], "phrase_end": [false, false, false, false, false, false, false, false, false, false, false, false, false, false, false, true], "songpos": [0.0, 0.045454545454545456, 0.09090909090909091, 0.18181818181818182, 0.2727272727272727, 0.3181818181818182, 0.36363636363636365, 0.45454545454545453, 0.5454545454545454, 0.5909090909090909, 0.6363636363636364, 0.7272727272727273, 0.8181818181818182, 0.8636363636363636, 0.9090909090909091, 1.0], "beatinsong": ["0", "1/2", "1", "2", "3", "7/2", "4", "5", "6", "13/2", "7", "8", "9", "19/2", "10", "11"], "beatinphrase": ["0", "1/2", "1", "2", "3", "7/2", "4", "5", "6", "13/2", "7", "8", "9", "19/2", "10", "11"], "beatinphrase_end": ["-9", "-17/2", "-8", "-7", "-6", "-11/2", "-5", "-4", "-3", "-5/2", "-2", "-1", "0", "1/2", "1", "2"], "IOI_frac": ["1/2", "1/2", "1", "1", "1/2", "1/2", "1", "1", "1/2", "1/2", "1", "1", "1/2", "1/2", "1", null], "IOI": [0.5, 0.5, 1.0, 1.0, 0.5, 0.5, 1.0, 1.0, 0.5, 0.5, 1.0, 1.0, 0.5, 0.5, 1.0, null], "IOR_frac": [null, "1", "2", "1", "1/2", "1", "2", "1", "1/2", "1", "2", "1", "1/2", "1", "2", null], "IOR": [null, 1.0, 2.0, 1.0, 0.5, 1.0, 2.0, 1.0, 0.5, 1.0, 2.0, 1.0, 0.5, 1.0, 2.0, null], "imacontour": [null, "-", "+", "+", "-", "-", "+", "+", "-", "-", "+", "+", "-", "-", "+", "+"], "pitch": ["A4", "C5", "B4", "C5", "C5", "E5", "D5", "C5", "D5", "C5", "A4", "B4", "D5", "C5", "A4", "A4"], "contour3": [null, "+", "-", "+", "=", "+", "-", "-", "+", "-", "-", "+", "+", "-", "-", "="], "contour5": [null, "++", "-", "+", "=", "++", "-", "-", "+", "-", "--", "+", "++", "-", "--", "="], "beatstrength": [1.0, 0.25, 0.5, 0.5, 1.0, 0.25, 0.5, 0.5, 1.0, 0.25, 0.5, 0.5, 1.0, 0.25, 0.5, 0.5], "beat_str": ["1", "1", "2", "3", "1", "1", "2", "3", "1", "1", "2", "3", "1", "1", "2", "3"], "beat_fraction_str": ["0", "1/2", "0", "0", "0", "1/2", "0", "0", "0", "1/2", "0", "0", "0", "1/2", "0", "0"], "beat": [1.0, 1.5, 2.0, 3.0, 1.0, 1.5, 2.0, 3.0, 1.0, 1.5, 2.0, 3.0, 1.0, 1.5, 2.0, 3.0], "timesignature": ["3/4", "3/4", "3/4", "3/4", "3/4", "3/4", "3/4", "3/4", "3/4", "3/4", "3/4", "3/4", "3/4", "3/4", "3/4", "3/4"], "gpr2a_Frankland": [null, null, null, null, null, null, null, null, null, null, null, null, null, null, null, null], "gpr2b_Frankland": [null, null, null, null, null, null, null, null, null, null, null, null, null, null, null, null], "gpr3a_Frankland": [null, null, null, null, 0.75, null, null, null, null, 0.33333333333333337, null, 0.33333333333333337, null, 0.6666666666666667, null, null], "gpr3d_Frankland": [null, 0.5, null, 0.5, null, 0.5, null, 0.5, null, 0.5, null, 0.5, null, null, null, null], "gpr_Frankland_sum": [0, 0.5, 0, 0.5, 0.75, 0.5, 0, 0.5, 0, 0.8333333333333334, 0, 0.8333333333333334, 0, 0.6666666666666667, 0, 0], "lbdm_spitch": [null, 0.09090909090909091, 0.09090909090909091, 0.0, 1.0, 0.13636363636363638, 0.0, 0.0, 0.07792207792207792, 0.23376623376623376, 0.15584415584415584, 0.23376623376623376, 0.15584415584415584, 0.6077922077922079, null, null], "lbdm_sioi": [null, 0.5, 1.0, 1.0, 0.5, 0.5, 1.0, 1.0, 0.5, 0.5, 1.0, 1.0, 0.5, 0.5, null, null], "lbdm_srest": [null, 0.0, 0.0, 0.0, 0.0, 0.0, 0.0, 0.0, 0.0, 0.0, 0.0, 0.0, 0.0, 0.0, null, null], "lbdm_rpitch": [null, 0.3333333333333333, 0.0, 0.3333333333333333, 0.6666666666666666, 0.25, 0.0, 0.0, 0.0, 0.14285714285714285, 0.14285714285714285, 0.14285714285714285, 0.14285714285714285, 0.14285714285714285, 0.6, null], "lbdm_rioi": [null, 0.0, 0.3333333333333333, 0.0, 0.3333333333333333, 0.0, 0.3333333333333333, 0.0, 0.3333333333333333, 0.0, 0.3333333333333333, 0.0, 0.3333333333333333, 0.0, 0.3333333333333333, null], "lbdm_rrest": [null, 0.0, 0.0, 0.0, 0.0, 0.0, 0.0, 0.0, 0.0, 0.0, 0.0, 0.0, 0.0, 0.0, 0.0, null], "lbdm_boundarystrength": [null, 0.2727272727272727, 0.5227272727272727, 0.5, 0.5, 0.2840909090909091, 0.5, 0.5, 0.2694805194805195, 0.30844155844155846, 0.538961038961039, 0.5584415584415584, 0.288961038961039, 0.40194805194805194, null, null]}}
