{"id": "KB35A04200001", "tunefamily": "", "year": -1, "tunefamily_full": "", "type": "", "freemeter": false, "origin": "", "features": {"scaledegree": [2, 1, 2, 1, 3, 1, 2, 3, 1, 2, 3, 1, 2, 3, 1, 2, 1, 2, 1, 2, 1], "scaledegreespecifier": ["M", "P", "M", "P", "M", "P", "M", "M", "P", "M", "M", "P", "M", "M", "P", "M", "P", "M", "P", "M", "P"], "tonic": ["G", "G", "G", "G", "G", "G", "G", "G", "G", "G", "G", "G", "G", "G", "G", "G", "G", "G", "G", "G", "G"], "mode": ["major", "major", "major", "major", "major", "major", "major", "major", "major", "major", "major", "major", "major", "major", "major", "major", "major", "major", "major", "major", "major"], "metriccontour": [null, "-", "-", "+", "=", "-", "+", "+", "-", "+", "+", "-", "+", "+", "-", "+", "-", "+", "-", "-", "+"], "imaweight": [0.360976, 0.243902, 0.204878, 0.414634, 0.965854, 0.170732, 0.712195, 0.829268, 0.282927, 0.741463, 0.907317, 0.24878, 0.760976, 1.0, 0.22439, 0.726829, 0.321951, 0.931707, 0.765854, 0.170732, 0.985366], "imaweight_spectral": [0.892, 0.828, 0.332, 0.884, 1.0, 0.304, 0.728, 0.86, 0.36, 0.752, 0.888, 0.332, 0.768, 0.916, 0.264, 0.708, 0.344, 0.876, 0.772, 0.268, 0.968], "pitch40_hewlett": [152, 146, 152, 146, 158, 146, 152, 158, 146, 152, 158, 146, 152, 158, 146, 152, 146, 152, 146, 152, 146], "pitch40_sapp": [191, 185, 191, 185, 197, 185, 191, 197, 185, 191, 197, 185, 191, 197, 185, 191, 185, 191, 185, 191, 185], "octave": [4, 4, 4, 4, 4, 4, 4, 4, 4, 4, 4, 4, 4, 4, 4, 4, 4, 4, 4, 4, 4], "midipitch": [69, 67, 69, 67, 71, 67, 69, 71, 67, 69, 71, 67, 69, 71, 67, 69, 67, 69, 67, 69, 67], "diatonicpitch": [29, 28, 29, 28, 30, 28, 29, 30, 28, 29, 30, 28, 29, 30, 28, 29, 28, 29, 28, 29, 28], "diatonicinterval": [null, -1, 1, -1, 2, -2, 1, 1, -2, 1, 1, -2, 1, 1, -2, 1, -1, 1, -1, 1, -1], "chromaticinterval": [null, -2, 2, -2, 4, -4, 2, 2, -4, 2, 2, -4, 2, 2, -4, 2, -2, 2, -2, 2, -2], "pitchproximity": [null, null, 2, 2, 4, 4, 2, 2, 4, 2, 2, 4, 2, 2, 4, 2, 2, 2, 2, 2, 2], "pitchreversal": [null, null, 1.5, 1.5, 1.5, 1.5, 1.5, 0, 1.5, 1.5, 0, 1.5, 1.5, 0, 1.5, 1.5, 1.5, 1.5, 1.5, 1.5, 1.5], "nextisrest": [false, false, false, false, false, false, false, false, false, false, false, false, false, false, false, false, false, false, false, false, null], "restduration_frac": [null, null, null, null, null, null, null, null, null, null, null, null, null, null, null, null, null, null, null, null, null], "duration": [1.0, 0.5, 0.5, 2.0, 0.5, 0.5, 1.0, 0.5, 0.5, 1.0, 0.5, 0.5, 1.0, 0.5, 0.5, 0.5, 0.5, 1.0, 0.5, 0.5, 2.0], "duration_frac": ["1", "1/2", "1/2", "2", "1/2", "1/2", "1", "1/2", "1/2", "1", "1/2", "1/2", "1", "1/2", "1/2", "1/2", "1/2", "1", "1/2", "1/2", "2"], "duration_fullname": ["Quarter", "Eighth", "Eighth", "Half", "Eighth", "Eighth", "Quarter", "Eighth", "Eighth", "Quarter", "Eighth", "Eighth", "Quarter", "Eighth", "Eighth", "Eighth", "Eighth", "Quarter", "Eighth", "Eighth", "Half"], "durationcontour": [null, "-", "=", "+", "-", "=", "+", "-", "=", "+", "-", "=", "+", "-", "=", "=", "=", "+", "-", "=", "+"], "onsettick": [0, 2, 3, 4, 8, 9, 10, 12, 13, 14, 16, 17, 18, 20, 21, 22, 23, 24, 26, 27, 28], "beatfraction": ["1", "1/2", "1/2", "2", "1/2", "1/2", "1", "1/2", "1/2", "1", "1/2", "1/2", "1", "1/2", "1/2", "1/2", "1/2", "1", "1/2", "1/2", "2"], "phrasepos": [0.0, 0.5, 0.75, 1.0, 0.0, 0.06666666666666667, 0.13333333333333333, 0.26666666666666666, 0.3333333333333333, 0.4, 0.5333333333333333, 0.6, 0.6666666666666666, 0.8, 0.8666666666666667, 0.9333333333333333, 1.0, 0.0, 0.5, 0.75, 1.0], "phrase_ix": [0, 0, 0, 0, 1, 1, 1, 1, 1, 1, 1, 1, 1, 1, 1, 1, 1, 2, 2, 2, 2], "phrase_end": [false, false, false, true, false, false, false, false, false, false, false, false, false, false, false, false, true, false, false, false, true], "songpos": [0.0, 0.07142857142857142, 0.10714285714285714, 0.14285714285714285, 0.2857142857142857, 0.32142857142857145, 0.35714285714285715, 0.42857142857142855, 0.4642857142857143, 0.5, 0.5714285714285714, 0.6071428571428571, 0.6428571428571429, 0.7142857142857143, 0.75, 0.7857142857142857, 0.8214285714285714, 0.8571428571428571, 0.9285714285714286, 0.9642857142857143, 1.0], "beatinsong": ["0", "1", "3/2", "2", "4", "9/2", "5", "6", "13/2", "7", "8", "17/2", "9", "10", "21/2", "11", "23/2", "12", "13", "27/2", "14"], "beatinphrase": ["0", "1", "3/2", "2", "0", "1/2", "1", "2", "5/2", "3", "4", "9/2", "5", "6", "13/2", "7", "15/2", "0", "1", "3/2", "2"], "beatinphrase_end": ["-2", "-1", "-1/2", "0", "-6", "-11/2", "-5", "-4", "-7/2", "-3", "-2", "-3/2", "-1", "0", "1/2", "1", "3/2", "-2", "-1", "-1/2", "0"], "IOI_frac": ["1", "1/2", "1/2", "2", "1/2", "1/2", "1", "1/2", "1/2", "1", "1/2", "1/2", "1", "1/2", "1/2", "1/2", "1/2", "1", "1/2", "1/2", null], "IOI": [1.0, 0.5, 0.5, 2.0, 0.5, 0.5, 1.0, 0.5, 0.5, 1.0, 0.5, 0.5, 1.0, 0.5, 0.5, 0.5, 0.5, 1.0, 0.5, 0.5, null], "IOR_frac": [null, "1/2", "1", "4", "1/4", "1", "2", "1/2", "1", "2", "1/2", "1", "2", "1/2", "1", "1", "1", "2", "1/2", "1", null], "IOR": [null, 0.5, 1.0, 4.0, 0.25, 1.0, 2.0, 0.5, 1.0, 2.0, 0.5, 1.0, 2.0, 0.5, 1.0, 1.0, 1.0, 2.0, 0.5, 1.0, null], "imacontour": [null, "-", "-", "+", "+", "-", "+", "+", "-", "+", "+", "-", "+", "+", "-", "+", "-", "+", "-", "-", "+"], "pitch": ["A4", "G4", "A4", "G4", "B4", "G4", "A4", "B4", "G4", "A4", "B4", "G4", "A4", "B4", "G4", "A4", "G4", "A4", "G4", "A4", "G4"], "contour3": [null, "-", "+", "-", "+", "-", "+", "+", "-", "+", "+", "-", "+", "+", "-", "+", "-", "+", "-", "+", "-"], "contour5": [null, "-", "+", "-", "++", "--", "+", "+", "--", "+", "+", "--", "+", "+", "--", "+", "-", "+", "-", "+", "-"], "beatstrength": [1.0, 0.5, 0.25, 1.0, 1.0, 0.25, 0.5, 1.0, 0.25, 0.5, 1.0, 0.25, 0.5, 1.0, 0.25, 0.5, 0.25, 1.0, 0.5, 0.25, 1.0], "beat_str": ["1", "2", "2", "1", "1", "1", "2", "1", "1", "2", "1", "1", "2", "1", "1", "2", "2", "1", "2", "2", "1"], "beat_fraction_str": ["0", "0", "1/2", "0", "0", "1/2", "0", "0", "1/2", "0", "0", "1/2", "0", "0", "1/2", "0", "1/2", "0", "0", "1/2", "0"], "beat": [1.0, 2.0, 2.5, 1.0, 1.0, 1.5, 2.0, 1.0, 1.5, 2.0, 1.0, 1.5, 2.0, 1.0, 1.5, 2.0, 2.5, 1.0, 2.0, 2.5, 1.0], "timesignature": ["2/4", "2/4", "2/4", "2/4", "2/4", "2/4", "2/4", "2/4", "2/4", "2/4", "2/4", "2/4", "2/4", "2/4", "2/4", "2/4", "2/4", "2/4", "2/4", "2/4", "2/4"], "gpr2a_Frankland": [null, null, null, null, null, null, null, null, null, null, null, null, null, null, null, null, null, null, null, null, null], "gpr2b_Frankland": [null, null, null, 0.75, null, null, 0.5, null, null, 0.5, null, null, 0.5, null, null, null, null, 0.5, null, null, null], "gpr3a_Frankland": [null, null, null, null, null, null, null, 0.5, null, null, 0.5, null, null, 0.5, null, null, null, null, null, null, null], "gpr3d_Frankland": [null, null, null, null, null, null, null, null, null, null, null, null, null, null, 0.0, null, null, null, null, null, null], "gpr_Frankland_sum": [0, 0, 0, 0.75, 0, 0, 0.5, 0.5, 0, 0.5, 0.5, 0, 0.5, 0.5, 0, 0, 0, 0.5, 0, 0, 0], "lbdm_spitch": [null, 0.0, 0.25, 0.5, 0.5, 0.25, 0.25, 1.0, 0.25, 0.25, 1.0, 0.25, 0.25, 1.0, 0.25, 0.0, 0.0, 0.0, 0.0, null, null], "lbdm_sioi": [null, 0.06944444444444445, 0.125, 1.0, 0.125, 0.06944444444444445, 0.2777777777777778, 0.06944444444444445, 0.06944444444444445, 0.2777777777777778, 0.06944444444444445, 0.06944444444444445, 0.2777777777777778, 0.06944444444444445, 0.0, 0.0, 0.06944444444444445, 0.2777777777777778, 0.06944444444444445, null, null], "lbdm_srest": [null, 0.0, 0.0, 0.0, 0.0, 0.0, 0.0, 0.0, 0.0, 0.0, 0.0, 0.0, 0.0, 0.0, 0.0, 0.0, 0.0, 0.0, 0.0, null, null], "lbdm_rpitch": [null, 0.0, 0.0, 0.25, 0.0, 0.25, 0.0, 0.25, 0.25, 0.0, 0.25, 0.25, 0.0, 0.25, 0.25, 0.0, 0.0, 0.0, 0.0, 0.0, null], "lbdm_rioi": [null, 0.3333333333333333, 0.0, 0.6, 0.6, 0.0, 0.3333333333333333, 0.3333333333333333, 0.0, 0.3333333333333333, 0.3333333333333333, 0.0, 0.3333333333333333, 0.3333333333333333, 0.0, 0.0, 0.0, 0.3333333333333333, 0.3333333333333333, 0.0, null],