{"id": "KB3652900002", "tunefamily": "", "year": -1, "tunefamily_full": "", "type": "", "freemeter": false, "origin": "", "features": {"scaledegree": [1, 4, 4, 4, 3, 1, 4, 4, 6, 5, 4, 4, 4, 4, 3, 1, 2, 4, 7, 1, 1], "scaledegreespecifier": ["P", "P", "P", "P", "M", "P", "P", "P", "M", "P", "P", "P", "P", "P", "M", "P", "M", "P", "M", "P", "P"], "tonic": ["G", "G", "G", "G", "G", "G", "G", "G", "G", "G", "G", "G", "G", "G", "G", "G", "G", "G", "G", "G", "G"], "mode": ["major", "major", "major", "major", "major", "major", "major", "major", "major", "major", "major", "major", "major", "major", "major", "major", "major", "major", "major", "major", "major"], "metriccontour": [null, "-", "+", "=", "+", "-", "+", "-", "=", "+", "-", "+", "-", "=", "+", "-", "+", "-", "=", "+", "-"], "imaweight": [0.364103, 0.0205128, 0.748718, 0.34359, 1.0, 0.974359, 0.374359, 0.794872, 0.435897, 0.974359, 0.974359, 0.420513, 0.805128, 0.4, 0.974359, 1.0, 0.415385, 0.74359, 0.353846, 1.0, 0.974359], "imaweight_spectral": [0.474104, 0.0159363, 0.772908, 0.474104, 0.984064, 0.936255, 0.47012, 0.796813, 0.517928, 0.936255, 0.936255, 0.505976, 0.804781, 0.49004, 0.936255, 0.956175, 0.501992, 0.756972, 0.454183, 0.972112, 1.0], "pitch40_hewlett": [146, 163, 163, 163, 158, 146, 163, 163, 175, 169, 163, 163, 163, 163, 158, 146, 152, 163, 141, 146, 146], "pitch40_sapp": [185, 202, 202, 202, 197, 185, 202, 202, 214, 208, 202, 202, 202, 202, 197, 185, 191, 202, 180, 185, 185], "octave": [4, 5, 5, 5, 4, 4, 5, 5, 5, 5, 5, 5, 5, 5, 4, 4, 4, 5, 4, 4, 4], "midipitch": [67, 72, 72, 72, 71, 67, 72, 72, 76, 74, 72, 72, 72, 72, 71, 67, 69, 72, 66, 67, 67], "diatonicpitch": [28, 31, 31, 31, 30, 28, 31, 31, 33, 32, 31, 31, 31, 31, 30, 28, 29, 31, 27, 28, 28], "diatonicinterval": [null, 3, 0, 0, -1, -2, 3, 0, 2, -1, -1, 0, 0, 0, -1, -2, 1, 2, -4, 1, 0], "chromaticinterval": [null, 5, 0, 0, -1, -4, 5, 0, 4, -2, -2, 0, 0, 0, -1, -4, 2, 3, -6, 1, 0], "pitchproximity": [null, null, 0, 0, 1, 4, 5, 0, 4, 2, 2, 0, 0, 0, 1, 4, 2, 3, 6, 1, 0], "pitchreversal": [null, null, 0, 0, 0, 0, 1.5, 0, 0, 1.5, 0, 0, 0, 0, 0, 0, 1.5, 0, 0, null, 0], "nextisrest": [false, false, false, false, false, false, false, false, false, false, false, false, false, false, false, false, false, false, false, false, null], "restduration_frac": [null, null, null, null, null, null, null, null, null, null, null, null, null, null, null, null, null, null, null, null, null], "duration": [0.25, 0.25, 0.5, 0.5, 1.0, 0.5, 0.5, 0.5, 0.5, 1.0, 0.5, 0.5, 0.5, 0.5, 1.0, 0.5, 0.5, 0.5, 0.5, 1.0, 0.5], "duration_frac": ["1/4", "1/4", "1/2", "1/2", "1", "1/2", "1/2", "1/2", "1/2", "1", "1/2", "1/2", "1/2", "1/2", "1", "1/2", "1/2", "1/2", "1/2", "1", "1/2"], "duration_fullname": ["16th", "16th", "Eighth", "Eighth", "Quarter", "Eighth", "Eighth", "Eighth", "Eighth", "Quarter", "Eighth", "Eighth", "Eighth", "Eighth", "Quarter", "Eighth", "Eighth", "Eighth", "Eighth", "Quarter", "Eighth"], "durationcontour": [null, "=", "+", "=", "+", "-", "=", "=", "=", "+", "-", "=", "=", "=", "+", "-", "=", "=", "=", "+", "-"], "onsettick": [0, 1, 2, 4, 6, 10, 12, 14, 16, 18, 22, 24, 26, 28, 30, 34, 36, 38, 40, 42, 46], "beatfraction": ["1/6", "1/6", "1/3", "1/3", "2/3", "1/3", "1/3", "1/3", "1/3", "2/3", "1/3", "1/3", "1/3", "1/3", "2/3", "1/3", "1/3", "1/3", "1/3", "2/3", "1/3"], "phrasepos": [0.0, 0.045454545454545456, 0.09090909090909091, 0.18181818181818182, 0.2727272727272727, 0.45454545454545453, 0.5454545454545454, 0.6363636363636364, 0.7272727272727273, 0.8181818181818182, 1.0, 0.0, 0.09090909090909091, 0.18181818181818182, 0.2727272727272727, 0.45454545454545453, 0.5454545454545454, 0.6363636363636364, 0.7272727272727273, 0.8181818181818182, 1.0], "phrase_ix": [0, 0, 0, 0, 0, 0, 0, 0, 0, 0, 0, 1, 1, 1, 1, 1, 1, 1, 1, 1, 1], "phrase_end": [false, false, false, false, false, false, false, false, false, false, true, false, false, false, false, false, false, false, false, false, true], "songpos": [0.0, 0.021739130434782608, 0.043478260869565216, 0.08695652173913043, 0.13043478260869565, 0.21739130434782608, 0.2608695652173913, 0.30434782608695654, 0.34782608695652173, 0.391304347826087, 0.4782608695652174, 0.5217391304347826, 0.5652173913043478, 0.6086956521739131, 0.6521739130434783, 0.7391304347826086, 0.782608695652174, 0.8260869565217391, 0.8695652173913043, 0.9130434782608695, 1.0], "beatinsong": ["0", "1/6", "1/3", "2/3", "1", "5/3", "2", "7/3", "8/3", "3", "11/3", "4", "13/3", "14/3", "5", "17/3", "6", "19/3", "20/3", "7", "23/3"], "beatinphrase": ["0", "1/6", "1/3", "2/3", "1", "5/3", "2", "7/3", "8/3", "3", "11/3", "0", "1/3", "2/3", "1", "5/3", "2", "7/3", "8/3", "3", "11/3"], "beatinphrase_end": ["-3", "-17/6", "-8/3", "-7/3", "-2", "-4/3", "-1", "-2/3", "-1/3", "0", "2/3", "-3", "-8/3", "-7/3", "-2", "-4/3", "-1", "-2/3", "-1/3", "0", "2/3"], "IOI_frac": ["1/4", "1/4", "1/2", "1/2", "1", "1/2", "1/2", "1/2", "1/2", "1", "1/2", "1/2", "1/2", "1/2", "1", "1/2", "1/2", "1/2", "1/2", "1", null], "IOI": [0.25, 0.25, 0.5, 0.5, 1.0, 0.5, 0.5, 0.5, 0.5, 1.0, 0.5, 0.5, 0.5, 0.5, 1.0, 0.5, 0.5, 0.5, 0.5, 1.0, null], "IOR_frac": [null, "1", "2", "1", "2", "1/2", "1", "1", "1", "2", "1/2", "1", "1", "1", "2", "1/2", "1", "1", "1", "2", null], "IOR": [null, 1.0, 2.0, 1.0, 2.0, 0.5, 1.0, 1.0, 1.0, 2.0, 0.5, 1.0, 1.0, 1.0, 2.0, 0.5, 1.0, 1.0, 1.0, 2.0, null], "imacontour": [null, "-", "+", "-", "+", "-", "-", "+", "-", "+", "=", "-", "+", "-", "+", "+", "-", "+", "-", "+", "-"], "pitch": ["G4", "C5", "C5", "C5", "B4", "G4", "C5", "C5", "E5", "D5", "C5", "C5", "C5", "C5", "B4", "G4", "A4", "C5", "F#4", "G4", "G4"], "contour3": [null, "+", "=", "=", "-", "-", "+", "=", "+", "-", "-", "=", "=", "=", "-", "-", "+", "+", "-", "+", "="], "contour5": [null, "++", "=", "=", "-", "--", "++", "=", "++", "-", "-", "=", "=", "=", "-", "--", "+", "++", "--", "+", "="], "beatstrength": [1.0, 0.25, 0.5, 0.5, 1.0, 0.5, 1.0, 0.5, 0.5, 1.0, 0.5, 1.0, 0.5, 0.5, 1.0, 0.5, 1.0, 0.5, 0.5, 1.0, 0.5], "beat_str": ["1", "1", "1", "1", "1", "1", "1", "1", "1", "1", "1", "1", "1", "1", "1", "1", "1", "1", "1", "1", "1"], "beat_fraction_str": ["0", "1/6", "1/3", "2/3", "0", "2/3", "0", "1/3", "2/3", "0", "2/3", "0", "1/3", "2/3", "0", "2/3", "0", "1/3", "2/3", "0", "2/3"], "beat": [1.0, 1.1666666666666667, 1.3333333333333333, 1.6666666666666667, 1.0, 1.6666666666666667, 1.0, 1.3333333333333333, 1.6666666666666667, 1.0, 1.6666666666666667, 1.0, 1.3333333333333333, 1.6666666666666667, 1.0, 1.6666666666666667, 1.0, 1.3333333333333333, 1.6666666666666667, 1.0, 1.6666666666666667], "timesignature": ["3/8", "3/8", "3/8", "3/8", "3/8", "3/8", "3/8", "3/8", "3/8", "3/8", "3/8", "3/8", "3/8", "3/8", "3/8", "3/8", "3/8", "3/8", "3/8", "3/8", "3/8"], "gpr2a_Frankland": [null, null, null, null, null, null, null, null, null, null, null, null, null, null, null, null, null, null, null, null, null], "gpr2b_Frankland": [null, null, null, null, 0.5, null, null, null, null, 0.5, null, null, null, null, 0.5, null, null, null, null, null, null], "gpr3a_Frankland": [null, null, null, null, null, 0.6, null, 0.75, null, null, null, null, null, null, 0.625, null, null, 0.6666666666666667, null, null, null], "gpr3d_Frankland": [null, 0.5, null, null, null, null, 0.0, null, null, null, null, 0.0, null, null, null, null, 0.0, null, null, null, null], "gpr_Frankland_sum": [0, 0.5, 0, 0, 0.5, 0.6, 0, 0.75, 0, 0.5, 0, 0, 0, 0, 1.125, 0, 0, 0.6666666666666667, 0, 0, 0], "lbdm_spitch": [null, 0.0, 0.0, 0.15331010452961671, 0.41811846689895465, 0.8101045296167247, 0.0, 0.7378048780487805, 0.10060975609756098, 0.20121951219512196, 0.0, 0.0, 0.0, 0.15331010452961671, 0.5461672473867596, 0.15810104529616725, 0.2508710801393728, 1.0, 0.17886178861788618, null, null], "lbdm_sioi": [null, 0.125, 0.25, 0.25, 1.0, 0.25, 0.0, 0.0, 0.25, 1.0, 0.25, 0.0, 0.0, 0.25, 1.0, 0.25, 0.0, 0.0, 0.25, null, null], "lbdm_srest": [null, 0.0, 0.0, 0.0, 0.0, 0.0, 0.0, 0.0, 0.0, 0.0, 0.0, 0.0, 0.0, 0.0, 0.0, 0.0, 0.0, 0.0, 0.0, null, null],