{"id": "KB3614300002", "tunefamily": "", "year": -1, "tunefamily_full": "", "type": "", "freemeter": false, "origin": "", "features": {"scaledegree": [5, 5, 4, 3, 2, 1, 3, 3, 4, 5, 3, 4, 3, 2, 1], "scaledegreespecifier": ["P", "P", "P", "M", "M", "P", "M", "M", "P", "P", "M", "P", "M", "M", "P"], "tonic": ["G", "G", "G", "G", "G", "G", "G", "G", "G", "G", "G", "G", "G", "G", "G"], "mode": ["major", "major", "major", "major", "major", "major", "major", "major", "major", "major", "major", "major", "major", "major", "major"], "metriccontour": [null, "-", "-", "+", "-", "+", "+", "-", "-", "+", "-", "+", "-", "-", "+"], "imaweight": [0.794118, 1.0, 0.176471, 0.882353, 0.294118, 0.911765, 0.852941, 0.794118, 0.264706, 0.794118, 0.852941, 0.764706, 0.794118, 0.0882353, 0.794118], "imaweight_spectral": [0.891892, 0.972973, 0.216216, 0.864865, 0.324324, 0.891892, 0.945946, 0.864865, 0.378378, 0.891892, 0.945946, 0.864865, 0.891892, 0.216216, 1.0], "pitch40_hewlett": [169, 169, 163, 158, 152, 146, 158, 158, 163, 169, 158, 163, 158, 152, 146], "pitch40_sapp": [208, 208, 202, 197, 191, 185, 197, 197, 202, 208, 197, 202, 197, 191, 185], "octave": [5, 5, 5, 4, 4, 4, 4, 4, 5, 5, 4, 5, 4, 4, 4], "midipitch": [74, 74, 72, 71, 69, 67, 71, 71, 72, 74, 71, 72, 71, 69, 67], "diatonicpitch": [32, 32, 31, 30, 29, 28, 30, 30, 31, 32, 30, 31, 30, 29, 28], "diatonicinterval": [null, 0, -1, -1, -1, -1, 2, 0, 1, 1, -2, 1, -1, -1, -1], "chromaticinterval": [null, 0, -2, -1, -2, -2, 4, 0, 1, 2, -3, 1, -1, -2, -2], "pitchproximity": [null, null, 2, 1, 2, 2, 4, 0, 1, 2, 3, 1, 1, 2, 2], "pitchreversal": [null, null, 0, 0, 0, 0, 1.5, 0, 0, 0, 1.5, 1.5, 1.5, 0, 0], "nextisrest": [false, false, false, false, false, false, false, false, false, false, false, false, false, false, null], "restduration_frac": [null, null, null, null, null, null, null, null, null, null, null, null, null, null, null], "duration": [1.0, 0.5, 0.5, 0.5, 0.5, 1.0, 1.0, 0.5, 0.5, 1.0, 1.0, 1.0, 0.5, 0.5, 2.0], "duration_frac": ["1", "1/2", "1/2", "1/2", "1/2", "1", "1", "1/2", "1/2", "1", "1", "1", "1/2", "1/2", "2"], "duration_fullname": ["Quarter", "Eighth", "Eighth", "Eighth", "Eighth", "Quarter", "Quarter", "Eighth", "Eighth", "Quarter", "Quarter", "Quarter", "Eighth", "Eighth", "Half"], "durationcontour": [null, "-", "=", "=", "=", "+", "=", "-", "=", "+", "=", "=", "-", "=", "+"], "onsettick": [0, 2, 3, 4, 5, 6, 8, 10, 11, 12, 14, 16, 18, 19, 20], "beatfraction": ["1", "1/2", "1/2", "1/2", "1/2", "1", "1", "1/2", "1/2", "1", "1", "1", "1/2", "1/2", "2"], "phrasepos": [0.0, 0.1, 0.15, 0.2, 0.25, 0.3, 0.4, 0.5, 0.55, 0.6, 0.7, 0.8, 0.9, 0.95, 1.0], "phrase_ix": [0, 0, 0, 0, 0, 0, 0, 0, 0, 0, 0, 0, 0, 0, 0], "phrase_end": [false, false, false, false, false, false, false, false, false, false, false, false, false, false, true], "songpos": [0.0, 0.1, 0.15, 0.2, 0.25, 0.3, 0.4, 0.5, 0.55, 0.6, 0.7, 0.8, 0.9, 0.95, 1.0], "beatinsong": ["0", "1", "3/2", "2", "5/2", "3", "4", "5", "11/2", "6", "7", "8", "9", "19/2", "10"], "beatinphrase": ["0", "1", "3/2", "2", "5/2", "3", "4", "5", "11/2", "6", "7", "8", "9", "19/2", "10"], "beatinphrase_end": ["-8", "-7", "-13/2", "-6", "-11/2", "-5", "-4", "-3", "-5/2", "-2", "-1", "0", "1", "3/2", "2"], "IOI_frac": ["1", "1/2", "1/2", "1/2", "1/2", "1", "1", "1/2", "1/2", "1", "1", "1", "1/2", "1/2", null], "IOI": [1.0, 0.5, 0.5, 0.5, 0.5, 1.0, 1.0, 0.5, 0.5, 1.0, 1.0, 1.0, 0.5, 0.5, null], "IOR_frac": [null, "1/2", "1", "1", "1", "2", "1", "1/2", "1", "2", "1", "1", "1/2", "1", null], "IOR": [null, 0.5, 1.0, 1.0, 1.0, 2.0, 1.0, 0.5, 1.0, 2.0, 1.0, 1.0, 0.5, 1.0, null], "imacontour": [null, "+", "-", "+", "-", "+", "-", "-", "-", "+", "+", "-", "+", "-", "+"], "pitch": ["D5", "D5", "C5", "B4", "A4", "G4", "B4", "B4", "C5", "D5", "B4", "C5", "B4", "A4", "G4"], "contour3": [null, "=", "-", "-", "-", "-", "+", "=", "+", "+", "-", "+", "-", "-", "-"], "contour5": [null, "=", "-", "-", "-", "-", "++", "=", "+", "+", "--", "+", "-", "-", "-"], "beatstrength": [1.0, 0.25, 0.125, 0.5, 0.125, 0.25, 1.0, 0.25, 0.125, 0.5, 0.25, 1.0, 0.25, 0.125, 0.5], "beat_str": ["1", "2", "2", "3", "3", "4", "1", "2", "2", "3", "4", "1", "2", "2", "3"], "beat_fraction_str": ["0", "0", "1/2", "0", "1/2", "0", "0", "0", "1/2", "0", "0", "0", "0", "1/2", "0"], "beat": [1.0, 2.0, 2.5, 3.0, 3.5, 4.0, 1.0, 2.0, 2.5, 3.0, 4.0, 1.0, 2.0, 2.5, 3.0], "timesignature": ["4/4", "4/4", "4/4", "4/4", "4/4", "4/4", "4/4", "4/4", "4/4", "4/4", "4/4", "4/4", "4/4", "4/4", "4/4"], "gpr2a_Frankland": [null, null, null, null, null, null, null, null, null, null, null, null, null, null, null], "gpr2b_Frankland": [null, null, null, null, null, null, null, null, null, null, null, null, null, null, null], "gpr3a_Frankland": [null, 0.75, null, null, null, 0.75, null, null, null, 0.5, null, null, null, null, null], "gpr3d_Frankland": [null, null, 0.0, null, 0.5, null, 0.5, null, 0.5, null, null, 0.5, null, null, null], "gpr_Frankland_sum": [0, 0.75, 0, 0, 0.5, 0.75, 0.5, 0, 0.5, 0.5, 0, 0.5, 0, 0, 0], "lbdm_spitch": [null, 0.38181818181818183, 0.1090909090909091, 0.1090909090909091, 0.13636363636363638, 1.0, 0.0, 0.14545454545454545, 0.18701298701298702, 0.3896103896103896, 0.09090909090909091, 0.05454545454545455, 0.1090909090909091, null, null], "lbdm_sioi": [null, 0.5, 0.0, 0.0, 0.5, 1.0, 1.0, 0.5, 0.5, 1.0, 0.0, 1.0, 0.5, null, null], "lbdm_srest": [null, 0.0, 0.0, 0.0, 0.0, 0.0, 0.0, 0.0, 0.0, 0.0, 0.0, 0.0, 0.0, null, null], "lbdm_rpitch": [null, 0.5, 0.2, 0.2, 0.0, 0.25, 0.6666666666666666, 0.3333333333333333, 0.2, 0.14285714285714285, 0.3333333333333333, 0.0, 0.2, 0.0, null], "lbdm_rioi": [null, 0.3333333333333333, 0.0, 0.0, 0.0, 0.3333333333333333, 0.0, 0.3333333333333333, 0.0, 0.3333333333333333, 0.0, 0.0, 0.3333333333333333, 0.0, null], "lbdm_rrest": [null, 0.0, 0.0, 0.0, 0.0, 0.0, 0.0, 0.0, 0.0, 0.0, 0.0, 0.0, 0.0, 0.0, null], "lbdm_boundarystrength": [null, 0.34545454545454546, 0.027272727272727275, 0.027272727272727275, 0.2840909090909091, 0.75, 0.5, 0.2863636363636364, 0.29675324675324677, 0.5974025974025974, 0.022727272727272728, 0.5136363636363637, 0.2772727272727273, null, null]}}
