{"id": "KB3617100001", "tunefamily": "", "year": -1, "tunefamily_full": "", "type": "", "freemeter": false, "origin": "", "features": {"scaledegree": [1, 2, 3, 2, 1, 7, 7, 5, 3, 2, 1, 7, 5, 7, 1, 5, 5, 4, 5, 7, 1], "scaledegreespecifier": ["P", "M", "m", "M", "P", "M", "M", "P", "m", "M", "P", "M", "P", "M", "P", "P", "P", "P", "P", "M", "P"], "tonic": ["D", "D", "D", "D", "D", "D", "D", "D", "D", "D", "D", "D", "D", "D", "D", "D", "D", "D", "D", "D", "D"], "mode": ["minor", "minor", "minor", "minor", "minor", "minor", "minor", "minor", "minor", "minor", "minor", "minor", "minor", "minor", "minor", "minor", "minor", "minor", "minor", "minor", "minor"], "metriccontour": [null, "-", "+", "-", "+", "+", "-", "-", "+", "-", "=", "+", "-", "=", "+", "-", "+", "-", "-", "=", "+"], "imaweight": [0.403226, 0.104839, 0.306452, 0.16129, 0.435484, 0.298387, 0.508065, 0.379032, 1.0, 0.766129, 0.532258, 0.862903, 0.532258, 0.701613, 0.830645, 0.66129, 0.580645, 0.580645, 0.314516, 0.241935, 0.443548], "imaweight_spectral": [0.913333, 0.5, 1.0, 0.653333, 0.913333, 0.906667, 1.0, 0.806667, 0.993333, 0.693333, 0.5, 0.906667, 0.5, 0.64, 0.853333, 0.633333, 0.973333, 0.913333, 0.693333, 0.526667, 0.986667], "pitch40_hewlett": [169, 175, 180, 175, 169, 164, 164, 152, 180, 175, 169, 164, 152, 164, 169, 152, 152, 146, 152, 164, 169], "pitch40_sapp": [208, 214, 219, 214, 208, 203, 203, 191, 219, 214, 208, 203, 191, 203, 208, 191, 191, 185, 191, 203, 208], "octave": [5, 5, 5, 5, 5, 5, 5, 4, 5, 5, 5, 5, 4, 5, 5, 4, 4, 4, 4, 5, 5], "midipitch": [74, 76, 77, 76, 74, 73, 73, 69, 77, 76, 74, 73, 69, 73, 74, 69, 69, 67, 69, 73, 74], "diatonicpitch": [35, 36, 37, 36, 35, 34, 34, 32, 37, 36, 35, 34, 32, 34, 35, 32, 32, 31, 32, 34, 35], "diatonicinterval": [null, 1, 1, -1, -1, -1, 0, -2, 5, -1, -1, -1, -2, 2, 1, -3, 0, -1, 1, 2, 1], "chromaticinterval": [null, 2, 1, -1, -2, -1, 0, -4, 8, -1, -2, -1, -4, 4, 1, -5, 0, -2, 2, 4, 1], "pitchproximity": [null, null, 1, 1, 2, 1, 0, 4, 8, 1, 2, 1, 4, 4, 1, 5, 0, 2, 2, 4, 1], "pitchreversal": [null, null, 0, 1.5, 0, 0, 0, 0, 0, 1, 0, 0, 0, 1.5, 0, 0, 0, 0, 1.5, 0, 0], "nextisrest": [false, false, false, false, false, false, false, false, false, false, false, false, false, false, false, false, false, false, false, false, null], "restduration_frac": [null, null, null, null, null, null, null, null, null, null, null, null, null, null, null, null, null, null, null, null, null], "duration": [1.0, 0.5, 1.0, 0.5, 1.5, 1.5, 0.5, 2.5, 0.5, 0.5, 0.5, 0.5, 0.5, 0.5, 0.5, 1.0, 1.5, 0.5, 0.5, 0.5, 1.5], "duration_frac": ["1", "1/2", "1", "1/2", "3/2", "3/2", "1/2", "5/2", "1/2", "1/2", "1/2", "1/2", "1/2", "1/2", "1/2", "1", "3/2", "1/2", "1/2", "1/2", "3/2"], "duration_fullname": ["Quarter", "Eighth", "Quarter", "Eighth", "Dotted Quarter", "Dotted Quarter", "Eighth", "Half tied to Eighth (2 1/2 total QL)", "Eighth", "Eighth", "Eighth", "Eighth", "Eighth", "Eighth", "Eighth", "Quarter", "Dotted Quarter", "Eighth", "Eighth", "Eighth", "Dotted Quarter"], "durationcontour": [null, "-", "+", "-", "+", "=", "-", "+", "-", "=", "=", "=", "=", "=", "=", "+", "+", "-", "=", "=", "+"], "onsettick": [0, 2, 3, 5, 6, 9, 12, 13, 18, 19, 20, 21, 22, 23, 24, 25, 27, 30, 31, 32, 33], "beatfraction": ["2/3", "1/3", "2/3", "1/3", "1", "1", "1/3", "5/3", "1/3", "1/3", "1/3", "1/3", "1/3", "1/3", "1/3", "2/3", "1", "1/3", "1/3", "1/3", "1"], "phrasepos": [0.0, 0.15384615384615385, 0.23076923076923078, 0.38461538461538464, 0.46153846153846156, 0.6923076923076923, 0.9230769230769231, 1.0, 0.0, 0.06666666666666667, 0.13333333333333333, 0.2, 0.26666666666666666, 0.3333333333333333, 0.4, 0.4666666666666667, 0.6, 0.8, 0.8666666666666667, 0.9333333333333333, 1.0], "phrase_ix": [0, 0, 0, 0, 0, 0, 0, 0, 1, 1, 1, 1, 1, 1, 1, 1, 1, 1, 1, 1, 1], "phrase_end": [false, false, false, false, false, false, false, true, false, false, false, false, false, false, false, false, false, false, false, false, true], "songpos": [0.0, 0.06060606060606061, 0.09090909090909091, 0.15151515151515152, 0.18181818181818182, 0.2727272727272727, 0.36363636363636365, 0.3939393939393939, 0.5454545454545454, 0.5757575757575758, 0.6060606060606061, 0.6363636363636364, 0.6666666666666666, 0.696969696969697, 0.7272727272727273, 0.7575757575757576, 0.8181818181818182, 0.9090909090909091, 0.9393939393939394, 0.9696969696969697, 1.0], "beatinsong": ["0", "2/3", "1", "5/3", "2", "3", "4", "13/3", "6", "19/3", "20/3", "7", "22/3", "23/3", "8", "25/3", "9", "10", "31/3", "32/3", "11"], "beatinphrase": ["0", "2/3", "1", "5/3", "2", "3", "4", "13/3", "0", "1/3", "2/3", "1", "4/3", "5/3", "2", "7/3", "3", "4", "13/3", "14/3", "5"], "beatinphrase_end": ["-3", "-7/3", "-2", "-4/3", "-1", "0", "1", "4/3", "-3", "-8/3", "-7/3", "-2", "-5/3", "-4/3", "-1", "-2/3", "0", "1", "4/3", "5/3", "2"], "IOI_frac": ["1", "1/2", "1", "1/2", "3/2", "3/2", "1/2", "5/2", "1/2", "1/2", "1/2", "1/2", "1/2", "1/2", "1/2", "1", "3/2", "1/2", "1/2", "1/2", null], "IOI": [1.0, 0.5, 1.0, 0.5, 1.5, 1.5, 0.5, 2.5, 0.5, 0.5, 0.5, 0.5, 0.5, 0.5, 0.5, 1.0, 1.5, 0.5, 0.5, 0.5, null], "IOR_frac": [null, "1/2", "2", "1/2", "3", "1", "1/3", "5", "1/5", "1", "1", "1", "1", "1", "1", "2", "3/2", "1/3", "1", "1", null], "IOR": [null, 0.5, 2.0, 0.5, 3.0, 1.0, 0.3333333333333333, 5.0, 0.2, 1.0, 1.0, 1.0, 1.0, 1.0, 1.0, 2.0, 1.5, 0.3333333333333333, 1.0, 1.0, null], "imacontour": [null, "-", "+", "-", "+", "-", "+", "-", "+", "-", "-", "+", "-", "+", "+", "-", "-", "=", "-", "-", "+"], "pitch": ["D5", "E5", "F5", "E5", "D5", "C#5", "C#5", "A4", "F5", "E5", "D5", "C#5", "A4", "C#5", "D5", "A4", "A4", "G4", "A4", "C#5", "D5"], "contour3": [null, "+", "+", "-", "-", "-", "=", "-", "+", "-", "-", "-", "-", "+", "+", "-", "=", "-", "+", "+", "+"], "contour5": [null, "+", "+", "-", "-", "-", "=", "--", "++", "-", "-", "-", "--", "++", "+", "--", "=", "-", "+", "++", "+"], "beatstrength": [1.0, 0.25, 0.5, 0.25, 0.5, 1.0, 0.5, 0.25, 1.0, 0.25, 0.25, 0.5, 0.25, 0.25, 0.5, 0.25, 1.0, 0.5, 0.25, 0.25, 0.5], "beat_str": ["1", "1", "2", "2", "3", "1", "2", "2", "1", "1", "1", "2", "2", "2", "3", "3", "1", "2", "2", "2", "3"], "beat_fraction_str": ["0", "2/3", "0", "2/3", "0", "0", "0", "1/3", "0", "1/3", "2/3", "0", "1/3", "2/3", "0", "1/3", "0", "0", "1/3", "2/3", "0"], "beat": [1.0, 1.6666666666666667, 2.0, 2.6666666666666665, 3.0, 1.0, 2.0, 2.3333333333333335, 1.0, 1.3333333333333333, 1.6666666666666667, 2.0, 2.3333333333333335, 2.6666666666666665, 3.0, 3.3333333333333335, 1.0, 2.0, 2.3333333333333335, 2.6666666666666665, 3.0], "timesignature": ["9/8", "9/8", "9/8", "9/8", "9/8", "9/8", "9/8", "9/8", "9/8", "9/8", "9/8", "9/8", "9/8", "9/8", "9/8", "9/8", "9/8", "9/8", "9/8", "9/8", "9/8"], "gpr2a_Frankland": [null, null, null, null, null, null, null, null, null, null, null, null, null, null, null, null, null, null, null, null, null], "gpr2b_Frankland": [null, null, 0.5, null, null, null, null, 0.8, null, null, null, null, null, null, null, null, 0.5, null, null, null, null], "gpr3a_Frankland": [null, null, null, 0.5, null, null, null, 0.6875, null, 0.5, null, null, null, null, 0.9, null, null, null, 0.625, null, null], "gpr3d_Frankland": [null, null, null, null, null, null, null, null, null, 0.0, 0.0, 0.0, 0.0, null, null, null, null, null, null, null, null], "gpr_Frankland_sum": [0, 0, 0.5, 0.5, 0, 0, 0, 1.4875, 0, 0.5, 0, 0, 0, 0, 0.9, 0, 0.5, 0, 0.625, 0, 0], "lbdm_spitch": [null, 0.02711267605633803, 0.02711267605633803, 0.10845070422535212, 0.07230046948356808, 0.0, 0.5164319248826291, 1.0, 0.11338028169014086, 0.10845070422535212, 0.0852112676056338, 0.2323943661971831, 0.2323943661971831, 0.12588028169014084, 0.8230633802816902, 0.0, 0.13556338028169015, 0.06778169014084508, 0.36795774647887325, null, null], "lbdm_sioi": [null, 0.1, 0.2, 0.125, 0.22500000000000003, 0.22500000000000003, 0.175, 1.0, 0.1, 0.0, 0.0, 0.0, 0.0, 0.0, 0.05, 0.16, 0.315, 0.07500000000000001, 0.0, null, null],