{"id": "KB3613200002", "tunefamily": "", "year": -1, "tunefamily_full": "", "type": "", "freemeter": false, "origin": "", "features": {"scaledegree": [5, 1, 3, 2, 4, 3, 2, 1, 3, 4, 5, 4, 3, 2, 4, 3, 2, 1, 3, 3], "scaledegreespecifier": ["P", "P", "m", "M", "P", "m", "M", "P", "m", "P", "P", "P", "m", "M", "P", "m", "M", "P", "m", "m"], "tonic": ["A", "A", "A", "A", "A", "A", "A", "A", "A", "A", "A", "A", "A", "A", "A", "A", "A", "A", "A", "A"], "mode": ["minor", "minor", "minor", "minor", "minor", "minor", "minor", "minor", "minor", "minor", "minor", "minor", "minor", "minor", "minor", "minor", "minor", "minor", "minor", "minor"], "metriccontour": [null, "-", "=", "+", "-", "+", "-", "+", "+", "-", "+", "-", "=", "+", "-", "+", "-", "+", "+", "-"], "imaweight": [0.808081, 0.676768, 0.505051, 0.828283, 0.585859, 0.828283, 0.161616, 0.626263, 0.949495, 0.545455, 0.868687, 0.676768, 0.515152, 0.878788, 0.656566, 0.828283, 0.0808081, 0.454545, 1.0, 0.454545], "imaweight_spectral": [0.731544, 0.778523, 0.530201, 0.825503, 0.697987, 0.751678, 0.134228, 0.697987, 0.966443, 0.590604, 0.744966, 0.724832, 0.510067, 0.85906, 0.771812, 0.751678, 0.0805369, 0.610738, 1.0, 0.583893], "pitch40_hewlett": [135, 152, 163, 158, 169, 163, 158, 152, 163, 169, 175, 169, 163, 158, 169, 163, 158, 152, 163, 163], "pitch40_sapp": [174, 191, 202, 197, 208, 202, 197, 191, 202, 208, 214, 208, 202, 197, 208, 202, 197, 191, 202, 202], "octave": [4, 4, 5, 4, 5, 5, 4, 4, 5, 5, 5, 5, 5, 4, 5, 5, 4, 4, 5, 5], "midipitch": [64, 69, 72, 71, 74, 72, 71, 69, 72, 74, 76, 74, 72, 71, 74, 72, 71, 69, 72, 72], "diatonicpitch": [25, 28, 30, 29, 31, 30, 29, 28, 30, 31, 32, 31, 30, 29, 31, 30, 29, 28, 30, 30], "diatonicinterval": [null, 3, 2, -1, 2, -1, -1, -1, 2, 1, 1, -1, -1, -1, 2, -1, -1, -1, 2, 0], "chromaticinterval": [null, 5, 3, -1, 3, -2, -1, -2, 3, 2, 2, -2, -2, -1, 3, -2, -1, -2, 3, 0], "pitchproximity": [null, null, 3, 1, 3, 2, 1, 2, 3, 2, 2, 2, 2, 1, 3, 2, 1, 2, 3, 0], "pitchreversal": [null, null, 0, 1.5, 1.5, 1.5, 0, 0, 1.5, 0, 0, 1.5, 0, 0, 1.5, 1.5, 0, 0, 1.5, 0], "nextisrest": [false, false, false, false, false, false, false, false, false, false, false, false, false, false, false, false, false, false, false, null], "restduration_frac": [null, null, null, null, null, null, null, null, null, null, null, null, null, null, null, null, null, null, null, null], "duration": [0.5, 0.5, 0.5, 1.0, 0.5, 0.25, 0.25, 1.0, 0.5, 1.0, 0.5, 0.5, 0.5, 1.0, 0.5, 0.25, 0.25, 1.0, 0.5, 1.0], "duration_frac": ["1/2", "1/2", "1/2", "1", "1/2", "1/4", "1/4", "1", "1/2", "1", "1/2", "1/2", "1/2", "1", "1/2", "1/4", "1/4", "1", "1/2", "1"], "duration_fullname": ["Eighth", "Eighth", "Eighth", "Quarter", "Eighth", "16th", "16th", "Quarter", "Eighth", "Quarter", "Eighth", "Eighth", "Eighth", "Quarter", "Eighth", "16th", "16th", "Quarter", "Eighth", "Quarter"], "durationcontour": [null, "=", "=", "+", "-", "-", "=", "+", "-", "+", "-", "=", "=", "+", "-", "-", "=", "+", "-", "+"], "onsettick": [0, 2, 4, 6, 10, 12, 13, 14, 18, 20, 24, 26, 28, 30, 34, 36, 37, 38, 42, 44], "beatfraction": ["1/3", "1/3", "1/3", "2/3", "1/3", "1/6", "1/6", "2/3", "1/3", "2/3", "1/3", "1/3", "1/3", "2/3", "1/3", "1/6", "1/6", "2/3", "1/3", "2/3"], "phrasepos": [0.0, 0.1, 0.2, 0.3, 0.5, 0.6, 0.65, 0.7, 0.9, 1.0, 0.0, 0.1, 0.2, 0.3, 0.5, 0.6, 0.65, 0.7, 0.9, 1.0], "phrase_ix": [0, 0, 0, 0, 0, 0, 0, 0, 0, 0, 1, 1, 1, 1, 1, 1, 1, 1, 1, 1], "phrase_end": [false, false, false, false, false, false, false, false, false, true, false, false, false, false, false, false, false, false, false, true], "songpos": [0.0, 0.045454545454545456, 0.09090909090909091, 0.13636363636363635, 0.22727272727272727, 0.2727272727272727, 0.29545454545454547, 0.3181818181818182, 0.4090909090909091, 0.45454545454545453, 0.5454545454545454, 0.5909090909090909, 0.6363636363636364, 0.6818181818181818, 0.7727272727272727, 0.8181818181818182, 0.8409090909090909, 0.8636363636363636, 0.9545454545454546, 1.0], "beatinsong": ["0", "1/3", "2/3", "1", "5/3", "2", "13/6", "7/3", "3", "10/3", "4", "13/3", "14/3", "5", "17/3", "6", "37/6", "19/3", "7", "22/3"], "beatinphrase": ["0", "1/3", "2/3", "1", "5/3", "2", "13/6", "7/3", "3", "10/3", "0", "1/3", "2/3", "1", "5/3", "2", "13/6", "7/3", "3", "10/3"], "beatinphrase_end": ["-3", "-8/3", "-7/3", "-2", "-4/3", "-1", "-5/6", "-2/3", "0", "1/3", "-3", "-8/3", "-7/3", "-2", "-4/3", "-1", "-5/6", "-2/3", "0", "1/3"], "IOI_frac": ["1/2", "1/2", "1/2", "1", "1/2", "1/4", "1/4", "1", "1/2", "1", "1/2", "1/2", "1/2", "1", "1/2", "1/4", "1/4", "1", "1/2", null], "IOI": [0.5, 0.5, 0.5, 1.0, 0.5, 0.25, 0.25, 1.0, 0.5, 1.0, 0.5, 0.5, 0.5, 1.0, 0.5, 0.25, 0.25, 1.0, 0.5, null], "IOR_frac": [null, "1", "1", "2", "1/2", "1/2", "1", "4", "1/2", "2", "1/2", "1", "1", "2", "1/2", "1/2", "1", "4", "1/2", null], "IOR": [null, 1.0, 1.0, 2.0, 0.5, 0.5, 1.0, 4.0, 0.5, 2.0, 0.5, 1.0, 1.0, 2.0, 0.5, 0.5, 1.0, 4.0, 0.5, null], "imacontour": [null, "-", "-", "+", "-", "+", "-", "+", "+", "-", "+", "-", "-", "+", "-", "+", "-", "+", "+", "-"], "pitch": ["E4", "A4", "C5", "B4", "D5", "C5", "B4", "A4", "C5", "D5", "E5", "D5", "C5", "B4", "D5", "C5", "B4", "A4", "C5", "C5"], "contour3": [null, "+", "+", "-", "+", "-", "-", "-", "+", "+", "+", "-", "-", "-", "+", "-", "-", "-", "+", "="], "contour5": [null, "++", "++", "-", "++", "-", "-", "-", "++", "+", "+", "-", "-", "-", "++", "-", "-", "-", "++", "="], "beatstrength": [1.0, 0.5, 0.5, 1.0, 0.5, 1.0, 0.25, 0.5, 1.0, 0.5, 1.0, 0.5, 0.5, 1.0, 0.5, 1.0, 0.25, 0.5, 1.0, 0.5], "beat_str": ["1", "1", "1", "1", "1", "1", "1", "1", "1", "1", "1", "1", "1", "1", "1", "1", "1", "1", "1", "1"], "beat_fraction_str": ["0", "1/3", "2/3", "0", "2/3", "0", "1/6", "1/3", "0", "1/3", "0", "1/3", "2/3", "0", "2/3", "0", "1/6", "1/3", "0", "1/3"], "beat": [1.0, 1.3333333333333333, 1.6666666666666667, 1.0, 1.6666666666666667, 1.0, 1.1666666666666667, 1.3333333333333333, 1.0, 1.3333333333333333, 1.0, 1.3333333333333333, 1.6666666666666667, 1.0, 1.6666666666666667, 1.0, 1.1666666666666667, 1.3333333333333333, 1.0, 1.3333333333333333], "timesignature": ["3/8", "3/8", "3/8", "3/8", "3/8", "3/8", "3/8", "3/8", "3/8", "3/8", "3/8", "3/8", "3/8", "3/8", "3/8", "3/8", "3/8", "3/8", "3/8", "3/8"], "gpr2a_Frankland": [null, null, null, null, null, null, null, null, null, null, null, null, null, null, null, null, null, null, null, null], "gpr2b_Frankland": [null, null, null, 0.5, null, null, null, 0.625, null, 0.5, null, null, null, 0.5, null, null, null, 0.625, null, null], "gpr3a_Frankland": [null, null, null, 0.5, null, null, null, 0.33333333333333337, null, null, null, null, null, 0.5, null, null, null, 0.6666666666666667, null, null], "gpr3d_Frankland": [null, null, null, null, null, null, null, null, null, null, null, null, null, null, null, null, null, null, null, null], "gpr_Frankland_sum": [0, 0, 0, 1.0, 0, 0, 0, 0.9583333333333334, 0, 0.5, 0, 0, 0, 1.0, 0, 0, 0, 1.2916666666666667, 0, 0], "lbdm_spitch": [null, 0.717948717948718, 0.29914529914529914, 0.641025641025641, 0.3076923076923077, 0.1794871794871795, 0.3076923076923077, 0.3846153846153846, 0.1282051282051282, 0.0, 0.0, 0.1794871794871795, 0.2393162393162393, 0.641025641025641, 0.3076923076923077, 0.1794871794871795, 0.3076923076923077, 1.0, null, null], "lbdm_sioi": [null, 0.0, 0.17857142857142855, 0.7142857142857142, 0.3571428571428571, 0.08928571428571427, 0.1607142857142857, 1.0, 0.3571428571428571, 0.7142857142857142, 0.17857142857142855, 0.0, 0.17857142857142855, 0.7142857142857142, 0.3571428571428571, 0.08928571428571427, 0.1607142857142857, 1.0, null, null], "lbdm_srest": [null, 0.0, 0.0, 0.0, 0.0, 0.0, 0.0, 0.0, 0.0, 0.0, 0.0, 0.0, 0.0, 0.0, 0.0, 0.0, 0.0, 0.0, null, null], "lbdm_rpitch": [null, 0.2, 0.3333333333333333, 0.3333333333333333, 0.14285714285714285, 0.2, 0.2, 0.14285714285714285, 0.14285714285714285, 0.0, 0.0, 0.0, 0.2, 0.3333333333333333, 0.14285714285714285, 0.2, 0.2, 0.14285714285714285, 0.6, null],