{"id": "KB3904700001", "tunefamily": "", "year": -1, "tunefamily_full": "", "type": "", "freemeter": false, "origin": "", "features": {"scaledegree": [5, 5, 1, 1, 1, 3, 5, 3, 2, 2, 4, 7, 1, 3, 3, 7, 2, 4, 7, 1], "scaledegreespecifier": ["P", "P", "P", "P", "P", "M", "P", "M", "M", "M", "P", "M", "P", "M", "M", "M", "M", "P", "M", "P"], "tonic": ["G", "G", "G", "G", "G", "G", "G", "G", "G", "G", "G", "G", "G", "G", "G", "G", "G", "G", "G", "G"], "mode": ["major", "major", "major", "major", "major", "major", "major", "major", "major", "major", "major", "major", "major", "major", "major", "major", "major", "major", "major", "major"], "metriccontour": [null, "-", "+", "=", "+", "-", "+", "=", "+", "-", "+", "=", "+", "-", "=", "+", "-", "+", "=", "+"], "imaweight": [0.933071, 0.129921, 0.933071, 1.0, 0.917323, 0.161417, 0.917323, 0.984252, 0.917323, 0.208661, 0.917323, 1.0, 0.901575, 0.917323, 0.917323, 0.917323, 0.0787402, 0.917323, 0.901575, 0.901575], "imaweight_spectral": [0.910072, 0.176259, 0.895683, 0.985612, 0.881295, 0.205036, 0.881295, 0.985612, 0.881295, 0.248201, 0.881295, 0.985612, 0.881295, 0.895683, 1.0, 0.881295, 0.205036, 0.881295, 1.0, 0.881295], "pitch40_hewlett": [129, 129, 146, 146, 146, 158, 169, 158, 152, 152, 163, 141, 146, 158, 158, 141, 152, 163, 141, 146], "pitch40_sapp": [168, 168, 185, 185, 185, 197, 208, 197, 191, 191, 202, 180, 185, 197, 197, 180, 191, 202, 180, 185], "octave": [4, 4, 4, 4, 4, 4, 5, 4, 4, 4, 5, 4, 4, 4, 4, 4, 4, 5, 4, 4], "midipitch": [62, 62, 67, 67, 67, 71, 74, 71, 69, 69, 72, 66, 67, 71, 71, 66, 69, 72, 66, 67], "diatonicpitch": [25, 25, 28, 28, 28, 30, 32, 30, 29, 29, 31, 27, 28, 30, 30, 27, 29, 31, 27, 28], "diatonicinterval": [null, 0, 3, 0, 0, 2, 2, -2, -1, 0, 2, -4, 1, 2, 0, -3, 2, 2, -4, 1], "chromaticinterval": [null, 0, 5, 0, 0, 4, 3, -3, -2, 0, 3, -6, 1, 4, 0, -5, 3, 3, -6, 1], "pitchproximity": [null, null, 5, 0, 0, 4, 3, 3, 2, 0, 3, 6, 1, 4, 0, 5, 3, 3, 6, 1], "pitchreversal": [null, null, 0, 0, 0, 0, 0, 1.5, 0, 0, 0, 0, null, 0, 0, 0, 1.5, 0, 0, null], "nextisrest": [false, false, false, false, false, false, false, false, false, false, false, false, false, false, false, false, false, false, false, true], "restduration_frac": [null, null, null, null, null, null, null, null, null, null, null, null, null, null, null, null, null, null, null, "2"], "duration": [0.5, 0.5, 1.0, 1.0, 0.5, 0.5, 1.0, 1.0, 0.5, 0.5, 1.0, 1.0, 1.0, 1.0, 1.0, 0.5, 0.5, 1.0, 1.0, 1.0], "duration_frac": ["1/2", "1/2", "1", "1", "1/2", "1/2", "1", "1", "1/2", "1/2", "1", "1", "1", "1", "1", "1/2", "1/2", "1", "1", "1"], "duration_fullname": ["Eighth", "Eighth", "Quarter", "Quarter", "Eighth", "Eighth", "Quarter", "Quarter", "Eighth", "Eighth", "Quarter", "Quarter", "Quarter", "Quarter", "Quarter", "Eighth", "Eighth", "Quarter", "Quarter", "Quarter"], "durationcontour": [null, "=", "+", "=", "-", "=", "+", "=", "-", "=", "+", "=", "=", "=", "=", "-", "=", "+", "=", "="], "onsettick": [0, 1, 2, 4, 6, 7, 8, 10, 12, 13, 14, 16, 18, 20, 22, 24, 25, 26, 28, 30], "beatfraction": ["1/2", "1/2", "1", "1", "1/2", "1/2", "1", "1", "1/2", "1/2", "1", "1", "1", "1", "1", "1/2", "1/2", "1", "1", "1"], "phrasepos": [0.0, 0.1, 0.2, 0.4, 0.6, 0.7, 0.8, 1.0, 0.0, 0.05555555555555555, 0.1111111111111111, 0.2222222222222222, 0.3333333333333333, 0.4444444444444444, 0.5555555555555556, 0.6666666666666666, 0.7222222222222222, 0.7777777777777778, 0.8888888888888888, 1.0], "phrase_ix": [0, 0, 0, 0, 0, 0, 0, 0, 1, 1, 1, 1, 1, 1, 1, 1, 1, 1, 1, 1], "phrase_end": [false, false, false, false, false, false, false, true, false, false, false, false, false, false, false, false, false, false, false, true], "songpos": [0.0, 0.03333333333333333, 0.06666666666666667, 0.13333333333333333, 0.2, 0.23333333333333334, 0.26666666666666666, 0.3333333333333333, 0.4, 0.43333333333333335, 0.4666666666666667, 0.5333333333333333, 0.6, 0.6666666666666666, 0.7333333333333333, 0.8, 0.8333333333333334, 0.8666666666666667, 0.9333333333333333, 1.0], "beatinsong": ["0", "1/2", "1", "2", "3", "7/2", "4", "5", "6", "13/2", "7", "8", "9", "10", "11", "12", "25/2", "13", "14", "15"], "beatinphrase": ["0", "1/2", "1", "2", "3", "7/2", "4", "5", "0", "1/2", "1", "2", "3", "4", "5", "6", "13/2", "7", "8", "9"], "beatinphrase_end": ["-3", "-5/2", "-2", "-1", "0", "1/2", "1", "2", "-9", "-17/2", "-8", "-7", "-6", "-5", "-4", "-3", "-5/2", "-2", "-1", "0"], "IOI_frac": ["1/2", "1/2", "1", "1", "1/2", "1/2", "1", "1", "1/2", "1/2", "1", "1", "1", "1", "1", "1/2", "1/2", "1", "1", "3"], "IOI": [0.5, 0.5, 1.0, 1.0, 0.5, 0.5, 1.0, 1.0, 0.5, 0.5, 1.0, 1.0, 1.0, 1.0, 1.0, 0.5, 0.5, 1.0, 1.0, 3.0], "IOR_frac": [null, "1", "2", "1", "1/2", "1", "2", "1", "1/2", "1", "2", "1", "1", "1", "1", "1/2", "1", "2", "1", "3"], "IOR": [null, 1.0, 2.0, 1.0, 0.5, 1.0, 2.0, 1.0, 0.5, 1.0, 2.0, 1.0, 1.0, 1.0, 1.0, 0.5, 1.0, 2.0, 1.0, 3.0], "imacontour": [null, "-", "+", "+", "-", "-", "+", "+", "-", "-", "+", "+", "-", "+", "=", "=", "-", "+", "-", "="], "pitch": ["D4", "D4", "G4", "G4", "G4", "B4", "D5", "B4", "A4", "A4", "C5", "F#4", "G4", "B4", "B4", "F#4", "A4", "C5", "F#4", "G4"], "contour3": [null, "=", "+", "=", "=", "+", "+", "-", "-", "=", "+", "-", "+", "+", "=", "-", "+", "+", "-", "+"], "contour5": [null, "=", "++", "=", "=", "++", "++", "--", "-", "=", "++", "--", "+", "++", "=", "--", "++", "++", "--", "+"], "beatstrength": [1.0, 0.25, 0.5, 0.5, 1.0, 0.25, 0.5, 0.5, 1.0, 0.25, 0.5, 0.5, 1.0, 0.5, 0.5, 1.0, 0.25, 0.5, 0.5, 1.0], "beat_str": ["1", "1", "2", "3", "1", "1", "2", "3", "1", "1", "2", "3", "1", "2", "3", "1", "1", "2", "3", "1"], "beat_fraction_str": ["0", "1/2", "0", "0", "0", "1/2", "0", "0", "0", "1/2", "0", "0", "0", "0", "0", "0", "1/2", "0", "0", "0"], "beat": [1.0, 1.5, 2.0, 3.0, 1.0, 1.5, 2.0, 3.0, 1.0, 1.5, 2.0, 3.0, 1.0, 2.0, 3.0, 1.0, 1.5, 2.0, 3.0, 1.0], "timesignature": ["3/4", "3/4", "3/4", "3/4", "3/4", "3/4", "3/4", "3/4", "3/4", "3/4", "3/4", "3/4", "3/4", "3/4", "3/4", "3/4", "3/4", "3/4", "3/4", "3/4"], "gpr2a_Frankland": [null, null, null, null, null, null, null, null, null, null, null, null, null, null, null, null, null, null, null, 0.5], "gpr2b_Frankland": [null, null, null, null, null, null, null, null, null, null, null, null, null, null, null, null, null, null, null, null], "gpr3a_Frankland": [null, 1.0, null, null, 0.625, null, null, null, null, null, 0.6666666666666667, null, 0.875, null, 0.7, null, null, 0.6666666666666667, null, null], "gpr3d_Frankland": [null, 0.5, null, 0.5, null, 0.5, null, 0.5, null, 0.5, null, 0.0, 0.0, null, 0.5, null, 0.5, null, null, null], "gpr_Frankland_sum": [0, 1.5, 0, 0.5, 0.625, 0.5, 0, 0.5, 0, 0.5, 0.6666666666666667, 0, 0.875, 0, 1.2, 0, 0.5, 0.6666666666666667, 0, 0.5], "lbdm_spitch": [null, 1.0, 0.0, 0.0, 0.4355555555555555, 0.04666666666666666, 0.05999999999999999, 0.17999999999999997, 0.0, 0.3665454545454545, 0.6957575757575757, 0.13777777777777778, 0.6133333333333333, 0.0, 0.64, 0.084, 0.11454545454545453, 0.6957575757575757, null, null], "lbdm_sioi": [null, 0.5, 1.0, 1.0, 0.5, 0.5, 1.0, 1.0, 0.5, 0.5, 1.0, 0.0, 0.0, 0.0, 1.0, 0.5, 0.5, 1.0, null, null], "lbdm_srest": [null, 0.0, 0.0, 0.0, 0.0, 0.0, 0.0, 0.0, 0.0, 0.0, 0.0, 0.0, 0.0, 0.0, 0.0, 0.0, 0.0, 0.0, null, null], "lbdm_rpitch": [null, 0.7142857142857143, 0.7142857142857143, 0.0, 0.6666666666666666, 0.1111111111111111, 0.0, 0.14285714285714285, 0.5, 0.6, 0.2727272727272727, 0.5555555555555556, 0.42857142857142855, 0.6666666666666666, 0.7142857142857143, 0.2, 0.0, 0.2727272727272727, 0.5555555555555556, null], "lbdm_rioi": [null, 0.0, 0.3333333333333333, 0.0, 0.3333333333333333, 0.0, 0.3333333333333333, 0.0, 0.3333333333333333, 0.0, 0.3333333333333333, 0.0, 0.0, 0.0, 0.0, 0.3333333333333333, 0.0, 0.3333333333333333, 0.0, null], "lbdm_rrest": [null, 0.0, 0.0, 0.0, 0.0, 0.0, 0.0, 0.0, 0.0, 0.0, 0.0, 0.0, 0.0, 0.0, 0.0, 0.0, 0.0, 0.0, 0.0, null],