{"id": "KB3909300001", "tunefamily": "", "year": -1, "tunefamily_full": "", "type": "", "freemeter": false, "origin": "", "features": {"scaledegree": [1, 2, 1, 5, 4, 5, 3, 1, 1, 2, 3, 4, 5, 1, 6, 4, 2, 4, 5, 3, 1], "scaledegreespecifier": ["P", "M", "P", "P", "P", "P", "M", "P", "P", "M", "M", "P", "P", "P", "M", "P", "M", "P", "P", "M", "P"], "tonic": ["G", "G", "G", "G", "G", "G", "G", "G", "G", "G", "G", "G", "G", "G", "G", "G", "G", "G", "G", "G", "G"], "mode": ["major", "major", "major", "major", "major", "major", "major", "major", "major", "major", "major", "major", "major", "major", "major", "major", "major", "major", "major", "major", "major"], "metriccontour": [null, "-", "+", "-", "+", "-", "+", "-", "+", "-", "+", "-", "+", "-", "+", "-", "=", "+", "-", "+", "-"], "imaweight": [0.68, 0.516, 0.28, 0.548, 0.712, 0.584, 0.328, 0.58, 1.0, 0.224, 0.424, 0.192, 0.804, 0.208, 0.532, 0.692, 0.276, 0.876, 0.564, 0.296, 0.564], "imaweight_spectral": [0.996255, 0.842697, 0.576779, 0.842697, 0.981273, 0.861423, 0.606742, 0.857678, 0.981273, 0.209738, 0.441948, 0.179775, 0.797753, 0.194757, 0.543071, 0.827715, 0.438202, 1.0, 0.842697, 0.576779, 0.872659], "pitch40_hewlett": [186, 192, 186, 169, 163, 169, 158, 146, 146, 152, 158, 163, 169, 186, 175, 163, 152, 163, 169, 158, 146], "pitch40_sapp": [225, 231, 225, 208, 202, 208, 197, 185, 185, 191, 197, 202, 208, 225, 214, 202, 191, 202, 208, 197, 185], "octave": [5, 5, 5, 5, 5, 5, 4, 4, 4, 4, 4, 5, 5, 5, 5, 5, 4, 5, 5, 4, 4], "midipitch": [79, 81, 79, 74, 72, 74, 71, 67, 67, 69, 71, 72, 74, 79, 76, 72, 69, 72, 74, 71, 67], "diatonicpitch": [35, 36, 35, 32, 31, 32, 30, 28, 28, 29, 30, 31, 32, 35, 33, 31, 29, 31, 32, 30, 28], "diatonicinterval": [null, 1, -1, -3, -1, 1, -2, -2, 0, 1, 1, 1, 1, 3, -2, -2, -2, 2, 1, -2, -2], "chromaticinterval": [null, 2, -2, -5, -2, 2, -3, -4, 0, 2, 2, 1, 2, 5, -3, -4, -3, 3, 2, -3, -4], "pitchproximity": [null, null, 2, 5, 2, 2, 3, 4, 0, 2, 2, 1, 2, 5, 3, 4, 3, 3, 2, 3, 4], "pitchreversal": [null, null, 1.5, 0, 0, 1.5, 1.5, 0, 0, 0, 0, 0, 0, 0, 1.5, 0, 0, 1.5, 0, 1.5, 0], "nextisrest": [false, false, false, false, false, false, false, false, false, false, false, false, false, false, false, false, false, false, false, false, null], "restduration_frac": [null, null, null, null, null, null, null, null, null, null, null, null, null, null, null, null, null, null, null, null, null], "duration": [1.0, 0.5, 0.5, 1.0, 1.0, 0.5, 0.5, 1.0, 0.25, 0.25, 0.25, 0.25, 0.25, 0.25, 0.5, 0.5, 0.5, 1.0, 0.5, 0.5, 1.0], "duration_frac": ["1", "1/2", "1/2", "1", "1", "1/2", "1/2", "1", "1/4", "1/4", "1/4", "1/4", "1/4", "1/4", "1/2", "1/2", "1/2", "1", "1/2", "1/2", "1"], "duration_fullname": ["Quarter", "Eighth", "Eighth", "Quarter", "Quarter", "Eighth", "Eighth", "Quarter", "16th", "16th", "16th", "16th", "16th", "16th", "Eighth", "Eighth", "Eighth", "Quarter", "Eighth", "Eighth", "Quarter"], "durationcontour": [null, "-", "=", "+", "=", "-", "=", "+", "-", "=", "=", "=", "=", "=", "+", "=", "=", "+", "-", "=", "+"], "onsettick": [0, 4, 6, 8, 12, 16, 18, 20, 24, 25, 26, 27, 28, 29, 30, 32, 34, 36, 40, 42, 44], "beatfraction": ["2/3", "1/3", "1/3", "2/3", "2/3", "1/3", "1/3", "2/3", "1/6", "1/6", "1/6", "1/6", "1/6", "1/6", "1/3", "1/3", "1/3", "2/3", "1/3", "1/3", "2/3"], "phrasepos": [0.0, 0.5, 0.75, 1.0, 0.0, 0.5, 0.75, 1.0, 0.0, 0.1, 0.2, 0.3, 0.4, 0.5, 0.6, 0.8, 1.0, 0.0, 0.5, 0.75, 1.0], "phrase_ix": [0, 0, 0, 0, 1, 1, 1, 1, 2, 2, 2, 2, 2, 2, 2, 2, 2, 3, 3, 3, 3], "phrase_end": [false, false, false, true, false, false, false, true, false, false, false, false, false, false, false, false, true, false, false, false, true], "songpos": [0.0, 0.09090909090909091, 0.13636363636363635, 0.18181818181818182, 0.2727272727272727, 0.36363636363636365, 0.4090909090909091, 0.45454545454545453, 0.5454545454545454, 0.5681818181818182, 0.5909090909090909, 0.6136363636363636, 0.6363636363636364, 0.6590909090909091, 0.6818181818181818, 0.7272727272727273, 0.7727272727272727, 0.8181818181818182, 0.9090909090909091, 0.9545454545454546, 1.0], "beatinsong": ["0", "2/3", "1", "4/3", "2", "8/3", "3", "10/3", "4", "25/6", "13/3", "9/2", "14/3", "29/6", "5", "16/3", "17/3", "6", "20/3", "7", "22/3"], "beatinphrase": ["0", "2/3", "1", "4/3", "0", "2/3", "1", "4/3", "0", "1/6", "1/3", "1/2", "2/3", "5/6", "1", "4/3", "5/3", "0", "2/3", "1", "4/3"], "beatinphrase_end": ["-1", "-1/3", "0", "1/3", "-1", "-1/3", "0", "1/3", "-1", "-5/6", "-2/3", "-1/2", "-1/3", "-1/6", "0", "1/3", "2/3", "-1", "-1/3", "0", "1/3"], "IOI_frac": ["1", "1/2", "1/2", "1", "1", "1/2", "1/2", "1", "1/4", "1/4", "1/4", "1/4", "1/4", "1/4", "1/2", "1/2", "1/2", "1", "1/2", "1/2", null], "IOI": [1.0, 0.5, 0.5, 1.0, 1.0, 0.5, 0.5, 1.0, 0.25, 0.25, 0.25, 0.25, 0.25, 0.25, 0.5, 0.5, 0.5, 1.0, 0.5, 0.5, null], "IOR_frac": [null, "1/2", "1", "2", "1", "1/2", "1", "2", "1/4", "1", "1", "1", "1", "1", "2", "1", "1", "2", "1/2", "1", null], "IOR": [null, 0.5, 1.0, 2.0, 1.0, 0.5, 1.0, 2.0, 0.25, 1.0, 1.0, 1.0, 1.0, 1.0, 2.0, 1.0, 1.0, 2.0, 0.5, 1.0, null], "imacontour": [null, "-", "-", "+", "+", "-", "-", "+", "+", "-", "+", "-", "+", "-", "+", "+", "-", "+", "-", "-", "+"], "pitch": ["G5", "A5", "G5", "D5", "C5", "D5", "B4", "G4", "G4", "A4", "B4", "C5", "D5", "G5", "E5", "C5", "A4", "C5", "D5", "B4", "G4"], "contour3": [null, "+", "-", "-", "-", "+", "-", "-", "=", "+", "+", "+", "+", "+", "-", "-", "-", "+", "+", "-", "-"], "contour5": [null, "+", "-", "--", "-", "+", "--", "--", "=", "+", "+", "+", "+", "++", "--", "--", "--", "++", "+", "--", "--"], "beatstrength": [1.0, 0.5, 1.0, 0.5, 1.0, 0.5, 1.0, 0.5, 1.0, 0.25, 0.5, 0.25, 0.5, 0.25, 1.0, 0.5, 0.5, 1.0, 0.5, 1.0, 0.5], "beat_str": ["1", "1", "1", "1", "1", "1", "1", "1", "1", "1", "1", "1", "1", "1", "1", "1", "1", "1", "1", "1", "1"], "beat_fraction_str": ["0", "2/3", "0", "1/3", "0", "2/3", "0", "1/3", "0", "1/6", "1/3", "1/2", "2/3", "5/6", "0", "1/3", "2/3", "0", "2/3", "0", "1/3"], "beat": [1.0, 1.6666666666666667, 1.0, 1.3333333333333333, 1.0, 1.6666666666666667, 1.0, 1.3333333333333333, 1.0, 1.1666666666666667, 1.3333333333333333, 1.5, 1.6666666666666667, 1.8333333333333333, 1.0, 1.3333333333333333, 1.6666666666666667, 1.0, 1.6666666666666667, 1.0, 1.3333333333333333], "timesignature": ["3/8", "3/8", "3/8", "3/8", "3/8", "3/8", "3/8", "3/8", "3/8", "3/8", "3/8", "3/8", "3/8", "3/8", "3/8", "3/8", "3/8", "3/8", "3/8", "3/8", "3/8"], "gpr2a_Frankland": [null, null, null, null, null, null, null, null, null, null, null, null, null, null, null, null, null, null, null, null, null], "gpr2b_Frankland": [null, null, null, null, null, null, null, 0.625, null, null, null, null, null, null, null, null, null, 0.5, null, null, null], "gpr3a_Frankland": [null, null, 0.6, null, null, null, 0.625, null, null, null, null, null, 0.5, null, 0.25, null, null, null, null, null, null], "gpr3d_Frankland": [null, null, 0.5, null, 0.5, null, null, null, null, 0.0, 0.0, 0.0, null, 0.5, null, null, null, null, null, null, null], "gpr_Frankland_sum": [0, 0, 1.1, 0, 0.5, 0, 0.625, 0.625, 0, 0, 0, 0, 0.5, 0.5, 0.25, 0, 0, 0.5, 0, 0, 0], "lbdm_spitch": [null, 0.2, 1.0, 0.2, 0.08571428571428572, 0.2285714285714286, 0.9333333333333333, 0.0, 0.30000000000000004, 0.12000000000000002, 0.12000000000000002, 0.32, 0.8, 0.28, 0.26666666666666666, 0.1, 0.1285714285714286, 0.17142857142857143, 0.2285714285714286, null, null], "lbdm_sioi": [null, 0.17857142857142855, 0.17857142857142855, 0.3571428571428571, 0.3571428571428571, 0.17857142857142855, 0.17857142857142855, 1.0, 0.1607142857142857, 0.0, 0.0, 0.0, 0.0, 0.08928571428571427, 0.17857142857142855, 0.0, 0.17857142857142855, 0.7142857142857142, 0.17857142857142855, null, null], "lbdm_srest": [null, 0.0, 0.0, 0.0, 0.0, 0.0, 0.0, 0.0, 0.0, 0.0, 0.0, 0.0, 0.0, 0.0, 0.0, 0.0, 0.0, 0.0, 0.0, null, null],