{"id": "KB4181100020", "tunefamily": "", "year": -1, "tunefamily_full": "", "type": "", "freemeter": false, "origin": "", "features": {"scaledegree": [5, 6, 5, 4, 3, 5, 1, 2, 1, 2, 3, 1, 1, 7, 2, 1, 3], "scaledegreespecifier": ["P", "M", "P", "P", "M", "P", "P", "M", "P", "M", "M", "P", "P", "M", "M", "P", "M"], "tonic": ["F", "F", "F", "F", "F", "F", "F", "F", "F", "F", "F", "F", "F", "F", "F", "F", "F"], "mode": ["major", "major", "major", "major", "major", "major", "major", "major", "major", "major", "major", "major", "major", "major", "major", "major", "major"], "metriccontour": [null, "-", "+", "-", "+", "-", "+", "=", "+", "-", "+", "-", "+", "-", "+", "-", "+"], "imaweight": [0.6, 0.411111, 0.877778, 0.5, 0.6, 0.422222, 0.777778, 0.544444, 0.844444, 0.866667, 0.922222, 0.688889, 0.744444, 0.588889, 1.0, 0.688889, 0.788889], "imaweight_spectral": [0.993506, 0.616883, 0.831169, 0.61039, 0.727273, 0.564935, 0.772727, 0.798701, 1.0, 0.694805, 0.831169, 0.564935, 0.727273, 0.532468, 0.850649, 0.590909, 0.753247], "pitch40_hewlett": [163, 169, 163, 157, 152, 163, 180, 186, 180, 186, 192, 180, 180, 175, 186, 180, 152], "pitch40_sapp": [202, 208, 202, 196, 191, 202, 219, 225, 219, 225, 231, 219, 219, 214, 225, 219, 191], "octave": [5, 5, 5, 4, 4, 5, 5, 5, 5, 5, 5, 5, 5, 5, 5, 5, 4], "midipitch": [72, 74, 72, 70, 69, 72, 77, 79, 77, 79, 81, 77, 77, 76, 79, 77, 69], "diatonicpitch": [32, 33, 32, 31, 30, 32, 35, 36, 35, 36, 37, 35, 35, 34, 36, 35, 30], "diatonicinterval": [null, 1, -1, -1, -1, 2, 3, 1, -1, 1, 1, -2, 0, -1, 2, -1, -5], "chromaticinterval": [null, 2, -2, -2, -1, 3, 5, 2, -2, 2, 2, -4, 0, -1, 3, -2, -8], "pitchproximity": [null, null, 2, 2, 1, 3, 5, 2, 2, 2, 2, 4, 0, 1, 3, 2, 8], "pitchreversal": [null, null, 1.5, 0, 0, 1.5, 0, 0, 1.5, 1.5, 0, 1.5, 0, 0, 1.5, 1.5, 0], "nextisrest": [false, false, false, false, false, false, false, false, false, false, false, false, false, false, false, false, null], "restduration_frac": [null, null, null, null, null, null, null, null, null, null, null, null, null, null, null, null, null], "duration": [1.5, 0.5, 0.5, 0.5, 0.5, 0.5, 1.0, 1.0, 1.5, 0.5, 0.5, 0.5, 0.5, 0.5, 0.5, 0.5, 1.0], "duration_frac": ["3/2", "1/2", "1/2", "1/2", "1/2", "1/2", "1", "1", "3/2", "1/2", "1/2", "1/2", "1/2", "1/2", "1/2", "1/2", "1"], "duration_fullname": ["Dotted Quarter", "Eighth", "Eighth", "Eighth", "Eighth", "Eighth", "Quarter", "Quarter", "Dotted Quarter", "Eighth", "Eighth", "Eighth", "Eighth", "Eighth", "Eighth", "Eighth", "Quarter"], "durationcontour": [null, "-", "=", "=", "=", "=", "+", "=", "+", "-", "=", "=", "=", "=", "=", "=", "+"], "onsettick": [0, 3, 4, 5, 6, 7, 8, 10, 12, 15, 16, 17, 18, 19, 20, 21, 22], "beatfraction": ["3/2", "1/2", "1/2", "1/2", "1/2", "1/2", "1", "1", "3/2", "1/2", "1/2", "1/2", "1/2", "1/2", "1/2", "1/2", "1"], "phrasepos": [0.0, 0.13636363636363635, 0.18181818181818182, 0.22727272727272727, 0.2727272727272727, 0.3181818181818182, 0.36363636363636365, 0.45454545454545453, 0.5454545454545454, 0.6818181818181818, 0.7272727272727273, 0.7727272727272727, 0.8181818181818182, 0.8636363636363636, 0.9090909090909091, 0.9545454545454546, 1.0], "phrase_ix": [0, 0, 0, 0, 0, 0, 0, 0, 0, 0, 0, 0, 0, 0, 0, 0, 0], "phrase_end": [false, false, false, false, false, false, false, false, false, false, false, false, false, false, false, false, true], "songpos": [0.0, 0.13636363636363635, 0.18181818181818182, 0.22727272727272727, 0.2727272727272727, 0.3181818181818182, 0.36363636363636365, 0.45454545454545453, 0.5454545454545454, 0.6818181818181818, 0.7272727272727273, 0.7727272727272727, 0.8181818181818182, 0.8636363636363636, 0.9090909090909091, 0.9545454545454546, 1.0], "beatinsong": ["0", "3/2", "2", "5/2", "3", "7/2", "4", "5", "6", "15/2", "8", "17/2", "9", "19/2", "10", "21/2", "11"], "beatinphrase": ["0", "3/2", "2", "5/2", "3", "7/2", "4", "5", "6", "15/2", "8", "17/2", "9", "19/2", "10", "21/2", "11"], "beatinphrase_end": ["-9", "-15/2", "-7", "-13/2", "-6", "-11/2", "-5", "-4", "-3", "-3/2", "-1", "-1/2", "0", "1/2", "1", "3/2", "2"], "IOI_frac": ["3/2", "1/2", "1/2", "1/2", "1/2", "1/2", "1", "1", "3/2", "1/2", "1/2", "1/2", "1/2", "1/2", "1/2", "1/2", null], "IOI": [1.5, 0.5, 0.5, 0.5, 0.5, 0.5, 1.0, 1.0, 1.5, 0.5, 0.5, 0.5, 0.5, 0.5, 0.5, 0.5, null], "IOR_frac": [null, "1/3", "1", "1", "1", "1", "2", "1", "3/2", "1/3", "1", "1", "1", "1", "1", "1", null], "IOR": [null, 0.3333333333333333, 1.0, 1.0, 1.0, 1.0, 2.0, 1.0, 1.5, 0.3333333333333333, 1.0, 1.0, 1.0, 1.0, 1.0, 1.0, null], "imacontour": [null, "-", "+", "-", "+", "-", "+", "-", "+", "+", "+", "-", "+", "-", "+", "-", "+"], "pitch": ["C5", "D5", "C5", "B-4", "A4", "C5", "F5", "G5", "F5", "G5", "A5", "F5", "F5", "E5", "G5", "F5", "A4"], "contour3": [null, "+", "-", "-", "-", "+", "+", "+", "-", "+", "+", "-", "=", "-", "+", "-", "-"], "contour5": [null, "+", "-", "-", "-", "++", "++", "+", "-", "+", "+", "--", "=", "-", "++", "-", "--"], "beatstrength": [1.0, 0.25, 0.5, 0.25, 1.0, 0.25, 0.5, 0.5, 1.0, 0.25, 0.5, 0.25, 1.0, 0.25, 0.5, 0.25, 0.5], "beat_str": ["1", "2", "3", "3", "1", "1", "2", "3", "1", "2", "3", "3", "1", "1", "2", "2", "3"], "beat_fraction_str": ["0", "1/2", "0", "1/2", "0", "1/2", "0", "0", "0", "1/2", "0", "1/2", "0", "1/2", "0", "1/2", "0"], "beat": [1.0, 2.5, 3.0, 3.5, 1.0, 1.5, 2.0, 3.0, 1.0, 2.5, 3.0, 3.5, 1.0, 1.5, 2.0, 2.5, 3.0], "timesignature": ["3/4", "3/4", "3/4", "3/4", "3/4", "3/4", "3/4", "3/4", "3/4", "3/4", "3/4", "3/4", "3/4", "3/4", "3/4", "3/4", "3/4"], "gpr2a_Frankland": [null, null, null, null, null, null, null, null, null, null, null, null, null, null, null, null, null], "gpr2b_Frankland": [null, null, null, null, null, null, null, null, 0.5, null, null, null, null, null, null, null, null], "gpr3a_Frankland": [null, null, null, null, null, 0.5, null, null, null, null, 0.75, null, null, 0.5, null, null, null], "gpr3d_Frankland": [null, null, 0.0, 0.0, null, 0.5, null, null, null, null, 0.0, 0.0, 0.0, 0.0, null, null, null], "gpr_Frankland_sum": [0, 0, 0, 0, 0, 1.0, 0, 0, 0.5, 0, 0.75, 0, 0, 0.5, 0, 0, 0], "lbdm_spitch": [null, 0.0, 0.1090909090909091, 0.14545454545454545, 0.4363636363636364, 0.7272727272727273, 0.18181818181818182, 0.0, 0.0, 0.13636363636363638, 1.0, 0.0, 0.18181818181818182, 0.3896103896103896, 0.35064935064935066, null, null], "lbdm_sioi": [null, 0.23809523809523814, 0.0, 0.0, 0.0, 0.15873015873015875, 0.3174603174603175, 0.19047619047619052, 1.0, 0.23809523809523814, 0.0, 0.0, 0.0, 0.0, 0.0, null, null], "lbdm_srest": [null, 0.0, 0.0, 0.0, 0.0, 0.0, 0.0, 0.0, 0.0, 0.0, 0.0, 0.0, 0.0, 0.0, 0.0, null, null], "lbdm_rpitch": [null, 0.0, 0.0, 0.2, 0.3333333333333333, 0.2, 0.3333333333333333, 0.0, 0.0, 0.0, 0.25, 0.6666666666666666, 0.3333333333333333, 0.3333333333333333, 0.14285714285714285, 0.5, null], "lbdm_rioi": [null, 0.5, 0.0, 0.0, 0.0, 0.0, 0.3333333333333333, 0.0, 0.2, 0.5, 0.0, 0.0, 0.0, 0.0, 0.0, 0.0, null], "lbdm_rrest": [null, 0.0, 0.0, 0.0, 0.0, 0.0, 0.0, 0.0, 0.0, 0.0, 0.0, 0.0, 0.0, 0.0, 0.0, 0.0, null], "lbdm_boundarystrength": [null, 0.11904761904761907, 0.027272727272727275, 0.03636363636363636, 0.1090909090909091, 0.2611832611832612, 0.2041847041847042, 0.09523809523809526, 0.5, 0.15313852813852816, 0.25, 0.0, 0.045454545454545456, 0.0974025974025974, 0.08766233766233766, null, null]}}
