{"id": "KB4199100010", "tunefamily": "", "year": -1, "tunefamily_full": "", "type": "", "freemeter": false, "origin": "", "features": {"scaledegree": [5, 1, 7, 5, 1, 1, 7, 5, 1, 3, 6, 5, 3, 1, 5, 7, 2, 3, 1], "scaledegreespecifier": ["P", "P", "M", "P", "P", "P", "M", "P", "P", "M", "M", "P", "M", "P", "P", "M", "M", "M", "P"], "tonic": ["F", "F", "F", "F", "F", "F", "F", "F", "F", "F", "F", "F", "F", "F", "F", "F", "F", "F", "F"], "mode": ["major", "major", "major", "major", "major", "major", "major", "major", "major", "major", "major", "major", "major", "major", "major", "major", "major", "major", "major"], "metriccontour": [null, "+", "-", "-", "+", "-", "+", "-", "+", "-", "+", "-", "+", "-", "+", "-", "+", "-", "+"], "imaweight": [0.189944, 0.167598, 0.335196, 0.324022, 0.24581, 0.284916, 0.391061, 1.0, 0.916201, 0.765363, 0.977654, 0.748603, 0.821229, 0.96648, 0.77095, 0.798883, 0.949721, 0.798883, 0.860335], "imaweight_spectral": [0.861538, 0.866667, 0.974359, 0.917949, 0.866667, 0.882051, 1.0, 0.964103, 0.907692, 0.748718, 0.984615, 0.733333, 0.820513, 0.933333, 0.794872, 0.779487, 0.938462, 0.779487, 0.876923], "pitch40_hewlett": [123, 140, 135, 123, 140, 140, 135, 123, 140, 152, 169, 163, 152, 140, 123, 135, 146, 152, 140], "pitch40_sapp": [162, 179, 174, 162, 179, 179, 174, 162, 179, 191, 208, 202, 191, 179, 162, 174, 185, 191, 179], "octave": [4, 4, 4, 4, 4, 4, 4, 4, 4, 4, 5, 5, 4, 4, 4, 4, 4, 4, 4], "midipitch": [60, 65, 64, 60, 65, 65, 64, 60, 65, 69, 74, 72, 69, 65, 60, 64, 67, 69, 65], "diatonicpitch": [25, 28, 27, 25, 28, 28, 27, 25, 28, 30, 33, 32, 30, 28, 25, 27, 29, 30, 28], "diatonicinterval": [null, 3, -1, -2, 3, 0, -1, -2, 3, 2, 3, -1, -2, -2, -3, 2, 2, 1, -2], "chromaticinterval": [null, 5, -1, -4, 5, 0, -1, -4, 5, 4, 5, -2, -3, -4, -5, 4, 3, 2, -4], "pitchproximity": [null, null, 1, 4, 5, 0, 1, 4, 5, 4, 5, 2, 3, 4, 5, 4, 3, 2, 4], "pitchreversal": [null, null, 0, 0, 1.5, 0, 0, 0, 1.5, 0, 0, 0, 0, 0, 0, 1.5, 0, 0, 1.5], "nextisrest": [false, false, false, false, false, false, false, false, false, false, false, false, false, false, false, false, false, false, null], "restduration_frac": [null, null, null, null, null, null, null, null, null, null, null, null, null, null, null, null, null, null, null], "duration": [1.0, 1.0, 1.5, 0.5, 0.5, 0.5, 1.5, 0.5, 0.5, 0.5, 0.5, 0.5, 0.5, 0.5, 0.5, 0.5, 0.5, 0.5, 1.0], "duration_frac": ["1", "1", "3/2", "1/2", "1/2", "1/2", "3/2", "1/2", "1/2", "1/2", "1/2", "1/2", "1/2", "1/2", "1/2", "1/2", "1/2", "1/2", "1"], "duration_fullname": ["Quarter", "Quarter", "Dotted Quarter", "Eighth", "Eighth", "Eighth", "Dotted Quarter", "Eighth", "Eighth", "Eighth", "Eighth", "Eighth", "Eighth", "Eighth", "Eighth", "Eighth", "Eighth", "Eighth", "Quarter"], "durationcontour": [null, "=", "+", "-", "=", "=", "+", "-", "=", "=", "=", "=", "=", "=", "=", "=", "=", "=", "+"], "onsettick": [0, 2, 4, 7, 8, 9, 10, 13, 14, 15, 16, 17, 18, 19, 20, 21, 22, 23, 24], "beatfraction": ["1", "1", "3/2", "1/2", "1/2", "1/2", "3/2", "1/2", "1/2", "1/2", "1/2", "1/2", "1/2", "1/2", "1/2", "1/2", "1/2", "1/2", "1"], "phrasepos": [0.0, 0.08333333333333333, 0.16666666666666666, 0.2916666666666667, 0.3333333333333333, 0.375, 0.4166666666666667, 0.5416666666666666, 0.5833333333333334, 0.625, 0.6666666666666666, 0.7083333333333334, 0.75, 0.7916666666666666, 0.8333333333333334, 0.875, 0.9166666666666666, 0.9583333333333334, 1.0], "phrase_ix": [0, 0, 0, 0, 0, 0, 0, 0, 0, 0, 0, 0, 0, 0, 0, 0, 0, 0, 0], "phrase_end": [false, false, false, false, false, false, false, false, false, false, false, false, false, false, false, false, false, false, true], "songpos": [0.0, 0.08333333333333333, 0.16666666666666666, 0.2916666666666667, 0.3333333333333333, 0.375, 0.4166666666666667, 0.5416666666666666, 0.5833333333333334, 0.625, 0.6666666666666666, 0.7083333333333334, 0.75, 0.7916666666666666, 0.8333333333333334, 0.875, 0.9166666666666666, 0.9583333333333334, 1.0], "beatinsong": ["-1", "0", "1", "5/2", "3", "7/2", "4", "11/2", "6", "13/2", "7", "15/2", "8", "17/2", "9", "19/2", "10", "21/2", "11"], "beatinphrase": ["-1", "0", "1", "5/2", "3", "7/2", "4", "11/2", "6", "13/2", "7", "15/2", "8", "17/2", "9", "19/2", "10", "21/2", "11"], "beatinphrase_end": ["-10", "-9", "-8", "-13/2", "-6", "-11/2", "-5", "-7/2", "-3", "-5/2", "-2", "-3/2", "-1", "-1/2", "0", "1/2", "1", "3/2", "2"], "IOI_frac": ["1", "1", "3/2", "1/2", "1/2", "1/2", "3/2", "1/2", "1/2", "1/2", "1/2", "1/2", "1/2", "1/2", "1/2", "1/2", "1/2", "1/2", null], "IOI": [1.0, 1.0, 1.5, 0.5, 0.5, 0.5, 1.5, 0.5, 0.5, 0.5, 0.5, 0.5, 0.5, 0.5, 0.5, 0.5, 0.5, 0.5, null], "IOR_frac": [null, "1", "3/2", "1/3", "1", "1", "3", "1/3", "1", "1", "1", "1", "1", "1", "1", "1", "1", "1", null], "IOR": [null, 1.0, 1.5, 0.3333333333333333, 1.0, 1.0, 3.0, 0.3333333333333333, 1.0, 1.0, 1.0, 1.0, 1.0, 1.0, 1.0, 1.0, 1.0, 1.0, null], "imacontour": [null, "-", "+", "-", "-", "+", "+", "+", "-", "-", "+", "-", "+", "+", "-", "+", "+", "-", "+"], "pitch": ["C4", "F4", "E4", "C4", "F4", "F4", "E4", "C4", "F4", "A4", "D5", "C5", "A4", "F4", "C4", "E4", "G4", "A4", "F4"], "contour3": [null, "+", "-", "-", "+", "=", "-", "-", "+", "+", "+", "-", "-", "-", "-", "+", "+", "+", "-"], "contour5": [null, "++", "-", "--", "++", "=", "-", "--", "++", "++", "++", "-", "--", "--", "--", "++", "++", "+", "--"], "beatstrength": [0.5, 1.0, 0.5, 0.25, 1.0, 0.25, 0.5, 0.25, 1.0, 0.25, 0.5, 0.25, 0.5, 0.25, 1.0, 0.25, 0.5, 0.25, 0.5], "beat_str": ["3", "1", "2", "3", "1", "1", "2", "3", "1", "1", "2", "2", "3", "3", "1", "1", "2", "2", "3"], "beat_fraction_str": ["0", "0", "0", "1/2", "0", "1/2", "0", "1/2", "0", "1/2", "0", "1/2", "0", "1/2", "0", "1/2", "0", "1/2", "0"], "beat": [3.0, 1.0, 2.0, 3.5, 1.0, 1.5, 2.0, 3.5, 1.0, 1.5, 2.0, 2.5, 3.0, 3.5, 1.0, 1.5, 2.0, 2.5, 3.0], "timesignature": ["3/4", "3/4", "3/4", "3/4", "3/4", "3/4", "3/4", "3/4", "3/4", "3/4", "3/4", "3/4", "3/4", "3/4", "3/4", "3/4", "3/4", "3/4", "3/4"], "gpr2a_Frankland": [null, null, null, null, null, null, null, null, null, null, null, null, null, null, null, null, null, null, null], "gpr2b_Frankland": [null, null, 0.5, null, null, null, 0.6666666666666667, null, null, null, null, null, null, null, null, null, null, null, null], "gpr3a_Frankland": [null, null, null, 0.6, null, null, null, 0.19999999999999996, null, 0.4, null, null, null, 0.19999999999999996, null, null, null, null, null], "gpr3d_Frankland": [null, null, null, null, null, null, null, null, 0.0, 0.0, 0.0, 0.0, 0.0, 0.0, 0.0, 0.0, null, null, null], "gpr_Frankland_sum": [0, 0, 0.5, 0.6, 0, 0, 0.6666666666666667, 0.19999999999999996, 0, 0.4, 0, 0, 0, 0.19999999999999996, 0, 0, 0, 0, 0], "lbdm_spitch": [null, 0.2306451612903226, 0.5161290322580644, 1.0, 0.0, 0.18924731182795695, 0.5161290322580644, 0.22580645161290322, 0.18064516129032257, 0.5268817204301075, 0.23655913978494622, 0.18924731182795695, 0.20071684587813618, 0.22580645161290322, 0.20071684587813618, 0.18924731182795695, 0.19516129032258064, null, null], "lbdm_sioi": [null, 0.13333333333333333, 0.6999999999999998, 0.16666666666666666, 0.0, 0.16666666666666666, 1.0, 0.16666666666666666, 0.0, 0.0, 0.0, 0.0, 0.0, 0.0, 0.0, 0.0, 0.0, null, null], "lbdm_srest": [null, 0.0, 0.0, 0.0, 0.0, 0.0, 0.0, 0.0, 0.0, 0.0, 0.0, 0.0, 0.0, 0.0, 0.0, 0.0, 0.0, null, null], "lbdm_rpitch": [null, 0.5, 0.42857142857142855, 0.09090909090909091, 0.7142857142857143, 0.3333333333333333, 0.42857142857142855, 0.09090909090909091, 0.09090909090909091, 0.09090909090909091, 0.3333333333333333, 0.14285714285714285, 0.1111111111111111, 0.09090909090909091, 0.09090909090909091, 0.1111111111111111, 0.14285714285714285, 0.25, null], "lbdm_rioi": [null, 0.0, 0.2, 0.5, 0.0, 0.0, 0.5, 0.5, 0.0, 0.0, 0.0, 0.0, 0.0, 0.0, 0.0, 0.0, 0.0, 0.0, null], "lbdm_rrest": [null, 0.0, 0.0, 0.0, 0.0, 0.0, 0.0, 0.0, 0.0, 0.0, 0.0, 0.0, 0.0, 0.0, 0.0, 0.0, 0.0, 0.0, null],