{"id": "KB4179400020", "tunefamily": "", "year": -1, "tunefamily_full": "", "type": "", "freemeter": false, "origin": "", "features": {"scaledegree": [3, 1, 3, 5, 1, 3, 6, 5, 3, 5, 4, 5, 6, 5, 4, 2, 7, 1], "scaledegreespecifier": ["M", "P", "M", "P", "P", "M", "M", "P", "M", "P", "P", "P", "M", "P", "P", "M", "M", "P"], "tonic": ["F", "F", "F", "F", "F", "F", "F", "F", "F", "F", "F", "F", "F", "F", "F", "F", "F", "F"], "mode": ["major", "major", "major", "major", "major", "major", "major", "major", "major", "major", "major", "major", "major", "major", "major", "major", "major", "major"], "metriccontour": [null, "-", "+", "-", "+", "-", "+", "-", "+", "-", "+", "-", "+", "-", "+", "-", "+", "="], "imaweight": [0.256881, 0.243119, 0.178899, 0.192661, 0.316514, 0.802752, 1.0, 0.646789, 0.940367, 0.706422, 0.834862, 0.793578, 0.853211, 0.651376, 0.977064, 0.706422, 0.830275, 0.408257], "imaweight_spectral": [0.977974, 0.76652, 0.933921, 0.718062, 0.995595, 0.810573, 1.0, 0.660793, 0.942731, 0.718062, 0.84141, 0.801762, 0.859031, 0.665198, 0.977974, 0.718062, 0.837004, 0.964758], "pitch40_hewlett": [152, 140, 152, 163, 180, 152, 169, 163, 152, 163, 157, 163, 169, 163, 157, 146, 135, 140], "pitch40_sapp": [191, 179, 191, 202, 219, 191, 208, 202, 191, 202, 196, 202, 208, 202, 196, 185, 174, 179], "octave": [4, 4, 4, 5, 5, 4, 5, 5, 4, 5, 4, 5, 5, 5, 4, 4, 4, 4], "midipitch": [69, 65, 69, 72, 77, 69, 74, 72, 69, 72, 70, 72, 74, 72, 70, 67, 64, 65], "diatonicpitch": [30, 28, 30, 32, 35, 30, 33, 32, 30, 32, 31, 32, 33, 32, 31, 29, 27, 28], "diatonicinterval": [null, -2, 2, 2, 3, -5, 3, -1, -2, 2, -1, 1, 1, -1, -1, -2, -2, 1], "chromaticinterval": [null, -4, 4, 3, 5, -8, 5, -2, -3, 3, -2, 2, 2, -2, -2, -3, -3, 1], "pitchproximity": [null, null, 4, 3, 5, 8, 5, 2, 3, 3, 2, 2, 2, 2, 2, 3, 3, 1], "pitchreversal": [null, null, 1.5, 0, 0, 0, 1, 0, 0, 1.5, 1.5, 1.5, 0, 1.5, 0, 0, 0, 1.5], "nextisrest": [false, false, false, false, false, false, false, false, false, false, false, false, false, false, false, false, false, null], "restduration_frac": [null, null, null, null, null, null, null, null, null, null, null, null, null, null, null, null, null, null], "duration": [1.5, 0.5, 0.5, 0.5, 1.5, 0.5, 0.5, 0.5, 0.5, 0.5, 0.5, 0.5, 0.5, 0.5, 0.5, 0.5, 1.0, 1.0], "duration_frac": ["3/2", "1/2", "1/2", "1/2", "3/2", "1/2", "1/2", "1/2", "1/2", "1/2", "1/2", "1/2", "1/2", "1/2", "1/2", "1/2", "1", "1"], "duration_fullname": ["Dotted Quarter", "Eighth", "Eighth", "Eighth", "Dotted Quarter", "Eighth", "Eighth", "Eighth", "Eighth", "Eighth", "Eighth", "Eighth", "Eighth", "Eighth", "Eighth", "Eighth", "Quarter", "Quarter"], "durationcontour": [null, "-", "=", "=", "+", "-", "=", "=", "=", "=", "=", "=", "=", "=", "=", "=", "+", "="], "onsettick": [0, 3, 4, 5, 6, 9, 10, 11, 12, 13, 14, 15, 16, 17, 18, 19, 20, 22], "beatfraction": ["3/2", "1/2", "1/2", "1/2", "3/2", "1/2", "1/2", "1/2", "1/2", "1/2", "1/2", "1/2", "1/2", "1/2", "1/2", "1/2", "1", "1"], "phrasepos": [0.0, 0.13636363636363635, 0.18181818181818182, 0.22727272727272727, 0.2727272727272727, 0.4090909090909091, 0.45454545454545453, 0.5, 0.5454545454545454, 0.5909090909090909, 0.6363636363636364, 0.6818181818181818, 0.7272727272727273, 0.7727272727272727, 0.8181818181818182, 0.8636363636363636, 0.9090909090909091, 1.0], "phrase_ix": [0, 0, 0, 0, 0, 0, 0, 0, 0, 0, 0, 0, 0, 0, 0, 0, 0, 0], "phrase_end": [false, false, false, false, false, false, false, false, false, false, false, false, false, false, false, false, false, true], "songpos": [0.0, 0.13636363636363635, 0.18181818181818182, 0.22727272727272727, 0.2727272727272727, 0.4090909090909091, 0.45454545454545453, 0.5, 0.5454545454545454, 0.5909090909090909, 0.6363636363636364, 0.6818181818181818, 0.7272727272727273, 0.7727272727272727, 0.8181818181818182, 0.8636363636363636, 0.9090909090909091, 1.0], "beatinsong": ["0", "3/2", "2", "5/2", "3", "9/2", "5", "11/2", "6", "13/2", "7", "15/2", "8", "17/2", "9", "19/2", "10", "11"], "beatinphrase": ["0", "3/2", "2", "5/2", "3", "9/2", "5", "11/2", "6", "13/2", "7", "15/2", "8", "17/2", "9", "19/2", "10", "11"], "beatinphrase_end": ["-9", "-15/2", "-7", "-13/2", "-6", "-9/2", "-4", "-7/2", "-3", "-5/2", "-2", "-3/2", "-1", "-1/2", "0", "1/2", "1", "2"], "IOI_frac": ["3/2", "1/2", "1/2", "1/2", "3/2", "1/2", "1/2", "1/2", "1/2", "1/2", "1/2", "1/2", "1/2", "1/2", "1/2", "1/2", "1", null], "IOI": [1.5, 0.5, 0.5, 0.5, 1.5, 0.5, 0.5, 0.5, 0.5, 0.5, 0.5, 0.5, 0.5, 0.5, 0.5, 0.5, 1.0, null], "IOR_frac": [null, "1/3", "1", "1", "3", "1/3", "1", "1", "1", "1", "1", "1", "1", "1", "1", "1", "2", null], "IOR": [null, 0.3333333333333333, 1.0, 1.0, 3.0, 0.3333333333333333, 1.0, 1.0, 1.0, 1.0, 1.0, 1.0, 1.0, 1.0, 1.0, 1.0, 2.0, null], "imacontour": [null, "-", "-", "+", "+", "+", "+", "-", "+", "-", "+", "-", "+", "-", "+", "-", "+", "-"], "pitch": ["A4", "F4", "A4", "C5", "F5", "A4", "D5", "C5", "A4", "C5", "B-4", "C5", "D5", "C5", "B-4", "G4", "E4", "F4"], "contour3": [null, "-", "+", "+", "+", "-", "+", "-", "-", "+", "-", "+", "+", "-", "-", "-", "-", "+"], "contour5": [null, "--", "++", "++", "++", "--", "++", "-", "--", "++", "-", "+", "+", "-", "-", "--", "--", "+"], "beatstrength": [1.0, 0.25, 0.5, 0.25, 1.0, 0.25, 0.5, 0.25, 1.0, 0.25, 0.5, 0.25, 0.5, 0.25, 1.0, 0.25, 0.5, 0.5], "beat_str": ["1", "2", "3", "3", "1", "2", "3", "3", "1", "1", "2", "2", "3", "3", "1", "1", "2", "3"], "beat_fraction_str": ["0", "1/2", "0", "1/2", "0", "1/2", "0", "1/2", "0", "1/2", "0", "1/2", "0", "1/2", "0", "1/2", "0", "0"], "beat": [1.0, 2.5, 3.0, 3.5, 1.0, 2.5, 3.0, 3.5, 1.0, 1.5, 2.0, 2.5, 3.0, 3.5, 1.0, 1.5, 2.0, 3.0], "timesignature": ["3/4", "3/4", "3/4", "3/4", "3/4", "3/4", "3/4", "3/4", "3/4", "3/4", "3/4", "3/4", "3/4", "3/4", "3/4", "3/4", "3/4", "3/4"], "gpr2a_Frankland": [null, null, null, null, null, null, null, null, null, null, null, null, null, null, null, null, null, null], "gpr2b_Frankland": [null, null, null, null, 0.6666666666666667, null, null, null, null, null, null, null, null, null, null, null, null, null], "gpr3a_Frankland": [null, null, null, null, 0.375, null, null, null, null, null, null, null, null, null, null, null, null, null], "gpr3d_Frankland": [null, null, null, null, null, null, 0.0, 0.0, 0.0, 0.0, 0.0, 0.0, 0.0, 0.0, null, null, null, null], "gpr_Frankland_sum": [0, 0, 0, 0, 1.0416666666666667, 0, 0, 0, 0, 0, 0, 0, 0, 0, 0, 0, 0, 0], "lbdm_spitch": [null, 0.13888888888888887, 0.29166666666666663, 0.625, 1.0, 0.8333333333333333, 0.29761904761904756, 0.13392857142857142, 0.13392857142857142, 0.08928571428571427, 0.0, 0.0, 0.0, 0.08928571428571427, 0.13392857142857142, 0.3125, null, null], "lbdm_sioi": [null, 0.16666666666666666, 0.0, 0.16666666666666666, 1.0, 0.16666666666666666, 0.0, 0.0, 0.0, 0.0, 0.0, 0.0, 0.0, 0.0, 0.0, 0.1111111111111111, null, null], "lbdm_srest": [null, 0.0, 0.0, 0.0, 0.0, 0.0, 0.0, 0.0, 0.0, 0.0, 0.0, 0.0, 0.0, 0.0, 0.0, 0.0, null, null], "lbdm_rpitch": [null, 0.0, 0.1111111111111111, 0.2, 0.2, 0.2, 0.3333333333333333, 0.14285714285714285, 0.0, 0.14285714285714285, 0.0, 0.0, 0.0, 0.0, 0.14285714285714285, 0.0, 0.3333333333333333, null], "lbdm_rioi": [null, 0.5, 0.0, 0.0, 0.5, 0.5, 0.0, 0.0, 0.0, 0.0, 0.0, 0.0, 0.0, 0.0, 0.0, 0.0, 0.3333333333333333, null], "lbdm_rrest": [null, 0.0, 0.0, 0.0, 0.0, 0.0, 0.0, 0.0, 0.0, 0.0, 0.0, 0.0, 0.0, 0.0, 0.0, 0.0, 0.0, null], "lbdm_boundarystrength": [null, 0.11805555555555555, 0.07291666666666666, 0.23958333333333331, 0.75, 0.29166666666666663, 0.07440476190476189, 0.033482142857142856, 0.033482142857142856, 0.02232142857142857, 0.0, 0.0, 0.0, 0.02232142857142857, 0.033482142857142856, 0.13368055555555555, null, null]}}
