{"id": "KB4108300001", "tunefamily": "", "year": -1, "tunefamily_full": "", "type": "", "freemeter": false, "origin": "", "features": {"scaledegree": [5, 7, 1, 3, 5, 2, 7, 2, 4, 3, 7, 5, 5, 7, 1, 3, 1], "scaledegreespecifier": ["P", "M", "P", "m", "P", "M", "M", "M", "P", "m", "M", "P", "P", "M", "P", "m", "P"], "tonic": ["A", "A", "A", "A", "A", "A", "A", "A", "A", "A", "A", "A", "A", "A", "A", "A", "A"], "mode": ["minor", "minor", "minor", "minor", "minor", "minor", "minor", "minor", "minor", "minor", "minor", "minor", "minor", "minor", "minor", "minor", "minor"], "metriccontour": [null, "-", "+", "=", "+", "-", "+", "-", "+", "=", "+", "-", "+", "-", "+", "=", "+"], "imaweight": [1.0, 0.0784314, 0.431373, 0.676471, 0.480392, 0.872549, 0.921569, 0.235294, 0.431373, 0.715686, 0.480392, 0.872549, 0.931373, 0.117647, 0.362745, 0.647059, 0.411765], "imaweight_spectral": [1.0, 0.115108, 0.553957, 0.76259, 0.618705, 0.906475, 0.913669, 0.230216, 0.553957, 0.791367, 0.618705, 0.906475, 0.971223, 0.143885, 0.553957, 0.820144, 0.618705], "pitch40_hewlett": [135, 147, 152, 163, 175, 158, 147, 158, 169, 163, 147, 135, 135, 147, 152, 163, 152], "pitch40_sapp": [174, 186, 191, 202, 214, 197, 186, 197, 208, 202, 186, 174, 174, 186, 191, 202, 191], "octave": [4, 4, 4, 5, 5, 4, 4, 4, 5, 5, 4, 4, 4, 4, 4, 5, 4], "midipitch": [64, 68, 69, 72, 76, 71, 68, 71, 74, 72, 68, 64, 64, 68, 69, 72, 69], "diatonicpitch": [25, 27, 28, 30, 32, 29, 27, 29, 31, 30, 27, 25, 25, 27, 28, 30, 28], "diatonicinterval": [null, 2, 1, 2, 2, -3, -2, 2, 2, -1, -3, -2, 0, 2, 1, 2, -2], "chromaticinterval": [null, 4, 1, 3, 4, -5, -3, 3, 3, -2, -4, -4, 0, 4, 1, 3, -3], "pitchproximity": [null, null, 1, 3, 4, 5, 3, 3, 3, 2, 4, 4, 0, 4, 1, 3, 3], "pitchreversal": [null, null, 0, 0, 0, 1.5, 0, 1.5, 0, 1.5, 0, 0, 0, 0, 0, 0, 1.5], "nextisrest": [false, false, false, false, false, false, false, false, false, false, false, false, false, false, false, false, null], "restduration_frac": [null, null, null, null, null, null, null, null, null, null, null, null, null, null, null, null, null], "duration": [0.25, 0.25, 0.5, 0.5, 0.5, 1.0, 0.25, 0.25, 0.5, 0.5, 0.5, 1.0, 0.25, 0.25, 0.5, 0.5, 1.5], "duration_frac": ["1/4", "1/4", "1/2", "1/2", "1/2", "1", "1/4", "1/4", "1/2", "1/2", "1/2", "1", "1/4", "1/4", "1/2", "1/2", "3/2"], "duration_fullname": ["16th", "16th", "Eighth", "Eighth", "Eighth", "Quarter", "16th", "16th", "Eighth", "Eighth", "Eighth", "Quarter", "16th", "16th", "Eighth", "Eighth", "Dotted Quarter"], "durationcontour": [null, "=", "+", "=", "=", "+", "-", "=", "+", "=", "=", "+", "-", "=", "+", "=", "+"], "onsettick": [0, 1, 2, 4, 6, 8, 12, 13, 14, 16, 18, 20, 24, 25, 26, 28, 30], "beatfraction": ["1/6", "1/6", "1/3", "1/3", "1/3", "2/3", "1/6", "1/6", "1/3", "1/3", "1/3", "2/3", "1/6", "1/6", "1/3", "1/3", "1"], "phrasepos": [0.0, 0.125, 0.25, 0.5, 0.75, 1.0, 0.0, 0.125, 0.25, 0.5, 0.75, 1.0, 0.0, 0.16666666666666666, 0.3333333333333333, 0.6666666666666666, 1.0], "phrase_ix": [0, 0, 0, 0, 0, 0, 1, 1, 1, 1, 1, 1, 2, 2, 2, 2, 2], "phrase_end": [false, false, false, false, false, true, false, false, false, false, false, true, false, false, false, false, true], "songpos": [0.0, 0.03333333333333333, 0.06666666666666667, 0.13333333333333333, 0.2, 0.26666666666666666, 0.4, 0.43333333333333335, 0.4666666666666667, 0.5333333333333333, 0.6, 0.6666666666666666, 0.8, 0.8333333333333334, 0.8666666666666667, 0.9333333333333333, 1.0], "beatinsong": ["0", "1/6", "1/3", "2/3", "1", "4/3", "2", "13/6", "7/3", "8/3", "3", "10/3", "4", "25/6", "13/3", "14/3", "5"], "beatinphrase": ["0", "1/6", "1/3", "2/3", "1", "4/3", "0", "1/6", "1/3", "2/3", "1", "4/3", "0", "1/6", "1/3", "2/3", "1"], "beatinphrase_end": ["-1", "-5/6", "-2/3", "-1/3", "0", "1/3", "-1", "-5/6", "-2/3", "-1/3", "0", "1/3", "-1", "-5/6", "-2/3", "-1/3", "0"], "IOI_frac": ["1/4", "1/4", "1/2", "1/2", "1/2", "1", "1/4", "1/4", "1/2", "1/2", "1/2", "1", "1/4", "1/4", "1/2", "1/2", null], "IOI": [0.25, 0.25, 0.5, 0.5, 0.5, 1.0, 0.25, 0.25, 0.5, 0.5, 0.5, 1.0, 0.25, 0.25, 0.5, 0.5, null], "IOR_frac": [null, "1", "2", "1", "1", "2", "1/4", "1", "2", "1", "1", "2", "1/4", "1", "2", "1", null], "IOR": [null, 1.0, 2.0, 1.0, 1.0, 2.0, 0.25, 1.0, 2.0, 1.0, 1.0, 2.0, 0.25, 1.0, 2.0, 1.0, null], "imacontour": [null, "-", "+", "+", "-", "+", "+", "-", "+", "+", "-", "+", "+", "-", "+", "+", "-"], "pitch": ["E4", "G#4", "A4", "C5", "E5", "B4", "G#4", "B4", "D5", "C5", "G#4", "E4", "E4", "G#4", "A4", "C5", "A4"], "contour3": [null, "+", "+", "+", "+", "-", "-", "+", "+", "-", "-", "-", "=", "+", "+", "+", "-"], "contour5": [null, "++", "+", "++", "++", "--", "--", "++", "++", "-", "--", "--", "=", "++", "+", "++", "--"], "beatstrength": [1.0, 0.25, 0.5, 0.5, 1.0, 0.5, 1.0, 0.25, 0.5, 0.5, 1.0, 0.5, 1.0, 0.25, 0.5, 0.5, 1.0], "beat_str": ["1", "1", "1", "1", "1", "1", "1", "1", "1", "1", "1", "1", "1", "1", "1", "1", "1"], "beat_fraction_str": ["0", "1/6", "1/3", "2/3", "0", "1/3", "0", "1/6", "1/3", "2/3", "0", "1/3", "0", "1/6", "1/3", "2/3", "0"], "beat": [1.0, 1.1666666666666667, 1.3333333333333333, 1.6666666666666667, 1.0, 1.3333333333333333, 1.0, 1.1666666666666667, 1.3333333333333333, 1.6666666666666667, 1.0, 1.3333333333333333, 1.0, 1.1666666666666667, 1.3333333333333333, 1.6666666666666667, 1.0], "timesignature": ["3/8", "3/8", "3/8", "3/8", "3/8", "3/8", "3/8", "3/8", "3/8", "3/8", "3/8", "3/8", "3/8", "3/8", "3/8", "3/8", "3/8"], "gpr2a_Frankland": [null, null, null, null, null, null, null, null, null, null, null, null, null, null, null, null, null], "gpr2b_Frankland": [null, null, null, null, null, 0.625, null, null, null, null, null, 0.625, null, null, null, null, null], "gpr3a_Frankland": [null, null, null, null, 0.30000000000000004, null, null, null, null, null, null, null, 0.875, null, null, null, null], "gpr3d_Frankland": [null, 0.5, null, null, null, null, null, 0.5, null, null, null, null, null, 0.5, null, null, null], "gpr_Frankland_sum": [0, 0.5, 0, 0, 0.30000000000000004, 0.625, 0, 0.5, 0, 0, 0, 0.625, 0.875, 0.5, 0, 0, 0], "lbdm_spitch": [null, 0.17391304347826086, 0.30434782608695654, 0.18445322793148883, 0.33201581027667987, 0.13695652173913048, 0.0, 0.09782608695652174, 0.17934782608695654, 0.2282608695652174, 0.6086956521739131, 0.0, 1.0, 0.17391304347826086, 0.2282608695652174, null, null], "lbdm_sioi": [null, 0.08928571428571427, 0.17857142857142855, 0.0, 0.17857142857142855, 1.0, 0.1607142857142857, 0.08928571428571427, 0.17857142857142855, 0.0, 0.17857142857142855, 1.0, 0.1607142857142857, 0.08928571428571427, 0.17857142857142855, null, null], "lbdm_srest": [null, 0.0, 0.0, 0.0, 0.0, 0.0, 0.0, 0.0, 0.0, 0.0, 0.0, 0.0, 0.0, 0.0, 0.0, null, null], "lbdm_rpitch": [null, 0.42857142857142855, 0.3333333333333333, 0.1111111111111111, 0.09090909090909091, 0.2, 0.0, 0.0, 0.14285714285714285, 0.25, 0.0, 0.6666666666666666, 0.6666666666666666, 0.42857142857142855, 0.3333333333333333, 0.0, null], "lbdm_rioi": [null, 0.0, 0.3333333333333333, 0.0, 0.0, 0.3333333333333333, 0.6, 0.0, 0.3333333333333333, 0.0, 0.0, 0.3333333333333333, 0.6, 0.0, 0.3333333333333333, 0.0, null], "lbdm_rrest": [null, 0.0, 0.0, 0.0, 0.0, 0.0, 0.0, 0.0, 0.0, 0.0, 0.0, 0.0, 0.0, 0.0, 0.0, 0.0, null], "lbdm_boundarystrength": [null, 0.08812111801242235, 0.1653726708074534, 0.04611330698287221, 0.17228966685488423, 0.5342391304347827, 0.08035714285714285, 0.06909937888198757, 0.1341226708074534, 0.05706521739130435, 0.24145962732919254, 0.5, 0.33035714285714285, 0.08812111801242235, 0.14635093167701863, null, null]}}
