{"id": "KB41131800010", "tunefamily": "", "year": -1, "tunefamily_full": "", "type": "", "freemeter": false, "origin": "", "features": {"scaledegree": [5, 7, 2, 1, 3, 5, 4, 3, 2, 5, 7, 2, 1, 3, 5, 4, 4, 3, 2], "scaledegreespecifier": ["P", "M", "M", "P", "M", "P", "P", "M", "M", "P", "M", "M", "P", "M", "P", "P", "P", "M", "M"], "tonic": ["C", "C", "C", "C", "C", "C", "C", "C", "C", "C", "C", "C", "C", "C", "C", "C", "C", "C", "C"], "mode": ["major", "major", "major", "major", "major", "major", "major", "major", "major", "major", "major", "major", "major", "major", "major", "major", "major", "major", "major"], "metriccontour": [null, "-", "=", "+", "=", "-", "+", "-", "=", "+", "-", "=", "+", "=", "-", "+", "-", "+", "="], "imaweight": [0.950355, 0.0638298, 0.0638298, 0.950355, 0.886525, 0.113475, 0.886525, 0.886525, 0.886525, 0.978723, 0.0638298, 0.0638298, 0.950355, 1.0, 0.170213, 0.971631, 0.170213, 1.0, 0.914894], "imaweight_spectral": [0.953216, 0.105263, 0.105263, 1.0, 0.953216, 0.210526, 0.929825, 0.976608, 0.976608, 0.976608, 0.105263, 0.105263, 0.976608, 0.953216, 0.187135, 0.929825, 0.163743, 1.0, 0.976608], "pitch40_hewlett": [146, 158, 169, 163, 175, 186, 180, 175, 169, 146, 158, 169, 163, 175, 186, 180, 180, 175, 169], "pitch40_sapp": [185, 197, 208, 202, 214, 225, 219, 214, 208, 185, 197, 208, 202, 214, 225, 219, 219, 214, 208], "octave": [4, 4, 5, 5, 5, 5, 5, 5, 5, 4, 4, 5, 5, 5, 5, 5, 5, 5, 5], "midipitch": [67, 71, 74, 72, 76, 79, 77, 76, 74, 67, 71, 74, 72, 76, 79, 77, 77, 76, 74], "diatonicpitch": [32, 34, 36, 35, 37, 39, 38, 37, 36, 32, 34, 36, 35, 37, 39, 38, 38, 37, 36], "diatonicinterval": [null, 2, 2, -1, 2, 2, -1, -1, -1, -4, 2, 2, -1, 2, 2, -1, 0, -1, -1], "chromaticinterval": [null, 4, 3, -2, 4, 3, -2, -1, -2, -7, 4, 3, -2, 4, 3, -2, 0, -1, -2], "pitchproximity": [null, null, 3, 2, 4, 3, 2, 1, 2, 7, 4, 3, 2, 4, 3, 2, 0, 1, 2], "pitchreversal": [null, null, 0, 1.5, 1.5, 0, 1.5, 0, 0, 0, 1, 0, 1.5, 1.5, 0, 1.5, 0, 0, 0], "nextisrest": [false, false, false, false, false, false, false, false, false, false, false, false, false, false, false, false, false, false, null], "restduration_frac": [null, null, null, null, null, null, null, null, null, null, null, null, null, null, null, null, null, null, null], "duration": [0.3333333333333333, 0.3333333333333333, 0.3333333333333333, 1.0, 0.5, 0.5, 1.0, 1.0, 1.0, 0.3333333333333333, 0.3333333333333333, 0.3333333333333333, 1.0, 0.5, 0.5, 0.5, 0.5, 1.0, 1.0], "duration_frac": ["1/3", "1/3", "1/3", "1", "1/2", "1/2", "1", "1", "1", "1/3", "1/3", "1/3", "1", "1/2", "1/2", "1/2", "1/2", "1", "1"], "duration_fullname": ["Eighth Triplet (1/3 QL)", "Eighth Triplet (1/3 QL)", "Eighth Triplet (1/3 QL)", "Quarter", "Eighth", "Eighth", "Quarter", "Quarter", "Quarter", "Eighth Triplet (1/3 QL)", "Eighth Triplet (1/3 QL)", "Eighth Triplet (1/3 QL)", "Quarter", "Eighth", "Eighth", "Eighth", "Eighth", "Quarter", "Quarter"], "durationcontour": [null, "=", "=", "+", "-", "=", "+", "=", "=", "-", "=", "=", "+", "-", "=", "=", "=", "+", "="], "onsettick": [0, 2, 4, 6, 12, 15, 18, 24, 30, 36, 38, 40, 42, 48, 51, 54, 57, 60, 66], "beatfraction": ["1/3", "1/3", "1/3", "1", "1/2", "1/2", "1", "1", "1", "1/3", "1/3", "1/3", "1", "1/2", "1/2", "1/2", "1/2", "1", "1"], "phrasepos": [0.0, 0.030303030303030304, 0.06060606060606061, 0.09090909090909091, 0.18181818181818182, 0.22727272727272727, 0.2727272727272727, 0.36363636363636365, 0.45454545454545453, 0.5454545454545454, 0.5757575757575758, 0.6060606060606061, 0.6363636363636364, 0.7272727272727273, 0.7727272727272727, 0.8181818181818182, 0.8636363636363636, 0.9090909090909091, 1.0], "phrase_ix": [0, 0, 0, 0, 0, 0, 0, 0, 0, 0, 0, 0, 0, 0, 0, 0, 0, 0, 0], "phrase_end": [false, false, false, false, false, false, false, false, false, false, false, false, false, false, false, false, false, false, true], "songpos": [0.0, 0.030303030303030304, 0.06060606060606061, 0.09090909090909091, 0.18181818181818182, 0.22727272727272727, 0.2727272727272727, 0.36363636363636365, 0.45454545454545453, 0.5454545454545454, 0.5757575757575758, 0.6060606060606061, 0.6363636363636364, 0.7272727272727273, 0.7727272727272727, 0.8181818181818182, 0.8636363636363636, 0.9090909090909091, 1.0], "beatinsong": ["0", "1/3", "2/3", "1", "2", "5/2", "3", "4", "5", "6", "19/3", "20/3", "7", "8", "17/2", "9", "19/2", "10", "11"], "beatinphrase": ["0", "1/3", "2/3", "1", "2", "5/2", "3", "4", "5", "6", "19/3", "20/3", "7", "8", "17/2", "9", "19/2", "10", "11"], "beatinphrase_end": ["-9", "-26/3", "-25/3", "-8", "-7", "-13/2", "-6", "-5", "-4", "-3", "-8/3", "-7/3", "-2", "-1", "-1/2", "0", "1/2", "1", "2"], "IOI_frac": ["1/3", "1/3", "1/3", "1", "1/2", "1/2", "1", "1", "1", "1/3", "1/3", "1/3", "1", "1/2", "1/2", "1/2", "1/2", "1", null], "IOI": [0.3333333333333333, 0.3333333333333333, 0.3333333333333333, 1.0, 0.5, 0.5, 1.0, 1.0, 1.0, 0.3333333333333333, 0.3333333333333333, 0.3333333333333333, 1.0, 0.5, 0.5, 0.5, 0.5, 1.0, null], "IOR_frac": [null, "1", "1", "3", "1/2", "1", "2", "1", "1", "1/3", "1", "1", "3", "1/2", "1", "1", "1", "2", null], "IOR": [null, 1.0, 1.0, 3.0, 0.5, 1.0, 2.0, 1.0, 1.0, 0.3333333333333333, 1.0, 1.0, 3.0, 0.5, 1.0, 1.0, 1.0, 2.0, null], "imacontour": [null, "-", "=", "+", "-", "-", "+", "=", "=", "+", "-", "=", "+", "+", "-", "+", "-", "+", "-"], "pitch": ["G4", "B4", "D5", "C5", "E5", "G5", "F5", "E5", "D5", "G4", "B4", "D5", "C5", "E5", "G5", "F5", "F5", "E5", "D5"], "contour3": [null, "+", "+", "-", "+", "+", "-", "-", "-", "-", "+", "+", "-", "+", "+", "-", "=", "-", "-"], "contour5": [null, "++", "++", "-", "++", "++", "-", "-", "-", "--", "++", "++", "-", "++", "++", "-", "=", "-", "-"], "beatstrength": [1.0, 0.0625, 0.0625, 0.5, 0.5, 0.25, 1.0, 0.5, 0.5, 1.0, 0.0625, 0.0625, 0.5, 0.5, 0.25, 1.0, 0.25, 0.5, 0.5], "beat_str": ["1", "1", "1", "2", "3", "3", "1", "2", "3", "1", "1", "1", "2", "3", "3", "1", "1", "2", "3"], "beat_fraction_str": ["0", "1/3", "2/3", "0", "0", "1/2", "0", "0", "0", "0", "1/3", "2/3", "0", "0", "1/2", "0", "1/2", "0", "0"], "beat": [1.0, 1.3333333333333333, 1.6666666666666667, 2.0, 3.0, 3.5, 1.0, 2.0, 3.0, 1.0, 1.3333333333333333, 1.6666666666666667, 2.0, 3.0, 3.5, 1.0, 1.5, 2.0, 3.0], "timesignature": ["3/4", "3/4", "3/4", "3/4", "3/4", "3/4", "3/4", "3/4", "3/4", "3/4", "3/4", "3/4", "3/4", "3/4", "3/4", "3/4", "3/4", "3/4", "3/4"], "gpr2a_Frankland": [null, null, null, null, null, null, null, null, null, null, null, null, null, null, null, null, null, null, null], "gpr2b_Frankland": [null, null, null, 0.5833333333333334, null, null, null, null, null, null, null, null, 0.5833333333333334, null, null, null, null, null, null], "gpr3a_Frankland": [null, null, null, 0.375, null, null, null, null, 0.5714285714285714, null, null, null, 0.375, null, null, null, null, null, null], "gpr3d_Frankland": [null, null, null, null, null, 0.5, null, null, 0.6666666666666667, null, null, null, null, null, 0.0, null, null, null, null], "gpr_Frankland_sum": [0, 0, 0, 0.9583333333333334, 0, 0.5, 0, 0, 1.2380952380952381, 0, 0, 0, 0.9583333333333334, 0, 0, 0, 0, 0, 0], "lbdm_spitch": [null, 0.1588227127585728, 0.1637859225322782, 0.3011013929381276, 0.1588227127585728, 0.14294044148271554, 0.08338192419825073, 0.27288629737609327, 1.0, 0.2850664075153871, 0.1588227127585728, 0.1637859225322782, 0.3011013929381276, 0.1588227127585728, 0.26801332778009157, 0.0, 0.11117589893100097, null, null], "lbdm_sioi": [null, 0.0, 0.19999999999999998, 1.0, 0.19999999999999996, 0.19999999999999996, 0.3999999999999999, 0.0, 0.6, 0.19999999999999998, 0.0, 0.19999999999999998, 1.0, 0.19999999999999996, 0.0, 0.0, 0.19999999999999996, null, null], "lbdm_srest": [null, 0.0, 0.0, 0.0, 0.0, 0.0, 0.0, 0.0, 0.0, 0.0, 0.0, 0.0, 0.0, 0.0, 0.0, 0.0, 0.0, null, null],