{"id": "KB4117000021", "tunefamily": "", "year": -1, "tunefamily_full": "", "type": "", "freemeter": false, "origin": "", "features": {"scaledegree": [5, 7, 2, 5, 4, 5, 2, 3, 2, 1, 7, 5, 7, 2, 5, 4, 2, 3, 1, 5], "scaledegreespecifier": ["P", "M", "M", "P", "A", "P", "M", "m", "M", "P", "M", "P", "M", "M", "P", "P", "M", "m", "P", "P"], "tonic": ["G", "G", "G", "G", "G", "G", "G", "G", "G", "G", "G", "G", "G", "G", "G", "G", "G", "G", "G", "G"], "mode": ["minor", "minor", "minor", "minor", "minor", "minor", "minor", "minor", "minor", "minor", "minor", "minor", "minor", "minor", "minor", "minor", "minor", "minor", "minor", "minor"], "metriccontour": [null, "-", "+", "-", "+", "-", "+", "-", "+", "-", "+", "-", "+", "-", "+", "-", "+", "-", "+", "="], "imaweight": [0.794872, 0.824176, 1.0, 0.78022, 0.794872, 0.923077, 0.857143, 0.809524, 0.882784, 0.824176, 0.85348, 0.893773, 0.838828, 0.871795, 0.974359, 0.296703, 0.234432, 0.142857, 0.223443, 0.194139], "imaweight_spectral": [0.804196, 0.818182, 1.0, 0.776224, 0.804196, 0.912587, 0.863636, 0.804196, 0.888112, 0.818182, 0.86014, 0.884615, 0.846154, 0.863636, 0.975524, 0.968531, 0.909091, 0.821678, 0.898601, 0.902098], "pitch40_hewlett": [129, 141, 152, 169, 164, 169, 152, 157, 152, 146, 141, 129, 141, 152, 169, 163, 152, 157, 146, 129], "pitch40_sapp": [168, 180, 191, 208, 203, 208, 191, 196, 191, 185, 180, 168, 180, 191, 208, 202, 191, 196, 185, 168], "octave": [4, 4, 4, 5, 5, 5, 4, 4, 4, 4, 4, 4, 4, 4, 5, 5, 4, 4, 4, 4], "midipitch": [62, 66, 69, 74, 73, 74, 69, 70, 69, 67, 66, 62, 66, 69, 74, 72, 69, 70, 67, 62], "diatonicpitch": [25, 27, 29, 32, 31, 32, 29, 30, 29, 28, 27, 25, 27, 29, 32, 31, 29, 30, 28, 25], "diatonicinterval": [null, 2, 2, 3, -1, 1, -3, 1, -1, -1, -1, -2, 2, 2, 3, -1, -2, 1, -2, -3], "chromaticinterval": [null, 4, 3, 5, -1, 1, -5, 1, -1, -2, -1, -4, 4, 3, 5, -2, -3, 1, -3, -5], "pitchproximity": [null, null, 3, 5, 1, 1, 5, 1, 1, 2, 1, 4, 4, 3, 5, 2, 3, 1, 3, 5], "pitchreversal": [null, null, 0, 0, 0, 1.5, 0, 0, 1.5, 0, 0, 0, 1.5, 0, 0, 0, 0, 1.5, 1.5, 0], "nextisrest": [false, false, false, false, false, false, false, false, false, false, false, false, false, false, false, false, false, false, false, null], "restduration_frac": [null, null, null, null, null, null, null, null, null, null, null, null, null, null, null, null, null, null, null, null], "duration": [0.25, 0.25, 0.25, 0.25, 0.25, 0.25, 0.25, 0.25, 0.25, 0.25, 0.25, 0.25, 0.25, 0.25, 0.75, 0.25, 0.25, 0.25, 0.5, 0.5], "duration_frac": ["1/4", "1/4", "1/4", "1/4", "1/4", "1/4", "1/4", "1/4", "1/4", "1/4", "1/4", "1/4", "1/4", "1/4", "3/4", "1/4", "1/4", "1/4", "1/2", "1/2"], "duration_fullname": ["16th", "16th", "16th", "16th", "16th", "16th", "16th", "16th", "16th", "16th", "16th", "16th", "16th", "16th", "Dotted Eighth", "16th", "16th", "16th", "Eighth", "Eighth"], "durationcontour": [null, "=", "=", "=", "=", "=", "=", "=", "=", "=", "=", "=", "=", "=", "+", "-", "=", "=", "+", "="], "onsettick": [0, 1, 2, 3, 4, 5, 6, 7, 8, 9, 10, 11, 12, 13, 14, 17, 18, 19, 20, 22], "beatfraction": ["1/6", "1/6", "1/6", "1/6", "1/6", "1/6", "1/6", "1/6", "1/6", "1/6", "1/6", "1/6", "1/6", "1/6", "1/2", "1/6", "1/6", "1/6", "1/3", "1/3"], "phrasepos": [0.0, 0.045454545454545456, 0.09090909090909091, 0.13636363636363635, 0.18181818181818182, 0.22727272727272727, 0.2727272727272727, 0.3181818181818182, 0.36363636363636365, 0.4090909090909091, 0.45454545454545453, 0.5, 0.5454545454545454, 0.5909090909090909, 0.6363636363636364, 0.7727272727272727, 0.8181818181818182, 0.8636363636363636, 0.9090909090909091, 1.0], "phrase_ix": [0, 0, 0, 0, 0, 0, 0, 0, 0, 0, 0, 0, 0, 0, 0, 0, 0, 0, 0, 0], "phrase_end": [false, false, false, false, false, false, false, false, false, false, false, false, false, false, false, false, false, false, false, true], "songpos": [0.0, 0.045454545454545456, 0.09090909090909091, 0.13636363636363635, 0.18181818181818182, 0.22727272727272727, 0.2727272727272727, 0.3181818181818182, 0.36363636363636365, 0.4090909090909091, 0.45454545454545453, 0.5, 0.5454545454545454, 0.5909090909090909, 0.6363636363636364, 0.7727272727272727, 0.8181818181818182, 0.8636363636363636, 0.9090909090909091, 1.0], "beatinsong": ["0", "1/6", "1/3", "1/2", "2/3", "5/6", "1", "7/6", "4/3", "3/2", "5/3", "11/6", "2", "13/6", "7/3", "17/6", "3", "19/6", "10/3", "11/3"], "beatinphrase": ["0", "1/6", "1/3", "1/2", "2/3", "5/6", "1", "7/6", "4/3", "3/2", "5/3", "11/6", "2", "13/6", "7/3", "17/6", "3", "19/6", "10/3", "11/3"], "beatinphrase_end": ["-3", "-17/6", "-8/3", "-5/2", "-7/3", "-13/6", "-2", "-11/6", "-5/3", "-3/2", "-4/3", "-7/6", "-1", "-5/6", "-2/3", "-1/6", "0", "1/6", "1/3", "2/3"], "IOI_frac": ["1/4", "1/4", "1/4", "1/4", "1/4", "1/4", "1/4", "1/4", "1/4", "1/4", "1/4", "1/4", "1/4", "1/4", "3/4", "1/4", "1/4", "1/4", "1/2", null], "IOI": [0.25, 0.25, 0.25, 0.25, 0.25, 0.25, 0.25, 0.25, 0.25, 0.25, 0.25, 0.25, 0.25, 0.25, 0.75, 0.25, 0.25, 0.25, 0.5, null], "IOR_frac": [null, "1", "1", "1", "1", "1", "1", "1", "1", "1", "1", "1", "1", "1", "3", "1/3", "1", "1", "2", null], "IOR": [null, 1.0, 1.0, 1.0, 1.0, 1.0, 1.0, 1.0, 1.0, 1.0, 1.0, 1.0, 1.0, 1.0, 3.0, 0.3333333333333333, 1.0, 1.0, 2.0, null], "imacontour": [null, "+", "+", "-", "+", "+", "-", "-", "+", "-", "+", "+", "-", "+", "+", "-", "-", "-", "+", "-"], "pitch": ["D4", "F#4", "A4", "D5", "C#5", "D5", "A4", "B-4", "A4", "G4", "F#4", "D4", "F#4", "A4", "D5", "C5", "A4", "B-4", "G4", "D4"], "contour3": [null, "+", "+", "+", "-", "+", "-", "+", "-", "-", "-", "-", "+", "+", "+", "-", "-", "+", "-", "-"], "contour5": [null, "++", "++", "++", "-", "+", "--", "+", "-", "-", "-", "--", "++", "++", "++", "-", "--", "+", "--", "--"], "beatstrength": [1.0, 0.25, 0.5, 0.25, 0.5, 0.25, 1.0, 0.25, 0.5, 0.25, 0.5, 0.25, 1.0, 0.25, 0.5, 0.25, 1.0, 0.25, 0.5, 0.5], "beat_str": ["1", "1", "1", "1", "1", "1", "1", "1", "1", "1", "1", "1", "1", "1", "1", "1", "1", "1", "1", "1"], "beat_fraction_str": ["0", "1/6", "1/3", "1/2", "2/3", "5/6", "0", "1/6", "1/3", "1/2", "2/3", "5/6", "0", "1/6", "1/3", "5/6", "0", "1/6", "1/3", "2/3"], "beat": [1.0, 1.1666666666666667, 1.3333333333333333, 1.5, 1.6666666666666667, 1.8333333333333333, 1.0, 1.1666666666666667, 1.3333333333333333, 1.5, 1.6666666666666667, 1.8333333333333333, 1.0, 1.1666666666666667, 1.3333333333333333, 1.8333333333333333, 1.0, 1.1666666666666667, 1.3333333333333333, 1.6666666666666667], "timesignature": ["3/8", "3/8", "3/8", "3/8", "3/8", "3/8", "3/8", "3/8", "3/8", "3/8", "3/8", "3/8", "3/8", "3/8", "3/8", "3/8", "3/8", "3/8", "3/8", "3/8"], "gpr2a_Frankland": [null, null, null, null, null, null, null, null, null, null, null, null, null, null, null, null, null, null, null, null], "gpr2b_Frankland": [null, null, null, null, null, null, null, null, null, null, null, null, null, null, 0.6666666666666667, null, null, null, null, null], "gpr3a_Frankland": [null, null, 0.6, null, null, 0.8, null, null, 0.5, null, null, null, null, 0.5, null, 0.5, null, null, null, null], "gpr3d_Frankland": [null, 0.0, 0.0, 0.0, 0.0, 0.0, 0.0, 0.0, 0.0, 0.0, 0.0, 0.0, null, null, null, null, null, null, null, null], "gpr_Frankland_sum": [0, 0, 0.6, 0, 0, 0.8, 0, 0, 0.5, 0, 0, 0, 0, 0.5, 0.6666666666666667, 0.5, 0, 0, 0, 0], "lbdm_spitch": [null, 0.18666666666666668, 0.7, 0.1, 0.1, 1.0, 0.1, 0.04, 0.16, 0.12571428571428572, 0.34285714285714286, 0.08888888888888888, 0.18666666666666668, 0.5333333333333333, 0.19047619047619047, 0.2857142857142857, 0.13333333333333333, 0.32, null, null], "lbdm_sioi": [null, 0.0, 0.0, 0.0, 0.0, 0.0, 0.0, 0.0, 0.0, 0.0, 0.0, 0.0, 0.0, 0.16666666666666666, 1.0, 0.16666666666666666, 0.0, 0.1111111111111111, null, null], "lbdm_srest": [null, 0.0, 0.0, 0.0, 0.0, 0.0, 0.0, 0.0, 0.0, 0.0, 0.0, 0.0, 0.0, 0.0, 0.0, 0.0, 0.0, 0.0, null, null],