{"id": "KB4151500000", "tunefamily": "", "year": -1, "tunefamily_full": "", "type": "", "freemeter": false, "origin": "", "features": {"scaledegree": [5, 1, 1, 1, 7, 5, 1, 1, 1, 7, 5, 7, 2, 4, 7, 1, 5, 7, 2, 1], "scaledegreespecifier": ["P", "P", "P", "P", "M", "P", "P", "P", "P", "M", "P", "M", "M", "P", "M", "P", "P", "M", "M", "P"], "tonic": ["D", "D", "D", "D", "D", "D", "D", "D", "D", "D", "D", "D", "D", "D", "D", "D", "D", "D", "D", "D"], "mode": ["major", "major", "major", "major", "major", "major", "major", "major", "major", "major", "major", "major", "major", "major", "major", "major", "major", "major", "major", "major"], "metriccontour": [null, "-", "+", "+", "-", "+", "-", "+", "+", "-", "+", "-", "+", "+", "-", "+", "-", "-", "+", "-"], "imaweight": [0.80916, 0.0610687, 0.625954, 0.496183, 0.473282, 1.0, 0.152672, 0.465649, 0.534351, 0.694656, 0.870229, 0.221374, 0.664122, 0.534351, 0.229008, 0.625954, 0.229008, 0.129771, 0.473282, 0.312977], "imaweight_spectral": [0.860927, 0.10596, 0.622517, 0.655629, 0.490066, 1.0, 0.18543, 0.456954, 0.629139, 0.682119, 0.887417, 0.245033, 0.655629, 0.596026, 0.251656, 1.0, 0.251656, 0.112583, 0.596026, 0.675497], "pitch40_hewlett": [152, 169, 169, 169, 164, 152, 169, 169, 169, 164, 152, 164, 175, 186, 164, 169, 152, 164, 175, 169], "pitch40_sapp": [191, 208, 208, 208, 203, 191, 208, 208, 208, 203, 191, 203, 214, 225, 203, 208, 191, 203, 214, 208], "octave": [4, 5, 5, 5, 5, 4, 5, 5, 5, 5, 4, 5, 5, 5, 5, 5, 4, 5, 5, 5], "midipitch": [69, 74, 74, 74, 73, 69, 74, 74, 74, 73, 69, 73, 76, 79, 73, 74, 69, 73, 76, 74], "diatonicpitch": [32, 35, 35, 35, 34, 32, 35, 35, 35, 34, 32, 34, 36, 38, 34, 35, 32, 34, 36, 35], "diatonicinterval": [null, 3, 0, 0, -1, -2, 3, 0, 0, -1, -2, 2, 2, 2, -4, 1, -3, 2, 2, -1], "chromaticinterval": [null, 5, 0, 0, -1, -4, 5, 0, 0, -1, -4, 4, 3, 3, -6, 1, -5, 4, 3, -2], "pitchproximity": [null, null, 0, 0, 1, 4, 5, 0, 0, 1, 4, 4, 3, 3, 6, 1, 5, 4, 3, 2], "pitchreversal": [null, null, 0, 0, 0, 0, 1.5, 0, 0, 0, 0, 1.5, 0, 0, 0, null, 0, 1.5, 0, 1.5], "nextisrest": [false, false, false, false, false, false, false, false, false, false, false, false, false, false, false, false, false, false, false, null], "restduration_frac": [null, null, null, null, null, null, null, null, null, null, null, null, null, null, null, null, null, null, null, null], "duration": [1.5, 0.5, 1.0, 1.0, 2.0, 1.5, 0.5, 1.0, 1.0, 2.0, 1.5, 0.5, 1.0, 2.0, 1.0, 1.0, 1.5, 0.5, 1.0, 2.0], "duration_frac": ["3/2", "1/2", "1", "1", "2", "3/2", "1/2", "1", "1", "2", "3/2", "1/2", "1", "2", "1", "1", "3/2", "1/2", "1", "2"], "duration_fullname": ["Dotted Quarter", "Eighth", "Quarter", "Quarter", "Half", "Dotted Quarter", "Eighth", "Quarter", "Quarter", "Half", "Dotted Quarter", "Eighth", "Quarter", "Half", "Quarter", "Quarter", "Dotted Quarter", "Eighth", "Quarter", "Half"], "durationcontour": [null, "-", "+", "=", "+", "-", "-", "+", "=", "+", "-", "-", "+", "+", "-", "=", "+", "-", "+", "+"], "onsettick": [0, 3, 4, 6, 8, 12, 15, 16, 18, 20, 24, 27, 28, 30, 34, 36, 38, 41, 42, 44], "beatfraction": ["3/2", "1/2", "1", "1", "2", "3/2", "1/2", "1", "1", "2", "3/2", "1/2", "1", "2", "1", "1", "3/2", "1/2", "1", "2"], "phrasepos": [0.0, 0.15, 0.2, 0.3, 0.4, 0.6, 0.75, 0.8, 0.9, 1.0, 0.0, 0.15, 0.2, 0.3, 0.5, 0.6, 0.7, 0.85, 0.9, 1.0], "phrase_ix": [0, 0, 0, 0, 0, 0, 0, 0, 0, 0, 1, 1, 1, 1, 1, 1, 1, 1, 1, 1], "phrase_end": [false, false, false, false, false, false, false, false, false, true, false, false, false, false, false, false, false, false, false, true], "songpos": [0.0, 0.06818181818181818, 0.09090909090909091, 0.13636363636363635, 0.18181818181818182, 0.2727272727272727, 0.3409090909090909, 0.36363636363636365, 0.4090909090909091, 0.45454545454545453, 0.5454545454545454, 0.6136363636363636, 0.6363636363636364, 0.6818181818181818, 0.7727272727272727, 0.8181818181818182, 0.8636363636363636, 0.9318181818181818, 0.9545454545454546, 1.0], "beatinsong": ["0", "3/2", "2", "3", "4", "6", "15/2", "8", "9", "10", "12", "27/2", "14", "15", "17", "18", "19", "41/2", "21", "22"], "beatinphrase": ["0", "3/2", "2", "3", "4", "6", "15/2", "8", "9", "10", "0", "3/2", "2", "3", "5", "6", "7", "17/2", "9", "10"], "beatinphrase_end": ["-9", "-15/2", "-7", "-6", "-5", "-3", "-3/2", "-1", "0", "1", "-9", "-15/2", "-7", "-6", "-4", "-3", "-2", "-1/2", "0", "1"], "IOI_frac": ["3/2", "1/2", "1", "1", "2", "3/2", "1/2", "1", "1", "2", "3/2", "1/2", "1", "2", "1", "1", "3/2", "1/2", "1", null], "IOI": [1.5, 0.5, 1.0, 1.0, 2.0, 1.5, 0.5, 1.0, 1.0, 2.0, 1.5, 0.5, 1.0, 2.0, 1.0, 1.0, 1.5, 0.5, 1.0, null], "IOR_frac": [null, "1/3", "2", "1", "2", "3/4", "1/3", "2", "1", "2", "3/4", "1/3", "2", "2", "1/2", "1", "3/2", "1/3", "2", null], "IOR": [null, 0.3333333333333333, 2.0, 1.0, 2.0, 0.75, 0.3333333333333333, 2.0, 1.0, 2.0, 0.75, 0.3333333333333333, 2.0, 2.0, 0.5, 1.0, 1.5, 0.3333333333333333, 2.0, null], "imacontour": [null, "-", "+", "-", "-", "+", "-", "+", "+", "+", "+", "-", "+", "-", "-", "+", "-", "-", "+", "-"], "pitch": ["A4", "D5", "D5", "D5", "C#5", "A4", "D5", "D5", "D5", "C#5", "A4", "C#5", "E5", "G5", "C#5", "D5", "A4", "C#5", "E5", "D5"], "contour3": [null, "+", "=", "=", "-", "-", "+", "=", "=", "-", "-", "+", "+", "+", "-", "+", "-", "+", "+", "-"], "contour5": [null, "++", "=", "=", "-", "--", "++", "=", "=", "-", "--", "++", "++", "++", "--", "+", "--", "++", "++", "-"], "beatstrength": [1.0, 0.25, 0.5, 1.0, 0.5, 1.0, 0.25, 0.5, 1.0, 0.5, 1.0, 0.25, 0.5, 1.0, 0.5, 1.0, 0.5, 0.25, 1.0, 0.5], "beat_str": ["1", "2", "3", "1", "2", "1", "2", "3", "1", "2", "1", "2", "3", "1", "3", "1", "2", "3", "1", "2"], "beat_fraction_str": ["0", "1/2", "0", "0", "0", "0", "1/2", "0", "0", "0", "0", "1/2", "0", "0", "0", "0", "0", "1/2", "0", "0"], "beat": [1.0, 2.5, 3.0, 1.0, 2.0, 1.0, 2.5, 3.0, 1.0, 2.0, 1.0, 2.5, 3.0, 1.0, 3.0, 1.0, 2.0, 3.5, 1.0, 2.0], "timesignature": ["3/4", "3/4", "3/4", "3/4", "3/4", "3/4", "3/4", "3/4", "3/4", "3/4", "3/4", "3/4", "3/4", "3/4", "3/4", "3/4", "3/4", "3/4", "3/4", "3/4"], "gpr2a_Frankland": [null, null, null, null, null, null, null, null, null, null, null, null, null, null, null, null, null, null, null, null], "gpr2b_Frankland": [null, null, null, null, 0.375, null, null, null, null, 0.375, null, null, null, 0.5, null, null, 0.5, null, null, null], "gpr3a_Frankland": [null, null, null, null, null, 0.6, null, null, null, null, null, null, null, 0.6666666666666667, null, 0.5, null, null, null, null], "gpr3d_Frankland": [null, null, null, null, null, null, null, null, null, null, null, null, null, null, null, null, null, null, null, null], "gpr_Frankland_sum": [0, 0, 0, 0, 0.375, 0.6, 0, 0, 0, 0.375, 0, 0, 0, 1.1666666666666667, 0, 0.5, 0.5, 0, 0, 0], "lbdm_spitch": [null, 0.0, 0.0, 0.15331010452961671, 0.41811846689895465, 0.8101045296167247, 0.0, 0.0, 0.15331010452961671, 0.34494773519163763, 0.08943089430894309, 0.06707317073170731, 0.1646341463414634, 1.0, 0.21239837398373984, 0.5945121951219512, 0.16260162601626016, 0.15331010452961671, null, null], "lbdm_sioi": [null, 0.3125, 0.25, 0.25, 0.7142857142857143, 0.7232142857142857, 0.3125, 0.25, 0.25, 0.7142857142857143, 0.7232142857142857, 0.3125, 0.5, 1.0, 0.25, 0.15000000000000002, 0.7874999999999999, 0.3125, null, null], "lbdm_srest": [null, 0.0, 0.0, 0.0, 0.0, 0.0, 0.0, 0.0, 0.0, 0.0, 0.0, 0.0, 0.0, 0.0, 0.0, 0.0, 0.0, 0.0, null, null], "lbdm_rpitch": [null, 0.7142857142857143, 0.0, 0.3333333333333333, 0.42857142857142855, 0.09090909090909091, 0.7142857142857143, 0.0, 0.3333333333333333, 0.42857142857142855, 0.0, 0.1111111111111111, 0.0, 0.2727272727272727, 0.5555555555555556, 0.5, 0.09090909090909091, 0.1111111111111111, 0.14285714285714285, null], "lbdm_rioi": [null, 0.5, 0.3333333333333333, 0.0, 0.3333333333333333, 0.14285714285714285, 0.5, 0.3333333333333333, 0.0, 0.3333333333333333, 0.14285714285714285, 0.5, 0.3333333333333333, 0.3333333333333333, 0.3333333333333333, 0.0, 0.2, 0.5, 0.3333333333333333, null],