{"id": "KB4247500000", "tunefamily": "", "year": -1, "tunefamily_full": "", "type": "", "freemeter": false, "origin": "", "features": {"scaledegree": [5, 7, 7, 1, 2, 3, 2, 1, 4, 2, 3, 3, 1, 2, 3, 2, 1, 7, 1], "scaledegreespecifier": ["P", "M", "M", "P", "M", "M", "M", "P", "P", "M", "M", "M", "P", "M", "M", "M", "P", "M", "P"], "tonic": ["C", "C", "C", "C", "C", "C", "C", "C", "C", "C", "C", "C", "C", "C", "C", "C", "C", "C", "C"], "mode": ["major", "major", "major", "major", "major", "major", "major", "major", "major", "major", "major", "major", "major", "major", "major", "major", "major", "major", "major"], "metriccontour": [null, "-", "+", "-", "+", "+", "-", "-", "+", "+", "-", "+", "-", "+", "+", "-", "+", "-", "+"], "imaweight": [0.953846, 0.148718, 0.723077, 0.379487, 0.769231, 0.892308, 0.733333, 0.338462, 0.764103, 0.953846, 0.251282, 0.748718, 0.4, 0.805128, 1.0, 0.230769, 0.74359, 0.333333, 0.851282], "imaweight_spectral": [0.978355, 0.350649, 0.766234, 0.47619, 0.874459, 0.978355, 0.82684, 0.493506, 0.852814, 0.961039, 0.367965, 0.787879, 0.493506, 0.835498, 1.0, 0.350649, 0.78355, 0.437229, 0.874459], "pitch40_hewlett": [146, 158, 158, 163, 169, 175, 169, 163, 180, 169, 175, 175, 163, 169, 175, 169, 163, 158, 163], "pitch40_sapp": [185, 197, 197, 202, 208, 214, 208, 202, 219, 208, 214, 214, 202, 208, 214, 208, 202, 197, 202], "octave": [4, 4, 4, 5, 5, 5, 5, 5, 5, 5, 5, 5, 5, 5, 5, 5, 5, 4, 5], "midipitch": [67, 71, 71, 72, 74, 76, 74, 72, 77, 74, 76, 76, 72, 74, 76, 74, 72, 71, 72], "diatonicpitch": [32, 34, 34, 35, 36, 37, 36, 35, 38, 36, 37, 37, 35, 36, 37, 36, 35, 34, 35], "diatonicinterval": [null, 2, 0, 1, 1, 1, -1, -1, 3, -2, 1, 0, -2, 1, 1, -1, -1, -1, 1], "chromaticinterval": [null, 4, 0, 1, 2, 2, -2, -2, 5, -3, 2, 0, -4, 2, 2, -2, -2, -1, 1], "pitchproximity": [null, null, 0, 1, 2, 2, 2, 2, 5, 3, 2, 0, 4, 2, 2, 2, 2, 1, 1], "pitchreversal": [null, null, 0, 0, 0, 0, 1.5, 0, 0, 1.5, 1.5, 0, 0, 1.5, 0, 1.5, 0, 0, 1.5], "nextisrest": [false, false, false, false, false, false, false, false, false, false, false, false, false, false, false, false, false, false, null], "restduration_frac": [null, null, null, null, null, null, null, null, null, null, null, null, null, null, null, null, null, null, null], "duration": [0.5, 0.5, 0.5, 0.5, 1.0, 1.0, 0.5, 0.5, 1.0, 0.5, 0.5, 0.5, 0.5, 1.0, 0.5, 0.5, 0.5, 0.5, 1.0], "duration_frac": ["1/2", "1/2", "1/2", "1/2", "1", "1", "1/2", "1/2", "1", "1/2", "1/2", "1/2", "1/2", "1", "1/2", "1/2", "1/2", "1/2", "1"], "duration_fullname": ["Eighth", "Eighth", "Eighth", "Eighth", "Quarter", "Quarter", "Eighth", "Eighth", "Quarter", "Eighth", "Eighth", "Eighth", "Eighth", "Quarter", "Eighth", "Eighth", "Eighth", "Eighth", "Quarter"], "durationcontour": [null, "=", "=", "=", "+", "=", "-", "=", "+", "-", "=", "=", "=", "+", "-", "=", "=", "=", "+"], "onsettick": [0, 1, 2, 3, 4, 6, 8, 9, 10, 12, 13, 14, 15, 16, 18, 19, 20, 21, 22], "beatfraction": ["1/2", "1/2", "1/2", "1/2", "1", "1", "1/2", "1/2", "1", "1/2", "1/2", "1/2", "1/2", "1", "1/2", "1/2", "1/2", "1/2", "1"], "phrasepos": [0.0, 0.045454545454545456, 0.09090909090909091, 0.13636363636363635, 0.18181818181818182, 0.2727272727272727, 0.36363636363636365, 0.4090909090909091, 0.45454545454545453, 0.5454545454545454, 0.5909090909090909, 0.6363636363636364, 0.6818181818181818, 0.7272727272727273, 0.8181818181818182, 0.8636363636363636, 0.9090909090909091, 0.9545454545454546, 1.0], "phrase_ix": [0, 0, 0, 0, 0, 0, 0, 0, 0, 0, 0, 0, 0, 0, 0, 0, 0, 0, 0], "phrase_end": [false, false, false, false, false, false, false, false, false, false, false, false, false, false, false, false, false, false, true], "songpos": [0.0, 0.045454545454545456, 0.09090909090909091, 0.13636363636363635, 0.18181818181818182, 0.2727272727272727, 0.36363636363636365, 0.4090909090909091, 0.45454545454545453, 0.5454545454545454, 0.5909090909090909, 0.6363636363636364, 0.6818181818181818, 0.7272727272727273, 0.8181818181818182, 0.8636363636363636, 0.9090909090909091, 0.9545454545454546, 1.0], "beatinsong": ["0", "1/2", "1", "3/2", "2", "3", "4", "9/2", "5", "6", "13/2", "7", "15/2", "8", "9", "19/2", "10", "21/2", "11"], "beatinphrase": ["0", "1/2", "1", "3/2", "2", "3", "4", "9/2", "5", "6", "13/2", "7", "15/2", "8", "9", "19/2", "10", "21/2", "11"], "beatinphrase_end": ["-9", "-17/2", "-8", "-15/2", "-7", "-6", "-5", "-9/2", "-4", "-3", "-5/2", "-2", "-3/2", "-1", "0", "1/2", "1", "3/2", "2"], "IOI_frac": ["1/2", "1/2", "1/2", "1/2", "1", "1", "1/2", "1/2", "1", "1/2", "1/2", "1/2", "1/2", "1", "1/2", "1/2", "1/2", "1/2", null], "IOI": [0.5, 0.5, 0.5, 0.5, 1.0, 1.0, 0.5, 0.5, 1.0, 0.5, 0.5, 0.5, 0.5, 1.0, 0.5, 0.5, 0.5, 0.5, null], "IOR_frac": [null, "1", "1", "1", "2", "1", "1/2", "1", "2", "1/2", "1", "1", "1", "2", "1/2", "1", "1", "1", null], "IOR": [null, 1.0, 1.0, 1.0, 2.0, 1.0, 0.5, 1.0, 2.0, 0.5, 1.0, 1.0, 1.0, 2.0, 0.5, 1.0, 1.0, 1.0, null], "imacontour": [null, "-", "+", "-", "+", "+", "-", "-", "+", "+", "-", "+", "-", "+", "+", "-", "+", "-", "+"], "pitch": ["G4", "B4", "B4", "C5", "D5", "E5", "D5", "C5", "F5", "D5", "E5", "E5", "C5", "D5", "E5", "D5", "C5", "B4", "C5"], "contour3": [null, "+", "=", "+", "+", "+", "-", "-", "+", "-", "+", "=", "-", "+", "+", "-", "-", "-", "+"], "contour5": [null, "++", "=", "+", "+", "+", "-", "-", "++", "--", "+", "=", "--", "+", "+", "-", "-", "-", "+"], "beatstrength": [1.0, 0.25, 0.5, 0.25, 0.5, 1.0, 0.5, 0.25, 0.5, 1.0, 0.25, 0.5, 0.25, 0.5, 1.0, 0.25, 0.5, 0.25, 0.5], "beat_str": ["1", "1", "2", "2", "3", "1", "2", "2", "3", "1", "1", "2", "2", "3", "1", "1", "2", "2", "3"], "beat_fraction_str": ["0", "1/2", "0", "1/2", "0", "0", "0", "1/2", "0", "0", "1/2", "0", "1/2", "0", "0", "1/2", "0", "1/2", "0"], "beat": [1.0, 1.5, 2.0, 2.5, 3.0, 1.0, 2.0, 2.5, 3.0, 1.0, 1.5, 2.0, 2.5, 3.0, 1.0, 1.5, 2.0, 2.5, 3.0], "timesignature": ["3/4", "3/4", "3/4", "3/4", "3/4", "3/4", "3/4", "3/4", "3/4", "3/4", "3/4", "3/4", "3/4", "3/4", "3/4", "3/4", "3/4", "3/4", "3/4"], "gpr2a_Frankland": [null, null, null, null, null, null, null, null, null, null, null, null, null, null, null, null, null, null, null], "gpr2b_Frankland": [null, null, null, null, null, null, null, null, 0.5, null, null, null, null, 0.5, null, null, null, null, null], "gpr3a_Frankland": [null, null, null, null, null, null, null, 0.5, null, null, null, 0.75, null, null, null, null, null, null, null], "gpr3d_Frankland": [null, 0.0, null, 0.5, null, 0.5, null, null, null, null, 0.0, null, null, null, null, 0.0, null, null, null], "gpr_Frankland_sum": [0, 0, 0, 0.5, 0, 0.5, 0, 0.5, 0.5, 0, 0, 0.75, 0, 0.5, 0, 0, 0, 0, 0], "lbdm_spitch": [null, 0.0, 0.14545454545454545, 0.1090909090909091, 0.0, 0.0, 0.18181818181818182, 0.7272727272727273, 0.2805194805194805, 0.35064935064935066, 0.0, 1.0, 0.13636363636363638, 0.0, 0.0, 0.1090909090909091, 0.05454545454545455, null, null], "lbdm_sioi": [null, 0.0, 0.0, 0.25, 0.5, 0.5, 0.25, 0.25, 1.0, 0.25, 0.0, 0.0, 0.25, 1.0, 0.25, 0.0, 0.0, null, null], "lbdm_srest": [null, 0.0, 0.0, 0.0, 0.0, 0.0, 0.0, 0.0, 0.0, 0.0, 0.0, 0.0, 0.0, 0.0, 0.0, 0.0, 0.0, null, null], "lbdm_rpitch": [null, 0.6666666666666666, 0.3333333333333333, 0.2, 0.0, 0.0, 0.0, 0.3333333333333333, 0.2, 0.14285714285714285, 0.5, 0.6666666666666666, 0.25, 0.0, 0.0, 0.0, 0.2, 0.0, null], "lbdm_rioi": [null, 0.0, 0.0, 0.0, 0.3333333333333333, 0.0, 0.3333333333333333, 0.0, 0.3333333333333333, 0.3333333333333333, 0.0, 0.0, 0.0, 0.3333333333333333, 0.3333333333333333, 0.0, 0.0, 0.0, null], "lbdm_rrest": [null, 0.0, 0.0, 0.0, 0.0, 0.0, 0.0, 0.0, 0.0, 0.0, 0.0, 0.0, 0.0, 0.0, 0.0, 0.0, 0.0, 0.0, null], "lbdm_boundarystrength": [null, 0.0, 0.03636363636363636, 0.15227272727272728, 0.25, 0.25, 0.17045454545454547, 0.3068181818181818, 0.5701298701298702, 0.21266233766233766, 0.0, 0.25, 0.1590909090909091, 0.5, 0.125, 0.027272727272727275, 0.013636363636363637, null, null]}}
