{"id": "KB42164000020", "tunefamily": "", "year": -1, "tunefamily_full": "", "type": "", "freemeter": false, "origin": "", "features": {"scaledegree": [1, 1, 3, 5, 4, 6, 6, 5, 1, 1, 3, 5, 4, 2, 2, 1], "scaledegreespecifier": ["P", "P", "M", "P", "P", "M", "M", "P", "P", "P", "M", "P", "P", "M", "M", "P"], "tonic": ["C", "C", "C", "C", "C", "C", "C", "C", "C", "C", "C", "C", "C", "C", "C", "C"], "mode": ["major", "major", "major", "major", "major", "major", "major", "major", "major", "major", "major", "major", "major", "major", "major", "major"], "metriccontour": [null, "-", "+", "=", "+", "-", "+", "=", "+", "-", "+", "=", "+", "-", "+", "="], "imaweight": [0.758824, 0.311765, 0.758824, 1.0, 0.758824, 0.358824, 0.758824, 1.0, 0.758824, 0.358824, 0.758824, 1.0, 0.758824, 0.311765, 0.758824, 1.0], "imaweight_spectral": [0.742105, 0.342105, 0.742105, 0.978947, 0.742105, 0.384211, 0.742105, 0.978947, 0.742105, 0.384211, 0.742105, 0.978947, 0.742105, 0.342105, 0.742105, 1.0], "pitch40_hewlett": [123, 123, 135, 146, 140, 152, 152, 146, 123, 123, 135, 146, 140, 129, 129, 123], "pitch40_sapp": [162, 162, 174, 185, 179, 191, 191, 185, 162, 162, 174, 185, 179, 168, 168, 162], "octave": [4, 4, 4, 4, 4, 4, 4, 4, 4, 4, 4, 4, 4, 4, 4, 4], "midipitch": [60, 60, 64, 67, 65, 69, 69, 67, 60, 60, 64, 67, 65, 62, 62, 60], "diatonicpitch": [28, 28, 30, 32, 31, 33, 33, 32, 28, 28, 30, 32, 31, 29, 29, 28], "diatonicinterval": [null, 0, 2, 2, -1, 2, 0, -1, -4, 0, 2, 2, -1, -2, 0, -1], "chromaticinterval": [null, 0, 4, 3, -2, 4, 0, -2, -7, 0, 4, 3, -2, -3, 0, -2], "pitchproximity": [null, null, 4, 3, 2, 4, 0, 2, 7, 0, 4, 3, 2, 3, 0, 2], "pitchreversal": [null, null, 0, 0, 1.5, 1.5, 0, 0, 0, 1, 0, 0, 1.5, 0, 0, 0], "nextisrest": [false, false, false, false, false, false, false, false, false, false, false, false, false, false, false, null], "restduration_frac": [null, null, null, null, null, null, null, null, null, null, null, null, null, null, null, null], "duration": [0.5, 0.5, 1.0, 1.0, 0.5, 0.5, 1.0, 1.0, 0.5, 0.5, 1.0, 1.0, 0.5, 0.5, 1.0, 1.0], "duration_frac": ["1/2", "1/2", "1", "1", "1/2", "1/2", "1", "1", "1/2", "1/2", "1", "1", "1/2", "1/2", "1", "1"], "duration_fullname": ["Eighth", "Eighth", "Quarter", "Quarter", "Eighth", "Eighth", "Quarter", "Quarter", "Eighth", "Eighth", "Quarter", "Quarter", "Eighth", "Eighth", "Quarter", "Quarter"], "durationcontour": [null, "=", "+", "=", "-", "=", "+", "=", "-", "=", "+", "=", "-", "=", "+", "="], "onsettick": [0, 1, 2, 4, 6, 7, 8, 10, 12, 13, 14, 16, 18, 19, 20, 22], "beatfraction": ["1/2", "1/2", "1", "1", "1/2", "1/2", "1", "1", "1/2", "1/2", "1", "1", "1/2", "1/2", "1", "1"], "phrasepos": [0.0, 0.045454545454545456, 0.09090909090909091, 0.18181818181818182, 0.2727272727272727, 0.3181818181818182, 0.36363636363636365, 0.45454545454545453, 0.5454545454545454, 0.5909090909090909, 0.6363636363636364, 0.7272727272727273, 0.8181818181818182, 0.8636363636363636, 0.9090909090909091, 1.0], "phrase_ix": [0, 0, 0, 0, 0, 0, 0, 0, 0, 0, 0, 0, 0, 0, 0, 0], "phrase_end": [false, false, false, false, false, false, false, false, false, false, false, false, false, false, false, true], "songpos": [0.0, 0.045454545454545456, 0.09090909090909091, 0.18181818181818182, 0.2727272727272727, 0.3181818181818182, 0.36363636363636365, 0.45454545454545453, 0.5454545454545454, 0.5909090909090909, 0.6363636363636364, 0.7272727272727273, 0.8181818181818182, 0.8636363636363636, 0.9090909090909091, 1.0], "beatinsong": ["0", "1/2", "1", "2", "3", "7/2", "4", "5", "6", "13/2", "7", "8", "9", "19/2", "10", "11"], "beatinphrase": ["0", "1/2", "1", "2", "3", "7/2", "4", "5", "6", "13/2", "7", "8", "9", "19/2", "10", "11"], "beatinphrase_end": ["-9", "-17/2", "-8", "-7", "-6", "-11/2", "-5", "-4", "-3", "-5/2", "-2", "-1", "0", "1/2", "1", "2"], "IOI_frac": ["1/2", "1/2", "1", "1", "1/2", "1/2", "1", "1", "1/2", "1/2", "1", "1", "1/2", "1/2", "1", null], "IOI": [0.5, 0.5, 1.0, 1.0, 0.5, 0.5, 1.0, 1.0, 0.5, 0.5, 1.0, 1.0, 0.5, 0.5, 1.0, null], "IOR_frac": [null, "1", "2", "1", "1/2", "1", "2", "1", "1/2", "1", "2", "1", "1/2", "1", "2", null], "IOR": [null, 1.0, 2.0, 1.0, 0.5, 1.0, 2.0, 1.0, 0.5, 1.0, 2.0, 1.0, 0.5, 1.0, 2.0, null], "imacontour": [null, "-", "+", "+", "-", "-", "+", "+", "-", "-", "+", "+", "-", "-", "+", "+"], "pitch": ["C4", "C4", "E4", "G4", "F4", "A4", "A4", "G4", "C4", "C4", "E4", "G4", "F4", "D4", "D4", "C4"], "contour3": [null, "=", "+", "+", "-", "+", "=", "-", "-", "=", "+", "+", "-", "-", "=", "-"], "contour5": [null, "=", "++", "++", "-", "++", "=", "-", "--", "=", "++", "++", "-", "--", "=", "-"], "beatstrength": [1.0, 0.25, 0.5, 0.5, 1.0, 0.25, 0.5, 0.5, 1.0, 0.25, 0.5, 0.5, 1.0, 0.25, 0.5, 0.5], "beat_str": ["1", "1", "2", "3", "1", "1", "2", "3", "1", "1", "2", "3", "1", "1", "2", "3"], "beat_fraction_str": ["0", "1/2", "0", "0", "0", "1/2", "0", "0", "0", "1/2", "0", "0", "0", "1/2", "0", "0"], "beat": [1.0, 1.5, 2.0, 3.0, 1.0, 1.5, 2.0, 3.0, 1.0, 1.5, 2.0, 3.0, 1.0, 1.5, 2.0, 3.0], "timesignature": ["3/4", "3/4", "3/4", "3/4", "3/4", "3/4", "3/4", "3/4", "3/4", "3/4", "3/4", "3/4", "3/4", "3/4", "3/4", "3/4"], "gpr2a_Frankland": [null, null, null, null, null, null, null, null, null, null, null, null, null, null, null, null], "gpr2b_Frankland": [null, null, null, null, null, null, null, null, null, null, null, null, null, null, null, null], "gpr3a_Frankland": [null, 0.625, null, null, 0.75, null, null, 0.8571428571428572, null, 0.625, null, null, 0.6666666666666667, null, null, null], "gpr3d_Frankland": [null, 0.5, null, 0.5, null, 0.5, null, 0.5, null, 0.5, null, 0.5, null, null, null, null], "gpr_Frankland_sum": [0, 1.125, 0, 0.5, 0.75, 0.5, 0, 1.3571428571428572, 0, 1.125, 0, 0.5, 0.6666666666666667, 0, 0, 0], "lbdm_spitch": [null, 0.360655737704918, 0.08832385413181666, 0.09108397457343594, 0.42505854800936765, 0.0, 0.22131147540983606, 1.0, 0.0, 0.360655737704918, 0.08832385413181666, 0.06624289059886249, 0.25834727333556373, 0.0, null, null], "lbdm_sioi": [null, 0.5, 1.0, 1.0, 0.5, 0.5, 1.0, 1.0, 0.5, 0.5, 1.0, 1.0, 0.5, 0.5, null, null], "lbdm_srest": [null, 0.0, 0.0, 0.0, 0.0, 0.0, 0.0, 0.0, 0.0, 0.0, 0.0, 0.0, 0.0, 0.0, null, null], "lbdm_rpitch": [null, 0.6666666666666666, 0.1111111111111111, 0.14285714285714285, 0.25, 0.6666666666666666, 0.5, 0.45454545454545453, 0.7777777777777778, 0.6666666666666666, 0.1111111111111111, 0.14285714285714285, 0.14285714285714285, 0.6, 0.5, null], "lbdm_rioi": [null, 0.0, 0.3333333333333333, 0.0, 0.3333333333333333, 0.0, 0.3333333333333333, 0.0, 0.3333333333333333, 0.0, 0.3333333333333333, 0.0, 0.3333333333333333, 0.0, 0.3333333333333333, null], "lbdm_rrest": [null, 0.0, 0.0, 0.0, 0.0, 0.0, 0.0, 0.0, 0.0, 0.0, 0.0, 0.0, 0.0, 0.0, 0.0, null], "lbdm_boundarystrength": [null, 0.3401639344262295, 0.5220809635329542, 0.522770993643359, 0.3562646370023419, 0.25, 0.555327868852459, 0.75, 0.25, 0.3401639344262295, 0.5220809635329542, 0.5165607226497156, 0.3145868183338909, 0.25, null, null]}}
