{"id": "KB42149000000", "tunefamily": "", "year": -1, "tunefamily_full": "", "type": "", "freemeter": false, "origin": "", "features": {"scaledegree": [5, 3, 5, 5, 4, 2, 2, 3, 4, 5, 1, 3, 4, 2, 1, 3, 5, 6, 7, 1, 5], "scaledegreespecifier": ["P", "M", "P", "P", "P", "M", "M", "M", "A", "P", "P", "M", "P", "M", "P", "M", "P", "M", "M", "P", "P"], "tonic": ["A", "A", "A", "A", "A", "A", "A", "A", "A", "A", "A", "A", "A", "A", "A", "A", "A", "A", "A", "A", "A"], "mode": ["major", "major", "major", "major", "major", "major", "major", "major", "major", "major", "major", "major", "major", "major", "major", "major", "major", "major", "major", "major", "major"], "metriccontour": [null, "-", "-", "+", "-", "+", "+", "-", "-", "+", "-", "+", "-", "-", "+", "-", "+", "-", "-", "+", "-"], "imaweight": [0.908046, 1.0, 0.111111, 0.938697, 0.187739, 0.954023, 0.938697, 0.908046, 0.172414, 0.911877, 0.938697, 0.908046, 0.89272, 0.145594, 0.89272, 0.89272, 0.89272, 0.911877, 0.0804598, 0.89272, 0.89272], "imaweight_spectral": [0.953901, 0.968085, 0.159574, 0.939716, 0.216312, 0.939716, 0.968085, 0.939716, 0.244681, 0.957447, 0.968085, 0.939716, 0.939716, 0.219858, 0.98227, 0.925532, 0.939716, 1.0, 0.173759, 0.925532, 0.953901], "pitch40_hewlett": [175, 164, 175, 175, 169, 158, 158, 164, 170, 175, 152, 164, 169, 158, 152, 164, 135, 141, 147, 152, 135], "pitch40_sapp": [214, 203, 214, 214, 208, 197, 197, 203, 209, 214, 191, 203, 208, 197, 191, 203, 174, 180, 186, 191, 174], "octave": [5, 5, 5, 5, 5, 4, 4, 5, 5, 5, 4, 5, 5, 4, 4, 5, 4, 4, 4, 4, 4], "midipitch": [76, 73, 76, 76, 74, 71, 71, 73, 75, 76, 69, 73, 74, 71, 69, 73, 64, 66, 68, 69, 64], "diatonicpitch": [32, 30, 32, 32, 31, 29, 29, 30, 31, 32, 28, 30, 31, 29, 28, 30, 25, 26, 27, 28, 25], "diatonicinterval": [null, -2, 2, 0, -1, -2, 0, 1, 1, 1, -4, 2, 1, -2, -1, 2, -5, 1, 1, 1, -3], "chromaticinterval": [null, -3, 3, 0, -2, -3, 0, 2, 2, 1, -7, 4, 1, -3, -2, 4, -9, 2, 2, 1, -5], "pitchproximity": [null, null, 3, 0, 2, 3, 0, 2, 2, 1, 7, 4, 1, 3, 2, 4, 9, 2, 2, 1, 5], "pitchreversal": [null, null, 1.5, 0, 0, 0, 0, 0, 0, 0, 0, 1, 0, 1.5, 0, 1.5, 0, 1, 0, 0, 0], "nextisrest": [false, false, false, false, false, false, false, false, false, false, false, false, false, false, false, false, false, false, false, false, null], "restduration_frac": [null, null, null, null, null, null, null, null, null, null, null, null, null, null, null, null, null, null, null, null, null], "duration": [1.0, 0.5, 0.5, 0.5, 0.5, 1.0, 1.0, 0.5, 0.5, 1.0, 1.0, 1.0, 0.5, 0.5, 1.0, 1.0, 1.0, 0.5, 0.5, 1.0, 1.0], "duration_frac": ["1", "1/2", "1/2", "1/2", "1/2", "1", "1", "1/2", "1/2", "1", "1", "1", "1/2", "1/2", "1", "1", "1", "1/2", "1/2", "1", "1"], "duration_fullname": ["Quarter", "Eighth", "Eighth", "Eighth", "Eighth", "Quarter", "Quarter", "Eighth", "Eighth", "Quarter", "Quarter", "Quarter", "Eighth", "Eighth", "Quarter", "Quarter", "Quarter", "Eighth", "Eighth", "Quarter", "Quarter"], "durationcontour": [null, "-", "=", "=", "=", "+", "=", "-", "=", "+", "=", "=", "-", "=", "+", "=", "=", "-", "=", "+", "="], "onsettick": [0, 2, 3, 4, 5, 6, 8, 10, 11, 12, 14, 16, 18, 19, 20, 22, 24, 26, 27, 28, 30], "beatfraction": ["1", "1/2", "1/2", "1/2", "1/2", "1", "1", "1/2", "1/2", "1", "1", "1", "1/2", "1/2", "1", "1", "1", "1/2", "1/2", "1", "1"], "phrasepos": [0.0, 0.14285714285714285, 0.21428571428571427, 0.2857142857142857, 0.35714285714285715, 0.42857142857142855, 0.5714285714285714, 0.7142857142857143, 0.7857142857142857, 0.8571428571428571, 1.0, 0.0, 0.14285714285714285, 0.21428571428571427, 0.2857142857142857, 0.42857142857142855, 0.5714285714285714, 0.7142857142857143, 0.7857142857142857, 0.8571428571428571, 1.0], "phrase_ix": [0, 0, 0, 0, 0, 0, 0, 0, 0, 0, 0, 1, 1, 1, 1, 1, 1, 1, 1, 1, 1], "phrase_end": [false, false, false, false, false, false, false, false, false, false, true, false, false, false, false, false, false, false, false, false, true], "songpos": [0.0, 0.06666666666666667, 0.1, 0.13333333333333333, 0.16666666666666666, 0.2, 0.26666666666666666, 0.3333333333333333, 0.36666666666666664, 0.4, 0.4666666666666667, 0.5333333333333333, 0.6, 0.6333333333333333, 0.6666666666666666, 0.7333333333333333, 0.8, 0.8666666666666667, 0.9, 0.9333333333333333, 1.0], "beatinsong": ["0", "1", "3/2", "2", "5/2", "3", "4", "5", "11/2", "6", "7", "8", "9", "19/2", "10", "11", "12", "13", "27/2", "14", "15"], "beatinphrase": ["0", "1", "3/2", "2", "5/2", "3", "4", "5", "11/2", "6", "7", "0", "1", "3/2", "2", "3", "4", "5", "11/2", "6", "7"], "beatinphrase_end": ["-6", "-5", "-9/2", "-4", "-7/2", "-3", "-2", "-1", "-1/2", "0", "1", "-6", "-5", "-9/2", "-4", "-3", "-2", "-1", "-1/2", "0", "1"], "IOI_frac": ["1", "1/2", "1/2", "1/2", "1/2", "1", "1", "1/2", "1/2", "1", "1", "1", "1/2", "1/2", "1", "1", "1", "1/2", "1/2", "1", null], "IOI": [1.0, 0.5, 0.5, 0.5, 0.5, 1.0, 1.0, 0.5, 0.5, 1.0, 1.0, 1.0, 0.5, 0.5, 1.0, 1.0, 1.0, 0.5, 0.5, 1.0, null], "IOR_frac": [null, "1/2", "1", "1", "1", "2", "1", "1/2", "1", "2", "1", "1", "1/2", "1", "2", "1", "1", "1/2", "1", "2", null], "IOR": [null, 0.5, 1.0, 1.0, 1.0, 2.0, 1.0, 0.5, 1.0, 2.0, 1.0, 1.0, 0.5, 1.0, 2.0, 1.0, 1.0, 0.5, 1.0, 2.0, null], "imacontour": [null, "+", "-", "+", "-", "+", "-", "-", "-", "+", "+", "-", "-", "-", "+", "=", "=", "+", "-", "+", "="], "pitch": ["E5", "C#5", "E5", "E5", "D5", "B4", "B4", "C#5", "D#5", "E5", "A4", "C#5", "D5", "B4", "A4", "C#5", "E4", "F#4", "G#4", "A4", "E4"], "contour3": [null, "-", "+", "=", "-", "-", "=", "+", "+", "+", "-", "+", "+", "-", "-", "+", "-", "+", "+", "+", "-"], "contour5": [null, "--", "++", "=", "-", "--", "=", "+", "+", "+", "--", "++", "+", "--", "-", "++", "--", "+", "+", "+", "--"], "beatstrength": [1.0, 0.5, 0.25, 1.0, 0.25, 0.5, 1.0, 0.5, 0.25, 1.0, 0.5, 1.0, 0.5, 0.25, 1.0, 0.5, 1.0, 0.5, 0.25, 1.0, 0.5], "beat_str": ["1", "2", "2", "1", "1", "2", "1", "2", "2", "1", "2", "1", "2", "2", "1", "2", "1", "2", "2", "1", "2"], "beat_fraction_str": ["0", "0", "1/2", "0", "1/2", "0", "0", "0", "1/2", "0", "0", "0", "0", "1/2", "0", "0", "0", "0", "1/2", "0", "0"], "beat": [1.0, 2.0, 2.5, 1.0, 1.5, 2.0, 1.0, 2.0, 2.5, 1.0, 2.0, 1.0, 2.0, 2.5, 1.0, 2.0, 1.0, 2.0, 2.5, 1.0, 2.0], "timesignature": ["2/4", "2/4", "2/4", "2/4", "2/4", "2/4", "2/4", "2/4", "2/4", "2/4", "2/4", "2/4", "2/4", "2/4", "2/4", "2/4", "2/4", "2/4", "2/4", "2/4", "2/4"], "gpr2a_Frankland": [null, null, null, null, null, null, null, null, null, null, null, null, null, null, null, null, null, null, null, null, null], "gpr2b_Frankland": [null, null, null, null, null, null, null, null, null, null, null, null, null, null, null, null, null, null, null, null, null], "gpr3a_Frankland": [null, null, null, null, 0.6666666666666667, null, null, null, null, 0.6428571428571428, null, null, 0.5, null, null, 0.6666666666666667, null, null, null, null, null], "gpr3d_Frankland": [null, null, 0.0, null, 0.5, null, 0.5, null, 0.5, null, null, 0.5, null, 0.5, null, null, 0.5, null, null, null, null], "gpr_Frankland_sum": [0, 0, 0, 0, 1.1666666666666667, 0, 0.5, 0, 0.5, 0.6428571428571428, 0, 0.5, 0.5, 0.5, 0, 0.6666666666666667, 0.5, 0, 0, 0, 0], "lbdm_spitch": [null, 0.22941176470588232, 0.0, 0.16386554621848737, 0.28403361344537814, 0.0, 0.12745098039215685, 0.050980392156862744, 0.10196078431372549, 0.7411764705882352, 0.3361344537815126, 0.09710550887021474, 0.18207282913165262, 0.10014005602240895, 0.2973856209150326, 1.0, 0.1372549019607843, 0.050980392156862744, 0.08921568627450979, null, null], "lbdm_sioi": [null, 0.5, 0.0, 0.0, 0.5, 1.0, 1.0, 0.5, 0.5, 1.0, 0.0, 1.0, 0.5, 0.5, 1.0, 0.0, 1.0, 0.5, 0.5, null, null], "lbdm_srest": [null, 0.0, 0.0, 0.0, 0.0, 0.0, 0.0, 0.0, 0.0, 0.0, 0.0, 0.0, 0.0, 0.0, 0.0, 0.0, 0.0, 0.0, 0.0, null, null], "lbdm_rpitch": [null, 0.0, 0.6, 0.5, 0.14285714285714285, 0.6, 0.5, 0.0, 0.2, 0.6, 0.23076923076923078, 0.42857142857142855, 0.3333333333333333, 0.14285714285714285, 0.25, 0.3333333333333333, 0.5384615384615384, 0.0, 0.2, 0.5, null],