{"id": "KB42141200001", "tunefamily": "", "year": -1, "tunefamily_full": "", "type": "", "freemeter": false, "origin": "", "features": {"scaledegree": [1, 7, 1, 3, 5, 3, 2, 7, 1, 7, 1, 2, 3, 2, 7, 5], "scaledegreespecifier": ["P", "M", "P", "m", "P", "m", "M", "M", "P", "M", "P", "M", "m", "M", "M", "P"], "tonic": ["A", "A", "A", "A", "A", "A", "A", "A", "A", "A", "A", "A", "A", "A", "A", "A"], "mode": ["minor", "minor", "minor", "minor", "minor", "minor", "minor", "minor", "minor", "minor", "minor", "minor", "minor", "minor", "minor", "minor"], "metriccontour": [null, "-", "+", "-", "+", "-", "+", "-", "+", "-", "+", "-", "+", "-", "+", "-"], "imaweight": [1.0, 0.177305, 0.971631, 0.205674, 1.0, 0.914894, 0.985816, 0.914894, 1.0, 0.262411, 0.971631, 0.234043, 1.0, 0.950355, 0.914894, 0.950355], "imaweight_spectral": [0.964912, 0.263158, 0.894737, 0.28655, 0.94152, 0.964912, 1.0, 0.94152, 0.94152, 0.309942, 0.894737, 0.309942, 0.918129, 0.994152, 0.94152, 0.994152], "pitch40_hewlett": [152, 147, 152, 163, 175, 163, 158, 147, 152, 147, 152, 158, 163, 158, 147, 135], "pitch40_sapp": [191, 186, 191, 202, 214, 202, 197, 186, 191, 186, 191, 197, 202, 197, 186, 174], "octave": [4, 4, 4, 5, 5, 5, 4, 4, 4, 4, 4, 4, 5, 4, 4, 4], "midipitch": [69, 68, 69, 72, 76, 72, 71, 68, 69, 68, 69, 71, 72, 71, 68, 64], "diatonicpitch": [28, 27, 28, 30, 32, 30, 29, 27, 28, 27, 28, 29, 30, 29, 27, 25], "diatonicinterval": [null, -1, 1, 2, 2, -2, -1, -2, 1, -1, 1, 1, 1, -1, -2, -2], "chromaticinterval": [null, -1, 1, 3, 4, -4, -1, -3, 1, -1, 1, 2, 1, -1, -3, -4], "pitchproximity": [null, null, 1, 3, 4, 4, 1, 3, 1, 1, 1, 2, 1, 1, 3, 4], "pitchreversal": [null, null, 1.5, 0, 0, 1.5, 0, 0, 1.5, 1.5, 1.5, 0, 0, 1.5, 0, 0], "nextisrest": [false, false, false, false, false, false, false, false, false, false, false, false, false, false, false, null], "restduration_frac": [null, null, null, null, null, null, null, null, null, null, null, null, null, null, null, null], "duration": [0.5, 0.5, 0.5, 0.5, 1.0, 1.0, 1.0, 1.0, 0.5, 0.5, 0.5, 0.5, 1.0, 1.0, 1.0, 1.0], "duration_frac": ["1/2", "1/2", "1/2", "1/2", "1", "1", "1", "1", "1/2", "1/2", "1/2", "1/2", "1", "1", "1", "1"], "duration_fullname": ["Eighth", "Eighth", "Eighth", "Eighth", "Quarter", "Quarter", "Quarter", "Quarter", "Eighth", "Eighth", "Eighth", "Eighth", "Quarter", "Quarter", "Quarter", "Quarter"], "durationcontour": [null, "=", "=", "=", "+", "=", "=", "=", "-", "=", "=", "=", "+", "=", "=", "="], "onsettick": [0, 1, 2, 3, 4, 6, 8, 10, 12, 13, 14, 15, 16, 18, 20, 22], "beatfraction": ["1/2", "1/2", "1/2", "1/2", "1", "1", "1", "1", "1/2", "1/2", "1/2", "1/2", "1", "1", "1", "1"], "phrasepos": [0.0, 0.045454545454545456, 0.09090909090909091, 0.13636363636363635, 0.18181818181818182, 0.2727272727272727, 0.36363636363636365, 0.45454545454545453, 0.5454545454545454, 0.5909090909090909, 0.6363636363636364, 0.6818181818181818, 0.7272727272727273, 0.8181818181818182, 0.9090909090909091, 1.0], "phrase_ix": [0, 0, 0, 0, 0, 0, 0, 0, 0, 0, 0, 0, 0, 0, 0, 0], "phrase_end": [false, false, false, false, false, false, false, false, false, false, false, false, false, false, false, true], "songpos": [0.0, 0.045454545454545456, 0.09090909090909091, 0.13636363636363635, 0.18181818181818182, 0.2727272727272727, 0.36363636363636365, 0.45454545454545453, 0.5454545454545454, 0.5909090909090909, 0.6363636363636364, 0.6818181818181818, 0.7272727272727273, 0.8181818181818182, 0.9090909090909091, 1.0], "beatinsong": ["0", "1/2", "1", "3/2", "2", "3", "4", "5", "6", "13/2", "7", "15/2", "8", "9", "10", "11"], "beatinphrase": ["0", "1/2", "1", "3/2", "2", "3", "4", "5", "6", "13/2", "7", "15/2", "8", "9", "10", "11"], "beatinphrase_end": ["-10", "-19/2", "-9", "-17/2", "-8", "-7", "-6", "-5", "-4", "-7/2", "-3", "-5/2", "-2", "-1", "0", "1"], "IOI_frac": ["1/2", "1/2", "1/2", "1/2", "1", "1", "1", "1", "1/2", "1/2", "1/2", "1/2", "1", "1", "1", null], "IOI": [0.5, 0.5, 0.5, 0.5, 1.0, 1.0, 1.0, 1.0, 0.5, 0.5, 0.5, 0.5, 1.0, 1.0, 1.0, null], "IOR_frac": [null, "1", "1", "1", "2", "1", "1", "1", "1/2", "1", "1", "1", "2", "1", "1", null], "IOR": [null, 1.0, 1.0, 1.0, 2.0, 1.0, 1.0, 1.0, 0.5, 1.0, 1.0, 1.0, 2.0, 1.0, 1.0, null], "imacontour": [null, "-", "+", "-", "+", "-", "+", "-", "+", "-", "+", "-", "+", "-", "-", "+"], "pitch": ["A4", "G#4", "A4", "C5", "E5", "C5", "B4", "G#4", "A4", "G#4", "A4", "B4", "C5", "B4", "G#4", "E4"], "contour3": [null, "-", "+", "+", "+", "-", "-", "-", "+", "-", "+", "+", "+", "-", "-", "-"], "contour5": [null, "-", "+", "++", "++", "--", "-", "--", "+", "-", "+", "+", "+", "-", "--", "--"], "beatstrength": [1.0, 0.25, 0.5, 0.25, 1.0, 0.5, 1.0, 0.5, 1.0, 0.25, 0.5, 0.25, 1.0, 0.5, 1.0, 0.5], "beat_str": ["1", "1", "2", "2", "1", "2", "1", "2", "1", "1", "2", "2", "1", "2", "1", "2"], "beat_fraction_str": ["0", "1/2", "0", "1/2", "0", "0", "0", "0", "0", "1/2", "0", "1/2", "0", "0", "0", "0"], "beat": [1.0, 1.5, 2.0, 2.5, 1.0, 2.0, 1.0, 2.0, 1.0, 1.5, 2.0, 2.5, 1.0, 2.0, 1.0, 2.0], "timesignature": ["2/4", "2/4", "2/4", "2/4", "2/4", "2/4", "2/4", "2/4", "2/4", "2/4", "2/4", "2/4", "2/4", "2/4", "2/4", "2/4"], "gpr2a_Frankland": [null, null, null, null, null, null, null, null, null, null, null, null, null, null, null, null], "gpr2b_Frankland": [null, null, null, null, null, null, null, null, null, null, null, null, null, null, null, null], "gpr3a_Frankland": [null, null, null, null, null, null, 0.6666666666666667, null, null, null, 0.5, null, null, null, null, null], "gpr3d_Frankland": [null, 0.0, null, 0.5, null, 0.0, null, 0.5, null, 0.0, null, 0.5, null, null, null, null], "gpr_Frankland_sum": [0, 0, 0, 0.5, 0, 0, 0.6666666666666667, 0.5, 0, 0, 0.5, 0.5, 0, 0, 0, 0], "lbdm_spitch": [null, 0.16666666666666666, 0.6666666666666666, 0.2222222222222222, 0.8571428571428571, 0.38095238095238093, 1.0, 0.16666666666666666, 0.0, 0.1, 0.4, 0.1, 0.16666666666666666, 0.6666666666666666, null, null], "lbdm_sioi": [null, 0.0, 0.0, 0.5, 1.0, 0.0, 0.0, 1.0, 0.5, 0.0, 0.0, 0.5, 1.0, 0.0, null, null], "lbdm_srest": [null, 0.0, 0.0, 0.0, 0.0, 0.0, 0.0, 0.0, 0.0, 0.0, 0.0, 0.0, 0.0, 0.0, null, null], "lbdm_rpitch": [null, 0.0, 0.3333333333333333, 0.1111111111111111, 0.0, 0.42857142857142855, 0.3333333333333333, 0.3333333333333333, 0.0, 0.0, 0.2, 0.2, 0.0, 0.3333333333333333, 0.1111111111111111, null], "lbdm_rioi": [null, 0.0, 0.0, 0.0, 0.3333333333333333, 0.0, 0.0, 0.0, 0.3333333333333333, 0.0, 0.0, 0.0, 0.3333333333333333, 0.0, 0.0, null], "lbdm_rrest": [null, 0.0, 0.0, 0.0, 0.0, 0.0, 0.0, 0.0, 0.0, 0.0, 0.0, 0.0, 0.0, 0.0, 0.0, null], "lbdm_boundarystrength": [null, 0.041666666666666664, 0.16666666666666666, 0.3055555555555556, 0.7142857142857143, 0.09523809523809523, 0.25, 0.5416666666666666, 0.25, 0.025, 0.1, 0.275, 0.5416666666666666, 0.16666666666666666, null, null]}}
