{"id": "KB42175500010", "tunefamily": "", "year": -1, "tunefamily_full": "", "type": "", "freemeter": false, "origin": "", "features": {"scaledegree": [5, 6, 7, 1, 5, 3, 4, 4, 3, 5, 5, 6, 7, 1, 5, 3, 4, 4, 3, 1], "scaledegreespecifier": ["P", "M", "M", "P", "P", "M", "P", "P", "M", "P", "P", "M", "M", "P", "P", "M", "P", "P", "M", "P"], "tonic": ["F", "F", "F", "F", "F", "F", "F", "F", "F", "F", "F", "F", "F", "F", "F", "F", "F", "F", "F", "F"], "mode": ["major", "major", "major", "major", "major", "major", "major", "major", "major", "major", "major", "major", "major", "major", "major", "major", "major", "major", "major", "major"], "metriccontour": [null, "-", "=", "+", "=", "-", "+", "-", "+", "=", "+", "-", "=", "+", "=", "-", "+", "-", "+", "="], "imaweight": [0.92, 0.0866667, 0.0866667, 1.0, 0.94, 0.186667, 0.913333, 0.32, 0.94, 0.86, 1.0, 0.0866667, 0.0866667, 0.92, 0.94, 0.24, 0.913333, 0.16, 0.94, 0.94], "imaweight_spectral": [0.917949, 0.112821, 0.112821, 1.0, 0.917949, 0.246154, 0.876923, 0.348718, 0.917949, 0.938462, 0.979487, 0.112821, 0.112821, 0.938462, 0.917949, 0.287179, 0.876923, 0.225641, 0.938462, 1.0], "pitch40_hewlett": [163, 169, 175, 180, 163, 152, 157, 157, 152, 163, 163, 169, 175, 180, 163, 152, 157, 157, 152, 140], "pitch40_sapp": [202, 208, 214, 219, 202, 191, 196, 196, 191, 202, 202, 208, 214, 219, 202, 191, 196, 196, 191, 179], "octave": [5, 5, 5, 5, 5, 4, 4, 4, 4, 5, 5, 5, 5, 5, 5, 4, 4, 4, 4, 4], "midipitch": [72, 74, 76, 77, 72, 69, 70, 70, 69, 72, 72, 74, 76, 77, 72, 69, 70, 70, 69, 65], "diatonicpitch": [32, 33, 34, 35, 32, 30, 31, 31, 30, 32, 32, 33, 34, 35, 32, 30, 31, 31, 30, 28], "diatonicinterval": [null, 1, 1, 1, -3, -2, 1, 0, -1, 2, 0, 1, 1, 1, -3, -2, 1, 0, -1, -2], "chromaticinterval": [null, 2, 2, 1, -5, -3, 1, 0, -1, 3, 0, 2, 2, 1, -5, -3, 1, 0, -1, -4], "pitchproximity": [null, null, 2, 1, 5, 3, 1, 0, 1, 3, 0, 2, 2, 1, 5, 3, 1, 0, 1, 4], "pitchreversal": [null, null, 0, 0, 0, 0, 1.5, 0, 0, 1.5, 0, 0, 0, 0, 0, 0, 1.5, 0, 0, 0], "nextisrest": [false, false, false, false, false, false, false, false, false, false, false, false, false, false, false, false, false, false, false, null], "restduration_frac": [null, null, null, null, null, null, null, null, null, null, null, null, null, null, null, null, null, null, null, null], "duration": [0.3333333333333333, 0.3333333333333333, 0.3333333333333333, 1.0, 0.5, 0.5, 0.5, 0.5, 1.0, 1.0, 0.3333333333333333, 0.3333333333333333, 0.3333333333333333, 1.0, 0.5, 0.5, 0.5, 0.5, 1.0, 1.0], "duration_frac": ["1/3", "1/3", "1/3", "1", "1/2", "1/2", "1/2", "1/2", "1", "1", "1/3", "1/3", "1/3", "1", "1/2", "1/2", "1/2", "1/2", "1", "1"], "duration_fullname": ["Eighth Triplet (1/3 QL)", "Eighth Triplet (1/3 QL)", "Eighth Triplet (1/3 QL)", "Quarter", "Eighth", "Eighth", "Eighth", "Eighth", "Quarter", "Quarter", "Eighth Triplet (1/3 QL)", "Eighth Triplet (1/3 QL)", "Eighth Triplet (1/3 QL)", "Quarter", "Eighth", "Eighth", "Eighth", "Eighth", "Quarter", "Quarter"], "durationcontour": [null, "=", "=", "+", "-", "=", "=", "=", "+", "=", "-", "=", "=", "+", "-", "=", "=", "=", "+", "="], "onsettick": [0, 2, 4, 6, 12, 15, 18, 21, 24, 30, 36, 38, 40, 42, 48, 51, 54, 57, 60, 66], "beatfraction": ["1/3", "1/3", "1/3", "1", "1/2", "1/2", "1/2", "1/2", "1", "1", "1/3", "1/3", "1/3", "1", "1/2", "1/2", "1/2", "1/2", "1", "1"], "phrasepos": [0.0, 0.030303030303030304, 0.06060606060606061, 0.09090909090909091, 0.18181818181818182, 0.22727272727272727, 0.2727272727272727, 0.3181818181818182, 0.36363636363636365, 0.45454545454545453, 0.5454545454545454, 0.5757575757575758, 0.6060606060606061, 0.6363636363636364, 0.7272727272727273, 0.7727272727272727, 0.8181818181818182, 0.8636363636363636, 0.9090909090909091, 1.0], "phrase_ix": [0, 0, 0, 0, 0, 0, 0, 0, 0, 0, 0, 0, 0, 0, 0, 0, 0, 0, 0, 0], "phrase_end": [false, false, false, false, false, false, false, false, false, false, false, false, false, false, false, false, false, false, false, true], "songpos": [0.0, 0.030303030303030304, 0.06060606060606061, 0.09090909090909091, 0.18181818181818182, 0.22727272727272727, 0.2727272727272727, 0.3181818181818182, 0.36363636363636365, 0.45454545454545453, 0.5454545454545454, 0.5757575757575758, 0.6060606060606061, 0.6363636363636364, 0.7272727272727273, 0.7727272727272727, 0.8181818181818182, 0.8636363636363636, 0.9090909090909091, 1.0], "beatinsong": ["0", "1/3", "2/3", "1", "2", "5/2", "3", "7/2", "4", "5", "6", "19/3", "20/3", "7", "8", "17/2", "9", "19/2", "10", "11"], "beatinphrase": ["0", "1/3", "2/3", "1", "2", "5/2", "3", "7/2", "4", "5", "6", "19/3", "20/3", "7", "8", "17/2", "9", "19/2", "10", "11"], "beatinphrase_end": ["-9", "-26/3", "-25/3", "-8", "-7", "-13/2", "-6", "-11/2", "-5", "-4", "-3", "-8/3", "-7/3", "-2", "-1", "-1/2", "0", "1/2", "1", "2"], "IOI_frac": ["1/3", "1/3", "1/3", "1", "1/2", "1/2", "1/2", "1/2", "1", "1", "1/3", "1/3", "1/3", "1", "1/2", "1/2", "1/2", "1/2", "1", null], "IOI": [0.3333333333333333, 0.3333333333333333, 0.3333333333333333, 1.0, 0.5, 0.5, 0.5, 0.5, 1.0, 1.0, 0.3333333333333333, 0.3333333333333333, 0.3333333333333333, 1.0, 0.5, 0.5, 0.5, 0.5, 1.0, null], "IOR_frac": [null, "1", "1", "3", "1/2", "1", "1", "1", "2", "1", "1/3", "1", "1", "3", "1/2", "1", "1", "1", "2", null], "IOR": [null, 1.0, 1.0, 3.0, 0.5, 1.0, 1.0, 1.0, 2.0, 1.0, 0.3333333333333333, 1.0, 1.0, 3.0, 0.5, 1.0, 1.0, 1.0, 2.0, null], "imacontour": [null, "-", "=", "+", "-", "-", "+", "-", "+", "-", "+", "-", "=", "+", "+", "-", "+", "-", "+", "="], "pitch": ["C5", "D5", "E5", "F5", "C5", "A4", "B-4", "B-4", "A4", "C5", "C5", "D5", "E5", "F5", "C5", "A4", "B-4", "B-4", "A4", "F4"], "contour3": [null, "+", "+", "+", "-", "-", "+", "=", "-", "+", "=", "+", "+", "+", "-", "-", "+", "=", "-", "-"], "contour5": [null, "+", "+", "+", "--", "--", "+", "=", "-", "++", "=", "+", "+", "+", "--", "--", "+", "=", "-", "--"], "beatstrength": [1.0, 0.0625, 0.0625, 0.5, 0.5, 0.25, 1.0, 0.25, 0.5, 0.5, 1.0, 0.0625, 0.0625, 0.5, 0.5, 0.25, 1.0, 0.25, 0.5, 0.5], "beat_str": ["1", "1", "1", "2", "3", "3", "1", "1", "2", "3", "1", "1", "1", "2", "3", "3", "1", "1", "2", "3"], "beat_fraction_str": ["0", "1/3", "2/3", "0", "0", "1/2", "0", "1/2", "0", "0", "0", "1/3", "2/3", "0", "0", "1/2", "0", "1/2", "0", "0"], "beat": [1.0, 1.3333333333333333, 1.6666666666666667, 2.0, 3.0, 3.5, 1.0, 1.5, 2.0, 3.0, 1.0, 1.3333333333333333, 1.6666666666666667, 2.0, 3.0, 3.5, 1.0, 1.5, 2.0, 3.0], "timesignature": ["3/4", "3/4", "3/4", "3/4", "3/4", "3/4", "3/4", "3/4", "3/4", "3/4", "3/4", "3/4", "3/4", "3/4", "3/4", "3/4", "3/4", "3/4", "3/4", "3/4"], "gpr2a_Frankland": [null, null, null, null, null, null, null, null, null, null, null, null, null, null, null, null, null, null, null, null], "gpr2b_Frankland": [null, null, null, 0.5833333333333334, null, null, null, null, null, null, null, null, null, 0.5833333333333334, null, null, null, null, null, null], "gpr3a_Frankland": [null, null, null, 0.6, null, null, null, null, 0.8333333333333334, null, null, null, null, 0.6, null, null, null, null, null, null], "gpr3d_Frankland": [null, null, null, null, null, 0.0, null, 0.5, null, 0.6666666666666667, null, null, null, null, null, 0.0, null, null, null, null], "gpr_Frankland_sum": [0, 0, 0, 1.1833333333333333, 0, 0, 0, 0.5, 0.8333333333333334, 0.6666666666666667, 0, 0, 0, 1.1833333333333333, 0, 0, 0, 0, 0, 0], "lbdm_spitch": [null, 0.1142857142857143, 0.19999999999999998, 1.0, 0.4571428571428572, 0.19047619047619047, 0.0, 0.19047619047619047, 0.7999999999999999, 0.0, 0.2857142857142857, 0.1142857142857143, 0.19999999999999998, 1.0, 0.4571428571428572, 0.19047619047619047, 0.0, 0.21768707482993196, null, null], "lbdm_sioi": [null, 0.0, 0.19999999999999998, 1.0, 0.19999999999999996, 0.0, 0.0, 0.19999999999999996, 0.3999999999999999, 0.6, 0.19999999999999998, 0.0, 0.19999999999999998, 1.0, 0.19999999999999996, 0.0, 0.0, 0.19999999999999996, null, null],