{"id": "KB42174500020", "tunefamily": "", "year": -1, "tunefamily_full": "", "type": "", "freemeter": false, "origin": "", "features": {"scaledegree": [3, 4, 3, 1, 3, 5, 6, 4, 3, 2, 4, 3, 1, 3, 5, 6, 4, 3, 2, 1], "scaledegreespecifier": ["M", "P", "M", "P", "M", "P", "M", "P", "M", "M", "P", "M", "P", "M", "P", "M", "P", "M", "M", "P"], "tonic": ["F", "F", "F", "F", "F", "F", "F", "F", "F", "F", "F", "F", "F", "F", "F", "F", "F", "F", "F", "F"], "mode": ["major", "major", "major", "major", "major", "major", "major", "major", "major", "major", "major", "major", "major", "major", "major", "major", "major", "major", "major", "major"], "metriccontour": [null, "-", "=", "+", "=", "-", "+", "-", "-", "+", "=", "+", "-", "=", "-", "+", "-", "-", "+", "="], "imaweight": [0.92, 0.06, 0.06, 1.0, 0.94, 0.213333, 0.913333, 0.293333, 0.0533333, 0.966667, 0.886667, 0.94, 0.86, 0.94, 0.266667, 0.913333, 0.186667, 0.0533333, 0.966667, 0.966667], "imaweight_spectral": [0.919192, 0.0454545, 0.0454545, 1.0, 0.89899, 0.30303, 0.858586, 0.363636, 0.0606061, 0.89899, 0.939394, 0.979798, 0.919192, 0.89899, 0.343434, 0.858586, 0.262626, 0.0606061, 0.939394, 1.0], "pitch40_hewlett": [152, 157, 152, 140, 152, 163, 169, 157, 152, 146, 157, 152, 140, 152, 163, 169, 157, 152, 146, 140], "pitch40_sapp": [191, 196, 191, 179, 191, 202, 208, 196, 191, 185, 196, 191, 179, 191, 202, 208, 196, 191, 185, 179], "octave": [4, 4, 4, 4, 4, 5, 5, 4, 4, 4, 4, 4, 4, 4, 5, 5, 4, 4, 4, 4], "midipitch": [69, 70, 69, 65, 69, 72, 74, 70, 69, 67, 70, 69, 65, 69, 72, 74, 70, 69, 67, 65], "diatonicpitch": [30, 31, 30, 28, 30, 32, 33, 31, 30, 29, 31, 30, 28, 30, 32, 33, 31, 30, 29, 28], "diatonicinterval": [null, 1, -1, -2, 2, 2, 1, -2, -1, -1, 2, -1, -2, 2, 2, 1, -2, -1, -1, -1], "chromaticinterval": [null, 1, -1, -4, 4, 3, 2, -4, -1, -2, 3, -1, -4, 4, 3, 2, -4, -1, -2, -2], "pitchproximity": [null, null, 1, 4, 4, 3, 2, 4, 1, 2, 3, 1, 4, 4, 3, 2, 4, 1, 2, 2], "pitchreversal": [null, null, 1.5, 0, 1.5, 0, 0, 1.5, 0, 0, 1.5, 1.5, 0, 1.5, 0, 0, 1.5, 0, 0, 0], "nextisrest": [false, false, false, false, false, false, false, false, false, false, false, false, false, false, false, false, false, false, false, null], "restduration_frac": [null, null, null, null, null, null, null, null, null, null, null, null, null, null, null, null, null, null, null, null], "duration": [0.3333333333333333, 0.3333333333333333, 0.3333333333333333, 1.0, 0.5, 0.5, 0.5, 0.25, 0.25, 1.0, 1.0, 1.0, 1.0, 0.5, 0.5, 0.5, 0.25, 0.25, 1.0, 1.0], "duration_frac": ["1/3", "1/3", "1/3", "1", "1/2", "1/2", "1/2", "1/4", "1/4", "1", "1", "1", "1", "1/2", "1/2", "1/2", "1/4", "1/4", "1", "1"], "duration_fullname": ["Eighth Triplet (1/3 QL)", "Eighth Triplet (1/3 QL)", "Eighth Triplet (1/3 QL)", "Quarter", "Eighth", "Eighth", "Eighth", "16th", "16th", "Quarter", "Quarter", "Quarter", "Quarter", "Eighth", "Eighth", "Eighth", "16th", "16th", "Quarter", "Quarter"], "durationcontour": [null, "=", "=", "+", "-", "=", "=", "-", "=", "+", "=", "=", "=", "-", "=", "=", "-", "=", "+", "="], "onsettick": [0, 4, 8, 12, 24, 30, 36, 42, 45, 48, 60, 72, 84, 96, 102, 108, 114, 117, 120, 132], "beatfraction": ["1/3", "1/3", "1/3", "1", "1/2", "1/2", "1/2", "1/4", "1/4", "1", "1", "1", "1", "1/2", "1/2", "1/2", "1/4", "1/4", "1", "1"], "phrasepos": [0.0, 0.030303030303030304, 0.06060606060606061, 0.09090909090909091, 0.18181818181818182, 0.22727272727272727, 0.2727272727272727, 0.3181818181818182, 0.3409090909090909, 0.36363636363636365, 0.45454545454545453, 0.5454545454545454, 0.6363636363636364, 0.7272727272727273, 0.7727272727272727, 0.8181818181818182, 0.8636363636363636, 0.8863636363636364, 0.9090909090909091, 1.0], "phrase_ix": [0, 0, 0, 0, 0, 0, 0, 0, 0, 0, 0, 0, 0, 0, 0, 0, 0, 0, 0, 0], "phrase_end": [false, false, false, false, false, false, false, false, false, false, false, false, false, false, false, false, false, false, false, true], "songpos": [0.0, 0.030303030303030304, 0.06060606060606061, 0.09090909090909091, 0.18181818181818182, 0.22727272727272727, 0.2727272727272727, 0.3181818181818182, 0.3409090909090909, 0.36363636363636365, 0.45454545454545453, 0.5454545454545454, 0.6363636363636364, 0.7272727272727273, 0.7727272727272727, 0.8181818181818182, 0.8636363636363636, 0.8863636363636364, 0.9090909090909091, 1.0], "beatinsong": ["0", "1/3", "2/3", "1", "2", "5/2", "3", "7/2", "15/4", "4", "5", "6", "7", "8", "17/2", "9", "19/2", "39/4", "10", "11"], "beatinphrase": ["0", "1/3", "2/3", "1", "2", "5/2", "3", "7/2", "15/4", "4", "5", "6", "7", "8", "17/2", "9", "19/2", "39/4", "10", "11"], "beatinphrase_end": ["-9", "-26/3", "-25/3", "-8", "-7", "-13/2", "-6", "-11/2", "-21/4", "-5", "-4", "-3", "-2", "-1", "-1/2", "0", "1/2", "3/4", "1", "2"], "IOI_frac": ["1/3", "1/3", "1/3", "1", "1/2", "1/2", "1/2", "1/4", "1/4", "1", "1", "1", "1", "1/2", "1/2", "1/2", "1/4", "1/4", "1", null], "IOI": [0.3333333333333333, 0.3333333333333333, 0.3333333333333333, 1.0, 0.5, 0.5, 0.5, 0.25, 0.25, 1.0, 1.0, 1.0, 1.0, 0.5, 0.5, 0.5, 0.25, 0.25, 1.0, null], "IOR_frac": [null, "1", "1", "3", "1/2", "1", "1", "1/2", "1", "4", "1", "1", "1", "1/2", "1", "1", "1/2", "1", "4", null], "IOR": [null, 1.0, 1.0, 3.0, 0.5, 1.0, 1.0, 0.5, 1.0, 4.0, 1.0, 1.0, 1.0, 0.5, 1.0, 1.0, 0.5, 1.0, 4.0, null], "imacontour": [null, "-", "=", "+", "-", "-", "+", "-", "-", "+", "-", "+", "-", "+", "-", "+", "-", "-", "+", "="], "pitch": ["A4", "B-4", "A4", "F4", "A4", "C5", "D5", "B-4", "A4", "G4", "B-4", "A4", "F4", "A4", "C5", "D5", "B-4", "A4", "G4", "F4"], "contour3": [null, "+", "-", "-", "+", "+", "+", "-", "-", "-", "+", "-", "-", "+", "+", "+", "-", "-", "-", "-"], "contour5": [null, "+", "-", "--", "++", "++", "+", "--", "-", "-", "++", "-", "--", "++", "++", "+", "--", "-", "-", "-"], "beatstrength": [1.0, 0.0625, 0.0625, 0.5, 0.5, 0.25, 1.0, 0.25, 0.125, 0.5, 0.5, 1.0, 0.5, 0.5, 0.25, 1.0, 0.25, 0.125, 0.5, 0.5], "beat_str": ["1", "1", "1", "2", "3", "3", "1", "1", "1", "2", "3", "1", "2", "3", "3", "1", "1", "1", "2", "3"], "beat_fraction_str": ["0", "1/3", "2/3", "0", "0", "1/2", "0", "1/2", "3/4", "0", "0", "0", "0", "0", "1/2", "0", "1/2", "3/4", "0", "0"], "beat": [1.0, 1.3333333333333333, 1.6666666666666667, 2.0, 3.0, 3.5, 1.0, 1.5, 1.75, 2.0, 3.0, 1.0, 2.0, 3.0, 3.5, 1.0, 1.5, 1.75, 2.0, 3.0], "timesignature": ["3/4", "3/4", "3/4", "3/4", "3/4", "3/4", "3/4", "3/4", "3/4", "3/4", "3/4", "3/4", "3/4", "3/4", "3/4", "3/4", "3/4", "3/4", "3/4", "3/4"], "gpr2a_Frankland": [null, null, null, null, null, null, null, null, null, null, null, null, null, null, null, null, null, null, null, null], "gpr2b_Frankland": [null, null, null, 0.5833333333333334, null, null, null, null, null, null, null, null, null, null, null, null, null, null, null, null], "gpr3a_Frankland": [null, null, null, null, null, null, 0.625, null, null, 0.5, null, null, null, null, null, 0.625, null, null, null, null], "gpr3d_Frankland": [null, null, null, null, null, null, 0.5, null, 0.75, null, 0.0, null, 0.5, null, null, 0.5, null, null, null, null], "gpr_Frankland_sum": [0, 0, 0, 0.5833333333333334, 0, 0, 1.125, 0, 0.75, 0.5, 0, 0, 0.5, 0, 0, 1.125, 0, 0, 0, 0], "lbdm_spitch": [null, 0.15789473684210525, 0.631578947368421, 0.16374269005847952, 0.2807017543859649, 0.28947368421052627, 1.0, 0.23157894736842105, 0.25263157894736843, 0.5263157894736841, 0.2807017543859649, 0.631578947368421, 0.16374269005847952, 0.2807017543859649, 0.28947368421052627, 1.0, 0.23157894736842105, 0.1473684210526316, null, null], "lbdm_sioi": [null, 0.0, 0.19999999999999998, 1.0, 0.19999999999999996, 0.0, 0.19999999999999996, 0.09999999999999998, 0.17999999999999997, 0.7199999999999999, 0.0, 0.0, 0.3999999999999999, 0.19999999999999996, 0.0, 0.19999999999999996, 0.09999999999999998, 0.17999999999999997, null, null], "lbdm_srest": [null, 0.0, 0.0, 0.0, 0.0, 0.0, 0.0, 0.0, 0.0, 0.0, 0.0, 0.0, 0.0, 0.0, 0.0, 0.0, 0.0, 0.0, null, null],