{"id": "KB42164000010", "tunefamily": "", "year": -1, "tunefamily_full": "", "type": "", "freemeter": false, "origin": "", "features": {"scaledegree": [1, 3, 1, 4, 2, 7, 1, 6, 6, 5, 7, 2, 2, 1], "scaledegreespecifier": ["P", "M", "P", "P", "M", "M", "P", "M", "M", "P", "M", "M", "M", "P"], "tonic": ["G", "G", "G", "G", "G", "G", "G", "G", "G", "G", "G", "G", "G", "G"], "mode": ["major", "major", "major", "major", "major", "major", "major", "major", "major", "major", "major", "major", "major", "major"], "metriccontour": [null, "-", "=", "+", "-", "+", "=", "+", "-", "=", "+", "-", "+", "="], "imaweight": [1.0, 1.0, 1.0, 1.0, 0.128, 1.0, 1.0, 1.0, 1.0, 1.0, 1.0, 0.064, 1.0, 1.0], "imaweight_spectral": [0.943262, 0.943262, 0.971631, 0.914894, 0.170213, 0.914894, 0.971631, 0.943262, 0.943262, 0.971631, 0.914894, 0.113475, 0.914894, 1.0], "pitch40_hewlett": [146, 158, 146, 163, 152, 141, 146, 135, 135, 129, 141, 152, 152, 146], "pitch40_sapp": [185, 197, 185, 202, 191, 180, 185, 174, 174, 168, 180, 191, 191, 185], "octave": [4, 4, 4, 5, 4, 4, 4, 4, 4, 4, 4, 4, 4, 4], "midipitch": [67, 71, 67, 72, 69, 66, 67, 64, 64, 62, 66, 69, 69, 67], "diatonicpitch": [28, 30, 28, 31, 29, 27, 28, 26, 26, 25, 27, 29, 29, 28], "diatonicinterval": [null, 2, -2, 3, -2, -2, 1, -2, 0, -1, 2, 2, 0, -1], "chromaticinterval": [null, 4, -4, 5, -3, -3, 1, -3, 0, -2, 4, 3, 0, -2], "pitchproximity": [null, null, 4, 5, 3, 3, 1, 3, 0, 2, 4, 3, 0, 2], "pitchreversal": [null, null, 1.5, 1.5, 1.5, 0, 1.5, 1.5, 0, 0, 1.5, 0, 0, 0], "nextisrest": [false, false, false, false, false, false, false, false, false, false, false, false, false, null], "restduration_frac": [null, null, null, null, null, null, null, null, null, null, null, null, null, null], "duration": [1.0, 1.0, 1.0, 0.5, 0.5, 1.0, 1.0, 1.0, 1.0, 1.0, 0.5, 0.5, 1.0, 1.0], "duration_frac": ["1", "1", "1", "1/2", "1/2", "1", "1", "1", "1", "1", "1/2", "1/2", "1", "1"], "duration_fullname": ["Quarter", "Quarter", "Quarter", "Eighth", "Eighth", "Quarter", "Quarter", "Quarter", "Quarter", "Quarter", "Eighth", "Eighth", "Quarter", "Quarter"], "durationcontour": [null, "=", "=", "-", "=", "+", "=", "=", "=", "=", "-", "=", "+", "="], "onsettick": [0, 2, 4, 6, 7, 8, 10, 12, 14, 16, 18, 19, 20, 22], "beatfraction": ["1", "1", "1", "1/2", "1/2", "1", "1", "1", "1", "1", "1/2", "1/2", "1", "1"], "phrasepos": [0.0, 0.09090909090909091, 0.18181818181818182, 0.2727272727272727, 0.3181818181818182, 0.36363636363636365, 0.45454545454545453, 0.5454545454545454, 0.6363636363636364, 0.7272727272727273, 0.8181818181818182, 0.8636363636363636, 0.9090909090909091, 1.0], "phrase_ix": [0, 0, 0, 0, 0, 0, 0, 0, 0, 0, 0, 0, 0, 0], "phrase_end": [false, false, false, false, false, false, false, false, false, false, false, false, false, true], "songpos": [0.0, 0.09090909090909091, 0.18181818181818182, 0.2727272727272727, 0.3181818181818182, 0.36363636363636365, 0.45454545454545453, 0.5454545454545454, 0.6363636363636364, 0.7272727272727273, 0.8181818181818182, 0.8636363636363636, 0.9090909090909091, 1.0], "beatinsong": ["0", "1", "2", "3", "7/2", "4", "5", "6", "7", "8", "9", "19/2", "10", "11"], "beatinphrase": ["0", "1", "2", "3", "7/2", "4", "5", "6", "7", "8", "9", "19/2", "10", "11"], "beatinphrase_end": ["-9", "-8", "-7", "-6", "-11/2", "-5", "-4", "-3", "-2", "-1", "0", "1/2", "1", "2"], "IOI_frac": ["1", "1", "1", "1/2", "1/2", "1", "1", "1", "1", "1", "1/2", "1/2", "1", null], "IOI": [1.0, 1.0, 1.0, 0.5, 0.5, 1.0, 1.0, 1.0, 1.0, 1.0, 0.5, 0.5, 1.0, null], "IOR_frac": [null, "1", "1", "1/2", "1", "2", "1", "1", "1", "1", "1/2", "1", "2", null], "IOR": [null, 1.0, 1.0, 0.5, 1.0, 2.0, 1.0, 1.0, 1.0, 1.0, 0.5, 1.0, 2.0, null], "imacontour": [null, "=", "=", "=", "-", "+", "=", "=", "=", "=", "=", "-", "+", "="], "pitch": ["G4", "B4", "G4", "C5", "A4", "F#4", "G4", "E4", "E4", "D4", "F#4", "A4", "A4", "G4"], "contour3": [null, "+", "-", "+", "-", "-", "+", "-", "=", "-", "+", "+", "=", "-"], "contour5": [null, "++", "--", "++", "--", "--", "+", "--", "=", "-", "++", "++", "=", "-"], "beatstrength": [1.0, 0.5, 0.5, 1.0, 0.25, 0.5, 0.5, 1.0, 0.5, 0.5, 1.0, 0.25, 0.5, 0.5], "beat_str": ["1", "2", "3", "1", "1", "2", "3", "1", "2", "3", "1", "1", "2", "3"], "beat_fraction_str": ["0", "0", "0", "0", "1/2", "0", "0", "0", "0", "0", "0", "1/2", "0", "0"], "beat": [1.0, 2.0, 3.0, 1.0, 1.5, 2.0, 3.0, 1.0, 2.0, 3.0, 1.0, 1.5, 2.0, 3.0], "timesignature": ["3/4", "3/4", "3/4", "3/4", "3/4", "3/4", "3/4", "3/4", "3/4", "3/4", "3/4", "3/4", "3/4", "3/4"], "gpr2a_Frankland": [null, null, null, null, null, null, null, null, null, null, null, null, null, null], "gpr2b_Frankland": [null, null, null, null, null, null, null, null, null, null, null, null, null, null], "gpr3a_Frankland": [null, null, 0.30000000000000004, null, null, null, 0.8333333333333334, null, null, 0.375, null, null, null, null], "gpr3d_Frankland": [null, null, 0.5, null, 0.5, null, 0.0, 0.0, null, 0.5, null, null, null, null], "gpr_Frankland_sum": [0, 0, 0.8, 0, 0.5, 0, 0.8333333333333334, 0, 0, 0.875, 0, 0, 0, 0], "lbdm_spitch": [null, 0.12987012987012989, 0.5194805194805195, 0.21428571428571433, 0.35714285714285715, 0.2380952380952381, 1.0, 0.0, 0.5357142857142857, 0.5158730158730159, 0.7619047619047618, 0.0, null, null], "lbdm_sioi": [null, 0.0, 1.0, 0.5, 0.5, 1.0, 0.0, 0.0, 0.0, 1.0, 0.5, 0.5, null, null], "lbdm_srest": [null, 0.0, 0.0, 0.0, 0.0, 0.0, 0.0, 0.0, 0.0, 0.0, 0.0, 0.0, null, null], "lbdm_rpitch": [null, 0.0, 0.09090909090909091, 0.2, 0.0, 0.3333333333333333, 0.3333333333333333, 0.6, 0.5, 0.25, 0.1111111111111111, 0.6, 0.5, null], "lbdm_rioi": [null, 0.0, 0.0, 0.3333333333333333, 0.0, 0.3333333333333333, 0.0, 0.0, 0.0, 0.0, 0.3333333333333333, 0.0, 0.3333333333333333, null], "lbdm_rrest": [null, 0.0, 0.0, 0.0, 0.0, 0.0, 0.0, 0.0, 0.0, 0.0, 0.0, 0.0, 0.0, null], "lbdm_boundarystrength": [null, 0.03246753246753247, 0.6298701298701299, 0.3035714285714286, 0.3392857142857143, 0.5595238095238095, 0.25, 0.0, 0.13392857142857142, 0.628968253968254, 0.44047619047619047, 0.25, null, null]}}
