{"id": "KB4474000010", "tunefamily": "", "year": -1, "tunefamily_full": "", "type": "", "freemeter": false, "origin": "", "features": {"scaledegree": [1, 3, 2, 3, 1, 2, 4, 3, 4, 2, 1, 3, 2, 3, 1, 7, 2, 1, 6, 5], "scaledegreespecifier": ["P", "M", "M", "M", "P", "M", "P", "M", "P", "M", "P", "M", "M", "M", "P", "M", "M", "P", "M", "P"], "tonic": ["C", "C", "C", "C", "C", "C", "C", "C", "C", "C", "C", "C", "C", "C", "C", "C", "C", "C", "C", "C"], "mode": ["major", "major", "major", "major", "major", "major", "major", "major", "major", "major", "major", "major", "major", "major", "major", "major", "major", "major", "major", "major"], "metriccontour": [null, "-", "=", "+", "-", "+", "-", "=", "+", "-", "+", "-", "=", "+", "-", "+", "-", "+", "-", "+"], "imaweight": [0.32243, 0.771028, 0.78972, 0.341121, 0.635514, 0.397196, 0.813084, 0.771028, 0.397196, 0.654206, 0.401869, 0.78972, 1.0, 0.551402, 0.757009, 0.476636, 0.943925, 0.359813, 1.0, 0.518692], "imaweight_spectral": [0.626016, 1.0, 0.95122, 0.577236, 0.817073, 0.609756, 0.971545, 0.934959, 0.609756, 0.833333, 0.613821, 0.95122, 1.0, 0.609756, 0.788618, 0.544715, 0.95122, 0.443089, 1.0, 0.581301], "pitch40_hewlett": [163, 175, 169, 175, 163, 169, 180, 175, 180, 169, 163, 175, 169, 175, 163, 158, 169, 163, 152, 146], "pitch40_sapp": [202, 214, 208, 214, 202, 208, 219, 214, 219, 208, 202, 214, 208, 214, 202, 197, 208, 202, 191, 185], "octave": [5, 5, 5, 5, 5, 5, 5, 5, 5, 5, 5, 5, 5, 5, 5, 4, 5, 5, 4, 4], "midipitch": [72, 76, 74, 76, 72, 74, 77, 76, 77, 74, 72, 76, 74, 76, 72, 71, 74, 72, 69, 67], "diatonicpitch": [35, 37, 36, 37, 35, 36, 38, 37, 38, 36, 35, 37, 36, 37, 35, 34, 36, 35, 33, 32], "diatonicinterval": [null, 2, -1, 1, -2, 1, 2, -1, 1, -2, -1, 2, -1, 1, -2, -1, 2, -1, -2, -1], "chromaticinterval": [null, 4, -2, 2, -4, 2, 3, -1, 1, -3, -2, 4, -2, 2, -4, -1, 3, -2, -3, -2], "pitchproximity": [null, null, 2, 2, 4, 2, 3, 1, 1, 3, 2, 4, 2, 2, 4, 1, 3, 2, 3, 2], "pitchreversal": [null, null, 1.5, 1.5, 1.5, 1.5, 0, 1.5, 1.5, 1.5, 0, 1.5, 1.5, 1.5, 1.5, 0, 1.5, 1.5, 0, 0], "nextisrest": [false, false, false, false, false, false, false, false, false, false, false, false, false, false, false, false, false, false, false, null], "restduration_frac": [null, null, null, null, null, null, null, null, null, null, null, null, null, null, null, null, null, null, null, null], "duration": [0.5, 1.0, 0.5, 0.5, 0.5, 0.5, 1.0, 0.5, 0.5, 0.5, 0.5, 1.0, 0.5, 0.5, 0.5, 0.5, 0.5, 0.5, 0.5, 1.0], "duration_frac": ["1/2", "1", "1/2", "1/2", "1/2", "1/2", "1", "1/2", "1/2", "1/2", "1/2", "1", "1/2", "1/2", "1/2", "1/2", "1/2", "1/2", "1/2", "1"], "duration_fullname": ["Eighth", "Quarter", "Eighth", "Eighth", "Eighth", "Eighth", "Quarter", "Eighth", "Eighth", "Eighth", "Eighth", "Quarter", "Eighth", "Eighth", "Eighth", "Eighth", "Eighth", "Eighth", "Eighth", "Quarter"], "durationcontour": [null, "+", "-", "=", "=", "=", "+", "-", "=", "=", "=", "+", "-", "=", "=", "=", "=", "=", "=", "+"], "onsettick": [0, 1, 3, 4, 5, 6, 7, 9, 10, 11, 12, 13, 15, 16, 17, 18, 19, 20, 21, 22], "beatfraction": ["1/2", "1", "1/2", "1/2", "1/2", "1/2", "1", "1/2", "1/2", "1/2", "1/2", "1", "1/2", "1/2", "1/2", "1/2", "1/2", "1/2", "1/2", "1"], "phrasepos": [0.0, 0.09090909090909091, 0.2727272727272727, 0.36363636363636365, 0.45454545454545453, 0.5454545454545454, 0.6363636363636364, 0.8181818181818182, 0.9090909090909091, 1.0, 0.0, 0.1, 0.3, 0.4, 0.5, 0.6, 0.7, 0.8, 0.9, 1.0], "phrase_ix": [0, 0, 0, 0, 0, 0, 0, 0, 0, 0, 1, 1, 1, 1, 1, 1, 1, 1, 1, 1], "phrase_end": [false, false, false, false, false, false, false, false, false, true, false, false, false, false, false, false, false, false, false, true], "songpos": [0.0, 0.045454545454545456, 0.13636363636363635, 0.18181818181818182, 0.22727272727272727, 0.2727272727272727, 0.3181818181818182, 0.4090909090909091, 0.45454545454545453, 0.5, 0.5454545454545454, 0.5909090909090909, 0.6818181818181818, 0.7272727272727273, 0.7727272727272727, 0.8181818181818182, 0.8636363636363636, 0.9090909090909091, 0.9545454545454546, 1.0], "beatinsong": ["0", "1/2", "3/2", "2", "5/2", "3", "7/2", "9/2", "5", "11/2", "6", "13/2", "15/2", "8", "17/2", "9", "19/2", "10", "21/2", "11"], "beatinphrase": ["0", "1/2", "3/2", "2", "5/2", "3", "7/2", "9/2", "5", "11/2", "0", "1/2", "3/2", "2", "5/2", "3", "7/2", "4", "9/2", "5"], "beatinphrase_end": ["-3", "-5/2", "-3/2", "-1", "-1/2", "0", "1/2", "3/2", "2", "5/2", "-3", "-5/2", "-3/2", "-1", "-1/2", "0", "1/2", "1", "3/2", "2"], "IOI_frac": ["1/2", "1", "1/2", "1/2", "1/2", "1/2", "1", "1/2", "1/2", "1/2", "1/2", "1", "1/2", "1/2", "1/2", "1/2", "1/2", "1/2", "1/2", null], "IOI": [0.5, 1.0, 0.5, 0.5, 0.5, 0.5, 1.0, 0.5, 0.5, 0.5, 0.5, 1.0, 0.5, 0.5, 0.5, 0.5, 0.5, 0.5, 0.5, null], "IOR_frac": [null, "2", "1/2", "1", "1", "1", "2", "1/2", "1", "1", "1", "2", "1/2", "1", "1", "1", "1", "1", "1", null], "IOR": [null, 2.0, 0.5, 1.0, 1.0, 1.0, 2.0, 0.5, 1.0, 1.0, 1.0, 2.0, 0.5, 1.0, 1.0, 1.0, 1.0, 1.0, 1.0, null], "imacontour": [null, "+", "+", "-", "+", "-", "+", "-", "-", "+", "-", "+", "+", "-", "+", "-", "+", "-", "+", "-"], "pitch": ["C5", "E5", "D5", "E5", "C5", "D5", "F5", "E5", "F5", "D5", "C5", "E5", "D5", "E5", "C5", "B4", "D5", "C5", "A4", "G4"], "contour3": [null, "+", "-", "+", "-", "+", "+", "-", "+", "-", "-", "+", "-", "+", "-", "-", "+", "-", "-", "-"], "contour5": [null, "++", "-", "+", "--", "+", "++", "-", "+", "--", "-", "++", "-", "+", "--", "-", "++", "-", "--", "-"], "beatstrength": [1.0, 0.25, 0.25, 0.5, 0.25, 1.0, 0.25, 0.25, 0.5, 0.25, 1.0, 0.25, 0.25, 0.5, 0.25, 1.0, 0.25, 0.5, 0.25, 0.5], "beat_str": ["1", "1", "2", "3", "3", "1", "1", "2", "3", "3", "1", "1", "2", "3", "3", "1", "1", "2", "2", "3"], "beat_fraction_str": ["0", "1/2", "1/2", "0", "1/2", "0", "1/2", "1/2", "0", "1/2", "0", "1/2", "1/2", "0", "1/2", "0", "1/2", "0", "1/2", "0"], "beat": [1.0, 1.5, 2.5, 3.0, 3.5, 1.0, 1.5, 2.5, 3.0, 3.5, 1.0, 1.5, 2.5, 3.0, 3.5, 1.0, 1.5, 2.0, 2.5, 3.0], "timesignature": ["3/4", "3/4", "3/4", "3/4", "3/4", "3/4", "3/4", "3/4", "3/4", "3/4", "3/4", "3/4", "3/4", "3/4", "3/4", "3/4", "3/4", "3/4", "3/4", "3/4"], "gpr2a_Frankland": [null, null, null, null, null, null, null, null, null, null, null, null, null, null, null, null, null, null, null, null], "gpr2b_Frankland": [null, 0.5, null, null, null, null, 0.5, null, null, null, null, 0.5, null, null, null, null, null, null, null, null], "gpr3a_Frankland": [null, null, null, 0.5, null, 0.5, null, null, 0.5, null, 0.5, null, null, 0.625, null, 0.5, null, 0.33333333333333337, null, null], "gpr3d_Frankland": [null, null, null, 0.0, null, null, null, null, 0.0, null, null, null, null, 0.0, 0.0, 0.0, 0.0, null, null, null], "gpr_Frankland_sum": [0, 0.5, 0, 0.5, 0, 0.5, 0.5, 0, 0.5, 0, 0.5, 0.5, 0, 0.625, 0, 0.5, 0, 0.33333333333333337, 0, 0], "lbdm_spitch": [null, 0.18421052631578946, 0.18421052631578946, 0.7368421052631579, 0.28947368421052627, 0.5263157894736841, 0.12280701754385964, 0.12280701754385964, 0.5263157894736841, 0.28947368421052627, 0.7368421052631579, 0.18421052631578946, 0.18421052631578946, 1.0, 0.2807017543859649, 0.5263157894736841, 0.21052631578947367, 0.3157894736842105, null, null], "lbdm_sioi": [null, 1.0, 0.25, 0.0, 0.0, 0.25, 1.0, 0.25, 0.0, 0.0, 0.25, 1.0, 0.25, 0.0, 0.0, 0.0, 0.0, 0.0, null, null], "lbdm_srest": [null, 0.0, 0.0, 0.0, 0.0, 0.0, 0.0, 0.0, 0.0, 0.0, 0.0, 0.0, 0.0, 0.0, 0.0, 0.0, 0.0, 0.0, null, null], "lbdm_rpitch": [null, 0.25, 0.0, 0.25, 0.25, 0.14285714285714285, 0.3333333333333333, 0.0, 0.3333333333333333, 0.14285714285714285, 0.25, 0.25, 0.0, 0.25, 0.42857142857142855, 0.3333333333333333, 0.14285714285714285, 0.14285714285714285, 0.14285714285714285, null], "lbdm_rioi": [null, 0.3333333333333333, 0.3333333333333333, 0.0, 0.0, 0.0, 0.3333333333333333, 0.3333333333333333, 0.0, 0.0, 0.0, 0.3333333333333333, 0.3333333333333333, 0.0, 0.0, 0.0, 0.0, 0.0, 0.0, null],