{"id": "KB4460600000", "tunefamily": "", "year": -1, "tunefamily_full": "", "type": "", "freemeter": false, "origin": "", "features": {"scaledegree": [1, 7, 6, 5, 1, 2, 3, 2, 1, 7, 6, 5, 7, 1, 2, 1], "scaledegreespecifier": ["P", "M", "M", "P", "P", "M", "m", "M", "P", "M", "M", "P", "M", "P", "M", "P"], "tonic": ["A", "A", "A", "A", "A", "A", "A", "A", "A", "A", "A", "A", "A", "A", "A", "A"], "mode": ["minor", "minor", "minor", "minor", "minor", "minor", "minor", "minor", "minor", "minor", "minor", "minor", "minor", "minor", "minor", "minor"], "metriccontour": [null, "-", "+", "-", "+", "-", "+", "-", "+", "-", "+", "-", "+", "-", "+", "="], "imaweight": [0.912281, 0.807018, 0.926316, 0.687719, 1.0, 0.687719, 0.94386, 0.775439, 0.912281, 0.701754, 1.0, 0.719298, 0.912281, 0.775439, 0.912281, 0.357895], "imaweight_spectral": [0.872483, 0.771812, 0.885906, 0.657718, 0.956376, 0.657718, 0.902685, 0.741611, 0.872483, 0.671141, 0.956376, 0.687919, 0.872483, 0.741611, 0.872483, 1.0], "pitch40_hewlett": [152, 147, 141, 135, 152, 158, 163, 158, 152, 147, 141, 135, 147, 152, 158, 152], "pitch40_sapp": [191, 186, 180, 174, 191, 197, 202, 197, 191, 186, 180, 174, 186, 191, 197, 191], "octave": [4, 4, 4, 4, 4, 4, 5, 4, 4, 4, 4, 4, 4, 4, 4, 4], "midipitch": [69, 68, 66, 64, 69, 71, 72, 71, 69, 68, 66, 64, 68, 69, 71, 69], "diatonicpitch": [28, 27, 26, 25, 28, 29, 30, 29, 28, 27, 26, 25, 27, 28, 29, 28], "diatonicinterval": [null, -1, -1, -1, 3, 1, 1, -1, -1, -1, -1, -1, 2, 1, 1, -1], "chromaticinterval": [null, -1, -2, -2, 5, 2, 1, -1, -2, -1, -2, -2, 4, 1, 2, -2], "pitchproximity": [null, null, 2, 2, 5, 2, 1, 1, 2, 1, 2, 2, 4, 1, 2, 2], "pitchreversal": [null, null, 0, 0, 0, 0, 0, 1.5, 0, 0, 0, 0, 1.5, 0, 0, 1.5], "nextisrest": [false, false, false, false, false, false, false, false, false, false, false, false, false, false, false, null], "restduration_frac": [null, null, null, null, null, null, null, null, null, null, null, null, null, null, null, null], "duration": [0.5, 0.5, 0.5, 0.5, 0.5, 0.5, 0.5, 0.5, 0.5, 0.5, 0.5, 0.5, 0.5, 0.5, 1.0, 1.0], "duration_frac": ["1/2", "1/2", "1/2", "1/2", "1/2", "1/2", "1/2", "1/2", "1/2", "1/2", "1/2", "1/2", "1/2", "1/2", "1", "1"], "duration_fullname": ["Eighth", "Eighth", "Eighth", "Eighth", "Eighth", "Eighth", "Eighth", "Eighth", "Eighth", "Eighth", "Eighth", "Eighth", "Eighth", "Eighth", "Quarter", "Quarter"], "durationcontour": [null, "=", "=", "=", "=", "=", "=", "=", "=", "=", "=", "=", "=", "=", "+", "="], "onsettick": [0, 1, 2, 3, 4, 5, 6, 7, 8, 9, 10, 11, 12, 13, 14, 16], "beatfraction": ["1/2", "1/2", "1/2", "1/2", "1/2", "1/2", "1/2", "1/2", "1/2", "1/2", "1/2", "1/2", "1/2", "1/2", "1", "1"], "phrasepos": [0.0, 0.14285714285714285, 0.2857142857142857, 0.42857142857142855, 0.5714285714285714, 0.7142857142857143, 0.8571428571428571, 1.0, 0.0, 0.125, 0.25, 0.375, 0.5, 0.625, 0.75, 1.0], "phrase_ix": [0, 0, 0, 0, 0, 0, 0, 0, 1, 1, 1, 1, 1, 1, 1, 1], "phrase_end": [false, false, false, false, false, false, false, true, false, false, false, false, false, false, false, true], "songpos": [0.0, 0.0625, 0.125, 0.1875, 0.25, 0.3125, 0.375, 0.4375, 0.5, 0.5625, 0.625, 0.6875, 0.75, 0.8125, 0.875, 1.0], "beatinsong": ["0", "1/2", "1", "3/2", "2", "5/2", "3", "7/2", "4", "9/2", "5", "11/2", "6", "13/2", "7", "8"], "beatinphrase": ["0", "1/2", "1", "3/2", "2", "5/2", "3", "7/2", "0", "1/2", "1", "3/2", "2", "5/2", "3", "4"], "beatinphrase_end": ["-2", "-3/2", "-1", "-1/2", "0", "1/2", "1", "3/2", "-2", "-3/2", "-1", "-1/2", "0", "1/2", "1", "2"], "IOI_frac": ["1/2", "1/2", "1/2", "1/2", "1/2", "1/2", "1/2", "1/2", "1/2", "1/2", "1/2", "1/2", "1/2", "1/2", "1", null], "IOI": [0.5, 0.5, 0.5, 0.5, 0.5, 0.5, 0.5, 0.5, 0.5, 0.5, 0.5, 0.5, 0.5, 0.5, 1.0, null], "IOR_frac": [null, "1", "1", "1", "1", "1", "1", "1", "1", "1", "1", "1", "1", "1", "2", null], "IOR": [null, 1.0, 1.0, 1.0, 1.0, 1.0, 1.0, 1.0, 1.0, 1.0, 1.0, 1.0, 1.0, 1.0, 2.0, null], "imacontour": [null, "-", "+", "-", "+", "-", "+", "-", "+", "-", "+", "-", "+", "-", "+", "-"], "pitch": ["A4", "G#4", "F#4", "E4", "A4", "B4", "C5", "B4", "A4", "G#4", "F#4", "E4", "G#4", "A4", "B4", "A4"], "contour3": [null, "-", "-", "-", "+", "+", "+", "-", "-", "-", "-", "-", "+", "+", "+", "-"], "contour5": [null, "-", "-", "-", "++", "+", "+", "-", "-", "-", "-", "-", "++", "+", "+", "-"], "beatstrength": [1.0, 0.25, 0.5, 0.25, 1.0, 0.25, 0.5, 0.25, 1.0, 0.25, 0.5, 0.25, 1.0, 0.25, 0.5, 0.5], "beat_str": ["1", "1", "2", "2", "1", "1", "2", "2", "1", "1", "2", "2", "1", "1", "2", "3"], "beat_fraction_str": ["0", "1/2", "0", "1/2", "0", "1/2", "0", "1/2", "0", "1/2", "0", "1/2", "0", "1/2", "0", "0"], "beat": [1.0, 1.5, 2.0, 2.5, 1.0, 1.5, 2.0, 2.5, 1.0, 1.5, 2.0, 2.5, 1.0, 1.5, 2.0, 3.0], "timesignature": ["2/4", "2/4", "2/4", "2/4", "2/4", "2/4", "2/4", "2/4", "2/4", "2/4", "2/4", "2/4", "3/4", "3/4", "3/4", "3/4"], "gpr2a_Frankland": [null, null, null, null, null, null, null, null, null, null, null, null, null, null, null, null], "gpr2b_Frankland": [null, null, null, null, null, null, null, null, null, null, null, null, null, null, null, null], "gpr3a_Frankland": [null, null, null, 0.6, null, null, null, 0.5, null, null, null, 0.625, null, null, null, null], "gpr3d_Frankland": [null, 0.0, 0.0, 0.0, 0.0, 0.0, 0.0, 0.0, 0.0, 0.0, 0.0, 0.0, null, null, null, null], "gpr_Frankland_sum": [0, 0, 0, 0.6, 0, 0, 0, 0.5, 0, 0, 0, 0.625, 0, 0, 0, 0], "lbdm_spitch": [null, 0.12000000000000002, 0.2, 1.0, 0.32, 0.06000000000000001, 0.06000000000000001, 0.24000000000000005, 0.12000000000000002, 0.12000000000000002, 0.15000000000000002, 0.8142857142857144, 0.18857142857142858, 0.12000000000000002, null, null], "lbdm_sioi": [null, 0.0, 0.0, 0.0, 0.0, 0.0, 0.0, 0.0, 0.0, 0.0, 0.0, 0.0, 0.0, 1.0, null, null], "lbdm_srest": [null, 0.0, 0.0, 0.0, 0.0, 0.0, 0.0, 0.0, 0.0, 0.0, 0.0, 0.0, 0.0, 0.0, null, null], "lbdm_rpitch": [null, 0.2, 0.0, 0.3333333333333333, 0.3333333333333333, 0.2, 0.0, 0.2, 0.2, 0.2, 0.0, 0.25, 0.42857142857142855, 0.2, 0.0, null], "lbdm_rioi": [null, 0.0, 0.0, 0.0, 0.0, 0.0, 0.0, 0.0, 0.0, 0.0, 0.0, 0.0, 0.0, 0.0, 0.3333333333333333, null], "lbdm_rrest": [null, 0.0, 0.0, 0.0, 0.0, 0.0, 0.0, 0.0, 0.0, 0.0, 0.0, 0.0, 0.0, 0.0, 0.0, null], "lbdm_boundarystrength": [null, 0.030000000000000006, 0.05, 0.25, 0.08, 0.015000000000000003, 0.015000000000000003, 0.06000000000000001, 0.030000000000000006, 0.030000000000000006, 0.037500000000000006, 0.2035714285714286, 0.047142857142857146, 0.53, null, null]}}
