{"id": "KB4407300002", "tunefamily": "", "year": -1, "tunefamily_full": "", "type": "", "freemeter": false, "origin": "", "features": {"scaledegree": [1, 2, 3, 3, 1, 4, 4, 3, 1, 2, 2, 3, 4, 3, 2, 1, 1, 7, 5], "scaledegreespecifier": ["P", "M", "M", "M", "P", "P", "P", "M", "P", "M", "M", "M", "P", "M", "M", "P", "P", "M", "P"], "tonic": ["C", "C", "C", "C", "C", "C", "C", "C", "C", "C", "C", "C", "C", "C", "C", "C", "C", "C", "C"], "mode": ["major", "major", "major", "major", "major", "major", "major", "major", "major", "major", "major", "major", "major", "major", "major", "major", "major", "major", "major"], "metriccontour": [null, "-", "=", "+", "-", "=", "+", "=", "-", "+", "-", "=", "+", "-", "=", "-", "+", "=", "-"], "imaweight": [0.723077, 0.469231, 0.530769, 0.684615, 0.407692, 0.538462, 0.846154, 0.630769, 0.515385, 0.838462, 0.561538, 0.653846, 0.723077, 0.530769, 0.561538, 0.0923077, 1.0, 0.6, 0.384615], "imaweight_spectral": [0.927711, 0.63253, 0.777108, 0.777108, 0.704819, 0.662651, 1.0, 0.951807, 0.861446, 0.89759, 0.680723, 0.753012, 0.807229, 0.656627, 0.656627, 0.0722892, 1.0, 0.927711, 0.879518], "pitch40_hewlett": [163, 169, 175, 175, 163, 180, 180, 175, 163, 169, 169, 175, 180, 175, 169, 163, 163, 158, 146], "pitch40_sapp": [202, 208, 214, 214, 202, 219, 219, 214, 202, 208, 208, 214, 219, 214, 208, 202, 202, 197, 185], "octave": [5, 5, 5, 5, 5, 5, 5, 5, 5, 5, 5, 5, 5, 5, 5, 5, 5, 4, 4], "midipitch": [72, 74, 76, 76, 72, 77, 77, 76, 72, 74, 74, 76, 77, 76, 74, 72, 72, 71, 67], "diatonicpitch": [35, 36, 37, 37, 35, 38, 38, 37, 35, 36, 36, 37, 38, 37, 36, 35, 35, 34, 32], "diatonicinterval": [null, 1, 1, 0, -2, 3, 0, -1, -2, 1, 0, 1, 1, -1, -1, -1, 0, -1, -2], "chromaticinterval": [null, 2, 2, 0, -4, 5, 0, -1, -4, 2, 0, 2, 1, -1, -2, -2, 0, -1, -4], "pitchproximity": [null, null, 2, 0, 4, 5, 0, 1, 4, 2, 0, 2, 1, 1, 2, 2, 0, 1, 4], "pitchreversal": [null, null, 0, 0, 0, 1.5, 0, 0, 0, 1.5, 0, 0, 0, 1.5, 0, 0, 0, 0, 0], "nextisrest": [false, false, false, false, false, false, false, false, false, false, false, false, false, false, false, false, false, false, null], "restduration_frac": [null, null, null, null, null, null, null, null, null, null, null, null, null, null, null, null, null, null, null], "duration": [1.0, 1.0, 1.0, 1.0, 1.0, 1.0, 3.0, 1.0, 2.0, 1.0, 1.0, 1.0, 1.0, 1.0, 0.5, 0.5, 3.0, 1.0, 2.0], "duration_frac": ["1", "1", "1", "1", "1", "1", "3", "1", "2", "1", "1", "1", "1", "1", "1/2", "1/2", "3", "1", "2"], "duration_fullname": ["Quarter", "Quarter", "Quarter", "Quarter", "Quarter", "Quarter", "Dotted Half", "Quarter", "Half", "Quarter", "Quarter", "Quarter", "Quarter", "Quarter", "Eighth", "Eighth", "Dotted Half", "Quarter", "Half"], "durationcontour": [null, "=", "=", "=", "=", "=", "+", "-", "+", "-", "=", "=", "=", "=", "-", "=", "+", "-", "+"], "onsettick": [0, 2, 4, 6, 8, 10, 12, 18, 20, 24, 26, 28, 30, 32, 34, 35, 36, 42, 44], "beatfraction": ["1", "1", "1", "1", "1", "1", "3", "1", "2", "1", "1", "1", "1", "1", "1/2", "1/2", "3", "1", "2"], "phrasepos": [0.0, 0.1, 0.2, 0.3, 0.4, 0.5, 0.6, 0.9, 1.0, 0.0, 0.1, 0.2, 0.3, 0.4, 0.5, 0.55, 0.6, 0.9, 1.0], "phrase_ix": [0, 0, 0, 0, 0, 0, 0, 0, 0, 1, 1, 1, 1, 1, 1, 1, 1, 1, 1], "phrase_end": [false, false, false, false, false, false, false, false, true, false, false, false, false, false, false, false, false, false, true], "songpos": [0.0, 0.045454545454545456, 0.09090909090909091, 0.13636363636363635, 0.18181818181818182, 0.22727272727272727, 0.2727272727272727, 0.4090909090909091, 0.45454545454545453, 0.5454545454545454, 0.5909090909090909, 0.6363636363636364, 0.6818181818181818, 0.7272727272727273, 0.7727272727272727, 0.7954545454545454, 0.8181818181818182, 0.9545454545454546, 1.0], "beatinsong": ["0", "1", "2", "3", "4", "5", "6", "9", "10", "12", "13", "14", "15", "16", "17", "35/2", "18", "21", "22"], "beatinphrase": ["0", "1", "2", "3", "4", "5", "6", "9", "10", "0", "1", "2", "3", "4", "5", "11/2", "6", "9", "10"], "beatinphrase_end": ["-9", "-8", "-7", "-6", "-5", "-4", "-3", "0", "1", "-9", "-8", "-7", "-6", "-5", "-4", "-7/2", "-3", "0", "1"], "IOI_frac": ["1", "1", "1", "1", "1", "1", "3", "1", "2", "1", "1", "1", "1", "1", "1/2", "1/2", "3", "1", null], "IOI": [1.0, 1.0, 1.0, 1.0, 1.0, 1.0, 3.0, 1.0, 2.0, 1.0, 1.0, 1.0, 1.0, 1.0, 0.5, 0.5, 3.0, 1.0, null], "IOR_frac": [null, "1", "1", "1", "1", "1", "3", "1/3", "2", "1/2", "1", "1", "1", "1", "1/2", "1", "6", "1/3", null], "IOR": [null, 1.0, 1.0, 1.0, 1.0, 1.0, 3.0, 0.3333333333333333, 2.0, 0.5, 1.0, 1.0, 1.0, 1.0, 0.5, 1.0, 6.0, 0.3333333333333333, null], "imacontour": [null, "-", "+", "+", "-", "+", "+", "-", "-", "+", "-", "+", "+", "-", "+", "-", "+", "-", "-"], "pitch": ["C5", "D5", "E5", "E5", "C5", "F5", "F5", "E5", "C5", "D5", "D5", "E5", "F5", "E5", "D5", "C5", "C5", "B4", "G4"], "contour3": [null, "+", "+", "=", "-", "+", "=", "-", "-", "+", "=", "+", "+", "-", "-", "-", "=", "-", "-"], "contour5": [null, "+", "+", "=", "--", "++", "=", "-", "--", "+", "=", "+", "+", "-", "-", "-", "=", "-", "--"], "beatstrength": [1.0, 0.5, 0.5, 1.0, 0.5, 0.5, 1.0, 1.0, 0.5, 1.0, 0.5, 0.5, 1.0, 0.5, 0.5, 0.25, 1.0, 1.0, 0.5], "beat_str": ["1", "2", "3", "1", "2", "3", "1", "1", "2", "1", "2", "3", "1", "2", "3", "3", "1", "1", "2"], "beat_fraction_str": ["0", "0", "0", "0", "0", "0", "0", "0", "0", "0", "0", "0", "0", "0", "0", "1/2", "0", "0", "0"], "beat": [1.0, 2.0, 3.0, 1.0, 2.0, 3.0, 1.0, 1.0, 2.0, 1.0, 2.0, 3.0, 1.0, 2.0, 3.0, 3.5, 1.0, 1.0, 2.0], "timesignature": ["3/4", "3/4", "3/4", "3/4", "3/4", "3/4", "3/4", "3/4", "3/4", "3/4", "3/4", "3/4", "3/4", "3/4", "3/4", "3/4", "3/4", "3/4", "3/4"], "gpr2a_Frankland": [null, null, null, null, null, null, null, null, null, null, null, null, null, null, null, null, null, null, null], "gpr2b_Frankland": [null, null, null, null, null, null, 0.6666666666666667, null, 0.5, null, null, null, null, null, null, null, 0.75, null, null], "gpr3a_Frankland": [null, null, null, null, 0.6, null, null, 0.625, null, null, 0.75, null, null, null, null, null, null, null, null], "gpr3d_Frankland": [null, 0.0, 0.0, 0.0, null, null, null, null, null, null, 0.0, 0.0, null, 0.5, null, null, null, null, null], "gpr_Frankland_sum": [0, 0, 0, 0, 0.6, 0, 0.6666666666666667, 0.625, 0.5, 0, 0.75, 0, 0, 0.5, 0, 0, 0.75, 0, 0], "lbdm_spitch": [null, 0.24838709677419354, 0.0, 0.7526881720430108, 1.0, 0.0, 0.18924731182795695, 0.6741935483870968, 0.3725806451612903, 0.0, 0.34774193548387095, 0.04967741935483871, 0.04967741935483871, 0.09935483870967741, 0.24838709677419354, 0.0, 0.18924731182795695, null, null], "lbdm_sioi": [null, 0.0, 0.0, 0.0, 0.0, 0.1372549019607843, 0.8235294117647058, 0.2287581699346405, 0.36601307189542476, 0.09150326797385619, 0.0, 0.0, 0.0, 0.09150326797385619, 0.045751633986928095, 0.09803921568627451, 1.0, null, null], "lbdm_srest": [null, 0.0, 0.0, 0.0, 0.0, 0.0, 0.0, 0.0, 0.0, 0.0, 0.0, 0.0, 0.0, 0.0, 0.0, 0.0, 0.0, null, null], "lbdm_rpitch": [null, 0.0, 0.5, 0.6666666666666666, 0.09090909090909091, 0.7142857142857143, 0.3333333333333333, 0.42857142857142855, 0.25, 0.5, 0.5, 0.2, 0.0, 0.2, 0.0, 0.5, 0.3333333333333333, 0.42857142857142855, null], "lbdm_rioi": [null, 0.0, 0.0, 0.0, 0.0, 0.0, 0.5, 0.5, 0.3333333333333333, 0.3333333333333333, 0.0, 0.0, 0.0, 0.0, 0.3333333333333333, 0.0, 0.7142857142857143, 0.5, null], "lbdm_rrest": [null, 0.0, 0.0, 0.0, 0.0, 0.0, 0.0, 0.0, 0.0, 0.0, 0.0, 0.0, 0.0, 0.0, 0.0, 0.0, 0.0, 0.0, null], "lbdm_boundarystrength": [null, 0.062096774193548386, 0.0, 0.1881720430107527, 0.25, 0.06862745098039215, 0.45907653383934216, 0.2829274720640944, 0.27615169723803495, 0.045751633986928095, 0.08693548387096774, 0.012419354838709677, 0.012419354838709677, 0.07059034366434745, 0.08497259118701243, 0.049019607843137254, 0.5473118279569893, null, null]}}
