{"id": "KB4416400001", "tunefamily": "", "year": -1, "tunefamily_full": "", "type": "", "freemeter": false, "origin": "", "features": {"scaledegree": [1, 1, 2, 3, 1, 5, 5, 6, 5, 4, 5, 3, 3, 3, 2, 2, 3, 7, 1, 5], "scaledegreespecifier": ["P", "P", "M", "M", "P", "P", "P", "M", "P", "P", "P", "M", "M", "M", "M", "M", "M", "M", "P", "P"], "tonic": ["G", "G", "G", "G", "G", "G", "G", "G", "G", "G", "G", "G", "G", "G", "G", "G", "G", "G", "G", "G"], "mode": ["major", "major", "major", "major", "major", "major", "major", "major", "major", "major", "major", "major", "major", "major", "major", "major", "major", "major", "major", "major"], "metriccontour": [null, "-", "-", "+", "-", "+", "-", "-", "+", "-", "+", "-", "-", "+", "-", "+", "-", "-", "+", "-"], "imaweight": [1.0, 1.0, 0.0729614, 1.0, 1.0, 1.0, 1.0, 0.141631, 1.0, 1.0, 1.0, 1.0, 0.141631, 1.0, 1.0, 1.0, 1.0, 0.0729614, 1.0, 1.0], "imaweight_spectral": [1.0, 0.98419, 0.130435, 1.0, 1.0, 0.98419, 0.98419, 0.177866, 1.0, 0.98419, 0.98419, 1.0, 0.177866, 0.98419, 0.98419, 1.0, 1.0, 0.130435, 0.98419, 1.0], "pitch40_hewlett": [146, 146, 152, 158, 146, 169, 169, 175, 169, 163, 169, 158, 158, 158, 152, 152, 158, 141, 146, 129], "pitch40_sapp": [185, 185, 191, 197, 185, 208, 208, 214, 208, 202, 208, 197, 197, 197, 191, 191, 197, 180, 185, 168], "octave": [4, 4, 4, 4, 4, 5, 5, 5, 5, 5, 5, 4, 4, 4, 4, 4, 4, 4, 4, 4], "midipitch": [67, 67, 69, 71, 67, 74, 74, 76, 74, 72, 74, 71, 71, 71, 69, 69, 71, 66, 67, 62], "diatonicpitch": [28, 28, 29, 30, 28, 32, 32, 33, 32, 31, 32, 30, 30, 30, 29, 29, 30, 27, 28, 25], "diatonicinterval": [null, 0, 1, 1, -2, 4, 0, 1, -1, -1, 1, -2, 0, 0, -1, 0, 1, -3, 1, -3], "chromaticinterval": [null, 0, 2, 2, -4, 7, 0, 2, -2, -2, 2, -3, 0, 0, -2, 0, 2, -5, 1, -5], "pitchproximity": [null, null, 2, 2, 4, 7, 0, 2, 2, 2, 2, 3, 0, 0, 2, 0, 2, 5, 1, 5], "pitchreversal": [null, null, 0, 0, 1.5, 0, 1, 0, 1.5, 0, 1.5, 1.5, 0, 0, 0, 0, 0, 0, 0, 0], "nextisrest": [false, false, false, false, false, false, false, false, false, false, false, false, false, false, false, false, false, false, false, null], "restduration_frac": [null, null, null, null, null, null, null, null, null, null, null, null, null, null, null, null, null, null, null, null], "duration": [1.0, 0.5, 0.5, 1.0, 1.0, 1.0, 0.5, 0.5, 1.0, 1.0, 1.0, 0.5, 0.5, 1.0, 1.0, 1.0, 0.5, 0.5, 1.0, 1.0], "duration_frac": ["1", "1/2", "1/2", "1", "1", "1", "1/2", "1/2", "1", "1", "1", "1/2", "1/2", "1", "1", "1", "1/2", "1/2", "1", "1"], "duration_fullname": ["Quarter", "Eighth", "Eighth", "Quarter", "Quarter", "Quarter", "Eighth", "Eighth", "Quarter", "Quarter", "Quarter", "Eighth", "Eighth", "Quarter", "Quarter", "Quarter", "Eighth", "Eighth", "Quarter", "Quarter"], "durationcontour": [null, "-", "=", "+", "=", "=", "-", "=", "+", "=", "=", "-", "=", "+", "=", "=", "-", "=", "+", "="], "onsettick": [0, 2, 3, 4, 6, 8, 10, 11, 12, 14, 16, 18, 19, 20, 22, 24, 26, 27, 28, 30], "beatfraction": ["1", "1/2", "1/2", "1", "1", "1", "1/2", "1/2", "1", "1", "1", "1/2", "1/2", "1", "1", "1", "1/2", "1/2", "1", "1"], "phrasepos": [0.0, 0.14285714285714285, 0.21428571428571427, 0.2857142857142857, 0.42857142857142855, 0.5714285714285714, 0.7142857142857143, 0.7857142857142857, 0.8571428571428571, 1.0, 0.0, 0.14285714285714285, 0.21428571428571427, 0.2857142857142857, 0.42857142857142855, 0.5714285714285714, 0.7142857142857143, 0.7857142857142857, 0.8571428571428571, 1.0], "phrase_ix": [0, 0, 0, 0, 0, 0, 0, 0, 0, 0, 1, 1, 1, 1, 1, 1, 1, 1, 1, 1], "phrase_end": [false, false, false, false, false, false, false, false, false, true, false, false, false, false, false, false, false, false, false, true], "songpos": [0.0, 0.06666666666666667, 0.1, 0.13333333333333333, 0.2, 0.26666666666666666, 0.3333333333333333, 0.36666666666666664, 0.4, 0.4666666666666667, 0.5333333333333333, 0.6, 0.6333333333333333, 0.6666666666666666, 0.7333333333333333, 0.8, 0.8666666666666667, 0.9, 0.9333333333333333, 1.0], "beatinsong": ["0", "1", "3/2", "2", "3", "4", "5", "11/2", "6", "7", "8", "9", "19/2", "10", "11", "12", "13", "27/2", "14", "15"], "beatinphrase": ["0", "1", "3/2", "2", "3", "4", "5", "11/2", "6", "7", "0", "1", "3/2", "2", "3", "4", "5", "11/2", "6", "7"], "beatinphrase_end": ["-4", "-3", "-5/2", "-2", "-1", "0", "1", "3/2", "2", "3", "-4", "-3", "-5/2", "-2", "-1", "0", "1", "3/2", "2", "3"], "IOI_frac": ["1", "1/2", "1/2", "1", "1", "1", "1/2", "1/2", "1", "1", "1", "1/2", "1/2", "1", "1", "1", "1/2", "1/2", "1", null], "IOI": [1.0, 0.5, 0.5, 1.0, 1.0, 1.0, 0.5, 0.5, 1.0, 1.0, 1.0, 0.5, 0.5, 1.0, 1.0, 1.0, 0.5, 0.5, 1.0, null], "IOR_frac": [null, "1/2", "1", "2", "1", "1", "1/2", "1", "2", "1", "1", "1/2", "1", "2", "1", "1", "1/2", "1", "2", null], "IOR": [null, 0.5, 1.0, 2.0, 1.0, 1.0, 0.5, 1.0, 2.0, 1.0, 1.0, 0.5, 1.0, 2.0, 1.0, 1.0, 0.5, 1.0, 2.0, null], "imacontour": [null, "=", "-", "+", "=", "=", "=", "-", "+", "=", "=", "=", "-", "+", "=", "=", "=", "-", "+", "="], "pitch": ["G4", "G4", "A4", "B4", "G4", "D5", "D5", "E5", "D5", "C5", "D5", "B4", "B4", "B4", "A4", "A4", "B4", "F#4", "G4", "D4"], "contour3": [null, "=", "+", "+", "-", "+", "=", "+", "-", "-", "+", "-", "=", "=", "-", "=", "+", "-", "+", "-"], "contour5": [null, "=", "+", "+", "--", "++", "=", "+", "-", "-", "+", "--", "=", "=", "-", "=", "+", "--", "+", "--"], "beatstrength": [1.0, 0.25, 0.125, 0.5, 0.25, 1.0, 0.25, 0.125, 0.5, 0.25, 1.0, 0.25, 0.125, 0.5, 0.25, 1.0, 0.25, 0.125, 0.5, 0.25], "beat_str": ["1", "2", "2", "3", "4", "1", "2", "2", "3", "4", "1", "2", "2", "3", "4", "1", "2", "2", "3", "4"], "beat_fraction_str": ["0", "0", "1/2", "0", "0", "0", "0", "1/2", "0", "0", "0", "0", "1/2", "0", "0", "0", "0", "1/2", "0", "0"], "beat": [1.0, 2.0, 2.5, 3.0, 4.0, 1.0, 2.0, 2.5, 3.0, 4.0, 1.0, 2.0, 2.5, 3.0, 4.0, 1.0, 2.0, 2.5, 3.0, 4.0], "timesignature": ["4/4", "4/4", "4/4", "4/4", "4/4", "4/4", "4/4", "4/4", "4/4", "4/4", "4/4", "4/4", "4/4", "4/4", "4/4", "4/4", "4/4", "4/4", "4/4", "4/4"], "gpr2a_Frankland": [null, null, null, null, null, null, null, null, null, null, null, null, null, null, null, null, null, null, null, null], "gpr2b_Frankland": [null, null, null, null, null, null, null, null, null, null, null, null, null, null, null, null, null, null, null, null], "gpr3a_Frankland": [null, null, null, null, 0.7142857142857143, null, null, null, null, null, 0.6666666666666667, null, null, 1.0, null, null, 0.7, null, null, null], "gpr3d_Frankland": [null, null, 0.5, null, null, 0.5, null, 0.5, null, null, 0.5, null, 0.5, null, null, 0.5, null, null, null, null], "gpr_Frankland_sum": [0, 0, 0.5, 0, 0.7142857142857143, 0.5, 0, 0.5, 0, 0, 1.1666666666666667, 0, 0.5, 1.0, 0, 0.5, 0.7, 0, 0, 0], "lbdm_spitch": [null, 0.14164648910411623, 0.07082324455205811, 0.27239709443099275, 1.0, 0.0, 0.14164648910411623, 0.0, 0.0, 0.04047042545831892, 0.3156693185748876, 0.0, 0.0, 0.28329297820823246, 0.0, 0.2360774818401937, 0.5901937046004841, 0.14164648910411623, null, null], "lbdm_sioi": [null, 0.5, 0.5, 1.0, 0.0, 1.0, 0.5, 0.5, 1.0, 0.0, 1.0, 0.5, 0.5, 1.0, 0.0, 1.0, 0.5, 0.5, null, null], "lbdm_srest": [null, 0.0, 0.0, 0.0, 0.0, 0.0, 0.0, 0.0, 0.0, 0.0, 0.0, 0.0, 0.0, 0.0, 0.0, 0.0, 0.0, 0.0, null, null], "lbdm_rpitch": [null, 0.5, 0.0, 0.25, 0.23076923076923078, 0.7777777777777778, 0.5, 0.0, 0.0, 0.0, 0.14285714285714285, 0.6, 0.0, 0.5, 0.5, 0.5, 0.3333333333333333, 0.5, 0.5, null], "lbdm_rioi": [null, 0.3333333333333333, 0.0, 0.3333333333333333, 0.0, 0.0, 0.3333333333333333, 0.0, 0.3333333333333333, 0.0, 0.0, 0.3333333333333333, 0.0, 0.3333333333333333, 0.0, 0.0, 0.3333333333333333, 0.0, 0.3333333333333333, null], "lbdm_rrest": [null, 0.0, 0.0, 0.0, 0.0, 0.0, 0.0, 0.0, 0.0, 0.0, 0.0, 0.0, 0.0, 0.0, 0.0, 0.0, 0.0, 0.0, 0.0, null],