{"id": "KB4401400002", "tunefamily": "", "year": -1, "tunefamily_full": "", "type": "", "freemeter": false, "origin": "", "features": {"scaledegree": [3, 1, 3, 3, 4, 5, 7, 1, 3, 7, 5, 3, 1, 1], "scaledegreespecifier": ["m", "P", "m", "m", "P", "P", "m", "P", "m", "m", "P", "m", "P", "P"], "tonic": ["D", "D", "D", "D", "D", "D", "D", "D", "D", "D", "D", "D", "D", "D"], "mode": ["minor", "minor", "minor", "minor", "minor", "minor", "minor", "minor", "minor", "minor", "minor", "minor", "minor", "minor"], "metriccontour": [null, "-", "+", "+", "-", "+", "-", "+", "-", "+", "-", "+", "-", "+"], "imaweight": [0.268116, 0.181159, 0.297101, 1.0, 0.615942, 0.84058, 0.521739, 0.971014, 0.492754, 0.818841, 0.557971, 0.963768, 0.442029, 0.594203], "imaweight_spectral": [1.0, 0.833333, 0.94, 0.946667, 0.566667, 0.8, 0.48, 0.92, 0.453333, 0.78, 0.513333, 0.913333, 0.86, 1.0], "pitch40_hewlett": [140, 129, 140, 140, 146, 152, 163, 169, 180, 163, 152, 140, 129, 129], "pitch40_sapp": [179, 168, 179, 179, 185, 191, 202, 208, 219, 202, 191, 179, 168, 168], "octave": [4, 4, 4, 4, 4, 4, 5, 5, 5, 5, 4, 4, 4, 4], "midipitch": [65, 62, 65, 65, 67, 69, 72, 74, 77, 72, 69, 65, 62, 62], "diatonicpitch": [30, 28, 30, 30, 31, 32, 34, 35, 37, 34, 32, 30, 28, 28], "diatonicinterval": [null, -2, 2, 0, 1, 1, 2, 1, 2, -3, -2, -2, -2, 0], "chromaticinterval": [null, -3, 3, 0, 2, 2, 3, 2, 3, -5, -3, -4, -3, 0], "pitchproximity": [null, null, 3, 0, 2, 2, 3, 2, 3, 5, 3, 4, 3, 0], "pitchreversal": [null, null, 1.5, 0, 0, 0, 0, 0, 0, 1.5, 0, 0, 0, 0], "nextisrest": [false, false, false, false, false, false, false, false, false, false, false, false, false, null], "restduration_frac": [null, null, null, null, null, null, null, null, null, null, null, null, null, null], "duration": [1.0, 1.0, 2.0, 0.5, 0.5, 0.5, 0.5, 0.5, 0.5, 0.5, 0.5, 1.0, 1.0, 2.0], "duration_frac": ["1", "1", "2", "1/2", "1/2", "1/2", "1/2", "1/2", "1/2", "1/2", "1/2", "1", "1", "2"], "duration_fullname": ["Quarter", "Quarter", "Half", "Eighth", "Eighth", "Eighth", "Eighth", "Eighth", "Eighth", "Eighth", "Eighth", "Quarter", "Quarter", "Half"], "durationcontour": [null, "=", "+", "-", "=", "=", "=", "=", "=", "=", "=", "+", "=", "+"], "onsettick": [0, 2, 4, 8, 9, 10, 11, 12, 13, 14, 15, 16, 18, 20], "beatfraction": ["1", "1", "2", "1/2", "1/2", "1/2", "1/2", "1/2", "1/2", "1/2", "1/2", "1", "1", "2"], "phrasepos": [0.0, 0.1, 0.2, 0.4, 0.45, 0.5, 0.55, 0.6, 0.65, 0.7, 0.75, 0.8, 0.9, 1.0], "phrase_ix": [0, 0, 0, 0, 0, 0, 0, 0, 0, 0, 0, 0, 0, 0], "phrase_end": [false, false, false, false, false, false, false, false, false, false, false, false, false, true], "songpos": [0.0, 0.1, 0.2, 0.4, 0.45, 0.5, 0.55, 0.6, 0.65, 0.7, 0.75, 0.8, 0.9, 1.0], "beatinsong": ["0", "1", "2", "4", "9/2", "5", "11/2", "6", "13/2", "7", "15/2", "8", "9", "10"], "beatinphrase": ["0", "1", "2", "4", "9/2", "5", "11/2", "6", "13/2", "7", "15/2", "8", "9", "10"], "beatinphrase_end": ["-8", "-7", "-6", "-4", "-7/2", "-3", "-5/2", "-2", "-3/2", "-1", "-1/2", "0", "1", "2"], "IOI_frac": ["1", "1", "2", "1/2", "1/2", "1/2", "1/2", "1/2", "1/2", "1/2", "1/2", "1", "1", null], "IOI": [1.0, 1.0, 2.0, 0.5, 0.5, 0.5, 0.5, 0.5, 0.5, 0.5, 0.5, 1.0, 1.0, null], "IOR_frac": [null, "1", "2", "1/4", "1", "1", "1", "1", "1", "1", "1", "2", "1", null], "IOR": [null, 1.0, 2.0, 0.25, 1.0, 1.0, 1.0, 1.0, 1.0, 1.0, 1.0, 2.0, 1.0, null], "imacontour": [null, "-", "+", "+", "-", "+", "-", "+", "-", "+", "-", "+", "-", "+"], "pitch": ["F4", "D4", "F4", "F4", "G4", "A4", "C5", "D5", "F5", "C5", "A4", "F4", "D4", "D4"], "contour3": [null, "-", "+", "=", "+", "+", "+", "+", "+", "-", "-", "-", "-", "="], "contour5": [null, "--", "++", "=", "+", "+", "++", "+", "++", "--", "--", "--", "--", "="], "beatstrength": [1.0, 0.25, 0.5, 1.0, 0.125, 0.25, 0.125, 0.5, 0.125, 0.25, 0.125, 1.0, 0.25, 0.5], "beat_str": ["1", "2", "3", "1", "1", "2", "2", "3", "3", "4", "4", "1", "2", "3"], "beat_fraction_str": ["0", "0", "0", "0", "1/2", "0", "1/2", "0", "1/2", "0", "1/2", "0", "0", "0"], "beat": [1.0, 2.0, 3.0, 1.0, 1.5, 2.0, 2.5, 3.0, 3.5, 4.0, 4.5, 1.0, 2.0, 3.0], "timesignature": ["4/4", "4/4", "4/4", "4/4", "4/4", "4/4", "4/4", "4/4", "4/4", "4/4", "4/4", "4/4", "4/4", "4/4"], "gpr2a_Frankland": [null, null, null, null, null, null, null, null, null, null, null, null, null, null], "gpr2b_Frankland": [null, null, 0.625, null, null, null, null, null, null, null, null, null, null, null], "gpr3a_Frankland": [null, null, null, null, null, 0.33333333333333337, null, null, 0.4, null, 0.25, null, null, null], "gpr3d_Frankland": [null, null, null, null, 0.0, 0.0, 0.0, 0.0, 0.0, null, 0.5, null, null, null], "gpr_Frankland_sum": [0, 0, 0.625, 0, 0, 0.33333333333333337, 0, 0, 0.4, 0, 0.75, 0, 0, 0], "lbdm_spitch": [null, 0.8437500000000001, 0.0, 0.4687500000000001, 0.13392857142857145, 0.40178571428571436, 0.2678571428571429, 0.4821428571428572, 0.9375000000000002, 0.4375000000000001, 0.41666666666666674, 1.0, null, null], "lbdm_sioi": [null, 0.17857142857142855, 1.0, 0.1607142857142857, 0.0, 0.0, 0.0, 0.0, 0.0, 0.0, 0.08928571428571427, 0.17857142857142855, null, null], "lbdm_srest": [null, 0.0, 0.0, 0.0, 0.0, 0.0, 0.0, 0.0, 0.0, 0.0, 0.0, 0.0, null, null], "lbdm_rpitch": [null, 0.0, 0.6, 0.5, 0.0, 0.14285714285714285, 0.14285714285714285, 0.14285714285714285, 0.2, 0.2, 0.1111111111111111, 0.1111111111111111, 0.6, null], "lbdm_rioi": [null, 0.0, 0.3333333333333333, 0.6, 0.0, 0.0, 0.0, 0.0, 0.0, 0.0, 0.0, 0.3333333333333333, 0.0, null], "lbdm_rrest": [null, 0.0, 0.0, 0.0, 0.0, 0.0, 0.0, 0.0, 0.0, 0.0, 0.0, 0.0, 0.0, null], "lbdm_boundarystrength": [null, 0.3002232142857143, 0.5, 0.19754464285714288, 0.03348214285714286, 0.10044642857142859, 0.06696428571428573, 0.1205357142857143, 0.23437500000000006, 0.10937500000000003, 0.14880952380952384, 0.3392857142857143, null, null]}}
