{"id": "KB4405800000", "tunefamily": "", "year": -1, "tunefamily_full": "", "type": "", "freemeter": false, "origin": "", "features": {"scaledegree": [6, 4, 4, 5, 6, 4, 6, 7, 6, 4, 4, 5, 5, 5, 5, 7, 6, 5, 4, 3, 1], "scaledegreespecifier": ["M", "P", "P", "P", "M", "P", "M", "m", "M", "P", "P", "P", "P", "P", "P", "m", "M", "P", "P", "M", "P"], "tonic": ["G", "G", "G", "G", "G", "G", "G", "G", "G", "G", "G", "G", "G", "G", "G", "G", "G", "G", "G", "G", "G"], "mode": ["major", "major", "major", "major", "major", "major", "major", "major", "major", "major", "major", "major", "major", "major", "major", "major", "major", "major", "major", "major", "major"], "metriccontour": [null, "=", "-", "+", "-", "+", "+", "-", "+", "-", "+", "-", "+", "-", "+", "-", "+", "-", "+", "+", "-"], "imaweight": [0.48, 0.68, 0.224, 0.32, 0.416, 0.432, 0.48, 0.424, 0.616, 0.4, 1.0, 0.648, 0.608, 0.672, 0.72, 0.672, 0.832, 0.648, 0.68, 0.552, 0.176], "imaweight_spectral": [0.954802, 0.864407, 0.59322, 0.638418, 0.655367, 0.666667, 0.864407, 0.751412, 1.0, 0.734463, 0.909605, 0.548023, 0.661017, 0.587571, 0.711864, 0.564972, 0.841808, 0.548023, 0.661017, 0.954802, 0.576271], "pitch40_hewlett": [175, 163, 163, 169, 175, 163, 175, 180, 175, 163, 163, 169, 169, 169, 169, 180, 175, 169, 163, 158, 146], "pitch40_sapp": [214, 202, 202, 208, 214, 202, 214, 219, 214, 202, 202, 208, 208, 208, 208, 219, 214, 208, 202, 197, 185], "octave": [5, 5, 5, 5, 5, 5, 5, 5, 5, 5, 5, 5, 5, 5, 5, 5, 5, 5, 5, 4, 4], "midipitch": [76, 72, 72, 74, 76, 72, 76, 77, 76, 72, 72, 74, 74, 74, 74, 77, 76, 74, 72, 71, 67], "diatonicpitch": [33, 31, 31, 32, 33, 31, 33, 34, 33, 31, 31, 32, 32, 32, 32, 34, 33, 32, 31, 30, 28], "diatonicinterval": [null, -2, 0, 1, 1, -2, 2, 1, -1, -2, 0, 1, 0, 0, 0, 2, -1, -1, -1, -1, -2], "chromaticinterval": [null, -4, 0, 2, 2, -4, 4, 1, -1, -4, 0, 2, 0, 0, 0, 3, -1, -2, -2, -1, -4], "pitchproximity": [null, null, 0, 2, 2, 4, 4, 1, 1, 4, 0, 2, 0, 0, 0, 3, 1, 2, 2, 1, 4], "pitchreversal": [null, null, 0, 0, 0, 1.5, 1.5, 0, 1.5, 0, 0, 0, 0, 0, 0, 0, 1.5, 0, 0, 0, 0], "nextisrest": [false, false, false, false, false, false, false, false, false, false, false, false, false, false, false, false, false, false, false, false, null], "restduration_frac": [null, null, null, null, null, null, null, null, null, null, null, null, null, null, null, null, null, null, null, null, null], "duration": [3.0, 0.5, 0.5, 0.5, 0.5, 1.0, 1.0, 2.0, 0.5, 2.5, 0.5, 0.5, 0.5, 0.5, 0.5, 0.5, 0.5, 0.5, 2.0, 0.5, 2.5], "duration_frac": ["3", "1/2", "1/2", "1/2", "1/2", "1", "1", "2", "1/2", "5/2", "1/2", "1/2", "1/2", "1/2", "1/2", "1/2", "1/2", "1/2", "2", "1/2", "5/2"], "duration_fullname": ["Dotted Half", "Eighth", "Eighth", "Eighth", "Eighth", "Quarter", "Quarter", "Half", "Eighth", "Half tied to Eighth (2 1/2 total QL)", "Eighth", "Eighth", "Eighth", "Eighth", "Eighth", "Eighth", "Eighth", "Eighth", "Half", "Eighth", "Half tied to Eighth (2 1/2 total QL)"], "durationcontour": [null, "-", "=", "=", "=", "+", "=", "+", "-", "+", "-", "=", "=", "=", "=", "=", "=", "=", "+", "-", "+"], "onsettick": [0, 6, 7, 8, 9, 10, 12, 14, 18, 19, 24, 25, 26, 27, 28, 29, 30, 31, 32, 36, 37], "beatfraction": ["3", "1/2", "1/2", "1/2", "1/2", "1", "1", "2", "1/2", "5/2", "1/2", "1/2", "1/2", "1/2", "1/2", "1/2", "1/2", "1/2", "2", "1/2", "5/2"], "phrasepos": [0.0, 0.3157894736842105, 0.3684210526315789, 0.42105263157894735, 0.47368421052631576, 0.5263157894736842, 0.631578947368421, 0.7368421052631579, 0.9473684210526315, 1.0, 0.0, 0.07692307692307693, 0.15384615384615385, 0.23076923076923078, 0.3076923076923077, 0.38461538461538464, 0.46153846153846156, 0.5384615384615384, 0.6153846153846154, 0.9230769230769231, 1.0], "phrase_ix": [0, 0, 0, 0, 0, 0, 0, 0, 0, 0, 1, 1, 1, 1, 1, 1, 1, 1, 1, 1, 1], "phrase_end": [false, false, false, false, false, false, false, false, false, true, false, false, false, false, false, false, false, false, false, false, true], "songpos": [0.0, 0.16216216216216217, 0.1891891891891892, 0.21621621621621623, 0.24324324324324326, 0.2702702702702703, 0.32432432432432434, 0.3783783783783784, 0.4864864864864865, 0.5135135135135135, 0.6486486486486487, 0.6756756756756757, 0.7027027027027027, 0.7297297297297297, 0.7567567567567568, 0.7837837837837838, 0.8108108108108109, 0.8378378378378378, 0.8648648648648649, 0.972972972972973, 1.0], "beatinsong": ["0", "3", "7/2", "4", "9/2", "5", "6", "7", "9", "19/2", "12", "25/2", "13", "27/2", "14", "29/2", "15", "31/2", "16", "18", "37/2"], "beatinphrase": ["0", "3", "7/2", "4", "9/2", "5", "6", "7", "9", "19/2", "0", "1/2", "1", "3/2", "2", "5/2", "3", "7/2", "4", "6", "13/2"], "beatinphrase_end": ["-9", "-6", "-11/2", "-5", "-9/2", "-4", "-3", "-2", "0", "1/2", "-6", "-11/2", "-5", "-9/2", "-4", "-7/2", "-3", "-5/2", "-2", "0", "1/2"], "IOI_frac": ["3", "1/2", "1/2", "1/2", "1/2", "1", "1", "2", "1/2", "5/2", "1/2", "1/2", "1/2", "1/2", "1/2", "1/2", "1/2", "1/2", "2", "1/2", null], "IOI": [3.0, 0.5, 0.5, 0.5, 0.5, 1.0, 1.0, 2.0, 0.5, 2.5, 0.5, 0.5, 0.5, 0.5, 0.5, 0.5, 0.5, 0.5, 2.0, 0.5, null], "IOR_frac": [null, "1/6", "1", "1", "1", "2", "1", "2", "1/4", "5", "1/5", "1", "1", "1", "1", "1", "1", "1", "4", "1/4", null], "IOR": [null, 0.16666666666666666, 1.0, 1.0, 1.0, 2.0, 1.0, 2.0, 0.25, 5.0, 0.2, 1.0, 1.0, 1.0, 1.0, 1.0, 1.0, 1.0, 4.0, 0.25, null], "imacontour": [null, "+", "-", "+", "+", "+", "+", "-", "+", "-", "+", "-", "-", "+", "+", "-", "+", "-", "+", "-", "-"], "pitch": ["E5", "C5", "C5", "D5", "E5", "C5", "E5", "F5", "E5", "C5", "C5", "D5", "D5", "D5", "D5", "F5", "E5", "D5", "C5", "B4", "G4"], "contour3": [null, "-", "=", "+", "+", "-", "+", "+", "-", "-", "=", "+", "=", "=", "=", "+", "-", "-", "-", "-", "-"], "contour5": [null, "--", "=", "+", "+", "--", "++", "+", "-", "--", "=", "+", "=", "=", "=", "++", "-", "-", "-", "-", "--"], "beatstrength": [1.0, 1.0, 0.25, 0.5, 0.25, 0.5, 1.0, 0.5, 1.0, 0.25, 1.0, 0.25, 0.5, 0.25, 0.5, 0.25, 1.0, 0.25, 0.5, 1.0, 0.25], "beat_str": ["1", "1", "1", "2", "2", "3", "1", "2", "1", "1", "1", "1", "2", "2", "3", "3", "1", "1", "2", "1", "1"], "beat_fraction_str": ["0", "0", "1/2", "0", "1/2", "0", "0", "0", "0", "1/2", "0", "1/2", "0", "1/2", "0", "1/2", "0", "1/2", "0", "0", "1/2"], "beat": [1.0, 1.0, 1.5, 2.0, 2.5, 3.0, 1.0, 2.0, 1.0, 1.5, 1.0, 1.5, 2.0, 2.5, 3.0, 3.5, 1.0, 1.5, 2.0, 1.0, 1.5], "timesignature": ["3/4", "3/4", "3/4", "3/4", "3/4", "3/4", "3/4", "3/4", "3/4", "3/4", "3/4", "3/4", "3/4", "3/4", "3/4", "3/4", "3/4", "3/4", "3/4", "3/4", "3/4"], "gpr2a_Frankland": [null, null, null, null, null, null, null, null, null, null, null, null, null, null, null, null, null, null, null, null, null], "gpr2b_Frankland": [null, null, null, null, null, null, null, 0.625, null, 0.8, null, null, null, null, null, null, null, null, 0.75, null, null], "gpr3a_Frankland": [null, null, null, null, null, null, null, null, 0.875, null, 1.0, null, null, null, 0.8333333333333334, null, null, null, null, null, null], "gpr3d_Frankland": [null, null, 0.0, null, 0.5, null, null, null, null, null, null, 0.0, 0.0, 0.0, 0.0, 0.0, null, null, null, null, null], "gpr_Frankland_sum": [0, 0, 0, 0, 0.5, 0, 0, 0.625, 0.875, 0.8, 1.0, 0, 0, 0, 0.8333333333333334, 0, 0, 0, 0.75, 0, 0], "lbdm_spitch": [null, 0.0, 0.2282608695652174, 0.1141304347826087, 0.2282608695652174, 0.391304347826087, 0.09782608695652174, 0.09782608695652174, 1.0, 0.0, 0.4565217391304348, 0.0, 0.0, 0.0, 0.6391304347826087, 0.12173913043478261, 0.09130434782608697, 0.09130434782608697, 0.14347826086956522, null, null], "lbdm_sioi": [null, 0.10714285714285715, 0.0, 0.0, 0.05, 0.1, 0.1, 0.56, 0.19, 1.0, 0.1, 0.0, 0.0, 0.0, 0.0, 0.0, 0.0, 0.09000000000000001, 0.7200000000000001, null, null], "lbdm_srest": [null, 0.0, 0.0, 0.0, 0.0, 0.0, 0.0, 0.0, 0.0, 0.0, 0.0, 0.0, 0.0, 0.0, 0.0, 0.0, 0.0, 0.0, 0.0, null, null],