{"id": "KB4405600000", "tunefamily": "", "year": -1, "tunefamily_full": "", "type": "", "freemeter": false, "origin": "", "features": {"scaledegree": [1, 1, 1, 2, 2, 4, 4, 3, 2, 1, 3, 1, 1, 2, 2, 4, 3, 2, 1, 3], "scaledegreespecifier": ["P", "P", "P", "M", "M", "P", "P", "M", "M", "P", "M", "P", "P", "M", "M", "P", "M", "M", "P", "M"], "tonic": ["C", "C", "C", "C", "C", "C", "C", "C", "C", "C", "C", "C", "C", "C", "C", "C", "C", "C", "C", "C"], "mode": ["major", "major", "major", "major", "major", "major", "major", "major", "major", "major", "major", "major", "major", "major", "major", "major", "major", "major", "major", "major"], "metriccontour": [null, "-", "=", "+", "-", "+", "-", "+", "=", "+", "-", "+", "-", "+", "-", "+", "-", "=", "+", "-"], "imaweight": [1.0, 0.58209, 0.507463, 0.58209, 0.970149, 0.813433, 0.149254, 0.544776, 0.708955, 0.544776, 0.873134, 0.910448, 0.492537, 0.462687, 0.649254, 0.649254, 0.485075, 0.462687, 0.485075, 0.649254], "imaweight_spectral": [1.0, 0.622951, 0.617486, 0.622951, 0.956284, 0.819672, 0.10929, 0.57377, 0.765027, 0.595628, 0.885246, 1.0, 0.644809, 0.622951, 0.956284, 0.868852, 0.57377, 0.73224, 0.551913, 0.89071], "pitch40_hewlett": [163, 163, 163, 169, 169, 180, 180, 175, 169, 163, 175, 163, 163, 169, 169, 180, 175, 169, 163, 175], "pitch40_sapp": [202, 202, 202, 208, 208, 219, 219, 214, 208, 202, 214, 202, 202, 208, 208, 219, 214, 208, 202, 214], "octave": [5, 5, 5, 5, 5, 5, 5, 5, 5, 5, 5, 5, 5, 5, 5, 5, 5, 5, 5, 5], "midipitch": [72, 72, 72, 74, 74, 77, 77, 76, 74, 72, 76, 72, 72, 74, 74, 77, 76, 74, 72, 76], "diatonicpitch": [35, 35, 35, 36, 36, 38, 38, 37, 36, 35, 37, 35, 35, 36, 36, 38, 37, 36, 35, 37], "diatonicinterval": [null, 0, 0, 1, 0, 2, 0, -1, -1, -1, 2, -2, 0, 1, 0, 2, -1, -1, -1, 2], "chromaticinterval": [null, 0, 0, 2, 0, 3, 0, -1, -2, -2, 4, -4, 0, 2, 0, 3, -1, -2, -2, 4], "pitchproximity": [null, null, 0, 2, 0, 3, 0, 1, 2, 2, 4, 4, 0, 2, 0, 3, 1, 2, 2, 4], "pitchreversal": [null, null, 0, 0, 0, 0, 0, 0, 0, 0, 1.5, 1.5, 0, 0, 0, 0, 1.5, 0, 0, 1.5], "nextisrest": [false, false, false, false, false, false, false, false, false, false, false, false, false, false, false, false, false, false, false, null], "restduration_frac": [null, null, null, null, null, null, null, null, null, null, null, null, null, null, null, null, null, null, null, null], "duration": [1.0, 1.0, 1.0, 1.0, 2.0, 0.5, 0.5, 1.0, 1.0, 1.0, 2.0, 1.0, 2.0, 1.0, 2.0, 1.0, 1.0, 1.0, 1.0, 2.0], "duration_frac": ["1", "1", "1", "1", "2", "1/2", "1/2", "1", "1", "1", "2", "1", "2", "1", "2", "1", "1", "1", "1", "2"], "duration_fullname": ["Quarter", "Quarter", "Quarter", "Quarter", "Half", "Eighth", "Eighth", "Quarter", "Quarter", "Quarter", "Half", "Quarter", "Half", "Quarter", "Half", "Quarter", "Quarter", "Quarter", "Quarter", "Half"], "durationcontour": [null, "=", "=", "=", "+", "-", "=", "+", "=", "=", "+", "-", "+", "-", "+", "-", "=", "=", "=", "+"], "onsettick": [0, 2, 4, 6, 8, 12, 13, 14, 16, 18, 20, 24, 26, 30, 32, 36, 38, 40, 42, 44], "beatfraction": ["1", "1", "1", "1", "2", "1/2", "1/2", "1", "1", "1", "2", "1", "2", "1", "2", "1", "1", "1", "1", "2"], "phrasepos": [0.0, 0.1, 0.2, 0.3, 0.4, 0.6, 0.65, 0.7, 0.8, 0.9, 1.0, 0.0, 0.1, 0.3, 0.4, 0.6, 0.7, 0.8, 0.9, 1.0], "phrase_ix": [0, 0, 0, 0, 0, 0, 0, 0, 0, 0, 0, 1, 1, 1, 1, 1, 1, 1, 1, 1], "phrase_end": [false, false, false, false, false, false, false, false, false, false, true, false, false, false, false, false, false, false, false, true], "songpos": [0.0, 0.045454545454545456, 0.09090909090909091, 0.13636363636363635, 0.18181818181818182, 0.2727272727272727, 0.29545454545454547, 0.3181818181818182, 0.36363636363636365, 0.4090909090909091, 0.45454545454545453, 0.5454545454545454, 0.5909090909090909, 0.6818181818181818, 0.7272727272727273, 0.8181818181818182, 0.8636363636363636, 0.9090909090909091, 0.9545454545454546, 1.0], "beatinsong": ["0", "1", "2", "3", "4", "6", "13/2", "7", "8", "9", "10", "12", "13", "15", "16", "18", "19", "20", "21", "22"], "beatinphrase": ["0", "1", "2", "3", "4", "6", "13/2", "7", "8", "9", "10", "0", "1", "3", "4", "6", "7", "8", "9", "10"], "beatinphrase_end": ["-9", "-8", "-7", "-6", "-5", "-3", "-5/2", "-2", "-1", "0", "1", "-9", "-8", "-6", "-5", "-3", "-2", "-1", "0", "1"], "IOI_frac": ["1", "1", "1", "1", "2", "1/2", "1/2", "1", "1", "1", "2", "1", "2", "1", "2", "1", "1", "1", "1", null], "IOI": [1.0, 1.0, 1.0, 1.0, 2.0, 0.5, 0.5, 1.0, 1.0, 1.0, 2.0, 1.0, 2.0, 1.0, 2.0, 1.0, 1.0, 1.0, 1.0, null], "IOR_frac": [null, "1", "1", "1", "2", "1/4", "1", "2", "1", "1", "2", "1/2", "2", "1/2", "2", "1/2", "1", "1", "1", null], "IOR": [null, 1.0, 1.0, 1.0, 2.0, 0.25, 1.0, 2.0, 1.0, 1.0, 2.0, 0.5, 2.0, 0.5, 2.0, 0.5, 1.0, 1.0, 1.0, null], "imacontour": [null, "-", "-", "+", "+", "-", "-", "+", "+", "-", "+", "+", "-", "-", "+", "=", "-", "-", "+", "+"], "pitch": ["C5", "C5", "C5", "D5", "D5", "F5", "F5", "E5", "D5", "C5", "E5", "C5", "C5", "D5", "D5", "F5", "E5", "D5", "C5", "E5"], "contour3": [null, "=", "=", "+", "=", "+", "=", "-", "-", "-", "+", "-", "=", "+", "=", "+", "-", "-", "-", "+"], "contour5": [null, "=", "=", "+", "=", "++", "=", "-", "-", "-", "++", "--", "=", "+", "=", "++", "-", "-", "-", "++"], "beatstrength": [1.0, 0.5, 0.5, 1.0, 0.5, 1.0, 0.25, 0.5, 0.5, 1.0, 0.5, 1.0, 0.5, 1.0, 0.5, 1.0, 0.5, 0.5, 1.0, 0.5], "beat_str": ["1", "2", "3", "1", "2", "1", "1", "2", "3", "1", "2", "1", "2", "1", "2", "1", "2", "3", "1", "2"], "beat_fraction_str": ["0", "0", "0", "0", "0", "0", "1/2", "0", "0", "0", "0", "0", "0", "0", "0", "0", "0", "0", "0", "0"], "beat": [1.0, 2.0, 3.0, 1.0, 2.0, 1.0, 1.5, 2.0, 3.0, 1.0, 2.0, 1.0, 2.0, 1.0, 2.0, 1.0, 2.0, 3.0, 1.0, 2.0], "timesignature": ["3/4", "3/4", "3/4", "3/4", "3/4", "3/4", "3/4", "3/4", "3/4", "3/4", "3/4", "3/4", "3/4", "3/4", "3/4", "3/4", "3/4", "3/4", "3/4", "3/4"], "gpr2a_Frankland": [null, null, null, null, null, null, null, null, null, null, null, null, null, null, null, null, null, null, null, null], "gpr2b_Frankland": [null, null, null, null, 0.625, null, null, null, null, null, 0.5, null, 0.5, null, 0.5, null, null, null, null, null], "gpr3a_Frankland": [null, null, 1.0, null, 1.0, null, null, null, null, null, null, null, 1.0, null, 0.8333333333333334, null, null, null, null, null], "gpr3d_Frankland": [null, 0.0, null, null, null, null, 0.5, null, null, null, null, null, null, null, null, null, 0.0, null, null, null], "gpr_Frankland_sum": [0, 0, 1.0, 0, 1.625, 0, 0.5, 0, 0, 0, 0.5, 0, 1.5, 0, 1.3333333333333335, 0, 0, 0, 0, 0], "lbdm_spitch": [null, 0.0, 0.5555555555555556, 0.0, 1.0, 0.0, 0.14814814814814817, 0.11111111111111113, 0.1388888888888889, 0.2777777777777778, 0.7407407407407408, 0.0, 0.5555555555555556, 0.0, 0.7777777777777778, 0.14814814814814817, 0.11111111111111113, 0.1388888888888889, null, null], "lbdm_sioi": [null, 0.0, 0.0, 0.17857142857142855, 1.0, 0.1607142857142857, 0.08928571428571427, 0.17857142857142855, 0.0, 0.17857142857142855, 0.7142857142857142, 0.3571428571428571, 0.7142857142857142, 0.3571428571428571, 0.7142857142857142, 0.17857142857142855, 0.0, 0.0, null, null], "lbdm_srest": [null, 0.0, 0.0, 0.0, 0.0, 0.0, 0.0, 0.0, 0.0, 0.0, 0.0, 0.0, 0.0, 0.0, 0.0, 0.0, 0.0, 0.0, null, null], "lbdm_rpitch": [null, 0.0, 0.5, 0.5, 0.6, 0.6, 0.3333333333333333, 0.2, 0.0, 0.25, 0.0, 0.6666666666666666, 0.5, 0.5, 0.6, 0.3333333333333333, 0.2, 0.0, 0.25, null], "lbdm_rioi": [null, 0.0, 0.0, 0.0, 0.3333333333333333, 0.6, 0.0, 0.3333333333333333, 0.0, 0.0, 0.3333333333333333, 0.3333333333333333, 0.3333333333333333, 0.3333333333333333, 0.3333333333333333, 0.3333333333333333, 0.0, 0.0, 0.0, null], "lbdm_rrest": [null, 0.0, 0.0, 0.0, 0.0, 0.0, 0.0, 0.0, 0.0, 0.0, 0.0, 0.0, 0.0, 0.0, 0.0, 0.0, 0.0, 0.0, 0.0, null],