{"id": "KB45192400000", "tunefamily": "", "year": -1, "tunefamily_full": "", "type": "", "freemeter": false, "origin": "", "features": {"scaledegree": [5, 5, 4, 4, 3, 3, 1, 2, 7, 1, 3, 3, 4, 3, 2, 5, 3, 1, 2, 7, 1], "scaledegreespecifier": ["P", "P", "P", "P", "M", "M", "P", "M", "M", "P", "M", "M", "P", "M", "M", "P", "M", "P", "M", "M", "P"], "tonic": ["C", "C", "C", "C", "C", "C", "C", "C", "C", "C", "C", "C", "C", "C", "C", "C", "C", "C", "C", "C", "C"], "mode": ["major", "major", "major", "major", "major", "major", "major", "major", "major", "major", "major", "major", "major", "major", "major", "major", "major", "major", "major", "major", "major"], "metriccontour": [null, "-", "+", "-", "+", "-", "=", "+", "-", "+", "=", "-", "-", "+", "-", "+", "-", "-", "+", "-", "+"], "imaweight": [0.758621, 0.362069, 0.724138, 0.5, 0.724138, 0.267241, 0.318966, 0.775862, 0.362069, 0.913793, 1.0, 0.5, 0.206897, 0.525862, 0.353448, 0.896552, 0.491379, 0.25, 0.827586, 0.353448, 0.732759], "imaweight_spectral": [0.87037, 0.62963, 0.790123, 0.62963, 0.839506, 0.364198, 0.450617, 0.950617, 0.45679, 1.0, 0.864198, 0.438272, 0.148148, 0.5, 0.302469, 0.87037, 0.598765, 0.358025, 0.814815, 0.401235, 0.919753], "pitch40_hewlett": [186, 186, 180, 180, 175, 175, 163, 169, 158, 163, 175, 175, 180, 175, 169, 186, 175, 163, 169, 158, 163], "pitch40_sapp": [225, 225, 219, 219, 214, 214, 202, 208, 197, 202, 214, 214, 219, 214, 208, 225, 214, 202, 208, 197, 202], "octave": [5, 5, 5, 5, 5, 5, 5, 5, 4, 5, 5, 5, 5, 5, 5, 5, 5, 5, 5, 4, 5], "midipitch": [79, 79, 77, 77, 76, 76, 72, 74, 71, 72, 76, 76, 77, 76, 74, 79, 76, 72, 74, 71, 72], "diatonicpitch": [39, 39, 38, 38, 37, 37, 35, 36, 34, 35, 37, 37, 38, 37, 36, 39, 37, 35, 36, 34, 35], "diatonicinterval": [null, 0, -1, 0, -1, 0, -2, 1, -2, 1, 2, 0, 1, -1, -1, 3, -2, -2, 1, -2, 1], "chromaticinterval": [null, 0, -2, 0, -1, 0, -4, 2, -3, 1, 4, 0, 1, -1, -2, 5, -3, -4, 2, -3, 1], "pitchproximity": [null, null, 2, 0, 1, 0, 4, 2, 3, 1, 4, 0, 1, 1, 2, 5, 3, 4, 2, 3, 1], "pitchreversal": [null, null, 0, 0, 0, 0, 0, 1.5, 1.5, 1.5, 0, 0, 0, 1.5, 0, 0, 1.5, 0, 1.5, 1.5, 1.5], "nextisrest": [false, false, false, false, false, false, false, false, false, false, false, false, false, false, false, false, false, false, false, false, null], "restduration_frac": [null, null, null, null, null, null, null, null, null, null, null, null, null, null, null, null, null, null, null, null, null], "duration": [1.0, 1.0, 1.0, 1.0, 0.5, 1.0, 0.5, 1.5, 0.5, 2.0, 0.5, 0.25, 0.25, 0.5, 0.5, 1.0, 0.5, 0.5, 1.5, 0.5, 2.0], "duration_frac": ["1", "1", "1", "1", "1/2", "1", "1/2", "3/2", "1/2", "2", "1/2", "1/4", "1/4", "1/2", "1/2", "1", "1/2", "1/2", "3/2", "1/2", "2"], "duration_fullname": ["Quarter", "Quarter", "Quarter", "Quarter", "Eighth", "Quarter", "Eighth", "Dotted Quarter", "Eighth", "Half", "Eighth", "16th", "16th", "Eighth", "Eighth", "Quarter", "Eighth", "Eighth", "Dotted Quarter", "Eighth", "Half"], "durationcontour": [null, "=", "=", "=", "-", "+", "-", "+", "-", "+", "-", "-", "=", "+", "=", "+", "-", "=", "+", "-", "+"], "onsettick": [0, 4, 8, 12, 16, 18, 22, 24, 30, 32, 40, 42, 43, 44, 46, 48, 52, 54, 56, 62, 64], "beatfraction": ["1", "1", "1", "1", "1/2", "1", "1/2", "3/2", "1/2", "2", "1/2", "1/4", "1/4", "1/2", "1/2", "1", "1/2", "1/2", "3/2", "1/2", "2"], "phrasepos": [0.0, 0.125, 0.25, 0.375, 0.5, 0.5625, 0.6875, 0.75, 0.9375, 1.0, 0.0, 0.08333333333333333, 0.125, 0.16666666666666666, 0.25, 0.3333333333333333, 0.5, 0.5833333333333334, 0.6666666666666666, 0.9166666666666666, 1.0], "phrase_ix": [0, 0, 0, 0, 0, 0, 0, 0, 0, 0, 1, 1, 1, 1, 1, 1, 1, 1, 1, 1, 1], "phrase_end": [false, false, false, false, false, false, false, false, false, true, false, false, false, false, false, false, false, false, false, false, true], "songpos": [0.0, 0.0625, 0.125, 0.1875, 0.25, 0.28125, 0.34375, 0.375, 0.46875, 0.5, 0.625, 0.65625, 0.671875, 0.6875, 0.71875, 0.75, 0.8125, 0.84375, 0.875, 0.96875, 1.0], "beatinsong": ["0", "1", "2", "3", "4", "9/2", "11/2", "6", "15/2", "8", "10", "21/2", "43/4", "11", "23/2", "12", "13", "27/2", "14", "31/2", "16"], "beatinphrase": ["0", "1", "2", "3", "4", "9/2", "11/2", "6", "15/2", "8", "0", "1/2", "3/4", "1", "3/2", "2", "3", "7/2", "4", "11/2", "6"], "beatinphrase_end": ["-8", "-7", "-6", "-5", "-4", "-7/2", "-5/2", "-2", "-1/2", "0", "-6", "-11/2", "-21/4", "-5", "-9/2", "-4", "-3", "-5/2", "-2", "-1/2", "0"], "IOI_frac": ["1", "1", "1", "1", "1/2", "1", "1/2", "3/2", "1/2", "2", "1/2", "1/4", "1/4", "1/2", "1/2", "1", "1/2", "1/2", "3/2", "1/2", null], "IOI": [1.0, 1.0, 1.0, 1.0, 0.5, 1.0, 0.5, 1.5, 0.5, 2.0, 0.5, 0.25, 0.25, 0.5, 0.5, 1.0, 0.5, 0.5, 1.5, 0.5, null], "IOR_frac": [null, "1", "1", "1", "1/2", "2", "1/2", "3", "1/3", "4", "1/4", "1/2", "1", "2", "1", "2", "1/2", "1", "3", "1/3", null], "IOR": [null, 1.0, 1.0, 1.0, 0.5, 2.0, 0.5, 3.0, 0.3333333333333333, 4.0, 0.25, 0.5, 1.0, 2.0, 1.0, 2.0, 0.5, 1.0, 3.0, 0.3333333333333333, null], "imacontour": [null, "-", "+", "-", "+", "-", "+", "+", "-", "+", "+", "-", "-", "+", "-", "+", "-", "-", "+", "-", "+"], "pitch": ["G5", "G5", "F5", "F5", "E5", "E5", "C5", "D5", "B4", "C5", "E5", "E5", "F5", "E5", "D5", "G5", "E5", "C5", "D5", "B4", "C5"], "contour3": [null, "=", "-", "=", "-", "=", "-", "+", "-", "+", "+", "=", "+", "-", "-", "+", "-", "-", "+", "-", "+"], "contour5": [null, "=", "-", "=", "-", "=", "--", "+", "--", "+", "++", "=", "+", "-", "-", "++", "--", "--", "+", "--", "+"], "beatstrength": [1.0, 0.5, 1.0, 0.5, 1.0, 0.25, 0.25, 1.0, 0.25, 1.0, 1.0, 0.25, 0.125, 0.5, 0.25, 1.0, 0.5, 0.25, 1.0, 0.25, 1.0], "beat_str": ["1", "2", "1", "2", "1", "1", "2", "1", "2", "1", "1", "1", "1", "2", "2", "1", "2", "2", "1", "2", "1"], "beat_fraction_str": ["0", "0", "0", "0", "0", "1/2", "1/2", "0", "1/2", "0", "0", "1/2", "3/4", "0", "1/2", "0", "0", "1/2", "0", "1/2", "0"], "beat": [1.0, 2.0, 1.0, 2.0, 1.0, 1.5, 2.5, 1.0, 2.5, 1.0, 1.0, 1.5, 1.75, 2.0, 2.5, 1.0, 2.0, 2.5, 1.0, 2.5, 1.0], "timesignature": ["2/4", "2/4", "2/4", "2/4", "2/4", "2/4", "2/4", "2/4", "2/4", "2/4", "2/4", "2/4", "2/4", "2/4", "2/4", "2/4", "2/4", "2/4", "2/4", "2/4", "2/4"], "gpr2a_Frankland": [null, null, null, null, null, null, null, null, null, null, null, null, null, null, null, null, null, null, null, null, null], "gpr2b_Frankland": [null, null, null, null, null, 0.5, null, 0.6666666666666667, null, 0.75, null, null, null, null, null, 0.5, null, null, 0.6666666666666667, null, null], "gpr3a_Frankland": [null, 1.0, null, 1.0, null, 0.75, null, 0.5, null, 0.875, null, null, null, null, 0.5, null, 0.375, null, 0.5, null, null], "gpr3d_Frankland": [null, 0.0, null, null, null, null, null, null, null, null, null, null, 0.5, null, null, null, null, null, null, null, null], "gpr_Frankland_sum": [0, 1.0, 0, 1.0, 0, 1.25, 0, 1.1666666666666667, 0, 1.625, 0, 0, 0.5, 0, 0.5, 0.5, 0.375, 0, 1.1666666666666667, 0, 0], "lbdm_spitch": [null, 0.4565217391304348, 0.0, 0.15217391304347827, 0.0, 0.8369565217391305, 0.17934782608695654, 0.32608695652173914, 0.17391304347826086, 1.0, 0.0, 0.07608695652173914, 0.045652173913043485, 0.24347826086956523, 0.6086956521739131, 0.21304347826086958, 0.32971014492753625, 0.17934782608695654, 0.32608695652173914, null, null], "lbdm_sioi": [null, 0.0, 0.0, 0.1388888888888889, 0.1388888888888889, 0.2777777777777778, 0.1736111111111111, 0.625, 0.22916666666666669, 1.0, 0.19444444444444445, 0.034722222222222224, 0.034722222222222224, 0.06944444444444445, 0.06944444444444445, 0.2777777777777778, 0.06944444444444445, 0.10416666666666667, 0.625, null, null], "lbdm_srest": [null, 0.0, 0.0, 0.0, 0.0, 0.0, 0.0, 0.0, 0.0, 0.0, 0.0, 0.0, 0.0, 0.0, 0.0, 0.0, 0.0, 0.0, 0.0, null, null],