{"id": "KB45221500000", "tunefamily": "", "year": -1, "tunefamily_full": "", "type": "", "freemeter": false, "origin": "", "features": {"scaledegree": [5, 4, 3, 2, 1, 7, 5, 1, 7, 1, 5, 5, 4, 3, 2, 3, 7, 1], "scaledegreespecifier": ["P", "P", "M", "M", "P", "M", "P", "P", "M", "P", "P", "P", "P", "M", "M", "M", "M", "P"], "tonic": ["C", "C", "C", "C", "C", "C", "C", "C", "C", "C", "C", "C", "C", "C", "C", "C", "C", "C"], "mode": ["major", "major", "major", "major", "major", "major", "major", "major", "major", "major", "major", "major", "major", "major", "major", "major", "major", "major"], "metriccontour": [null, "-", "=", "-", "+", "-", "+", "+", "-", "+", "-", "+", "-", "=", "-", "+", "=", "+"], "imaweight": [0.944444, 0.944444, 1.0, 0.12963, 0.981481, 0.12963, 1.0, 0.944444, 0.925926, 0.944444, 0.907407, 0.925926, 0.925926, 0.925926, 0.0740741, 0.925926, 0.925926, 0.925926], "imaweight_spectral": [0.965517, 0.982759, 0.948276, 0.155172, 0.931034, 0.137931, 0.982759, 0.965517, 0.948276, 1.0, 0.948276, 0.948276, 0.982759, 0.965517, 0.155172, 0.931034, 0.965517, 0.982759], "pitch40_hewlett": [146, 180, 175, 169, 163, 158, 146, 163, 158, 163, 146, 146, 180, 175, 169, 175, 158, 163], "pitch40_sapp": [185, 219, 214, 208, 202, 197, 185, 202, 197, 202, 185, 185, 219, 214, 208, 214, 197, 202], "octave": [4, 5, 5, 5, 5, 4, 4, 5, 4, 5, 4, 4, 5, 5, 5, 5, 4, 5], "midipitch": [67, 77, 76, 74, 72, 71, 67, 72, 71, 72, 67, 67, 77, 76, 74, 76, 71, 72], "diatonicpitch": [32, 38, 37, 36, 35, 34, 32, 35, 34, 35, 32, 32, 38, 37, 36, 37, 34, 35], "diatonicinterval": [null, 6, -1, -1, -1, -1, -2, 3, -1, 1, -3, 0, 6, -1, -1, 1, -3, 1], "chromaticinterval": [null, 10, -1, -2, -2, -1, -4, 5, -1, 1, -5, 0, 10, -1, -2, 2, -5, 1], "pitchproximity": [null, null, 1, 2, 2, 1, 4, 5, 1, 1, 5, 0, 10, 1, 2, 2, 5, 1], "pitchreversal": [null, null, 1, 0, 0, 0, 0, 1.5, 0, 1.5, 0, 0, 0, 1, 0, 1.5, 0, 0], "nextisrest": [false, false, false, false, false, false, false, false, false, false, false, false, false, false, false, false, false, null], "restduration_frac": [null, null, null, null, null, null, null, null, null, null, null, null, null, null, null, null, null, null], "duration": [1.0, 1.0, 0.5, 0.5, 0.5, 0.5, 1.0, 1.0, 1.0, 1.0, 1.0, 1.0, 1.0, 0.5, 0.5, 1.0, 1.0, 2.0], "duration_frac": ["1", "1", "1/2", "1/2", "1/2", "1/2", "1", "1", "1", "1", "1", "1", "1", "1/2", "1/2", "1", "1", "2"], "duration_fullname": ["Quarter", "Quarter", "Eighth", "Eighth", "Eighth", "Eighth", "Quarter", "Quarter", "Quarter", "Quarter", "Quarter", "Quarter", "Quarter", "Eighth", "Eighth", "Quarter", "Quarter", "Half"], "durationcontour": [null, "=", "-", "=", "=", "=", "+", "=", "=", "=", "=", "=", "=", "-", "=", "+", "=", "+"], "onsettick": [0, 2, 4, 5, 6, 7, 8, 10, 12, 14, 16, 18, 20, 22, 23, 24, 26, 28], "beatfraction": ["1", "1", "1/2", "1/2", "1/2", "1/2", "1", "1", "1", "1", "1", "1", "1", "1/2", "1/2", "1", "1", "2"], "phrasepos": [0.0, 0.07142857142857142, 0.14285714285714285, 0.17857142857142858, 0.21428571428571427, 0.25, 0.2857142857142857, 0.35714285714285715, 0.42857142857142855, 0.5, 0.5714285714285714, 0.6428571428571429, 0.7142857142857143, 0.7857142857142857, 0.8214285714285714, 0.8571428571428571, 0.9285714285714286, 1.0], "phrase_ix": [0, 0, 0, 0, 0, 0, 0, 0, 0, 0, 0, 0, 0, 0, 0, 0, 0, 0], "phrase_end": [false, false, false, false, false, false, false, false, false, false, false, false, false, false, false, false, false, true], "songpos": [0.0, 0.07142857142857142, 0.14285714285714285, 0.17857142857142858, 0.21428571428571427, 0.25, 0.2857142857142857, 0.35714285714285715, 0.42857142857142855, 0.5, 0.5714285714285714, 0.6428571428571429, 0.7142857142857143, 0.7857142857142857, 0.8214285714285714, 0.8571428571428571, 0.9285714285714286, 1.0], "beatinsong": ["0", "1", "2", "5/2", "3", "7/2", "4", "5", "6", "7", "8", "9", "10", "11", "23/2", "12", "13", "14"], "beatinphrase": ["0", "1", "2", "5/2", "3", "7/2", "4", "5", "6", "7", "8", "9", "10", "11", "23/2", "12", "13", "14"], "beatinphrase_end": ["-14", "-13", "-12", "-23/2", "-11", "-21/2", "-10", "-9", "-8", "-7", "-6", "-5", "-4", "-3", "-5/2", "-2", "-1", "0"], "IOI_frac": ["1", "1", "1/2", "1/2", "1/2", "1/2", "1", "1", "1", "1", "1", "1", "1", "1/2", "1/2", "1", "1", null], "IOI": [1.0, 1.0, 0.5, 0.5, 0.5, 0.5, 1.0, 1.0, 1.0, 1.0, 1.0, 1.0, 1.0, 0.5, 0.5, 1.0, 1.0, null], "IOR_frac": [null, "1", "1/2", "1", "1", "1", "2", "1", "1", "1", "1", "1", "1", "1/2", "1", "2", "1", null], "IOR": [null, 1.0, 0.5, 1.0, 1.0, 1.0, 2.0, 1.0, 1.0, 1.0, 1.0, 1.0, 1.0, 0.5, 1.0, 2.0, 1.0, null], "imacontour": [null, "=", "+", "-", "+", "-", "+", "-", "-", "+", "-", "+", "=", "=", "-", "+", "=", "="], "pitch": ["G4", "F5", "E5", "D5", "C5", "B4", "G4", "C5", "B4", "C5", "G4", "G4", "F5", "E5", "D5", "E5", "B4", "C5"], "contour3": [null, "+", "-", "-", "-", "-", "-", "+", "-", "+", "-", "=", "+", "-", "-", "+", "-", "+"], "contour5": [null, "++", "-", "-", "-", "-", "--", "++", "-", "+", "--", "=", "++", "-", "-", "+", "--", "+"], "beatstrength": [1.0, 0.5, 0.5, 0.25, 0.5, 0.25, 0.5, 1.0, 0.25, 0.5, 0.25, 1.0, 0.5, 0.5, 0.25, 0.5, 0.5, 1.0], "beat_str": ["1", "2", "3", "3", "4", "4", "5", "1", "2", "3", "4", "1", "2", "3", "3", "4", "5", "1"], "beat_fraction_str": ["0", "0", "0", "1/2", "0", "1/2", "0", "0", "0", "0", "0", "0", "0", "0", "1/2", "0", "0", "0"], "beat": [1.0, 2.0, 3.0, 3.5, 4.0, 4.5, 5.0, 1.0, 2.0, 3.0, 4.0, 1.0, 2.0, 3.0, 3.5, 4.0, 5.0, 1.0], "timesignature": ["5/4", "5/4", "5/4", "5/4", "5/4", "5/4", "5/4", "4/4", "4/4", "4/4", "4/4", "5/4", "5/4", "5/4", "5/4", "5/4", "5/4", "5/4"], "gpr2a_Frankland": [null, null, null, null, null, null, null, null, null, null, null, null, null, null, null, null, null, null], "gpr2b_Frankland": [null, null, null, null, null, null, null, null, null, null, null, null, null, null, null, null, null, null], "gpr3a_Frankland": [null, null, null, null, null, null, 0.5, null, null, 0.9, null, 0.95, null, null, null, 0.7, null, null], "gpr3d_Frankland": [null, 0.5, null, 0.0, null, 0.5, null, 0.0, 0.0, 0.0, 0.0, null, 0.5, null, 0.5, null, null, null], "gpr_Frankland_sum": [0, 0.5, 0, 0, 0, 0.5, 0.5, 0, 0, 0.9, 0, 0.95, 0.5, 0, 0.5, 0.7, 0, 0], "lbdm_spitch": [null, 0.05848739495798319, 0.026218487394957985, 0.026218487394957985, 0.04120048019207683, 0.13619993451926224, 0.193659281894576, 0.03277310924369748, 0.03277310924369748, 0.39795918367346944, 0.0, 1.0, 0.05848739495798319, 0.026218487394957985, 0.043697478991596636, 0.27310924369747897, null, null], "lbdm_sioi": [null, 1.0, 0.5, 0.0, 0.0, 0.5, 1.0, 0.0, 0.0, 0.0, 0.0, 0.0, 1.0, 0.5, 0.5, 1.0, null, null], "lbdm_srest": [null, 0.0, 0.0, 0.0, 0.0, 0.0, 0.0, 0.0, 0.0, 0.0, 0.0, 0.0, 0.0, 0.0, 0.0, 0.0, null, null], "lbdm_rpitch": [null, 0.6923076923076923, 0.2, 0.0, 0.2, 0.42857142857142855, 0.09090909090909091, 0.5, 0.0, 0.5, 0.7142857142857143, 0.8333333333333334, 0.6923076923076923, 0.2, 0.0, 0.3333333333333333, 0.5, null], "lbdm_rioi": [null, 0.0, 0.3333333333333333, 0.0, 0.0, 0.0, 0.3333333333333333, 0.0, 0.0, 0.0, 0.0, 0.0, 0.0, 0.3333333333333333, 0.0, 0.3333333333333333, 0.0, null], "lbdm_rrest": [null, 0.0, 0.0, 0.0, 0.0, 0.0, 0.0, 0.0, 0.0, 0.0, 0.0, 0.0, 0.0, 0.0, 0.0, 0.0, 0.0, null], "lbdm_boundarystrength": [null, 0.5146218487394958, 0.2565546218487395, 0.006554621848739496, 0.010300120048019208, 0.28404998362981554, 0.548414820473644, 0.00819327731092437, 0.00819327731092437, 0.09948979591836736, 0.0, 0.25, 0.5146218487394958, 0.2565546218487395, 0.2609243697478992, 0.5682773109243697, null, null]}}
