{"id": "KB45227100020", "tunefamily": "", "year": -1, "tunefamily_full": "", "type": "", "freemeter": false, "origin": "", "features": {"scaledegree": [1, 1, 3, 1, 7, 2, 2, 5, 5, 6, 7, 2, 1, 1, 1], "scaledegreespecifier": ["P", "P", "M", "P", "M", "M", "M", "P", "P", "M", "M", "M", "P", "P", "P"], "tonic": ["G", "G", "G", "G", "G", "G", "G", "G", "G", "G", "G", "G", "G", "G", "G"], "mode": ["major", "major", "major", "major", "major", "major", "major", "major", "major", "major", "major", "major", "major", "major", "major"], "metriccontour": [null, "-", "+", "-", "+", "-", "=", "+", "-", "+", "-", "+", "-", "+", "="], "imaweight": [0.394495, 0.862385, 0.348624, 0.715596, 0.458716, 0.844037, 0.963303, 0.568807, 0.816514, 0.59633, 0.862385, 0.522936, 0.0733945, 1.0, 0.642202], "imaweight_spectral": [0.669118, 0.985294, 0.573529, 0.897059, 0.661765, 1.0, 0.985294, 0.669118, 0.867647, 0.691176, 0.904412, 0.602941, 0.0588235, 0.985294, 0.992647], "pitch40_hewlett": [146, 146, 158, 146, 141, 152, 152, 169, 129, 135, 141, 152, 146, 146, 146], "pitch40_sapp": [185, 185, 197, 185, 180, 191, 191, 208, 168, 174, 180, 191, 185, 185, 185], "octave": [4, 4, 4, 4, 4, 4, 4, 5, 4, 4, 4, 4, 4, 4, 4], "midipitch": [67, 67, 71, 67, 66, 69, 69, 74, 62, 64, 66, 69, 67, 67, 67], "diatonicpitch": [28, 28, 30, 28, 27, 29, 29, 32, 25, 26, 27, 29, 28, 28, 28], "diatonicinterval": [null, 0, 2, -2, -1, 2, 0, 3, -7, 1, 1, 2, -1, 0, 0], "chromaticinterval": [null, 0, 4, -4, -1, 3, 0, 5, -12, 2, 2, 3, -2, 0, 0], "pitchproximity": [null, null, 4, 4, 1, 3, 0, 5, null, 2, 2, 3, 2, 0, 0], "pitchreversal": [null, null, 0, 1.5, 0, 1.5, 0, 0, 0, null, 0, 0, 1.5, 0, 0], "nextisrest": [false, false, false, false, false, false, false, false, false, false, false, false, false, false, null], "restduration_frac": [null, null, null, null, null, null, null, null, null, null, null, null, null, null, null], "duration": [0.5, 0.5, 0.5, 0.5, 0.5, 1.0, 0.5, 0.5, 0.5, 0.5, 0.5, 0.25, 0.25, 1.0, 0.5], "duration_frac": ["1/2", "1/2", "1/2", "1/2", "1/2", "1", "1/2", "1/2", "1/2", "1/2", "1/2", "1/4", "1/4", "1", "1/2"], "duration_fullname": ["Eighth", "Eighth", "Eighth", "Eighth", "Eighth", "Quarter", "Eighth", "Eighth", "Eighth", "Eighth", "Eighth", "16th", "16th", "Quarter", "Eighth"], "durationcontour": [null, "=", "=", "=", "=", "+", "-", "=", "=", "=", "=", "-", "=", "+", "-"], "onsettick": [0, 2, 4, 6, 8, 10, 14, 16, 18, 20, 22, 24, 25, 26, 30], "beatfraction": ["1/2", "1/2", "1/2", "1/2", "1/2", "1", "1/2", "1/2", "1/2", "1/2", "1/2", "1/4", "1/4", "1", "1/2"], "phrasepos": [0.0, 0.06666666666666667, 0.13333333333333333, 0.2, 0.26666666666666666, 0.3333333333333333, 0.4666666666666667, 0.5333333333333333, 0.6, 0.6666666666666666, 0.7333333333333333, 0.8, 0.8333333333333334, 0.8666666666666667, 1.0], "phrase_ix": [0, 0, 0, 0, 0, 0, 0, 0, 0, 0, 0, 0, 0, 0, 0], "phrase_end": [false, false, false, false, false, false, false, false, false, false, false, false, false, false, true], "songpos": [0.0, 0.06666666666666667, 0.13333333333333333, 0.2, 0.26666666666666666, 0.3333333333333333, 0.4666666666666667, 0.5333333333333333, 0.6, 0.6666666666666666, 0.7333333333333333, 0.8, 0.8333333333333334, 0.8666666666666667, 1.0], "beatinsong": ["0", "1/2", "1", "3/2", "2", "5/2", "7/2", "4", "9/2", "5", "11/2", "6", "25/4", "13/2", "15/2"], "beatinphrase": ["0", "1/2", "1", "3/2", "2", "5/2", "7/2", "4", "9/2", "5", "11/2", "6", "25/4", "13/2", "15/2"], "beatinphrase_end": ["-6", "-11/2", "-5", "-9/2", "-4", "-7/2", "-5/2", "-2", "-3/2", "-1", "-1/2", "0", "1/4", "1/2", "3/2"], "IOI_frac": ["1/2", "1/2", "1/2", "1/2", "1/2", "1", "1/2", "1/2", "1/2", "1/2", "1/2", "1/4", "1/4", "1", null], "IOI": [0.5, 0.5, 0.5, 0.5, 0.5, 1.0, 0.5, 0.5, 0.5, 0.5, 0.5, 0.25, 0.25, 1.0, null], "IOR_frac": [null, "1", "1", "1", "1", "2", "1/2", "1", "1", "1", "1", "1/2", "1", "4", null], "IOR": [null, 1.0, 1.0, 1.0, 1.0, 2.0, 0.5, 1.0, 1.0, 1.0, 1.0, 0.5, 1.0, 4.0, null], "imacontour": [null, "+", "-", "+", "-", "+", "+", "-", "+", "-", "+", "-", "-", "+", "-"], "pitch": ["G4", "G4", "B4", "G4", "F#4", "A4", "A4", "D5", "D4", "E4", "F#4", "A4", "G4", "G4", "G4"], "contour3": [null, "=", "+", "-", "-", "+", "=", "+", "-", "+", "+", "+", "-", "=", "="], "contour5": [null, "=", "++", "--", "-", "++", "=", "++", "--", "+", "+", "++", "-", "=", "="], "beatstrength": [1.0, 0.25, 0.5, 0.25, 1.0, 0.25, 0.25, 1.0, 0.25, 0.5, 0.25, 1.0, 0.125, 0.25, 0.25], "beat_str": ["1", "1", "2", "2", "1", "1", "2", "1", "1", "2", "2", "1", "1", "1", "2"], "beat_fraction_str": ["0", "1/2", "0", "1/2", "0", "1/2", "1/2", "0", "1/2", "0", "1/2", "0", "1/4", "1/2", "1/2"], "beat": [1.0, 1.5, 2.0, 2.5, 1.0, 1.5, 2.5, 1.0, 1.5, 2.0, 2.5, 1.0, 1.25, 1.5, 2.5], "timesignature": ["2/4", "2/4", "2/4", "2/4", "2/4", "2/4", "2/4", "2/4", "2/4", "2/4", "2/4", "2/4", "2/4", "2/4", "2/4"], "gpr2a_Frankland": [null, null, null, null, null, null, null, null, null, null, null, null, null, null, null], "gpr2b_Frankland": [null, null, null, null, null, 0.5, null, null, null, null, null, null, null, null, null], "gpr3a_Frankland": [null, null, null, null, 0.8333333333333334, null, null, 0.7083333333333333, null, null, 0.33333333333333337, null, null, null, null], "gpr3d_Frankland": [null, 0.0, 0.0, null, null, null, null, 0.0, 0.0, null, 0.5, null, null, null, null], "gpr_Frankland_sum": [0, 0, 0, 0, 0.8333333333333334, 0.5, 0, 0.7083333333333333, 0, 0, 0.8333333333333334, 0, 0, 0, 0], "lbdm_spitch": [null, 0.2236938925680647, 0.14380321665089874, 0.06391254073373277, 0.23487858719646795, 0.0, 0.45411542100283814, 1.0, 0.10485651214128035, 0.02396720277514979, 0.07190160832544937, 0.10785241248817405, 0.0, null, null], "lbdm_sioi": [null, 0.0, 0.0, 0.0, 0.25, 1.0, 0.25, 0.0, 0.0, 0.0, 0.25, 0.125, 0.225, null, null], "lbdm_srest": [null, 0.0, 0.0, 0.0, 0.0, 0.0, 0.0, 0.0, 0.0, 0.0, 0.0, 0.0, 0.0, null, null], "lbdm_rpitch": [null, 0.6666666666666666, 0.0, 0.42857142857142855, 0.3333333333333333, 0.6, 0.7142857142857143, 0.3684210526315789, 0.625, 0.0, 0.14285714285714285, 0.14285714285714285, 0.5, 0.0, null], "lbdm_rioi": [null, 0.0, 0.0, 0.0, 0.0, 0.3333333333333333, 0.3333333333333333, 0.0, 0.0, 0.0, 0.0, 0.3333333333333333, 0.0, 0.6, null], "lbdm_rrest": [null, 0.0, 0.0, 0.0, 0.0, 0.0, 0.0, 0.0, 0.0, 0.0, 0.0, 0.0, 0.0, 0.0, null], "lbdm_boundarystrength": [null, 0.05592347314201618, 0.035950804162724684, 0.015978135183433193, 0.18371964679911698, 0.5, 0.23852885525070955, 0.25, 0.026214128035320087, 0.005991800693787448, 0.14297540208136233, 0.08946310312204352, 0.1125, null, null]}}
