{"id": "KB45104200020", "tunefamily": "", "year": -1, "tunefamily_full": "", "type": "", "freemeter": false, "origin": "", "features": {"scaledegree": [7, 1, 2, 2, 1, 3, 1, 7, 1, 2, 2, 1, 3, 1, 3, 4, 5, 6, 7, 1], "scaledegreespecifier": ["M", "P", "M", "M", "P", "M", "P", "M", "P", "M", "M", "P", "M", "P", "M", "P", "P", "M", "M", "P"], "tonic": ["G", "G", "G", "G", "G", "G", "G", "G", "G", "G", "G", "G", "G", "G", "G", "G", "G", "G", "G", "G"], "mode": ["major", "major", "major", "major", "major", "major", "major", "major", "major", "major", "major", "major", "major", "major", "major", "major", "major", "major", "major", "major"], "metriccontour": [null, "-", "+", "+", "-", "+", "-", "+", "-", "+", "+", "-", "+", "-", "+", "-", "+", "-", "+", "-"], "imaweight": [0.62605, 0.327731, 0.62605, 0.903361, 0.319328, 0.743697, 0.441176, 0.731092, 0.357143, 0.932773, 0.928571, 0.57563, 0.831933, 0.441176, 1.0, 0.403361, 0.878151, 0.529412, 0.861345, 0.819328], "imaweight_spectral": [0.886288, 0.595318, 0.832776, 0.946488, 0.481605, 0.819398, 0.578595, 0.809365, 0.511706, 0.9699, 0.87291, 0.591973, 0.809365, 0.48495, 0.929766, 0.468227, 0.832776, 0.555184, 0.832776, 1.0], "pitch40_hewlett": [141, 146, 152, 152, 146, 158, 146, 141, 146, 152, 152, 146, 158, 146, 158, 163, 169, 175, 141, 146], "pitch40_sapp": [180, 185, 191, 191, 185, 197, 185, 180, 185, 191, 191, 185, 197, 185, 197, 202, 208, 214, 180, 185], "octave": [4, 4, 4, 4, 4, 4, 4, 4, 4, 4, 4, 4, 4, 4, 4, 5, 5, 5, 4, 4], "midipitch": [66, 67, 69, 69, 67, 71, 67, 66, 67, 69, 69, 67, 71, 67, 71, 72, 74, 76, 66, 67], "diatonicpitch": [27, 28, 29, 29, 28, 30, 28, 27, 28, 29, 29, 28, 30, 28, 30, 31, 32, 33, 27, 28], "diatonicinterval": [null, 1, 1, 0, -1, 2, -2, -1, 1, 1, 0, -1, 2, -2, 2, 1, 1, 1, -6, 1], "chromaticinterval": [null, 1, 2, 0, -2, 4, -4, -1, 1, 2, 0, -2, 4, -4, 4, 1, 2, 2, -10, 1], "pitchproximity": [null, null, 2, 0, 2, 4, 4, 1, 1, 2, 0, 2, 4, 4, 4, 1, 2, 2, 10, 1], "pitchreversal": [null, null, 0, 0, 0, 1.5, 1.5, 0, 1.5, 0, 0, 0, 1.5, 1.5, 1.5, 0, 0, 0, 0, 1], "nextisrest": [false, false, false, false, false, false, false, false, false, false, false, false, false, false, false, false, false, false, false, null], "restduration_frac": [null, null, null, null, null, null, null, null, null, null, null, null, null, null, null, null, null, null, null, null], "duration": [0.5, 0.5, 1.0, 0.5, 0.5, 0.5, 0.5, 0.5, 0.5, 1.0, 0.5, 0.5, 0.5, 0.5, 0.5, 0.5, 0.5, 0.5, 1.0, 1.0], "duration_frac": ["1/2", "1/2", "1", "1/2", "1/2", "1/2", "1/2", "1/2", "1/2", "1", "1/2", "1/2", "1/2", "1/2", "1/2", "1/2", "1/2", "1/2", "1", "1"], "duration_fullname": ["Eighth", "Eighth", "Quarter", "Eighth", "Eighth", "Eighth", "Eighth", "Eighth", "Eighth", "Quarter", "Eighth", "Eighth", "Eighth", "Eighth", "Eighth", "Eighth", "Eighth", "Eighth", "Quarter", "Quarter"], "durationcontour": [null, "=", "+", "-", "=", "=", "=", "=", "=", "+", "-", "=", "=", "=", "=", "=", "=", "=", "+", "="], "onsettick": [0, 1, 2, 4, 5, 6, 7, 8, 9, 10, 12, 13, 14, 15, 16, 17, 18, 19, 20, 22], "beatfraction": ["1/2", "1/2", "1", "1/2", "1/2", "1/2", "1/2", "1/2", "1/2", "1", "1/2", "1/2", "1/2", "1/2", "1/2", "1/2", "1/2", "1/2", "1", "1"], "phrasepos": [0.0, 0.14285714285714285, 0.2857142857142857, 0.5714285714285714, 0.7142857142857143, 0.8571428571428571, 1.0, 0.0, 0.14285714285714285, 0.2857142857142857, 0.5714285714285714, 0.7142857142857143, 0.8571428571428571, 1.0, 0.0, 0.16666666666666666, 0.3333333333333333, 0.5, 0.6666666666666666, 1.0], "phrase_ix": [0, 0, 0, 0, 0, 0, 0, 1, 1, 1, 1, 1, 1, 1, 2, 2, 2, 2, 2, 2], "phrase_end": [false, false, false, false, false, false, true, false, false, false, false, false, false, true, false, false, false, false, false, true], "songpos": [0.0, 0.045454545454545456, 0.09090909090909091, 0.18181818181818182, 0.22727272727272727, 0.2727272727272727, 0.3181818181818182, 0.36363636363636365, 0.4090909090909091, 0.45454545454545453, 0.5454545454545454, 0.5909090909090909, 0.6363636363636364, 0.6818181818181818, 0.7272727272727273, 0.7727272727272727, 0.8181818181818182, 0.8636363636363636, 0.9090909090909091, 1.0], "beatinsong": ["0", "1/2", "1", "2", "5/2", "3", "7/2", "4", "9/2", "5", "6", "13/2", "7", "15/2", "8", "17/2", "9", "19/2", "10", "11"], "beatinphrase": ["0", "1/2", "1", "2", "5/2", "3", "7/2", "0", "1/2", "1", "2", "5/2", "3", "7/2", "0", "1/2", "1", "3/2", "2", "3"], "beatinphrase_end": ["-2", "-3/2", "-1", "0", "1/2", "1", "3/2", "-2", "-3/2", "-1", "0", "1/2", "1", "3/2", "-2", "-3/2", "-1", "-1/2", "0", "1"], "IOI_frac": ["1/2", "1/2", "1", "1/2", "1/2", "1/2", "1/2", "1/2", "1/2", "1", "1/2", "1/2", "1/2", "1/2", "1/2", "1/2", "1/2", "1/2", "1", null], "IOI": [0.5, 0.5, 1.0, 0.5, 0.5, 0.5, 0.5, 0.5, 0.5, 1.0, 0.5, 0.5, 0.5, 0.5, 0.5, 0.5, 0.5, 0.5, 1.0, null], "IOR_frac": [null, "1", "2", "1/2", "1", "1", "1", "1", "1", "2", "1/2", "1", "1", "1", "1", "1", "1", "1", "2", null], "IOR": [null, 1.0, 2.0, 0.5, 1.0, 1.0, 1.0, 1.0, 1.0, 2.0, 0.5, 1.0, 1.0, 1.0, 1.0, 1.0, 1.0, 1.0, 2.0, null], "imacontour": [null, "-", "+", "+", "-", "+", "-", "+", "-", "+", "-", "-", "+", "-", "+", "-", "+", "-", "+", "-"], "pitch": ["F#4", "G4", "A4", "A4", "G4", "B4", "G4", "F#4", "G4", "A4", "A4", "G4", "B4", "G4", "B4", "C5", "D5", "E5", "F#4", "G4"], "contour3": [null, "+", "+", "=", "-", "+", "-", "-", "+", "+", "=", "-", "+", "-", "+", "+", "+", "+", "-", "+"], "contour5": [null, "+", "+", "=", "-", "++", "--", "-", "+", "+", "=", "-", "++", "--", "++", "+", "+", "+", "--", "+"], "beatstrength": [1.0, 0.25, 0.5, 1.0, 0.25, 0.5, 0.25, 1.0, 0.25, 0.5, 1.0, 0.25, 0.5, 0.25, 1.0, 0.25, 0.5, 0.25, 1.0, 0.5], "beat_str": ["1", "1", "2", "1", "1", "2", "2", "1", "1", "2", "1", "1", "2", "2", "1", "1", "2", "2", "1", "2"], "beat_fraction_str": ["0", "1/2", "0", "0", "1/2", "0", "1/2", "0", "1/2", "0", "0", "1/2", "0", "1/2", "0", "1/2", "0", "1/2", "0", "0"], "beat": [1.0, 1.5, 2.0, 1.0, 1.5, 2.0, 2.5, 1.0, 1.5, 2.0, 1.0, 1.5, 2.0, 2.5, 1.0, 1.5, 2.0, 2.5, 1.0, 2.0], "timesignature": ["2/4", "2/4", "2/4", "2/4", "2/4", "2/4", "2/4", "2/4", "2/4", "2/4", "2/4", "2/4", "2/4", "2/4", "2/4", "2/4", "2/4", "2/4", "2/4", "2/4"], "gpr2a_Frankland": [null, null, null, null, null, null, null, null, null, null, null, null, null, null, null, null, null, null, null, null], "gpr2b_Frankland": [null, null, 0.5, null, null, null, null, null, null, 0.5, null, null, null, null, null, null, null, null, null, null], "gpr3a_Frankland": [null, 0.75, null, null, null, null, null, null, 0.75, null, null, null, null, null, null, null, null, 0.85, null, null], "gpr3d_Frankland": [null, null, null, null, 0.0, 0.0, 0.0, null, null, null, null, 0.0, 0.0, 0.0, 0.0, 0.0, null, null, null, null], "gpr_Frankland_sum": [0, 0.75, 0.5, 0, 0, 0, 0, 0, 0.75, 0.5, 0, 0, 0, 0, 0, 0, 0, 0.85, 0, 0], "lbdm_spitch": [null, 0.11078260869565217, 0.0, 0.11869565217391305, 0.0791304347826087, 0.1356521739130435, 0.03391304347826087, 0.01582608695652174, 0.11078260869565217, 0.0, 0.11869565217391305, 0.0791304347826087, 0.0, 0.1356521739130435, 0.04973913043478261, 0.03165217391304348, 0.09043478260869565, 1.0, null, null], "lbdm_sioi": [null, 0.25, 1.0, 0.25, 0.0, 0.0, 0.0, 0.0, 0.25, 1.0, 0.25, 0.0, 0.0, 0.0, 0.0, 0.0, 0.0, 0.25, null, null], "lbdm_srest": [null, 0.0, 0.0, 0.0, 0.0, 0.0, 0.0, 0.0, 0.0, 0.0, 0.0, 0.0, 0.0, 0.0, 0.0, 0.0, 0.0, 0.0, null, null], "lbdm_rpitch": [null, 0.2, 0.5, 0.5, 0.25, 0.0, 0.42857142857142855, 0.0, 0.2, 0.5, 0.5, 0.25, 0.0, 0.0, 0.42857142857142855, 0.2, 0.0, 0.5714285714285714, 0.6923076923076923, null], "lbdm_rioi": [null, 0.0, 0.3333333333333333, 0.3333333333333333, 0.0, 0.0, 0.0, 0.0, 0.0, 0.3333333333333333, 0.3333333333333333, 0.0, 0.0, 0.0, 0.0, 0.0, 0.0, 0.0, 0.3333333333333333, null], "lbdm_rrest": [null, 0.0, 0.0, 0.0, 0.0, 0.0, 0.0, 0.0, 0.0, 0.0, 0.0, 0.0, 0.0, 0.0, 0.0, 0.0, 0.0, 0.0, 0.0, null],