{"id": "KB45199400000", "tunefamily": "", "year": -1, "tunefamily_full": "", "type": "", "freemeter": false, "origin": "", "features": {"scaledegree": [3, 5, 4, 3, 1, 2, 7, 1, 1, 4, 3, 1, 2, 7, 1, 1], "scaledegreespecifier": ["M", "P", "P", "M", "P", "M", "M", "P", "P", "P", "M", "P", "M", "M", "P", "P"], "tonic": ["C", "C", "C", "C", "C", "C", "C", "C", "C", "C", "C", "C", "C", "C", "C", "C"], "mode": ["major", "major", "major", "major", "major", "major", "major", "major", "major", "major", "major", "major", "major", "major", "major", "major"], "metriccontour": [null, "-", "=", "+", "-", "+", "-", "+", "-", "=", "+", "-", "+", "-", "+", "-"], "imaweight": [0.348837, 0.627907, 1.0, 0.465116, 0.899225, 0.542636, 0.868217, 0.589147, 1.0, 0.968992, 0.627907, 0.806202, 0.465116, 1.0, 0.472868, 0.930233], "imaweight_spectral": [0.709091, 0.927273, 1.0, 0.581818, 0.921212, 0.642424, 0.89697, 0.678788, 1.0, 0.975758, 0.709091, 0.872727, 0.581818, 1.0, 0.612121, 0.945455], "pitch40_hewlett": [175, 186, 180, 175, 163, 169, 158, 163, 163, 180, 175, 163, 169, 158, 163, 163], "pitch40_sapp": [214, 225, 219, 214, 202, 208, 197, 202, 202, 219, 214, 202, 208, 197, 202, 202], "octave": [5, 5, 5, 5, 5, 5, 4, 5, 5, 5, 5, 5, 5, 4, 5, 5], "midipitch": [76, 79, 77, 76, 72, 74, 71, 72, 72, 77, 76, 72, 74, 71, 72, 72], "diatonicpitch": [37, 39, 38, 37, 35, 36, 34, 35, 35, 38, 37, 35, 36, 34, 35, 35], "diatonicinterval": [null, 2, -1, -1, -2, 1, -2, 1, 0, 3, -1, -2, 1, -2, 1, 0], "chromaticinterval": [null, 3, -2, -1, -4, 2, -3, 1, 0, 5, -1, -4, 2, -3, 1, 0], "pitchproximity": [null, null, 2, 1, 4, 2, 3, 1, 0, 5, 1, 4, 2, 3, 1, 0], "pitchreversal": [null, null, 1.5, 0, 0, 1.5, 1.5, 1.5, 0, 0, 0, 0, 1.5, 1.5, 1.5, 0], "nextisrest": [false, false, false, false, false, false, false, false, false, false, false, false, false, false, false, null], "restduration_frac": [null, null, null, null, null, null, null, null, null, null, null, null, null, null, null, null], "duration": [0.5, 1.0, 0.5, 0.5, 0.5, 0.5, 0.5, 0.5, 1.0, 0.5, 0.5, 0.5, 0.5, 0.5, 0.5, 1.5], "duration_frac": ["1/2", "1", "1/2", "1/2", "1/2", "1/2", "1/2", "1/2", "1", "1/2", "1/2", "1/2", "1/2", "1/2", "1/2", "3/2"], "duration_fullname": ["Eighth", "Quarter", "Eighth", "Eighth", "Eighth", "Eighth", "Eighth", "Eighth", "Quarter", "Eighth", "Eighth", "Eighth", "Eighth", "Eighth", "Eighth", "Dotted Quarter"], "durationcontour": [null, "+", "-", "=", "=", "=", "=", "=", "+", "-", "=", "=", "=", "=", "=", "+"], "onsettick": [0, 1, 3, 4, 5, 6, 7, 8, 9, 11, 12, 13, 14, 15, 16, 17], "beatfraction": ["1/2", "1", "1/2", "1/2", "1/2", "1/2", "1/2", "1/2", "1", "1/2", "1/2", "1/2", "1/2", "1/2", "1/2", "3/2"], "phrasepos": [0.0, 0.058823529411764705, 0.17647058823529413, 0.23529411764705882, 0.29411764705882354, 0.35294117647058826, 0.4117647058823529, 0.47058823529411764, 0.5294117647058824, 0.6470588235294118, 0.7058823529411765, 0.7647058823529411, 0.8235294117647058, 0.8823529411764706, 0.9411764705882353, 1.0], "phrase_ix": [0, 0, 0, 0, 0, 0, 0, 0, 0, 0, 0, 0, 0, 0, 0, 0], "phrase_end": [false, false, false, false, false, false, false, false, false, false, false, false, false, false, false, true], "songpos": [0.0, 0.058823529411764705, 0.17647058823529413, 0.23529411764705882, 0.29411764705882354, 0.35294117647058826, 0.4117647058823529, 0.47058823529411764, 0.5294117647058824, 0.6470588235294118, 0.7058823529411765, 0.7647058823529411, 0.8235294117647058, 0.8823529411764706, 0.9411764705882353, 1.0], "beatinsong": ["0", "1/2", "3/2", "2", "5/2", "3", "7/2", "4", "9/2", "11/2", "6", "13/2", "7", "15/2", "8", "17/2"], "beatinphrase": ["0", "1/2", "3/2", "2", "5/2", "3", "7/2", "4", "9/2", "11/2", "6", "13/2", "7", "15/2", "8", "17/2"], "beatinphrase_end": ["-8", "-15/2", "-13/2", "-6", "-11/2", "-5", "-9/2", "-4", "-7/2", "-5/2", "-2", "-3/2", "-1", "-1/2", "0", "1/2"], "IOI_frac": ["1/2", "1", "1/2", "1/2", "1/2", "1/2", "1/2", "1/2", "1", "1/2", "1/2", "1/2", "1/2", "1/2", "1/2", null], "IOI": [0.5, 1.0, 0.5, 0.5, 0.5, 0.5, 0.5, 0.5, 1.0, 0.5, 0.5, 0.5, 0.5, 0.5, 0.5, null], "IOR_frac": [null, "2", "1/2", "1", "1", "1", "1", "1", "2", "1/2", "1", "1", "1", "1", "1", null], "IOR": [null, 2.0, 0.5, 1.0, 1.0, 1.0, 1.0, 1.0, 2.0, 0.5, 1.0, 1.0, 1.0, 1.0, 1.0, null], "imacontour": [null, "+", "+", "-", "+", "-", "+", "-", "+", "-", "-", "+", "-", "+", "-", "+"], "pitch": ["E5", "G5", "F5", "E5", "C5", "D5", "B4", "C5", "C5", "F5", "E5", "C5", "D5", "B4", "C5", "C5"], "contour3": [null, "+", "-", "-", "-", "+", "-", "+", "=", "+", "-", "-", "+", "-", "+", "="], "contour5": [null, "++", "-", "-", "--", "+", "--", "+", "=", "++", "-", "--", "+", "--", "+", "="], "beatstrength": [1.0, 0.25, 0.25, 1.0, 0.25, 0.5, 0.25, 1.0, 0.25, 0.25, 1.0, 0.25, 0.5, 0.25, 1.0, 0.25], "beat_str": ["1", "1", "2", "1", "1", "2", "2", "1", "1", "2", "1", "1", "2", "2", "1", "1"], "beat_fraction_str": ["0", "1/2", "1/2", "0", "1/2", "0", "1/2", "0", "1/2", "1/2", "0", "1/2", "0", "1/2", "0", "1/2"], "beat": [1.0, 1.5, 2.5, 1.0, 1.5, 2.0, 2.5, 1.0, 1.5, 2.5, 1.0, 1.5, 2.0, 2.5, 1.0, 1.5], "timesignature": ["2/4", "2/4", "2/4", "2/4", "2/4", "2/4", "2/4", "2/4", "2/4", "2/4", "2/4", "2/4", "2/4", "2/4", "2/4", "2/4"], "gpr2a_Frankland": [null, null, null, null, null, null, null, null, null, null, null, null, null, null, null, null], "gpr2b_Frankland": [null, 0.5, null, null, null, null, null, null, 0.5, null, null, null, null, null, null, null], "gpr3a_Frankland": [null, null, null, 0.625, null, 0.5, null, null, 0.9, null, 0.625, null, 0.5, null, null, null], "gpr3d_Frankland": [null, null, null, 0.0, 0.0, 0.0, null, null, null, null, 0.0, 0.0, 0.0, null, null, null], "gpr_Frankland_sum": [0, 0.5, 0, 0.625, 0, 0.5, 0, 0, 1.4, 0, 0.625, 0, 0.5, 0, 0, 0], "lbdm_spitch": [null, 0.11294117647058823, 0.10352941176470587, 0.44705882352941173, 0.12941176470588234, 0.23529411764705876, 0.10980392156862744, 0.0, 1.0, 0.15294117647058822, 0.44705882352941173, 0.12941176470588234, 0.23529411764705876, 0.10980392156862744, null, null], "lbdm_sioi": [null, 1.0, 0.25, 0.0, 0.0, 0.0, 0.0, 0.25, 1.0, 0.25, 0.0, 0.0, 0.0, 0.0, null, null], "lbdm_srest": [null, 0.0, 0.0, 0.0, 0.0, 0.0, 0.0, 0.0, 0.0, 0.0, 0.0, 0.0, 0.0, 0.0, null, null], "lbdm_rpitch": [null, 0.14285714285714285, 0.2, 0.42857142857142855, 0.25, 0.14285714285714285, 0.3333333333333333, 0.3333333333333333, 0.7142857142857143, 0.5, 0.42857142857142855, 0.25, 0.14285714285714285, 0.3333333333333333, 0.3333333333333333, null], "lbdm_rioi": [null, 0.3333333333333333, 0.3333333333333333, 0.0, 0.0, 0.0, 0.0, 0.0, 0.3333333333333333, 0.3333333333333333, 0.0, 0.0, 0.0, 0.0, 0.0, null], "lbdm_rrest": [null, 0.0, 0.0, 0.0, 0.0, 0.0, 0.0, 0.0, 0.0, 0.0, 0.0, 0.0, 0.0, 0.0, 0.0, null], "lbdm_boundarystrength": [null, 0.528235294117647, 0.15088235294117647, 0.11176470588235293, 0.032352941176470584, 0.05882352941176469, 0.02745098039215686, 0.125, 0.75, 0.16323529411764706, 0.11176470588235293, 0.032352941176470584, 0.05882352941176469, 0.02745098039215686, null, null]}}
