{"id": "KB45184700001", "tunefamily": "", "year": -1, "tunefamily_full": "", "type": "", "freemeter": false, "origin": "", "features": {"scaledegree": [5, 5, 1, 2, 3, 2, 3, 4, 3, 1, 2, 2, 3, 2, 3, 1, 2, 3, 1, 7, 1], "scaledegreespecifier": ["P", "P", "P", "M", "m", "M", "m", "P", "m", "P", "M", "M", "m", "M", "m", "P", "M", "m", "P", "M", "P"], "tonic": ["A", "A", "A", "A", "A", "A", "A", "A", "A", "A", "A", "A", "A", "A", "A", "A", "A", "A", "A", "A", "A"], "mode": ["minor", "minor", "minor", "minor", "minor", "minor", "minor", "minor", "minor", "minor", "minor", "minor", "minor", "minor", "minor", "minor", "minor", "minor", "minor", "minor", "minor"], "metriccontour": [null, "-", "=", "+", "-", "+", "-", "+", "=", "+", "-", "+", "-", "=", "+", "-", "+", "-", "=", "+", "-"], "imaweight": [0.891156, 0.421769, 0.782313, 0.557823, 0.693878, 1.0, 0.136054, 0.47619, 0.62585, 0.619048, 0.857143, 0.891156, 0.544218, 0.77551, 0.591837, 0.530612, 0.734694, 0.428571, 0.367347, 0.734694, 0.537415], "imaweight_spectral": [0.935644, 0.69802, 0.856436, 0.752475, 0.772277, 0.975248, 0.0990099, 0.673267, 0.742574, 0.79703, 0.891089, 0.950495, 0.69802, 0.886139, 0.732673, 0.628713, 1.0, 0.633663, 0.732673, 0.757426, 0.935644], "pitch40_hewlett": [135, 135, 152, 158, 163, 158, 163, 169, 163, 152, 158, 158, 163, 158, 163, 152, 158, 163, 152, 147, 152], "pitch40_sapp": [174, 174, 191, 197, 202, 197, 202, 208, 202, 191, 197, 197, 202, 197, 202, 191, 197, 202, 191, 186, 191], "octave": [4, 4, 4, 4, 5, 4, 5, 5, 5, 4, 4, 4, 5, 4, 5, 4, 4, 5, 4, 4, 4], "midipitch": [64, 64, 69, 71, 72, 71, 72, 74, 72, 69, 71, 71, 72, 71, 72, 69, 71, 72, 69, 68, 69], "diatonicpitch": [25, 25, 28, 29, 30, 29, 30, 31, 30, 28, 29, 29, 30, 29, 30, 28, 29, 30, 28, 27, 28], "diatonicinterval": [null, 0, 3, 1, 1, -1, 1, 1, -1, -2, 1, 0, 1, -1, 1, -2, 1, 1, -2, -1, 1], "chromaticinterval": [null, 0, 5, 2, 1, -1, 1, 2, -2, -3, 2, 0, 1, -1, 1, -3, 2, 1, -3, -1, 1], "pitchproximity": [null, null, 5, 2, 1, 1, 1, 2, 2, 3, 2, 0, 1, 1, 1, 3, 2, 1, 3, 1, 1], "pitchreversal": [null, null, 0, 0, 0, 1.5, 1.5, 0, 1.5, 0, 1.5, 0, 0, 1.5, 1.5, 1.5, 1.5, 0, 1.5, 0, 1.5], "nextisrest": [false, false, false, false, false, false, false, false, false, false, false, false, false, false, false, false, false, false, false, false, null], "restduration_frac": [null, null, null, null, null, null, null, null, null, null, null, null, null, null, null, null, null, null, null, null, null], "duration": [0.5, 0.5, 0.5, 0.5, 1.0, 0.25, 0.25, 0.5, 0.5, 0.5, 1.0, 0.5, 0.5, 0.5, 1.0, 0.5, 0.5, 0.5, 0.5, 0.5, 1.0], "duration_frac": ["1/2", "1/2", "1/2", "1/2", "1", "1/4", "1/4", "1/2", "1/2", "1/2", "1", "1/2", "1/2", "1/2", "1", "1/2", "1/2", "1/2", "1/2", "1/2", "1"], "duration_fullname": ["Eighth", "Eighth", "Eighth", "Eighth", "Quarter", "16th", "16th", "Eighth", "Eighth", "Eighth", "Quarter", "Eighth", "Eighth", "Eighth", "Quarter", "Eighth", "Eighth", "Eighth", "Eighth", "Eighth", "Quarter"], "durationcontour": [null, "=", "=", "=", "+", "-", "=", "+", "=", "=", "+", "-", "=", "=", "+", "-", "=", "=", "=", "=", "+"], "onsettick": [0, 2, 4, 6, 8, 12, 13, 14, 16, 18, 20, 24, 26, 28, 30, 34, 36, 38, 40, 42, 44], "beatfraction": ["1/3", "1/3", "1/3", "1/3", "2/3", "1/6", "1/6", "1/3", "1/3", "1/3", "2/3", "1/3", "1/3", "1/3", "2/3", "1/3", "1/3", "1/3", "1/3", "1/3", "2/3"], "phrasepos": [0.0, 0.1, 0.2, 0.3, 0.4, 0.6, 0.65, 0.7, 0.8, 0.9, 1.0, 0.0, 0.1, 0.2, 0.3, 0.5, 0.6, 0.7, 0.8, 0.9, 1.0], "phrase_ix": [0, 0, 0, 0, 0, 0, 0, 0, 0, 0, 0, 1, 1, 1, 1, 1, 1, 1, 1, 1, 1], "phrase_end": [false, false, false, false, false, false, false, false, false, false, true, false, false, false, false, false, false, false, false, false, true], "songpos": [0.0, 0.045454545454545456, 0.09090909090909091, 0.13636363636363635, 0.18181818181818182, 0.2727272727272727, 0.29545454545454547, 0.3181818181818182, 0.36363636363636365, 0.4090909090909091, 0.45454545454545453, 0.5454545454545454, 0.5909090909090909, 0.6363636363636364, 0.6818181818181818, 0.7727272727272727, 0.8181818181818182, 0.8636363636363636, 0.9090909090909091, 0.9545454545454546, 1.0], "beatinsong": ["0", "1/3", "2/3", "1", "4/3", "2", "13/6", "7/3", "8/3", "3", "10/3", "4", "13/3", "14/3", "5", "17/3", "6", "19/3", "20/3", "7", "22/3"], "beatinphrase": ["0", "1/3", "2/3", "1", "4/3", "2", "13/6", "7/3", "8/3", "3", "10/3", "0", "1/3", "2/3", "1", "5/3", "2", "7/3", "8/3", "3", "10/3"], "beatinphrase_end": ["-3", "-8/3", "-7/3", "-2", "-5/3", "-1", "-5/6", "-2/3", "-1/3", "0", "1/3", "-3", "-8/3", "-7/3", "-2", "-4/3", "-1", "-2/3", "-1/3", "0", "1/3"], "IOI_frac": ["1/2", "1/2", "1/2", "1/2", "1", "1/4", "1/4", "1/2", "1/2", "1/2", "1", "1/2", "1/2", "1/2", "1", "1/2", "1/2", "1/2", "1/2", "1/2", null], "IOI": [0.5, 0.5, 0.5, 0.5, 1.0, 0.25, 0.25, 0.5, 0.5, 0.5, 1.0, 0.5, 0.5, 0.5, 1.0, 0.5, 0.5, 0.5, 0.5, 0.5, null], "IOR_frac": [null, "1", "1", "1", "2", "1/4", "1", "2", "1", "1", "2", "1/2", "1", "1", "2", "1/2", "1", "1", "1", "1", null], "IOR": [null, 1.0, 1.0, 1.0, 2.0, 0.25, 1.0, 2.0, 1.0, 1.0, 2.0, 0.5, 1.0, 1.0, 2.0, 0.5, 1.0, 1.0, 1.0, 1.0, null], "imacontour": [null, "-", "+", "-", "+", "+", "-", "+", "+", "-", "+", "+", "-", "+", "-", "-", "+", "-", "-", "+", "-"], "pitch": ["E4", "E4", "A4", "B4", "C5", "B4", "C5", "D5", "C5", "A4", "B4", "B4", "C5", "B4", "C5", "A4", "B4", "C5", "A4", "G#4", "A4"], "contour3": [null, "=", "+", "+", "+", "-", "+", "+", "-", "-", "+", "=", "+", "-", "+", "-", "+", "+", "-", "-", "+"], "contour5": [null, "=", "++", "+", "+", "-", "+", "+", "-", "--", "+", "=", "+", "-", "+", "--", "+", "+", "--", "-", "+"], "beatstrength": [1.0, 0.5, 0.5, 1.0, 0.5, 1.0, 0.25, 0.5, 0.5, 1.0, 0.5, 1.0, 0.5, 0.5, 1.0, 0.5, 1.0, 0.5, 0.5, 1.0, 0.5], "beat_str": ["1", "1", "1", "1", "1", "1", "1", "1", "1", "1", "1", "1", "1", "1", "1", "1", "1", "1", "1", "1", "1"], "beat_fraction_str": ["0", "1/3", "2/3", "0", "1/3", "0", "1/6", "1/3", "2/3", "0", "1/3", "0", "1/3", "2/3", "0", "2/3", "0", "1/3", "2/3", "0", "1/3"], "beat": [1.0, 1.3333333333333333, 1.6666666666666667, 1.0, 1.3333333333333333, 1.0, 1.1666666666666667, 1.3333333333333333, 1.6666666666666667, 1.0, 1.3333333333333333, 1.0, 1.3333333333333333, 1.6666666666666667, 1.0, 1.6666666666666667, 1.0, 1.3333333333333333, 1.6666666666666667, 1.0, 1.3333333333333333], "timesignature": ["3/8", "3/8", "3/8", "3/8", "3/8", "3/8", "3/8", "3/8", "3/8", "3/8", "3/8", "3/8", "3/8", "3/8", "3/8", "3/8", "3/8", "3/8", "3/8", "3/8", "3/8"], "gpr2a_Frankland": [null, null, null, null, null, null, null, null, null, null, null, null, null, null, null, null, null, null, null, null, null], "gpr2b_Frankland": [null, null, null, null, 0.625, null, null, null, null, null, 0.5, null, null, null, 0.5, null, null, null, null, null, null], "gpr3a_Frankland": [null, 0.8, null, null, null, null, null, null, 0.33333333333333337, null, null, null, null, null, 0.5, null, null, 0.6666666666666667, null, null, null], "gpr3d_Frankland": [null, 0.0, null, null, null, null, 0.5, null, null, null, null, null, null, null, null, null, 0.0, 0.0, null, null, null], "gpr_Frankland_sum": [0, 0.8, 0, 0, 0.625, 0, 0.5, 0, 0.33333333333333337, 0, 0.5, 0, 0, 0, 1.0, 0, 0, 0.6666666666666667, 0, 0, 0], "lbdm_spitch": [null, 1.0, 0.20363636363636364, 0.038181818181818185, 0.0, 0.038181818181818185, 0.07636363636363637, 0.05454545454545454, 0.16363636363636364, 0.24545454545454543, 0.0, 0.06363636363636363, 0.0, 0.06363636363636363, 0.2727272727272727, 0.13090909090909092, 0.10181818181818182, 0.38181818181818183, 0.06363636363636363, null, null], "lbdm_sioi": [null, 0.0, 0.0, 0.17857142857142855, 1.0, 0.1607142857142857, 0.08928571428571427, 0.17857142857142855, 0.0, 0.17857142857142855, 0.7142857142857142, 0.17857142857142855, 0.0, 0.17857142857142855, 0.7142857142857142, 0.17857142857142855, 0.0, 0.0, 0.0, null, null], "lbdm_srest": [null, 0.0, 0.0, 0.0, 0.0, 0.0, 0.0, 0.0, 0.0, 0.0, 0.0, 0.0, 0.0, 0.0, 0.0, 0.0, 0.0, 0.0, 0.0, null, null],