{"id": "KB45227500000", "tunefamily": "", "year": -1, "tunefamily_full": "", "type": "", "freemeter": false, "origin": "", "features": {"scaledegree": [5, 6, 7, 5, 1, 2, 3, 4, 2, 6, 7, 5, 1, 2, 3, 4, 2, 6, 5, 1], "scaledegreespecifier": ["P", "M", "M", "P", "P", "M", "M", "P", "M", "M", "M", "P", "P", "M", "M", "P", "M", "M", "P", "P"], "tonic": ["A", "A", "A", "A", "A", "A", "A", "A", "A", "A", "A", "A", "A", "A", "A", "A", "A", "A", "A", "A"], "mode": ["major", "major", "major", "major", "major", "major", "major", "major", "major", "major", "major", "major", "major", "major", "major", "major", "major", "major", "major", "major"], "metriccontour": [null, "-", "+", "=", "+", "-", "+", "=", "+", "-", "+", "-", "+", "-", "+", "=", "+", "-", "+", "-"], "imaweight": [0.890909, 0.0, 1.0, 0.663636, 0.918182, 0.0, 0.854545, 0.790909, 0.918182, 0.990909, 0.672727, 0.7, 0.690909, 0.0, 0.554545, 0.554545, 0.554545, 0.654545, 0.618182, 0.445455], "imaweight_spectral": [0.915493, 0.0, 0.887324, 0.739437, 0.823944, 0.0, 0.887324, 0.725352, 0.93662, 0.880282, 0.978873, 1.0, 0.880282, 0.0, 0.887324, 0.774648, 0.887324, 0.852113, 0.93662, 0.915493], "pitch40_hewlett": [135, 141, 147, 135, 152, 158, 164, 169, 158, 141, 147, 135, 152, 158, 164, 169, 158, 141, 135, 152], "pitch40_sapp": [174, 180, 186, 174, 191, 197, 203, 208, 197, 180, 186, 174, 191, 197, 203, 208, 197, 180, 174, 191], "octave": [4, 4, 4, 4, 4, 4, 5, 5, 4, 4, 4, 4, 4, 4, 5, 5, 4, 4, 4, 4], "midipitch": [64, 66, 68, 64, 69, 71, 73, 74, 71, 66, 68, 64, 69, 71, 73, 74, 71, 66, 64, 69], "diatonicpitch": [25, 26, 27, 25, 28, 29, 30, 31, 29, 26, 27, 25, 28, 29, 30, 31, 29, 26, 25, 28], "diatonicinterval": [null, 1, 1, -2, 3, 1, 1, 1, -2, -3, 1, -2, 3, 1, 1, 1, -2, -3, -1, 3], "chromaticinterval": [null, 2, 2, -4, 5, 2, 2, 1, -3, -5, 2, -4, 5, 2, 2, 1, -3, -5, -2, 5], "pitchproximity": [null, null, 2, 4, 5, 2, 2, 1, 3, 5, 2, 4, 5, 2, 2, 1, 3, 5, 2, 5], "pitchreversal": [null, null, 0, 1.5, 1.5, 0, 0, 0, 1.5, 0, 0, 1.5, 1.5, 0, 0, 0, 1.5, 0, 0, 0], "nextisrest": [false, false, false, false, false, false, false, false, false, false, false, false, false, false, false, false, false, false, false, null], "restduration_frac": [null, null, null, null, null, null, null, null, null, null, null, null, null, null, null, null, null, null, null, null], "duration": [0.75, 0.25, 1.0, 1.0, 0.75, 0.25, 1.0, 1.0, 1.0, 2.0, 1.0, 2.0, 0.75, 0.25, 1.0, 1.0, 1.0, 2.0, 1.0, 2.0], "duration_frac": ["3/4", "1/4", "1", "1", "3/4", "1/4", "1", "1", "1", "2", "1", "2", "3/4", "1/4", "1", "1", "1", "2", "1", "2"], "duration_fullname": ["Dotted Eighth", "16th", "Quarter", "Quarter", "Dotted Eighth", "16th", "Quarter", "Quarter", "Quarter", "Half", "Quarter", "Half", "Dotted Eighth", "16th", "Quarter", "Quarter", "Quarter", "Half", "Quarter", "Half"], "durationcontour": [null, "-", "+", "=", "-", "-", "+", "=", "=", "+", "-", "+", "-", "-", "+", "=", "=", "+", "-", "+"], "onsettick": [0, 3, 4, 8, 12, 15, 16, 20, 24, 28, 36, 40, 48, 51, 52, 56, 60, 64, 72, 76], "beatfraction": ["3/4", "1/4", "1", "1", "3/4", "1/4", "1", "1", "1", "2", "1", "2", "3/4", "1/4", "1", "1", "1", "2", "1", "2"], "phrasepos": [0.0, 0.15, 0.2, 0.4, 0.6, 0.75, 0.8, 1.0, 0.0, 0.25, 0.75, 1.0, 0.0, 0.10714285714285714, 0.14285714285714285, 0.2857142857142857, 0.42857142857142855, 0.5714285714285714, 0.8571428571428571, 1.0], "phrase_ix": [0, 0, 0, 0, 0, 0, 0, 0, 1, 1, 1, 1, 2, 2, 2, 2, 2, 2, 2, 2], "phrase_end": [false, false, false, false, false, false, false, true, false, false, false, true, false, false, false, false, false, false, false, true], "songpos": [0.0, 0.039473684210526314, 0.05263157894736842, 0.10526315789473684, 0.15789473684210525, 0.19736842105263158, 0.21052631578947367, 0.2631578947368421, 0.3157894736842105, 0.3684210526315789, 0.47368421052631576, 0.5263157894736842, 0.631578947368421, 0.6710526315789473, 0.6842105263157895, 0.7368421052631579, 0.7894736842105263, 0.8421052631578947, 0.9473684210526315, 1.0], "beatinsong": ["0", "3/4", "1", "2", "3", "15/4", "4", "5", "6", "7", "9", "10", "12", "51/4", "13", "14", "15", "16", "18", "19"], "beatinphrase": ["0", "3/4", "1", "2", "3", "15/4", "4", "5", "0", "1", "3", "4", "0", "3/4", "1", "2", "3", "4", "6", "7"], "beatinphrase_end": ["-3", "-9/4", "-2", "-1", "0", "3/4", "1", "2", "-3", "-2", "0", "1", "-6", "-21/4", "-5", "-4", "-3", "-2", "0", "1"], "IOI_frac": ["3/4", "1/4", "1", "1", "3/4", "1/4", "1", "1", "1", "2", "1", "2", "3/4", "1/4", "1", "1", "1", "2", "1", null], "IOI": [0.75, 0.25, 1.0, 1.0, 0.75, 0.25, 1.0, 1.0, 1.0, 2.0, 1.0, 2.0, 0.75, 0.25, 1.0, 1.0, 1.0, 2.0, 1.0, null], "IOR_frac": [null, "1/3", "4", "1", "3/4", "1/3", "4", "1", "1", "2", "1/2", "2", "3/8", "1/3", "4", "1", "1", "2", "1/2", null], "IOR": [null, 0.3333333333333333, 4.0, 1.0, 0.75, 0.3333333333333333, 4.0, 1.0, 1.0, 2.0, 0.5, 2.0, 0.375, 0.3333333333333333, 4.0, 1.0, 1.0, 2.0, 0.5, null], "imacontour": [null, "-", "+", "-", "+", "-", "+", "-", "+", "+", "-", "+", "-", "-", "+", "=", "=", "+", "-", "-"], "pitch": ["E4", "F#4", "G#4", "E4", "A4", "B4", "C#5", "D5", "B4", "F#4", "G#4", "E4", "A4", "B4", "C#5", "D5", "B4", "F#4", "E4", "A4"], "contour3": [null, "+", "+", "-", "+", "+", "+", "+", "-", "-", "+", "-", "+", "+", "+", "+", "-", "-", "-", "+"], "contour5": [null, "+", "+", "--", "++", "+", "+", "+", "--", "--", "+", "--", "++", "+", "+", "+", "--", "--", "-", "++"], "beatstrength": [1.0, 0.125, 0.5, 0.5, 1.0, 0.125, 0.5, 0.5, 1.0, 0.5, 1.0, 0.5, 1.0, 0.125, 0.5, 0.5, 1.0, 0.5, 1.0, 0.5], "beat_str": ["1", "1", "2", "3", "1", "1", "2", "3", "1", "2", "1", "2", "1", "1", "2", "3", "1", "2", "1", "2"], "beat_fraction_str": ["0", "3/4", "0", "0", "0", "3/4", "0", "0", "0", "0", "0", "0", "0", "3/4", "0", "0", "0", "0", "0", "0"], "beat": [1.0, 1.75, 2.0, 3.0, 1.0, 1.75, 2.0, 3.0, 1.0, 2.0, 1.0, 2.0, 1.0, 1.75, 2.0, 3.0, 1.0, 2.0, 1.0, 2.0], "timesignature": ["3/4", "3/4", "3/4", "3/4", "3/4", "3/4", "3/4", "3/4", "3/4", "3/4", "3/4", "3/4", "3/4", "3/4", "3/4", "3/4", "3/4", "3/4", "3/4", "3/4"], "gpr2a_Frankland": [null, null, null, null, null, null, null, null, null, null, null, null, null, null, null, null, null, null, null, null], "gpr2b_Frankland": [null, null, null, null, null, null, null, null, null, 0.5, null, 0.5625, null, null, null, null, null, 0.5, null, null], "gpr3a_Frankland": [null, null, null, 0.4, null, null, null, null, 0.5, null, null, 0.4, null, null, null, null, 0.5, null, null, null], "gpr3d_Frankland": [null, null, null, null, null, null, null, null, null, null, null, null, null, null, null, null, null, null, null, null], "gpr_Frankland_sum": [0, 0, 0, 0.4, 0, 0, 0, 0, 0.5, 0.5, 0, 0.9625, 0, 0, 0, 0, 0.5, 0.5, 0, 0], "lbdm_spitch": [null, 0.1875, 0.5113636363636365, 0.7954545454545454, 0.25, 0.15000000000000002, 0.2, 0.6000000000000001, 1.0, 0.43749999999999994, 0.5113636363636365, 0.7954545454545454, 0.25, 0.15000000000000002, 0.2, 0.6000000000000001, 1.0, 0.5, null, null], "lbdm_sioi": [null, 0.1745192307692308, 0.38076923076923075, 0.09065934065934066, 0.3059752747252747, 0.1745192307692308, 0.38076923076923075, 0.0, 0.21153846153846154, 0.8461538461538461, 0.4230769230769231, 1.0, 0.45432692307692313, 0.1745192307692308, 0.38076923076923075, 0.0, 0.21153846153846154, 0.8461538461538461, null, null], "lbdm_srest": [null, 0.0, 0.0, 0.0, 0.0, 0.0, 0.0, 0.0, 0.0, 0.0, 0.0, 0.0, 0.0, 0.0, 0.0, 0.0, 0.0, 0.0, null, null], "lbdm_rpitch": [null, 0.0, 0.25, 0.09090909090909091, 0.3333333333333333, 0.0, 0.2, 0.3333333333333333, 0.2, 0.3333333333333333, 0.25, 0.09090909090909091, 0.3333333333333333, 0.0, 0.2, 0.3333333333333333, 0.2, 0.3333333333333333, 0.3333333333333333, null], "lbdm_rioi": [null, 0.5, 0.6, 0.0, 0.14285714285714285, 0.5, 0.6, 0.0, 0.0, 0.3333333333333333, 0.3333333333333333, 0.3333333333333333, 0.45454545454545453, 0.5, 0.6, 0.0, 0.0, 0.3333333333333333, 0.3333333333333333, null],