{"id": "KB45114500020", "tunefamily": "", "year": -1, "tunefamily_full": "", "type": "", "freemeter": false, "origin": "", "features": {"scaledegree": [5, 7, 2, 1, 1, 1, 6, 5, 3, 1, 5, 7, 2, 1, 1, 1, 3, 1], "scaledegreespecifier": ["P", "M", "M", "P", "P", "P", "M", "P", "M", "P", "P", "M", "M", "P", "P", "P", "M", "P"], "tonic": ["C", "C", "C", "C", "C", "C", "C", "C", "C", "C", "C", "C", "C", "C", "C", "C", "C", "C"], "mode": ["major", "major", "major", "major", "major", "major", "major", "major", "major", "major", "major", "major", "major", "major", "major", "major", "major", "major"], "metriccontour": [null, "-", "+", "=", "+", "-", "+", "-", "+", "-", "+", "-", "+", "=", "+", "-", "+", "-"], "imaweight": [0.324675, 0.0844156, 0.474026, 0.792208, 0.454545, 0.662338, 0.681818, 0.337662, 0.837662, 0.37013, 0.662338, 0.337662, 1.0, 0.590909, 0.402597, 0.5, 0.266234, 0.636364], "imaweight_spectral": [0.775281, 0.297753, 0.926966, 1.0, 0.707865, 0.88764, 0.702247, 0.314607, 0.837079, 0.342697, 0.685393, 0.314607, 0.977528, 0.960674, 0.775281, 0.882022, 0.702247, 0.977528], "pitch40_hewlett": [146, 158, 169, 163, 163, 163, 192, 186, 175, 163, 146, 158, 169, 163, 163, 163, 175, 163], "pitch40_sapp": [185, 197, 208, 202, 202, 202, 231, 225, 214, 202, 185, 197, 208, 202, 202, 202, 214, 202], "octave": [4, 4, 5, 5, 5, 5, 5, 5, 5, 5, 4, 4, 5, 5, 5, 5, 5, 5], "midipitch": [67, 71, 74, 72, 72, 72, 81, 79, 76, 72, 67, 71, 74, 72, 72, 72, 76, 72], "diatonicpitch": [32, 34, 36, 35, 35, 35, 40, 39, 37, 35, 32, 34, 36, 35, 35, 35, 37, 35], "diatonicinterval": [null, 2, 2, -1, 0, 0, 5, -1, -2, -2, -3, 2, 2, -1, 0, 0, 2, -2], "chromaticinterval": [null, 4, 3, -2, 0, 0, 9, -2, -3, -4, -5, 4, 3, -2, 0, 0, 4, -4], "pitchproximity": [null, null, 3, 2, 0, 0, 9, 2, 3, 4, 5, 4, 3, 2, 0, 0, 4, 4], "pitchreversal": [null, null, 0, 1.5, 0, 0, 0, 1, 0, 0, 0, 1.5, 0, 1.5, 0, 0, 0, 1.5], "nextisrest": [false, false, false, false, false, false, false, false, false, false, false, false, false, false, false, false, false, null], "restduration_frac": [null, null, null, null, null, null, null, null, null, null, null, null, null, null, null, null, null, null], "duration": [0.25, 0.25, 1.0, 0.5, 0.5, 0.5, 0.25, 0.25, 0.25, 0.25, 0.25, 0.25, 1.0, 0.5, 0.5, 0.5, 0.5, 0.5], "duration_frac": ["1/4", "1/4", "1", "1/2", "1/2", "1/2", "1/4", "1/4", "1/4", "1/4", "1/4", "1/4", "1", "1/2", "1/2", "1/2", "1/2", "1/2"], "duration_fullname": ["16th", "16th", "Quarter", "Eighth", "Eighth", "Eighth", "16th", "16th", "16th", "16th", "16th", "16th", "Quarter", "Eighth", "Eighth", "Eighth", "Eighth", "Eighth"], "durationcontour": [null, "=", "+", "-", "=", "=", "-", "=", "=", "=", "=", "=", "+", "-", "=", "=", "=", "="], "onsettick": [0, 1, 2, 6, 8, 10, 12, 13, 14, 15, 16, 17, 18, 22, 24, 26, 28, 30], "beatfraction": ["1/4", "1/4", "1", "1/2", "1/2", "1/2", "1/4", "1/4", "1/4", "1/4", "1/4", "1/4", "1", "1/2", "1/2", "1/2", "1/2", "1/2"], "phrasepos": [0.0, 0.06666666666666667, 0.13333333333333333, 0.4, 0.5333333333333333, 0.6666666666666666, 0.8, 0.8666666666666667, 0.9333333333333333, 1.0, 0.0, 0.07142857142857142, 0.14285714285714285, 0.42857142857142855, 0.5714285714285714, 0.7142857142857143, 0.8571428571428571, 1.0], "phrase_ix": [0, 0, 0, 0, 0, 0, 0, 0, 0, 0, 1, 1, 1, 1, 1, 1, 1, 1], "phrase_end": [false, false, false, false, false, false, false, false, false, true, false, false, false, false, false, false, false, true], "songpos": [0.0, 0.03333333333333333, 0.06666666666666667, 0.2, 0.26666666666666666, 0.3333333333333333, 0.4, 0.43333333333333335, 0.4666666666666667, 0.5, 0.5333333333333333, 0.5666666666666667, 0.6, 0.7333333333333333, 0.8, 0.8666666666666667, 0.9333333333333333, 1.0], "beatinsong": ["0", "1/4", "1/2", "3/2", "2", "5/2", "3", "13/4", "7/2", "15/4", "4", "17/4", "9/2", "11/2", "6", "13/2", "7", "15/2"], "beatinphrase": ["0", "1/4", "1/2", "3/2", "2", "5/2", "3", "13/4", "7/2", "15/4", "0", "1/4", "1/2", "3/2", "2", "5/2", "3", "7/2"], "beatinphrase_end": ["-2", "-7/4", "-3/2", "-1/2", "0", "1/2", "1", "5/4", "3/2", "7/4", "-2", "-7/4", "-3/2", "-1/2", "0", "1/2", "1", "3/2"], "IOI_frac": ["1/4", "1/4", "1", "1/2", "1/2", "1/2", "1/4", "1/4", "1/4", "1/4", "1/4", "1/4", "1", "1/2", "1/2", "1/2", "1/2", null], "IOI": [0.25, 0.25, 1.0, 0.5, 0.5, 0.5, 0.25, 0.25, 0.25, 0.25, 0.25, 0.25, 1.0, 0.5, 0.5, 0.5, 0.5, null], "IOR_frac": [null, "1", "4", "1/2", "1", "1", "1/2", "1", "1", "1", "1", "1", "4", "1/2", "1", "1", "1", null], "IOR": [null, 1.0, 4.0, 0.5, 1.0, 1.0, 0.5, 1.0, 1.0, 1.0, 1.0, 1.0, 4.0, 0.5, 1.0, 1.0, 1.0, null], "imacontour": [null, "-", "+", "+", "-", "+", "+", "-", "+", "-", "+", "-", "+", "-", "-", "+", "-", "+"], "pitch": ["G4", "B4", "D5", "C5", "C5", "C5", "A5", "G5", "E5", "C5", "G4", "B4", "D5", "C5", "C5", "C5", "E5", "C5"], "contour3": [null, "+", "+", "-", "=", "=", "+", "-", "-", "-", "-", "+", "+", "-", "=", "=", "+", "-"], "contour5": [null, "++", "++", "-", "=", "=", "++", "-", "--", "--", "--", "++", "++", "-", "=", "=", "++", "--"], "beatstrength": [1.0, 0.125, 0.25, 0.25, 1.0, 0.25, 0.5, 0.125, 0.25, 0.125, 1.0, 0.125, 0.25, 0.25, 1.0, 0.25, 0.5, 0.25], "beat_str": ["1", "1", "1", "2", "1", "1", "2", "2", "2", "2", "1", "1", "1", "2", "1", "1", "2", "2"], "beat_fraction_str": ["0", "1/4", "1/2", "1/2", "0", "1/2", "0", "1/4", "1/2", "3/4", "0", "1/4", "1/2", "1/2", "0", "1/2", "0", "1/2"], "beat": [1.0, 1.25, 1.5, 2.5, 1.0, 1.5, 2.0, 2.25, 2.5, 2.75, 1.0, 1.25, 1.5, 2.5, 1.0, 1.5, 2.0, 2.5], "timesignature": ["2/4", "2/4", "2/4", "2/4", "2/4", "2/4", "2/4", "2/4", "2/4", "2/4", "2/4", "2/4", "2/4", "2/4", "2/4", "2/4", "2/4", "2/4"], "gpr2a_Frankland": [null, null, null, null, null, null, null, null, null, null, null, null, null, null, null, null, null, null], "gpr2b_Frankland": [null, null, 0.625, null, null, null, null, null, null, null, null, null, 0.625, null, null, null, null, null], "gpr3a_Frankland": [null, null, null, null, null, 0.8888888888888888, null, null, null, 0.19999999999999996, null, null, null, null, null, null, null, null], "gpr3d_Frankland": [null, null, null, null, null, 0.5, null, 0.0, 0.0, 0.0, null, null, null, null, 0.0, null, null, null], "gpr_Frankland_sum": [0, 0, 0.625, 0, 0, 1.3888888888888888, 0, 0, 0, 0.19999999999999996, 0, 0, 0.625, 0, 0, 0, 0, 0], "lbdm_spitch": [null, 0.06240113456608302, 0.10530191458026508, 0.0, 0.0, 1.0, 0.11160202912780233, 0.06240113456608302, 0.06618302150948199, 0.07445589919816724, 0.06618302150948199, 0.06240113456608302, 0.10530191458026508, 0.0, 0.0, 0.21840397098129055, null, null], "lbdm_sioi": [null, 0.1607142857142857, 1.0, 0.17857142857142855, 0.0, 0.17857142857142855, 0.08928571428571427, 0.0, 0.0, 0.0, 0.0, 0.1607142857142857, 1.0, 0.17857142857142855, 0.0, 0.0, null, null], "lbdm_srest": [null, 0.0, 0.0, 0.0, 0.0, 0.0, 0.0, 0.0, 0.0, 0.0, 0.0, 0.0, 0.0, 0.0, 0.0, 0.0, null, null], "lbdm_rpitch": [null, 0.1111111111111111, 0.14285714285714285, 0.5, 0.0, 0.8181818181818182, 0.5384615384615384, 0.14285714285714285, 0.1111111111111111, 0.09090909090909091, 0.09090909090909091, 0.1111111111111111, 0.14285714285714285, 0.5, 0.0, 0.6666666666666666, 0.0, null], "lbdm_rioi": [null, 0.0, 0.6, 0.3333333333333333, 0.0, 0.0, 0.3333333333333333, 0.0, 0.0, 0.0, 0.0, 0.0, 0.6, 0.3333333333333333, 0.0, 0.0, 0.0, null], "lbdm_rrest": [null, 0.0, 0.0, 0.0, 0.0, 0.0, 0.0, 0.0, 0.0, 0.0, 0.0, 0.0, 0.0, 0.0, 0.0, 0.0, 0.0, null], "lbdm_boundarystrength": [null, 0.09595742649866361, 0.5263254786450663, 0.08928571428571427, 0.0, 0.3392857142857143, 0.07254336442480772, 0.015600283641520754, 0.016545755377370498, 0.01861397479954181, 0.016545755377370498, 0.09595742649866361, 0.5263254786450663, 0.08928571428571427, 0.0, 0.05460099274532264, null, null]}}
