{"id": "KB4645200020", "tunefamily": "", "year": -1, "tunefamily_full": "", "type": "", "freemeter": false, "origin": "", "features": {"scaledegree": [4, 4, 2, 5, 3, 1, 4, 3, 3, 5, 5, 7, 1], "scaledegreespecifier": ["P", "P", "M", "P", "M", "P", "P", "M", "M", "P", "P", "M", "P"], "tonic": ["G", "G", "G", "G", "G", "G", "G", "G", "G", "G", "G", "G", "G"], "mode": ["major", "major", "major", "major", "major", "major", "major", "major", "major", "major", "major", "major", "major"], "metriccontour": [null, "-", "+", "=", "+", "-", "+", "=", "+", "-", "+", "=", "+"], "imaweight": [0.839623, 0.273585, 0.839623, 1.0, 0.801887, 0.349057, 0.839623, 1.0, 0.839623, 0.311321, 0.839623, 1.0, 0.801887], "imaweight_spectral": [0.822034, 0.313559, 0.822034, 1.0, 0.788136, 0.381356, 0.822034, 1.0, 0.822034, 0.347458, 0.822034, 1.0, 0.822034], "pitch40_hewlett": [163, 163, 152, 169, 158, 146, 163, 158, 158, 169, 129, 141, 146], "pitch40_sapp": [202, 202, 191, 208, 197, 185, 202, 197, 197, 208, 168, 180, 185], "octave": [5, 5, 4, 5, 4, 4, 5, 4, 4, 5, 4, 4, 4], "midipitch": [72, 72, 69, 74, 71, 67, 72, 71, 71, 74, 62, 66, 67], "diatonicpitch": [31, 31, 29, 32, 30, 28, 31, 30, 30, 32, 25, 27, 28], "diatonicinterval": [null, 0, -2, 3, -2, -2, 3, -1, 0, 2, -7, 2, 1], "chromaticinterval": [null, 0, -3, 5, -3, -4, 5, -1, 0, 3, -12, 4, 1], "pitchproximity": [null, null, 3, 5, 3, 4, 5, 1, 0, 3, null, 4, 1], "pitchreversal": [null, null, 0, 1.5, 1.5, 0, 1.5, 0, 0, 0, 0, null, 0], "nextisrest": [false, false, false, false, false, false, false, false, false, false, false, false, null], "restduration_frac": [null, null, null, null, null, null, null, null, null, null, null, null, null], "duration": [0.25, 0.25, 0.5, 0.5, 0.25, 0.25, 0.5, 0.5, 0.25, 0.25, 0.5, 0.5, 1.5], "duration_frac": ["1/4", "1/4", "1/2", "1/2", "1/4", "1/4", "1/2", "1/2", "1/4", "1/4", "1/2", "1/2", "3/2"], "duration_fullname": ["16th", "16th", "Eighth", "Eighth", "16th", "16th", "Eighth", "Eighth", "16th", "16th", "Eighth", "Eighth", "Dotted Quarter"], "durationcontour": [null, "=", "+", "=", "-", "=", "+", "=", "-", "=", "+", "=", "+"], "onsettick": [0, 1, 2, 4, 6, 7, 8, 10, 12, 13, 14, 16, 18], "beatfraction": ["1/6", "1/6", "1/3", "1/3", "1/6", "1/6", "1/3", "1/3", "1/6", "1/6", "1/3", "1/3", "1"], "phrasepos": [0.0, 0.05555555555555555, 0.1111111111111111, 0.2222222222222222, 0.3333333333333333, 0.3888888888888889, 0.4444444444444444, 0.5555555555555556, 0.6666666666666666, 0.7222222222222222, 0.7777777777777778, 0.8888888888888888, 1.0], "phrase_ix": [0, 0, 0, 0, 0, 0, 0, 0, 0, 0, 0, 0, 0], "phrase_end": [false, false, false, false, false, false, false, false, false, false, false, false, true], "songpos": [0.0, 0.05555555555555555, 0.1111111111111111, 0.2222222222222222, 0.3333333333333333, 0.3888888888888889, 0.4444444444444444, 0.5555555555555556, 0.6666666666666666, 0.7222222222222222, 0.7777777777777778, 0.8888888888888888, 1.0], "beatinsong": ["0", "1/6", "1/3", "2/3", "1", "7/6", "4/3", "5/3", "2", "13/6", "7/3", "8/3", "3"], "beatinphrase": ["0", "1/6", "1/3", "2/3", "1", "7/6", "4/3", "5/3", "2", "13/6", "7/3", "8/3", "3"], "beatinphrase_end": ["-3", "-17/6", "-8/3", "-7/3", "-2", "-11/6", "-5/3", "-4/3", "-1", "-5/6", "-2/3", "-1/3", "0"], "IOI_frac": ["1/4", "1/4", "1/2", "1/2", "1/4", "1/4", "1/2", "1/2", "1/4", "1/4", "1/2", "1/2", null], "IOI": [0.25, 0.25, 0.5, 0.5, 0.25, 0.25, 0.5, 0.5, 0.25, 0.25, 0.5, 0.5, null], "IOR_frac": [null, "1", "2", "1", "1/2", "1", "2", "1", "1/2", "1", "2", "1", null], "IOR": [null, 1.0, 2.0, 1.0, 0.5, 1.0, 2.0, 1.0, 0.5, 1.0, 2.0, 1.0, null], "imacontour": [null, "-", "+", "+", "-", "-", "+", "+", "-", "-", "+", "+", "-"], "pitch": ["C5", "C5", "A4", "D5", "B4", "G4", "C5", "B4", "B4", "D5", "D4", "F#4", "G4"], "contour3": [null, "=", "-", "+", "-", "-", "+", "-", "=", "+", "-", "+", "+"], "contour5": [null, "=", "--", "++", "--", "--", "++", "-", "=", "++", "--", "++", "+"], "beatstrength": [1.0, 0.25, 0.5, 0.5, 1.0, 0.25, 0.5, 0.5, 1.0, 0.25, 0.5, 0.5, 1.0], "beat_str": ["1", "1", "1", "1", "1", "1", "1", "1", "1", "1", "1", "1", "1"], "beat_fraction_str": ["0", "1/6", "1/3", "2/3", "0", "1/6", "1/3", "2/3", "0", "1/6", "1/3", "2/3", "0"], "beat": [1.0, 1.1666666666666667, 1.3333333333333333, 1.6666666666666667, 1.0, 1.1666666666666667, 1.3333333333333333, 1.6666666666666667, 1.0, 1.1666666666666667, 1.3333333333333333, 1.6666666666666667, 1.0], "timesignature": ["3/8", "3/8", "3/8", "3/8", "3/8", "3/8", "3/8", "3/8", "3/8", "3/8", "3/8", "3/8", "3/8"], "gpr2a_Frankland": [null, null, null, null, null, null, null, null, null, null, null, null, null], "gpr2b_Frankland": [null, null, null, null, null, null, null, null, null, null, null, null, null], "gpr3a_Frankland": [null, null, 0.4, null, null, 0.5, null, null, null, 0.7083333333333333, null, null, null], "gpr3d_Frankland": [null, 0.5, null, 0.5, null, 0.5, null, 0.5, null, 0.5, null, null, null], "gpr_Frankland_sum": [0, 0.5, 0.4, 0.5, 0, 1.0, 0, 0.5, 0, 1.2083333333333333, 0, 0, 0], "lbdm_spitch": [null, 0.20536912751677858, 0.17114093959731544, 0.07986577181208054, 0.06914785438275371, 0.2528218425869433, 0.07130872483221476, 0.0, 0.28993288590604027, 1.0, 0.29881751358261427, null, null], "lbdm_sioi": [null, 0.5, 1.0, 1.0, 0.5, 0.5, 1.0, 1.0, 0.5, 0.5, 1.0, null, null], "lbdm_srest": [null, 0.0, 0.0, 0.0, 0.0, 0.0, 0.0, 0.0, 0.0, 0.0, 0.0, null, null], "lbdm_rpitch": [null, 0.6, 0.2, 0.2, 0.1111111111111111, 0.09090909090909091, 0.5, 0.3333333333333333, 0.6, 0.5294117647058824, 0.4444444444444444, 0.42857142857142855, null], "lbdm_rioi": [null, 0.0, 0.3333333333333333, 0.0, 0.3333333333333333, 0.0, 0.3333333333333333, 0.0, 0.3333333333333333, 0.0, 0.3333333333333333, 0.0, null], "lbdm_rrest": [null, 0.0, 0.0, 0.0, 0.0, 0.0, 0.0, 0.0, 0.0, 0.0, 0.0, 0.0, null], "lbdm_boundarystrength": [null, 0.30134228187919465, 0.5427852348993288, 0.5199664429530202, 0.26728696359568843, 0.3132054606467358, 0.5178271812080537, 0.5, 0.3224832214765101, 0.5, 0.5747043783956536, null, null]}}
