{"id": "KB4677500000", "tunefamily": "", "year": -1, "tunefamily_full": "", "type": "", "freemeter": false, "origin": "", "features": {"scaledegree": [1, 1, 3, 3, 5, 2, 1, 4, 3, 5, 3, 3, 3, 3, 5, 1, 4, 3, 5], "scaledegreespecifier": ["P", "P", "M", "M", "P", "M", "P", "P", "M", "P", "M", "M", "M", "M", "P", "P", "P", "M", "P"], "tonic": ["G", "G", "G", "G", "G", "G", "G", "G", "G", "G", "G", "G", "G", "G", "G", "G", "G", "G", "G"], "mode": ["major", "major", "major", "major", "major", "major", "major", "major", "major", "major", "major", "major", "major", "major", "major", "major", "major", "major", "major"], "metriccontour": [null, "-", "+", "=", "-", "+", "-", "+", "=", "-", "+", "-", "+", "=", "-", "+", "-", "=", "-"], "imaweight": [0.702564, 0.215385, 0.974359, 0.871795, 0.353846, 0.769231, 0.312821, 1.0, 0.851282, 0.420513, 0.805128, 0.297436, 0.974359, 0.815385, 0.353846, 0.707692, 0.892308, 0.74359, 0.317949], "imaweight_spectral": [0.765487, 0.345133, 1.0, 0.858407, 0.411504, 0.769912, 0.376106, 0.969027, 0.840708, 0.469027, 0.800885, 0.362832, 0.946903, 0.862832, 0.464602, 0.769912, 0.964602, 0.929204, 0.451327], "pitch40_hewlett": [146, 146, 158, 158, 169, 192, 186, 163, 158, 169, 158, 158, 158, 158, 169, 186, 163, 158, 169], "pitch40_sapp": [185, 185, 197, 197, 208, 231, 225, 202, 197, 208, 197, 197, 197, 197, 208, 225, 202, 197, 208], "octave": [4, 4, 4, 4, 5, 5, 5, 5, 4, 5, 4, 4, 4, 4, 5, 5, 5, 4, 5], "midipitch": [67, 67, 71, 71, 74, 81, 79, 72, 71, 74, 71, 71, 71, 71, 74, 79, 72, 71, 74], "diatonicpitch": [28, 28, 30, 30, 32, 36, 35, 31, 30, 32, 30, 30, 30, 30, 32, 35, 31, 30, 32], "diatonicinterval": [null, 0, 2, 0, 2, 4, -1, -4, -1, 2, -2, 0, 0, 0, 2, 3, -4, -1, 2], "chromaticinterval": [null, 0, 4, 0, 3, 7, -2, -7, -1, 3, -3, 0, 0, 0, 3, 5, -7, -1, 3], "pitchproximity": [null, null, 4, 0, 3, 7, 2, 7, 1, 3, 3, 0, 0, 0, 3, 5, 7, 1, 3], "pitchreversal": [null, null, 0, 0, 0, 0, 1, 0, -1, 1.5, 1.5, 0, 0, 0, 0, 0, 1.5, -1, 1.5], "nextisrest": [false, false, false, false, false, false, false, false, false, false, false, false, false, false, false, false, false, false, null], "restduration_frac": [null, null, null, null, null, null, null, null, null, null, null, null, null, null, null, null, null, null, null], "duration": [0.5, 0.5, 1.0, 0.5, 0.5, 0.5, 0.5, 1.0, 0.5, 0.5, 0.5, 0.5, 1.0, 0.5, 0.5, 1.0, 1.0, 0.5, 0.5], "duration_frac": ["1/2", "1/2", "1", "1/2", "1/2", "1/2", "1/2", "1", "1/2", "1/2", "1/2", "1/2", "1", "1/2", "1/2", "1", "1", "1/2", "1/2"], "duration_fullname": ["Eighth", "Eighth", "Quarter", "Eighth", "Eighth", "Eighth", "Eighth", "Quarter", "Eighth", "Eighth", "Eighth", "Eighth", "Quarter", "Eighth", "Eighth", "Quarter", "Quarter", "Eighth", "Eighth"], "durationcontour": [null, "=", "+", "-", "=", "=", "=", "+", "-", "=", "=", "=", "+", "-", "=", "+", "=", "-", "="], "onsettick": [0, 1, 2, 4, 5, 6, 7, 8, 10, 11, 12, 13, 14, 16, 17, 18, 20, 22, 23], "beatfraction": ["1/2", "1/2", "1", "1/2", "1/2", "1/2", "1/2", "1", "1/2", "1/2", "1/2", "1/2", "1", "1/2", "1/2", "1", "1", "1/2", "1/2"], "phrasepos": [0.0, 0.043478260869565216, 0.08695652173913043, 0.17391304347826086, 0.21739130434782608, 0.2608695652173913, 0.30434782608695654, 0.34782608695652173, 0.43478260869565216, 0.4782608695652174, 0.5217391304347826, 0.5652173913043478, 0.6086956521739131, 0.6956521739130435, 0.7391304347826086, 0.782608695652174, 0.8695652173913043, 0.9565217391304348, 1.0], "phrase_ix": [0, 0, 0, 0, 0, 0, 0, 0, 0, 0, 0, 0, 0, 0, 0, 0, 0, 0, 0], "phrase_end": [false, false, false, false, false, false, false, false, false, false, false, false, false, false, false, false, false, false, true], "songpos": [0.0, 0.043478260869565216, 0.08695652173913043, 0.17391304347826086, 0.21739130434782608, 0.2608695652173913, 0.30434782608695654, 0.34782608695652173, 0.43478260869565216, 0.4782608695652174, 0.5217391304347826, 0.5652173913043478, 0.6086956521739131, 0.6956521739130435, 0.7391304347826086, 0.782608695652174, 0.8695652173913043, 0.9565217391304348, 1.0], "beatinsong": ["0", "1/2", "1", "2", "5/2", "3", "7/2", "4", "5", "11/2", "6", "13/2", "7", "8", "17/2", "9", "10", "11", "23/2"], "beatinphrase": ["0", "1/2", "1", "2", "5/2", "3", "7/2", "4", "5", "11/2", "6", "13/2", "7", "8", "17/2", "9", "10", "11", "23/2"], "beatinphrase_end": ["-9", "-17/2", "-8", "-7", "-13/2", "-6", "-11/2", "-5", "-4", "-7/2", "-3", "-5/2", "-2", "-1", "-1/2", "0", "1", "2", "5/2"], "IOI_frac": ["1/2", "1/2", "1", "1/2", "1/2", "1/2", "1/2", "1", "1/2", "1/2", "1/2", "1/2", "1", "1/2", "1/2", "1", "1", "1/2", null], "IOI": [0.5, 0.5, 1.0, 0.5, 0.5, 0.5, 0.5, 1.0, 0.5, 0.5, 0.5, 0.5, 1.0, 0.5, 0.5, 1.0, 1.0, 0.5, null], "IOR_frac": [null, "1", "2", "1/2", "1", "1", "1", "2", "1/2", "1", "1", "1", "2", "1/2", "1", "2", "1", "1/2", null], "IOR": [null, 1.0, 2.0, 0.5, 1.0, 1.0, 1.0, 2.0, 0.5, 1.0, 1.0, 1.0, 2.0, 0.5, 1.0, 2.0, 1.0, 0.5, null], "imacontour": [null, "-", "+", "-", "-", "+", "-", "+", "-", "-", "+", "-", "+", "-", "-", "+", "+", "-", "-"], "pitch": ["G4", "G4", "B4", "B4", "D5", "A5", "G5", "C5", "B4", "D5", "B4", "B4", "B4", "B4", "D5", "G5", "C5", "B4", "D5"], "contour3": [null, "=", "+", "=", "+", "+", "-", "-", "-", "+", "-", "=", "=", "=", "+", "+", "-", "-", "+"], "contour5": [null, "=", "++", "=", "++", "++", "-", "--", "-", "++", "--", "=", "=", "=", "++", "++", "--", "-", "++"], "beatstrength": [1.0, 0.25, 0.5, 0.5, 0.25, 1.0, 0.25, 0.5, 0.5, 0.25, 1.0, 0.25, 0.5, 0.5, 0.25, 1.0, 0.5, 0.5, 0.25], "beat_str": ["1", "1", "2", "3", "3", "1", "1", "2", "3", "3", "1", "1", "2", "3", "3", "1", "2", "3", "3"], "beat_fraction_str": ["0", "1/2", "0", "0", "1/2", "0", "1/2", "0", "0", "1/2", "0", "1/2", "0", "0", "1/2", "0", "0", "0", "1/2"], "beat": [1.0, 1.5, 2.0, 3.0, 3.5, 1.0, 1.5, 2.0, 3.0, 3.5, 1.0, 1.5, 2.0, 3.0, 3.5, 1.0, 2.0, 3.0, 3.5], "timesignature": ["3/4", "3/4", "3/4", "3/4", "3/4", "3/4", "3/4", "3/4", "3/4", "3/4", "3/4", "3/4", "3/4", "3/4", "3/4", "3/4", "3/4", "3/4", "3/4"], "gpr2a_Frankland": [null, null, null, null, null, null, null, null, null, null, null, null, null, null, null, null, null, null, null], "gpr2b_Frankland": [null, null, 0.5, null, null, null, null, 0.5, null, null, null, null, 0.5, null, null, null, null, null, null], "gpr3a_Frankland": [null, 1.0, null, null, 0.6428571428571428, null, 0.7857142857142857, null, null, null, null, null, null, null, null, 0.5714285714285714, null, null, null], "gpr3d_Frankland": [null, null, null, null, 0.0, null, null, null, null, 0.0, null, null, null, null, 0.5, null, null, null, null], "gpr_Frankland_sum": [0, 1.0, 0.5, 0, 0.6428571428571428, 0, 0.7857142857142857, 0.5, 0, 0, 0, 0, 0.5, 0, 0.5, 0.5714285714285714, 0, 0, 0], "lbdm_spitch": [null, 0.722495894909688, 0.0, 0.37931034482758624, 0.7471264367816092, 0.24630541871921185, 1.0, 0.12643678160919541, 0.13546798029556653, 0.2438423645320197, 0.0, 0.0, 0.0, 0.3251231527093597, 0.23223082336382833, 0.704433497536946, 0.12643678160919541, null, null], "lbdm_sioi": [null, 0.25, 1.0, 0.25, 0.0, 0.0, 0.25, 1.0, 0.25, 0.0, 0.0, 0.25, 1.0, 0.25, 0.25, 0.5, 0.5, null, null], "lbdm_srest": [null, 0.0, 0.0, 0.0, 0.0, 0.0, 0.0, 0.0, 0.0, 0.0, 0.0, 0.0, 0.0, 0.0, 0.0, 0.0, 0.0, null, null], "lbdm_rpitch": [null, 0.6666666666666666, 0.6666666666666666, 0.6, 0.3333333333333333, 0.45454545454545453, 0.45454545454545453, 0.6, 0.3333333333333333, 0.0, 0.6, 0.0, 0.0, 0.6, 0.2, 0.14285714285714285, 0.6, 0.3333333333333333, null], "lbdm_rioi": [null, 0.0, 0.3333333333333333, 0.3333333333333333, 0.0, 0.0, 0.0, 0.3333333333333333, 0.3333333333333333, 0.0, 0.0, 0.0, 0.3333333333333333, 0.3333333333333333, 0.0, 0.3333333333333333, 0.0, 0.3333333333333333, null], "lbdm_rrest": [null, 0.0, 0.0, 0.0, 0.0, 0.0, 0.0, 0.0, 0.0, 0.0, 0.0, 0.0, 0.0, 0.0, 0.0, 0.0, 0.0, 0.0, null],