{"id": "KB4640000020", "tunefamily": "", "year": -1, "tunefamily_full": "", "type": "", "freemeter": false, "origin": "", "features": {"scaledegree": [1, 3, 5, 1, 3, 2, 4, 4, 6, 5, 1, 3, 5, 4, 2, 2, 7, 2, 2, 3, 1], "scaledegreespecifier": ["P", "M", "P", "P", "M", "M", "P", "P", "M", "P", "P", "M", "P", "P", "M", "M", "M", "M", "M", "M", "P"], "tonic": ["G", "G", "G", "G", "G", "G", "G", "G", "G", "G", "G", "G", "G", "G", "G", "G", "G", "G", "G", "G", "G"], "mode": ["major", "major", "major", "major", "major", "major", "major", "major", "major", "major", "major", "major", "major", "major", "major", "major", "major", "major", "major", "major", "major"], "metriccontour": [null, "-", "=", "+", "-", "+", "-", "=", "+", "-", "+", "-", "=", "+", "-", "=", "+", "-", "=", "+", "-"], "imaweight": [0.240678, 0.522034, 0.257627, 0.661017, 0.644068, 0.288136, 0.525424, 0.332203, 0.674576, 0.969492, 0.59322, 0.816949, 0.549153, 0.928814, 0.467797, 0.945763, 0.559322, 0.776271, 0.549153, 1.0, 0.674576], "imaweight_spectral": [0.604938, 0.833333, 0.592593, 0.959877, 0.92284, 0.598765, 0.814815, 0.638889, 0.950617, 0.959877, 0.617284, 0.820988, 0.57716, 0.92284, 0.503086, 0.938272, 0.58642, 0.783951, 0.57716, 0.987654, 1.0], "pitch40_hewlett": [146, 158, 169, 186, 158, 152, 163, 163, 175, 169, 146, 158, 169, 163, 152, 152, 141, 152, 152, 158, 146], "pitch40_sapp": [185, 197, 208, 225, 197, 191, 202, 202, 214, 208, 185, 197, 208, 202, 191, 191, 180, 191, 191, 197, 185], "octave": [4, 4, 5, 5, 4, 4, 5, 5, 5, 5, 4, 4, 5, 5, 4, 4, 4, 4, 4, 4, 4], "midipitch": [67, 71, 74, 79, 71, 69, 72, 72, 76, 74, 67, 71, 74, 72, 69, 69, 66, 69, 69, 71, 67], "diatonicpitch": [28, 30, 32, 35, 30, 29, 31, 31, 33, 32, 28, 30, 32, 31, 29, 29, 27, 29, 29, 30, 28], "diatonicinterval": [null, 2, 2, 3, -5, -1, 2, 0, 2, -1, -4, 2, 2, -1, -2, 0, -2, 2, 0, 1, -2], "chromaticinterval": [null, 4, 3, 5, -8, -2, 3, 0, 4, -2, -7, 4, 3, -2, -3, 0, -3, 3, 0, 2, -4], "pitchproximity": [null, null, 3, 5, 8, 2, 3, 0, 4, 2, 7, 4, 3, 2, 3, 0, 3, 3, 0, 2, 4], "pitchreversal": [null, null, 0, 0, 0, -1, 1.5, 0, 0, 1.5, 0, 1, 0, 1.5, 0, 0, 0, 1.5, 0, 0, 1.5], "nextisrest": [false, false, false, false, false, false, false, false, false, false, false, false, false, false, false, false, false, false, false, false, null], "restduration_frac": [null, null, null, null, null, null, null, null, null, null, null, null, null, null, null, null, null, null, null, null, null], "duration": [0.5, 0.5, 0.5, 1.0, 0.5, 0.5, 0.5, 0.5, 1.0, 0.5, 0.5, 0.5, 0.5, 0.5, 0.5, 0.5, 0.5, 0.5, 0.5, 1.0, 0.5], "duration_frac": ["1/2", "1/2", "1/2", "1", "1/2", "1/2", "1/2", "1/2", "1", "1/2", "1/2", "1/2", "1/2", "1/2", "1/2", "1/2", "1/2", "1/2", "1/2", "1", "1/2"], "duration_fullname": ["Eighth", "Eighth", "Eighth", "Quarter", "Eighth", "Eighth", "Eighth", "Eighth", "Quarter", "Eighth", "Eighth", "Eighth", "Eighth", "Eighth", "Eighth", "Eighth", "Eighth", "Eighth", "Eighth", "Quarter", "Eighth"], "durationcontour": [null, "=", "=", "+", "-", "=", "=", "=", "+", "-", "=", "=", "=", "=", "=", "=", "=", "=", "=", "+", "-"], "onsettick": [0, 1, 2, 3, 5, 6, 7, 8, 9, 11, 12, 13, 14, 15, 16, 17, 18, 19, 20, 21, 23], "beatfraction": ["1/3", "1/3", "1/3", "2/3", "1/3", "1/3", "1/3", "1/3", "2/3", "1/3", "1/3", "1/3", "1/3", "1/3", "1/3", "1/3", "1/3", "1/3", "1/3", "2/3", "1/3"], "phrasepos": [0.0, 0.09090909090909091, 0.18181818181818182, 0.2727272727272727, 0.45454545454545453, 0.5454545454545454, 0.6363636363636364, 0.7272727272727273, 0.8181818181818182, 1.0, 0.0, 0.09090909090909091, 0.18181818181818182, 0.2727272727272727, 0.36363636363636365, 0.45454545454545453, 0.5454545454545454, 0.6363636363636364, 0.7272727272727273, 0.8181818181818182, 1.0], "phrase_ix": [0, 0, 0, 0, 0, 0, 0, 0, 0, 0, 1, 1, 1, 1, 1, 1, 1, 1, 1, 1, 1], "phrase_end": [false, false, false, false, false, false, false, false, false, true, false, false, false, false, false, false, false, false, false, false, true], "songpos": [0.0, 0.043478260869565216, 0.08695652173913043, 0.13043478260869565, 0.21739130434782608, 0.2608695652173913, 0.30434782608695654, 0.34782608695652173, 0.391304347826087, 0.4782608695652174, 0.5217391304347826, 0.5652173913043478, 0.6086956521739131, 0.6521739130434783, 0.6956521739130435, 0.7391304347826086, 0.782608695652174, 0.8260869565217391, 0.8695652173913043, 0.9130434782608695, 1.0], "beatinsong": ["0", "1/3", "2/3", "1", "5/3", "2", "7/3", "8/3", "3", "11/3", "4", "13/3", "14/3", "5", "16/3", "17/3", "6", "19/3", "20/3", "7", "23/3"], "beatinphrase": ["0", "1/3", "2/3", "1", "5/3", "2", "7/3", "8/3", "3", "11/3", "0", "1/3", "2/3", "1", "4/3", "5/3", "2", "7/3", "8/3", "3", "11/3"], "beatinphrase_end": ["-3", "-8/3", "-7/3", "-2", "-4/3", "-1", "-2/3", "-1/3", "0", "2/3", "-3", "-8/3", "-7/3", "-2", "-5/3", "-4/3", "-1", "-2/3", "-1/3", "0", "2/3"], "IOI_frac": ["1/2", "1/2", "1/2", "1", "1/2", "1/2", "1/2", "1/2", "1", "1/2", "1/2", "1/2", "1/2", "1/2", "1/2", "1/2", "1/2", "1/2", "1/2", "1", null], "IOI": [0.5, 0.5, 0.5, 1.0, 0.5, 0.5, 0.5, 0.5, 1.0, 0.5, 0.5, 0.5, 0.5, 0.5, 0.5, 0.5, 0.5, 0.5, 0.5, 1.0, null], "IOR_frac": [null, "1", "1", "2", "1/2", "1", "1", "1", "2", "1/2", "1", "1", "1", "1", "1", "1", "1", "1", "1", "2", null], "IOR": [null, 1.0, 1.0, 2.0, 0.5, 1.0, 1.0, 1.0, 2.0, 0.5, 1.0, 1.0, 1.0, 1.0, 1.0, 1.0, 1.0, 1.0, 1.0, 2.0, null], "imacontour": [null, "+", "-", "+", "-", "-", "+", "-", "+", "+", "-", "+", "-", "+", "-", "+", "-", "+", "-", "+", "-"], "pitch": ["G4", "B4", "D5", "G5", "B4", "A4", "C5", "C5", "E5", "D5", "G4", "B4", "D5", "C5", "A4", "A4", "F#4", "A4", "A4", "B4", "G4"], "contour3": [null, "+", "+", "+", "-", "-", "+", "=", "+", "-", "-", "+", "+", "-", "-", "=", "-", "+", "=", "+", "-"], "contour5": [null, "++", "++", "++", "--", "-", "++", "=", "++", "-", "--", "++", "++", "-", "--", "=", "--", "++", "=", "+", "--"], "beatstrength": [1.0, 0.5, 0.5, 1.0, 0.5, 1.0, 0.5, 0.5, 1.0, 0.5, 1.0, 0.5, 0.5, 1.0, 0.5, 0.5, 1.0, 0.5, 0.5, 1.0, 0.5], "beat_str": ["1", "1", "1", "1", "1", "1", "1", "1", "1", "1", "1", "1", "1", "1", "1", "1", "1", "1", "1", "1", "1"], "beat_fraction_str": ["0", "1/3", "2/3", "0", "2/3", "0", "1/3", "2/3", "0", "2/3", "0", "1/3", "2/3", "0", "1/3", "2/3", "0", "1/3", "2/3", "0", "2/3"], "beat": [1.0, 1.3333333333333333, 1.6666666666666667, 1.0, 1.6666666666666667, 1.0, 1.3333333333333333, 1.6666666666666667, 1.0, 1.6666666666666667, 1.0, 1.3333333333333333, 1.6666666666666667, 1.0, 1.3333333333333333, 1.6666666666666667, 1.0, 1.3333333333333333, 1.6666666666666667, 1.0, 1.6666666666666667], "timesignature": ["3/8", "3/8", "3/8", "3/8", "3/8", "3/8", "3/8", "3/8", "3/8", "3/8", "3/8", "3/8", "3/8", "3/8", "3/8", "3/8", "3/8", "3/8", "3/8", "3/8", "3/8"], "gpr2a_Frankland": [null, null, null, null, null, null, null, null, null, null, null, null, null, null, null, null, null, null, null, null, null], "gpr2b_Frankland": [null, null, null, 0.5, null, null, null, null, 0.5, null, null, null, null, null, null, null, null, null, null, null, null], "gpr3a_Frankland": [null, null, null, 0.5625, null, 0.6666666666666667, null, 0.75, null, 0.5714285714285714, null, null, null, 0.6666666666666667, null, null, null, null, null, null, null], "gpr3d_Frankland": [null, null, null, null, null, 0.0, null, null, null, null, 0.0, 0.0, 0.0, 0.0, 0.0, 0.0, 0.0, null, null, null, null], "gpr_Frankland_sum": [0, 0, 0, 1.0625, 0, 0.6666666666666667, 0, 0.75, 0.5, 0.5714285714285714, 0, 0, 0, 0.6666666666666667, 0, 0, 0, 0, 0, 0, 0], "lbdm_spitch": [null, 0.16666666666666669, 0.35714285714285715, 1.0, 0.22959183673469388, 0.39795918367346944, 0.0, 0.6547619047619048, 0.25162337662337664, 0.8566433566433568, 0.24420024420024422, 0.1360544217687075, 0.10204081632653061, 0.39795918367346944, 0.0, 0.3214285714285714, 0.3214285714285714, 0.0, 0.26785714285714285, null, null], "lbdm_sioi": [null, 0.0, 0.25, 1.0, 0.25, 0.0, 0.0, 0.25, 1.0, 0.25, 0.0, 0.0, 0.0, 0.0, 0.0, 0.0, 0.0, 0.0, 0.25, null, null],