{"id": "KB4676100020", "tunefamily": "", "year": -1, "tunefamily_full": "", "type": "", "freemeter": false, "origin": "", "features": {"scaledegree": [4, 6, 5, 4, 2, 1, 3, 5, 6, 4, 6, 5, 3, 2, 7, 2, 3, 4, 2], "scaledegreespecifier": ["P", "M", "P", "P", "M", "P", "M", "P", "M", "P", "M", "P", "M", "M", "M", "M", "M", "P", "M"], "tonic": ["E-", "E-", "E-", "E-", "E-", "E-", "E-", "E-", "E-", "E-", "E-", "E-", "E-", "E-", "E-", "E-", "E-", "E-", "E-"], "mode": ["major", "major", "major", "major", "major", "major", "major", "major", "major", "major", "major", "major", "major", "major", "major", "major", "major", "major", "major"], "metriccontour": [null, "-", "+", "=", "-", "+", "-", "+", "=", "+", "-", "+", "=", "-", "+", "-", "+", "-", "+"], "imaweight": [0.621622, 0.238739, 0.653153, 0.837838, 0.144144, 0.635135, 0.405405, 0.653153, 0.783784, 0.653153, 0.310811, 0.621622, 0.927928, 0.27027, 0.725225, 0.400901, 0.743243, 0.238739, 1.0], "imaweight_spectral": [0.788618, 0.45935, 0.833333, 0.934959, 0.341463, 0.752033, 0.544715, 0.784553, 0.95122, 0.817073, 0.50813, 0.804878, 0.934959, 0.357724, 0.752033, 0.45935, 0.800813, 0.313008, 1.0], "pitch40_hewlett": [151, 163, 157, 151, 140, 134, 146, 157, 163, 151, 163, 157, 146, 140, 129, 140, 146, 151, 140], "pitch40_sapp": [190, 202, 196, 190, 179, 173, 185, 196, 202, 190, 202, 196, 185, 179, 168, 179, 185, 190, 179], "octave": [4, 5, 4, 4, 4, 4, 4, 4, 5, 4, 5, 4, 4, 4, 4, 4, 4, 4, 4], "midipitch": [68, 72, 70, 68, 65, 63, 67, 70, 72, 68, 72, 70, 67, 65, 62, 65, 67, 68, 65], "diatonicpitch": [31, 33, 32, 31, 29, 28, 30, 32, 33, 31, 33, 32, 30, 29, 27, 29, 30, 31, 29], "diatonicinterval": [null, 2, -1, -1, -2, -1, 2, 2, 1, -2, 2, -1, -2, -1, -2, 2, 1, 1, -2], "chromaticinterval": [null, 4, -2, -2, -3, -2, 4, 3, 2, -4, 4, -2, -3, -2, -3, 3, 2, 1, -3], "pitchproximity": [null, null, 2, 2, 3, 2, 4, 3, 2, 4, 4, 2, 3, 2, 3, 3, 2, 1, 3], "pitchreversal": [null, null, 1.5, 0, 0, 0, 1.5, 0, 0, 1.5, 1.5, 1.5, 0, 0, 0, 1.5, 0, 0, 1.5], "nextisrest": [false, false, false, false, false, false, false, false, false, false, false, false, false, false, false, false, false, false, null], "restduration_frac": [null, null, null, null, null, null, null, null, null, null, null, null, null, null, null, null, null, null, null], "duration": [0.5, 0.5, 1.0, 0.5, 0.5, 0.5, 0.5, 1.0, 1.0, 0.5, 0.5, 1.0, 0.5, 0.5, 0.5, 0.5, 0.5, 0.5, 1.0], "duration_frac": ["1/2", "1/2", "1", "1/2", "1/2", "1/2", "1/2", "1", "1", "1/2", "1/2", "1", "1/2", "1/2", "1/2", "1/2", "1/2", "1/2", "1"], "duration_fullname": ["Eighth", "Eighth", "Quarter", "Eighth", "Eighth", "Eighth", "Eighth", "Quarter", "Quarter", "Eighth", "Eighth", "Quarter", "Eighth", "Eighth", "Eighth", "Eighth", "Eighth", "Eighth", "Quarter"], "durationcontour": [null, "=", "+", "-", "=", "=", "=", "+", "=", "-", "=", "+", "-", "=", "=", "=", "=", "=", "+"], "onsettick": [0, 1, 2, 4, 5, 6, 7, 8, 10, 12, 13, 14, 16, 17, 18, 19, 20, 21, 22], "beatfraction": ["1/2", "1/2", "1", "1/2", "1/2", "1/2", "1/2", "1", "1", "1/2", "1/2", "1", "1/2", "1/2", "1/2", "1/2", "1/2", "1/2", "1"], "phrasepos": [0.0, 0.045454545454545456, 0.09090909090909091, 0.18181818181818182, 0.22727272727272727, 0.2727272727272727, 0.3181818181818182, 0.36363636363636365, 0.45454545454545453, 0.5454545454545454, 0.5909090909090909, 0.6363636363636364, 0.7272727272727273, 0.7727272727272727, 0.8181818181818182, 0.8636363636363636, 0.9090909090909091, 0.9545454545454546, 1.0], "phrase_ix": [0, 0, 0, 0, 0, 0, 0, 0, 0, 0, 0, 0, 0, 0, 0, 0, 0, 0, 0], "phrase_end": [false, false, false, false, false, false, false, false, false, false, false, false, false, false, false, false, false, false, true], "songpos": [0.0, 0.045454545454545456, 0.09090909090909091, 0.18181818181818182, 0.22727272727272727, 0.2727272727272727, 0.3181818181818182, 0.36363636363636365, 0.45454545454545453, 0.5454545454545454, 0.5909090909090909, 0.6363636363636364, 0.7272727272727273, 0.7727272727272727, 0.8181818181818182, 0.8636363636363636, 0.9090909090909091, 0.9545454545454546, 1.0], "beatinsong": ["0", "1/2", "1", "2", "5/2", "3", "7/2", "4", "5", "6", "13/2", "7", "8", "17/2", "9", "19/2", "10", "21/2", "11"], "beatinphrase": ["0", "1/2", "1", "2", "5/2", "3", "7/2", "4", "5", "6", "13/2", "7", "8", "17/2", "9", "19/2", "10", "21/2", "11"], "beatinphrase_end": ["-9", "-17/2", "-8", "-7", "-13/2", "-6", "-11/2", "-5", "-4", "-3", "-5/2", "-2", "-1", "-1/2", "0", "1/2", "1", "3/2", "2"], "IOI_frac": ["1/2", "1/2", "1", "1/2", "1/2", "1/2", "1/2", "1", "1", "1/2", "1/2", "1", "1/2", "1/2", "1/2", "1/2", "1/2", "1/2", null], "IOI": [0.5, 0.5, 1.0, 0.5, 0.5, 0.5, 0.5, 1.0, 1.0, 0.5, 0.5, 1.0, 0.5, 0.5, 0.5, 0.5, 0.5, 0.5, null], "IOR_frac": [null, "1", "2", "1/2", "1", "1", "1", "2", "1", "1/2", "1", "2", "1/2", "1", "1", "1", "1", "1", null], "IOR": [null, 1.0, 2.0, 0.5, 1.0, 1.0, 1.0, 2.0, 1.0, 0.5, 1.0, 2.0, 0.5, 1.0, 1.0, 1.0, 1.0, 1.0, null], "imacontour": [null, "-", "+", "+", "-", "+", "-", "+", "+", "-", "-", "+", "+", "-", "+", "-", "+", "-", "+"], "pitch": ["A-4", "C5", "B-4", "A-4", "F4", "E-4", "G4", "B-4", "C5", "A-4", "C5", "B-4", "G4", "F4", "D4", "F4", "G4", "A-4", "F4"], "contour3": [null, "+", "-", "-", "-", "-", "+", "+", "+", "-", "+", "-", "-", "-", "-", "+", "+", "+", "-"], "contour5": [null, "++", "-", "-", "--", "-", "++", "++", "+", "--", "++", "-", "--", "-", "--", "++", "+", "+", "--"], "beatstrength": [1.0, 0.25, 0.5, 0.5, 0.25, 1.0, 0.25, 0.5, 0.5, 1.0, 0.25, 0.5, 0.5, 0.25, 1.0, 0.25, 0.5, 0.25, 0.5], "beat_str": ["1", "1", "2", "3", "3", "1", "1", "2", "3", "1", "1", "2", "3", "3", "1", "1", "2", "2", "3"], "beat_fraction_str": ["0", "1/2", "0", "0", "1/2", "0", "1/2", "0", "0", "0", "1/2", "0", "0", "1/2", "0", "1/2", "0", "1/2", "0"], "beat": [1.0, 1.5, 2.0, 3.0, 3.5, 1.0, 1.5, 2.0, 3.0, 1.0, 1.5, 2.0, 3.0, 3.5, 1.0, 1.5, 2.0, 2.5, 3.0], "timesignature": ["3/4", "3/4", "3/4", "3/4", "3/4", "3/4", "3/4", "3/4", "3/4", "3/4", "3/4", "3/4", "3/4", "3/4", "3/4", "3/4", "3/4", "3/4", "3/4"], "gpr2a_Frankland": [null, null, null, null, null, null, null, null, null, null, null, null, null, null, null, null, null, null, null], "gpr2b_Frankland": [null, null, 0.5, null, null, null, null, null, null, null, null, 0.5, null, null, null, null, null, null, null], "gpr3a_Frankland": [null, null, null, 0.33333333333333337, null, 0.375, null, null, null, null, null, 0.33333333333333337, null, null, null, null, null, null, null], "gpr3d_Frankland": [null, null, null, null, 0.0, null, 0.5, null, 0.5, null, null, null, null, 0.0, 0.0, 0.0, null, null, null], "gpr_Frankland_sum": [0, 0, 0.5, 0.33333333333333337, 0, 0.375, 0.5, 0, 0.5, 0, 0, 0.8333333333333334, 0, 0, 0, 0, 0, 0, 0], "lbdm_spitch": [null, 0.34615384615384615, 0.1978021978021978, 0.5934065934065934, 0.5439560439560439, 1.0, 0.5274725274725275, 0.5439560439560439, 0.6923076923076923, 0.6923076923076923, 0.5439560439560439, 0.5934065934065934, 0.3956043956043956, 0.2967032967032967, 0.2967032967032967, 0.47472527472527476, 0.36923076923076925, null, null], "lbdm_sioi": [null, 0.25, 1.0, 0.25, 0.0, 0.0, 0.25, 0.5, 0.5, 0.25, 0.25, 1.0, 0.25, 0.0, 0.0, 0.0, 0.0, null, null], "lbdm_srest": [null, 0.0, 0.0, 0.0, 0.0, 0.0, 0.0, 0.0, 0.0, 0.0, 0.0, 0.0, 0.0, 0.0, 0.0, 0.0, 0.0, null, null], "lbdm_rpitch": [null, 0.25, 0.0, 0.14285714285714285, 0.14285714285714285, 0.25, 0.1111111111111111, 0.14285714285714285, 0.25, 0.0, 0.25, 0.14285714285714285, 0.14285714285714285, 0.14285714285714285, 0.0, 0.14285714285714285, 0.2, 0.3333333333333333, null], "lbdm_rioi": [null, 0.0, 0.3333333333333333, 0.3333333333333333, 0.0, 0.0, 0.0, 0.3333333333333333, 0.0, 0.3333333333333333, 0.0, 0.3333333333333333, 0.3333333333333333, 0.0, 0.0, 0.0, 0.0, 0.0, null], "lbdm_rrest": [null, 0.0, 0.0, 0.0, 0.0, 0.0, 0.0, 0.0, 0.0, 0.0, 0.0, 0.0, 0.0, 0.0, 0.0, 0.0, 0.0, 0.0, null],