{"id": "KB4677400010", "tunefamily": "", "year": -1, "tunefamily_full": "", "type": "", "freemeter": false, "origin": "", "features": {"scaledegree": [2, 3, 4, 4, 3, 2, 7, 1, 3, 5, 2, 3, 4, 4, 3, 2, 7, 1, 7, 6], "scaledegreespecifier": ["M", "M", "P", "P", "M", "M", "M", "P", "M", "P", "M", "M", "P", "P", "M", "M", "M", "P", "M", "M"], "tonic": ["C", "C", "C", "C", "C", "C", "C", "C", "C", "C", "C", "C", "C", "C", "C", "C", "C", "C", "C", "C"], "mode": ["major", "major", "major", "major", "major", "major", "major", "major", "major", "major", "major", "major", "major", "major", "major", "major", "major", "major", "major", "major"], "metriccontour": [null, "-", "+", "=", "-", "+", "-", "+", "=", "-", "+", "-", "+", "=", "-", "+", "-", "+", "=", "-"], "imaweight": [0.702564, 0.338462, 0.974359, 0.974359, 0.374359, 0.769231, 0.435897, 1.0, 0.974359, 0.420513, 0.825641, 0.4, 0.974359, 1.0, 0.415385, 0.769231, 0.353846, 0.974359, 0.974359, 0.317949], "imaweight_spectral": [0.764463, 0.471074, 0.983471, 0.933884, 0.450413, 0.768595, 0.5, 0.954545, 0.933884, 0.487603, 0.81405, 0.471074, 0.933884, 0.954545, 0.483471, 0.768595, 0.433884, 0.950413, 1.0, 0.471074], "pitch40_hewlett": [169, 175, 180, 180, 175, 169, 158, 163, 175, 186, 169, 175, 180, 180, 175, 169, 158, 163, 158, 152], "pitch40_sapp": [208, 214, 219, 219, 214, 208, 197, 202, 214, 225, 208, 214, 219, 219, 214, 208, 197, 202, 197, 191], "octave": [5, 5, 5, 5, 5, 5, 4, 5, 5, 5, 5, 5, 5, 5, 5, 5, 4, 5, 4, 4], "midipitch": [74, 76, 77, 77, 76, 74, 71, 72, 76, 79, 74, 76, 77, 77, 76, 74, 71, 72, 71, 69], "diatonicpitch": [36, 37, 38, 38, 37, 36, 34, 35, 37, 39, 36, 37, 38, 38, 37, 36, 34, 35, 34, 33], "diatonicinterval": [null, 1, 1, 0, -1, -1, -2, 1, 2, 2, -3, 1, 1, 0, -1, -1, -2, 1, -1, -1], "chromaticinterval": [null, 2, 1, 0, -1, -2, -3, 1, 4, 3, -5, 2, 1, 0, -1, -2, -3, 1, -1, -2], "pitchproximity": [null, null, 1, 0, 1, 2, 3, 1, 4, 3, 5, 2, 1, 0, 1, 2, 3, 1, 1, 2], "pitchreversal": [null, null, 0, 0, 0, 0, 0, 1.5, 0, 0, 1.5, 0, 0, 0, 0, 0, 0, 1.5, 1.5, 0], "nextisrest": [false, false, false, false, false, false, false, false, false, false, false, false, false, false, false, false, false, false, false, null], "restduration_frac": [null, null, null, null, null, null, null, null, null, null, null, null, null, null, null, null, null, null, null, null], "duration": [0.5, 0.5, 1.0, 0.5, 0.5, 0.5, 0.5, 1.0, 0.5, 0.5, 0.5, 0.5, 1.0, 0.5, 0.5, 0.5, 0.5, 1.0, 0.5, 0.5], "duration_frac": ["1/2", "1/2", "1", "1/2", "1/2", "1/2", "1/2", "1", "1/2", "1/2", "1/2", "1/2", "1", "1/2", "1/2", "1/2", "1/2", "1", "1/2", "1/2"], "duration_fullname": ["Eighth", "Eighth", "Quarter", "Eighth", "Eighth", "Eighth", "Eighth", "Quarter", "Eighth", "Eighth", "Eighth", "Eighth", "Quarter", "Eighth", "Eighth", "Eighth", "Eighth", "Quarter", "Eighth", "Eighth"], "durationcontour": [null, "=", "+", "-", "=", "=", "=", "+", "-", "=", "=", "=", "+", "-", "=", "=", "=", "+", "-", "="], "onsettick": [0, 1, 2, 4, 5, 6, 7, 8, 10, 11, 12, 13, 14, 16, 17, 18, 19, 20, 22, 23], "beatfraction": ["1/2", "1/2", "1", "1/2", "1/2", "1/2", "1/2", "1", "1/2", "1/2", "1/2", "1/2", "1", "1/2", "1/2", "1/2", "1/2", "1", "1/2", "1/2"], "phrasepos": [0.0, 0.043478260869565216, 0.08695652173913043, 0.17391304347826086, 0.21739130434782608, 0.2608695652173913, 0.30434782608695654, 0.34782608695652173, 0.43478260869565216, 0.4782608695652174, 0.5217391304347826, 0.5652173913043478, 0.6086956521739131, 0.6956521739130435, 0.7391304347826086, 0.782608695652174, 0.8260869565217391, 0.8695652173913043, 0.9565217391304348, 1.0], "phrase_ix": [0, 0, 0, 0, 0, 0, 0, 0, 0, 0, 0, 0, 0, 0, 0, 0, 0, 0, 0, 0], "phrase_end": [false, false, false, false, false, false, false, false, false, false, false, false, false, false, false, false, false, false, false, true], "songpos": [0.0, 0.043478260869565216, 0.08695652173913043, 0.17391304347826086, 0.21739130434782608, 0.2608695652173913, 0.30434782608695654, 0.34782608695652173, 0.43478260869565216, 0.4782608695652174, 0.5217391304347826, 0.5652173913043478, 0.6086956521739131, 0.6956521739130435, 0.7391304347826086, 0.782608695652174, 0.8260869565217391, 0.8695652173913043, 0.9565217391304348, 1.0], "beatinsong": ["0", "1/2", "1", "2", "5/2", "3", "7/2", "4", "5", "11/2", "6", "13/2", "7", "8", "17/2", "9", "19/2", "10", "11", "23/2"], "beatinphrase": ["0", "1/2", "1", "2", "5/2", "3", "7/2", "4", "5", "11/2", "6", "13/2", "7", "8", "17/2", "9", "19/2", "10", "11", "23/2"], "beatinphrase_end": ["-9", "-17/2", "-8", "-7", "-13/2", "-6", "-11/2", "-5", "-4", "-7/2", "-3", "-5/2", "-2", "-1", "-1/2", "0", "1/2", "1", "2", "5/2"], "IOI_frac": ["1/2", "1/2", "1", "1/2", "1/2", "1/2", "1/2", "1", "1/2", "1/2", "1/2", "1/2", "1", "1/2", "1/2", "1/2", "1/2", "1", "1/2", null], "IOI": [0.5, 0.5, 1.0, 0.5, 0.5, 0.5, 0.5, 1.0, 0.5, 0.5, 0.5, 0.5, 1.0, 0.5, 0.5, 0.5, 0.5, 1.0, 0.5, null], "IOR_frac": [null, "1", "2", "1/2", "1", "1", "1", "2", "1/2", "1", "1", "1", "2", "1/2", "1", "1", "1", "2", "1/2", null], "IOR": [null, 1.0, 2.0, 0.5, 1.0, 1.0, 1.0, 2.0, 0.5, 1.0, 1.0, 1.0, 2.0, 0.5, 1.0, 1.0, 1.0, 2.0, 0.5, null], "imacontour": [null, "-", "+", "=", "-", "+", "-", "+", "-", "-", "+", "-", "+", "+", "-", "+", "-", "+", "=", "-"], "pitch": ["D5", "E5", "F5", "F5", "E5", "D5", "B4", "C5", "E5", "G5", "D5", "E5", "F5", "F5", "E5", "D5", "B4", "C5", "B4", "A4"], "contour3": [null, "+", "+", "=", "-", "-", "-", "+", "+", "+", "-", "+", "+", "=", "-", "-", "-", "+", "-", "-"], "contour5": [null, "+", "+", "=", "-", "-", "--", "+", "++", "++", "--", "+", "+", "=", "-", "-", "--", "+", "-", "-"], "beatstrength": [1.0, 0.25, 0.5, 0.5, 0.25, 1.0, 0.25, 0.5, 0.5, 0.25, 1.0, 0.25, 0.5, 0.5, 0.25, 1.0, 0.25, 0.5, 0.5, 0.25], "beat_str": ["1", "1", "2", "3", "3", "1", "1", "2", "3", "3", "1", "1", "2", "3", "3", "1", "1", "2", "3", "3"], "beat_fraction_str": ["0", "1/2", "0", "0", "1/2", "0", "1/2", "0", "0", "1/2", "0", "1/2", "0", "0", "1/2", "0", "1/2", "0", "0", "1/2"], "beat": [1.0, 1.5, 2.0, 3.0, 3.5, 1.0, 1.5, 2.0, 3.0, 3.5, 1.0, 1.5, 2.0, 3.0, 3.5, 1.0, 1.5, 2.0, 3.0, 3.5], "timesignature": ["3/4", "3/4", "3/4", "3/4", "3/4", "3/4", "3/4", "3/4", "3/4", "3/4", "3/4", "3/4", "3/4", "3/4", "3/4", "3/4", "3/4", "3/4", "3/4", "3/4"], "gpr2a_Frankland": [null, null, null, null, null, null, null, null, null, null, null, null, null, null, null, null, null, null, null, null], "gpr2b_Frankland": [null, null, 0.5, null, null, null, null, 0.5, null, null, null, null, 0.5, null, null, null, null, 0.5, null, null], "gpr3a_Frankland": [null, null, null, null, null, 0.5, null, 0.5, null, 0.5, null, null, null, null, null, 0.5, null, null, null, null], "gpr3d_Frankland": [null, null, null, null, 0.0, null, null, null, null, 0.0, null, null, null, null, 0.0, null, null, null, null, null], "gpr_Frankland_sum": [0, 0, 0.5, 0, 0, 0.5, 0, 1.0, 0, 0.5, 0, 0, 0.5, 0, 0, 0.5, 0, 0.5, 0, 0], "lbdm_spitch": [null, 0.2, 0.0, 0.2, 0.2571428571428572, 0.5357142857142857, 0.2857142857142857, 0.8095238095238095, 0.35000000000000003, 1.0, 0.4, 0.2, 0.0, 0.2, 0.2571428571428572, 0.5357142857142857, 0.125, 0.07500000000000001, null, null], "lbdm_sioi": [null, 0.25, 1.0, 0.25, 0.0, 0.0, 0.25, 1.0, 0.25, 0.0, 0.0, 0.25, 1.0, 0.25, 0.0, 0.0, 0.25, 1.0, null, null], "lbdm_srest": [null, 0.0, 0.0, 0.0, 0.0, 0.0, 0.0, 0.0, 0.0, 0.0, 0.0, 0.0, 0.0, 0.0, 0.0, 0.0, 0.0, 0.0, null, null], "lbdm_rpitch": [null, 0.2, 0.3333333333333333, 0.3333333333333333, 0.2, 0.14285714285714285, 0.3333333333333333, 0.42857142857142855, 0.1111111111111111, 0.2, 0.3333333333333333, 0.2, 0.3333333333333333, 0.3333333333333333, 0.2, 0.14285714285714285, 0.3333333333333333, 0.0, 0.2, null], "lbdm_rioi": [null, 0.0, 0.3333333333333333, 0.3333333333333333, 0.0, 0.0, 0.0, 0.3333333333333333, 0.3333333333333333, 0.0, 0.0, 0.0, 0.3333333333333333, 0.3333333333333333, 0.0, 0.0, 0.0, 0.3333333333333333, 0.3333333333333333, null],