{"id": "KB4647900020", "tunefamily": "", "year": -1, "tunefamily_full": "", "type": "", "freemeter": false, "origin": "", "features": {"scaledegree": [5, 5, 7, 1, 2, 4, 5, 7, 2, 1, 5, 5, 7, 1, 3, 1], "scaledegreespecifier": ["P", "P", "M", "P", "M", "P", "P", "M", "M", "P", "P", "P", "M", "P", "m", "P"], "tonic": ["A", "A", "A", "A", "A", "A", "A", "A", "A", "A", "A", "A", "A", "A", "A", "A"], "mode": ["minor", "minor", "minor", "minor", "minor", "minor", "minor", "minor", "minor", "minor", "minor", "minor", "minor", "minor", "minor", "minor"], "metriccontour": [null, "-", "+", "=", "+", "-", "=", "+", "-", "+", "+", "-", "+", "=", "+", "-"], "imaweight": [0.923077, 0.034188, 0.923077, 0.888889, 1.0, 0.0769231, 0.0769231, 1.0, 0.17094, 0.923077, 0.923077, 0.136752, 0.923077, 0.923077, 0.923077, 0.888889], "imaweight_spectral": [0.969925, 0.120301, 0.93985, 0.969925, 0.969925, 0.0676692, 0.0676692, 0.93985, 0.210526, 0.93985, 0.93985, 0.180451, 0.93985, 0.969925, 1.0, 0.93985], "pitch40_hewlett": [135, 135, 147, 152, 158, 169, 175, 147, 158, 152, 135, 135, 147, 152, 163, 152], "pitch40_sapp": [174, 174, 186, 191, 197, 208, 214, 186, 197, 191, 174, 174, 186, 191, 202, 191], "octave": [4, 4, 4, 4, 4, 5, 5, 4, 4, 4, 4, 4, 4, 4, 5, 4], "midipitch": [64, 64, 68, 69, 71, 74, 76, 68, 71, 69, 64, 64, 68, 69, 72, 69], "diatonicpitch": [25, 25, 27, 28, 29, 31, 32, 27, 29, 28, 25, 25, 27, 28, 30, 28], "diatonicinterval": [null, 0, 2, 1, 1, 2, 1, -5, 2, -1, -3, 0, 2, 1, 2, -2], "chromaticinterval": [null, 0, 4, 1, 2, 3, 2, -8, 3, -2, -5, 0, 4, 1, 3, -3], "pitchproximity": [null, null, 4, 1, 2, 3, 2, 8, 3, 2, 5, 0, 4, 1, 3, 3], "pitchreversal": [null, null, 0, 0, 0, 0, 0, 0, 1, 1.5, 0, 0, 0, 0, 0, 1.5], "nextisrest": [false, false, false, false, false, false, false, false, false, false, false, false, false, false, false, null], "restduration_frac": [null, null, null, null, null, null, null, null, null, null, null, null, null, null, null, null], "duration": [0.25, 0.25, 0.5, 0.5, 0.16666666666666666, 0.16666666666666666, 0.16666666666666666, 0.25, 0.25, 0.5, 0.25, 0.25, 0.5, 0.5, 0.5, 1.0], "duration_frac": ["1/4", "1/4", "1/2", "1/2", "1/6", "1/6", "1/6", "1/4", "1/4", "1/2", "1/4", "1/4", "1/2", "1/2", "1/2", "1"], "duration_fullname": ["16th", "16th", "Eighth", "Eighth", "16th Triplet (1/6 QL)", "16th Triplet (1/6 QL)", "16th Triplet (1/6 QL)", "16th", "16th", "Eighth", "16th", "16th", "Eighth", "Eighth", "Eighth", "Quarter"], "durationcontour": [null, "=", "+", "=", "-", "=", "=", "+", "=", "+", "-", "=", "+", "=", "=", "+"], "onsettick": [0, 3, 6, 12, 18, 20, 22, 24, 27, 30, 36, 39, 42, 48, 54, 60], "beatfraction": ["1/6", "1/6", "1/3", "1/3", "1/9", "1/9", "1/9", "1/6", "1/6", "1/3", "1/6", "1/6", "1/3", "1/3", "1/3", "2/3"], "phrasepos": [0.0, 0.05, 0.1, 0.2, 0.3, 0.3333333333333333, 0.36666666666666664, 0.4, 0.45, 0.5, 0.6, 0.65, 0.7, 0.8, 0.9, 1.0], "phrase_ix": [0, 0, 0, 0, 0, 0, 0, 0, 0, 0, 0, 0, 0, 0, 0, 0], "phrase_end": [false, false, false, false, false, false, false, false, false, false, false, false, false, false, false, true], "songpos": [0.0, 0.05, 0.1, 0.2, 0.3, 0.3333333333333333, 0.36666666666666664, 0.4, 0.45, 0.5, 0.6, 0.65, 0.7, 0.8, 0.9, 1.0], "beatinsong": ["0", "1/6", "1/3", "2/3", "1", "10/9", "11/9", "4/3", "3/2", "5/3", "2", "13/6", "7/3", "8/3", "3", "10/3"], "beatinphrase": ["0", "1/6", "1/3", "2/3", "1", "10/9", "11/9", "4/3", "3/2", "5/3", "2", "13/6", "7/3", "8/3", "3", "10/3"], "beatinphrase_end": ["-3", "-17/6", "-8/3", "-7/3", "-2", "-17/9", "-16/9", "-5/3", "-3/2", "-4/3", "-1", "-5/6", "-2/3", "-1/3", "0", "1/3"], "IOI_frac": ["1/4", "1/4", "1/2", "1/2", "1/6", "1/6", "1/6", "1/4", "1/4", "1/2", "1/4", "1/4", "1/2", "1/2", "1/2", null], "IOI": [0.25, 0.25, 0.5, 0.5, 0.16666666666666666, 0.16666666666666666, 0.16666666666666666, 0.25, 0.25, 0.5, 0.25, 0.25, 0.5, 0.5, 0.5, null], "IOR_frac": [null, "1", "2", "1", "1/3", "1", "1", "3/2", "1", "2", "1/2", "1", "2", "1", "1", null], "IOR": [null, 1.0, 2.0, 1.0, 0.3333333333333333, 1.0, 1.0, 1.5, 1.0, 2.0, 0.5, 1.0, 2.0, 1.0, 1.0, null], "imacontour": [null, "-", "+", "-", "+", "-", "=", "+", "-", "+", "=", "-", "+", "=", "=", "-"], "pitch": ["E4", "E4", "G#4", "A4", "B4", "D5", "E5", "G#4", "B4", "A4", "E4", "E4", "G#4", "A4", "C5", "A4"], "contour3": [null, "=", "+", "+", "+", "+", "+", "-", "+", "-", "-", "=", "+", "+", "+", "-"], "contour5": [null, "=", "++", "+", "+", "++", "+", "--", "++", "-", "--", "=", "++", "+", "++", "--"], "beatstrength": [1.0, 0.25, 0.5, 0.5, 1.0, 0.0625, 0.0625, 0.5, 0.25, 0.5, 1.0, 0.25, 0.5, 0.5, 1.0, 0.5], "beat_str": ["1", "1", "1", "1", "1", "1", "1", "1", "1", "1", "1", "1", "1", "1", "1", "1"], "beat_fraction_str": ["0", "1/6", "1/3", "2/3", "0", "1/9", "2/9", "1/3", "1/2", "2/3", "0", "1/6", "1/3", "2/3", "0", "1/3"], "beat": [1.0, 1.1666666666666667, 1.3333333333333333, 1.6666666666666667, 1.0, 1.1111111111111112, 1.2222222222222223, 1.3333333333333333, 1.5, 1.6666666666666667, 1.0, 1.1666666666666667, 1.3333333333333333, 1.6666666666666667, 1.0, 1.3333333333333333], "timesignature": ["3/8", "3/8", "3/8", "3/8", "3/8", "3/8", "3/8", "3/8", "3/8", "3/8", "3/8", "3/8", "3/8", "3/8", "3/8", "3/8"], "gpr2a_Frankland": [null, null, null, null, null, null, null, null, null, null, null, null, null, null, null, null], "gpr2b_Frankland": [null, null, null, null, null, null, null, null, null, 0.5, null, null, null, null, null, null], "gpr3a_Frankland": [null, 0.875, null, null, 0.33333333333333337, null, 0.6875, null, null, 0.8, null, 0.875, null, null, null, null], "gpr3d_Frankland": [null, 0.5, null, 0.6666666666666667, null, null, 0.33333333333333337, null, null, null, null, 0.5, null, null, null, null], "gpr_Frankland_sum": [0, 1.375, 0, 0.6666666666666667, 0.33333333333333337, 0, 1.0208333333333335, 0, 0, 1.3, 0, 1.375, 0, 0, 0, 0], "lbdm_spitch": [null, 0.619047619047619, 0.08881987577639752, 0.0968944099378882, 0.12111801242236024, 0.18167701863354035, 1.0, 0.22360248447204972, 0.13457556935817805, 0.7401656314699794, 0.0, 0.619047619047619, 0.10766045548654245, 0.14130434782608697, null, null], "lbdm_sioi": [null, 0.25, 0.5, 0.7500000000000002, 0.25000000000000006, 0.0, 0.10000000000000002, 0.15000000000000005, 0.25, 1.0, 0.25, 0.25, 0.5, 0.0, null, null], "lbdm_srest": [null, 0.0, 0.0, 0.0, 0.0, 0.0, 0.0, 0.0, 0.0, 0.0, 0.0, 0.0, 0.0, 0.0, null, null], "lbdm_rpitch": [null, 0.6666666666666666, 0.42857142857142855, 0.2, 0.14285714285714285, 0.14285714285714285, 0.5, 0.38461538461538464, 0.14285714285714285, 0.3333333333333333, 0.7142857142857143, 0.6666666666666666, 0.42857142857142855, 0.3333333333333333, 0.0, null], "lbdm_rioi": [null, 0.0, 0.3333333333333333, 0.0, 0.5000000000000001, 0.0, 0.0, 0.20000000000000004, 0.0, 0.3333333333333333, 0.3333333333333333, 0.0, 0.3333333333333333, 0.0, 0.0, null], "lbdm_rrest": [null, 0.0, 0.0, 0.0, 0.0, 0.0, 0.0, 0.0, 0.0, 0.0, 0.0, 0.0, 0.0, 0.0, 0.0, null], "lbdm_boundarystrength": [null, 0.27976190476190477, 0.2722049689440994, 0.39922360248447214, 0.15527950310559008, 0.04541925465838509, 0.3, 0.13090062111801246, 0.1586438923395445, 0.6850414078674949, 0.125, 0.27976190476190477, 0.2769151138716356, 0.03532608695652174, null, null]}}
