{"id": "KB4646600000", "tunefamily": "", "year": -1, "tunefamily_full": "", "type": "", "freemeter": false, "origin": "", "features": {"scaledegree": [5, 1, 1, 1, 1, 1, 3, 5, 3, 2, 7, 5, 7, 2, 2, 2, 7, 2, 4, 2, 1], "scaledegreespecifier": ["P", "P", "P", "P", "P", "P", "M", "P", "M", "M", "M", "P", "M", "M", "M", "M", "M", "M", "P", "M", "P"], "tonic": ["G", "G", "G", "G", "G", "G", "G", "G", "G", "G", "G", "G", "G", "G", "G", "G", "G", "G", "G", "G", "G"], "mode": ["major", "major", "major", "major", "major", "major", "major", "major", "major", "major", "major", "major", "major", "major", "major", "major", "major", "major", "major", "major", "major"], "metriccontour": [null, "-", "+", "-", "+", "+", "-", "+", "-", "+", "-", "+", "-", "+", "-", "+", "+", "-", "+", "-", "+"], "imaweight": [0.686207, 0.310345, 0.513793, 0.310345, 0.686207, 1.0, 0.613793, 0.824138, 0.558621, 0.944828, 0.496552, 0.944828, 0.558621, 0.824138, 0.613793, 1.0, 0.686207, 0.310345, 0.513793, 0.310345, 0.686207], "imaweight_spectral": [0.990683, 0.639752, 0.822981, 0.639752, 0.978261, 1.0, 0.652174, 0.841615, 0.602484, 0.950311, 0.546584, 0.950311, 0.602484, 0.841615, 0.652174, 1.0, 0.978261, 0.639752, 0.822981, 0.639752, 0.990683], "pitch40_hewlett": [129, 146, 146, 146, 146, 146, 158, 169, 158, 152, 141, 129, 141, 152, 152, 152, 141, 152, 163, 152, 146], "pitch40_sapp": [168, 185, 185, 185, 185, 185, 197, 208, 197, 191, 180, 168, 180, 191, 191, 191, 180, 191, 202, 191, 185], "octave": [4, 4, 4, 4, 4, 4, 4, 5, 4, 4, 4, 4, 4, 4, 4, 4, 4, 4, 5, 4, 4], "midipitch": [62, 67, 67, 67, 67, 67, 71, 74, 71, 69, 66, 62, 66, 69, 69, 69, 66, 69, 72, 69, 67], "diatonicpitch": [25, 28, 28, 28, 28, 28, 30, 32, 30, 29, 27, 25, 27, 29, 29, 29, 27, 29, 31, 29, 28], "diatonicinterval": [null, 3, 0, 0, 0, 0, 2, 2, -2, -1, -2, -2, 2, 2, 0, 0, -2, 2, 2, -2, -1], "chromaticinterval": [null, 5, 0, 0, 0, 0, 4, 3, -3, -2, -3, -4, 4, 3, 0, 0, -3, 3, 3, -3, -2], "pitchproximity": [null, null, 0, 0, 0, 0, 4, 3, 3, 2, 3, 4, 4, 3, 0, 0, 3, 3, 3, 3, 2], "pitchreversal": [null, null, 0, 0, 0, 0, 0, 0, 1.5, 0, 0, 0, 1.5, 0, 0, 0, 0, 1.5, 0, 1.5, 0], "nextisrest": [false, false, false, false, false, false, false, false, false, false, false, false, false, false, false, false, false, false, false, false, null], "restduration_frac": [null, null, null, null, null, null, null, null, null, null, null, null, null, null, null, null, null, null, null, null, null], "duration": [0.5, 0.5, 0.5, 0.5, 1.0, 0.5, 0.5, 0.5, 0.5, 0.5, 0.5, 0.5, 0.5, 0.5, 0.5, 1.0, 0.5, 0.5, 0.5, 0.5, 1.0], "duration_frac": ["1/2", "1/2", "1/2", "1/2", "1", "1/2", "1/2", "1/2", "1/2", "1/2", "1/2", "1/2", "1/2", "1/2", "1/2", "1", "1/2", "1/2", "1/2", "1/2", "1"], "duration_fullname": ["Eighth", "Eighth", "Eighth", "Eighth", "Quarter", "Eighth", "Eighth", "Eighth", "Eighth", "Eighth", "Eighth", "Eighth", "Eighth", "Eighth", "Eighth", "Quarter", "Eighth", "Eighth", "Eighth", "Eighth", "Quarter"], "durationcontour": [null, "=", "=", "=", "+", "-", "=", "=", "=", "=", "=", "=", "=", "=", "=", "+", "-", "=", "=", "=", "+"], "onsettick": [0, 1, 2, 3, 4, 6, 7, 8, 9, 10, 11, 12, 13, 14, 15, 16, 18, 19, 20, 21, 22], "beatfraction": ["1/2", "1/2", "1/2", "1/2", "1", "1/2", "1/2", "1/2", "1/2", "1/2", "1/2", "1/2", "1/2", "1/2", "1/2", "1", "1/2", "1/2", "1/2", "1/2", "1"], "phrasepos": [0.0, 0.09090909090909091, 0.18181818181818182, 0.2727272727272727, 0.36363636363636365, 0.5454545454545454, 0.6363636363636364, 0.7272727272727273, 0.8181818181818182, 0.9090909090909091, 1.0, 0.0, 0.1, 0.2, 0.3, 0.4, 0.6, 0.7, 0.8, 0.9, 1.0], "phrase_ix": [0, 0, 0, 0, 0, 0, 0, 0, 0, 0, 0, 1, 1, 1, 1, 1, 1, 1, 1, 1, 1], "phrase_end": [false, false, false, false, false, false, false, false, false, false, true, false, false, false, false, false, false, false, false, false, true], "songpos": [0.0, 0.045454545454545456, 0.09090909090909091, 0.13636363636363635, 0.18181818181818182, 0.2727272727272727, 0.3181818181818182, 0.36363636363636365, 0.4090909090909091, 0.45454545454545453, 0.5, 0.5454545454545454, 0.5909090909090909, 0.6363636363636364, 0.6818181818181818, 0.7272727272727273, 0.8181818181818182, 0.8636363636363636, 0.9090909090909091, 0.9545454545454546, 1.0], "beatinsong": ["0", "1/2", "1", "3/2", "2", "3", "7/2", "4", "9/2", "5", "11/2", "6", "13/2", "7", "15/2", "8", "9", "19/2", "10", "21/2", "11"], "beatinphrase": ["0", "1/2", "1", "3/2", "2", "3", "7/2", "4", "9/2", "5", "11/2", "0", "1/2", "1", "3/2", "2", "3", "7/2", "4", "9/2", "5"], "beatinphrase_end": ["-3", "-5/2", "-2", "-3/2", "-1", "0", "1/2", "1", "3/2", "2", "5/2", "-3", "-5/2", "-2", "-3/2", "-1", "0", "1/2", "1", "3/2", "2"], "IOI_frac": ["1/2", "1/2", "1/2", "1/2", "1", "1/2", "1/2", "1/2", "1/2", "1/2", "1/2", "1/2", "1/2", "1/2", "1/2", "1", "1/2", "1/2", "1/2", "1/2", null], "IOI": [0.5, 0.5, 0.5, 0.5, 1.0, 0.5, 0.5, 0.5, 0.5, 0.5, 0.5, 0.5, 0.5, 0.5, 0.5, 1.0, 0.5, 0.5, 0.5, 0.5, null], "IOR_frac": [null, "1", "1", "1", "2", "1/2", "1", "1", "1", "1", "1", "1", "1", "1", "1", "2", "1/2", "1", "1", "1", null], "IOR": [null, 1.0, 1.0, 1.0, 2.0, 0.5, 1.0, 1.0, 1.0, 1.0, 1.0, 1.0, 1.0, 1.0, 1.0, 2.0, 0.5, 1.0, 1.0, 1.0, null], "imacontour": [null, "-", "+", "-", "+", "+", "-", "+", "-", "+", "-", "+", "-", "+", "-", "+", "-", "-", "+", "-", "+"], "pitch": ["D4", "G4", "G4", "G4", "G4", "G4", "B4", "D5", "B4", "A4", "F#4", "D4", "F#4", "A4", "A4", "A4", "F#4", "A4", "C5", "A4", "G4"], "contour3": [null, "+", "=", "=", "=", "=", "+", "+", "-", "-", "-", "-", "+", "+", "=", "=", "-", "+", "+", "-", "-"], "contour5": [null, "++", "=", "=", "=", "=", "++", "++", "--", "-", "--", "--", "++", "++", "=", "=", "--", "++", "++", "--", "-"], "beatstrength": [1.0, 0.25, 0.5, 0.25, 0.5, 1.0, 0.25, 0.5, 0.25, 0.5, 0.25, 1.0, 0.25, 0.5, 0.25, 0.5, 1.0, 0.25, 0.5, 0.25, 0.5], "beat_str": ["1", "1", "2", "2", "3", "1", "1", "2", "2", "3", "3", "1", "1", "2", "2", "3", "1", "1", "2", "2", "3"], "beat_fraction_str": ["0", "1/2", "0", "1/2", "0", "0", "1/2", "0", "1/2", "0", "1/2", "0", "1/2", "0", "1/2", "0", "0", "1/2", "0", "1/2", "0"], "beat": [1.0, 1.5, 2.0, 2.5, 3.0, 1.0, 1.5, 2.0, 2.5, 3.0, 3.5, 1.0, 1.5, 2.0, 2.5, 3.0, 1.0, 1.5, 2.0, 2.5, 3.0], "timesignature": ["3/4", "3/4", "3/4", "3/4", "3/4", "3/4", "3/4", "3/4", "3/4", "3/4", "3/4", "3/4", "3/4", "3/4", "3/4", "3/4", "3/4", "3/4", "3/4", "3/4", "3/4"], "gpr2a_Frankland": [null, null, null, null, null, null, null, null, null, null, null, null, null, null, null, null, null, null, null, null, null], "gpr2b_Frankland": [null, null, null, null, 0.5, null, null, null, null, null, null, null, null, null, null, 0.5, null, null, null, null, null], "gpr3a_Frankland": [null, null, null, null, null, 0.625, null, null, null, null, null, null, null, null, null, null, null, null, null, null, null], "gpr3d_Frankland": [null, 0.0, null, null, null, null, 0.0, 0.0, 0.0, 0.0, 0.0, 0.0, 0.0, null, null, null, null, 0.0, null, null, null], "gpr_Frankland_sum": [0, 0, 0, 0, 0.5, 0.625, 0, 0, 0, 0, 0, 0, 0, 0, 0, 0.5, 0, 0, 0, 0, 0], "lbdm_spitch": [null, 0.0, 0.0, 0.0, 0.0, 1.0, 0.10714285714285715, 0.13775510204081634, 0.1836734693877551, 0.2448979591836735, 0.14285714285714288, 0.14285714285714288, 0.6857142857142856, 0.0, 0.0, 0.5785714285714286, 0.0, 0.0, 0.13775510204081634, null, null], "lbdm_sioi": [null, 0.0, 0.0, 0.25, 1.0, 0.25, 0.0, 0.0, 0.0, 0.0, 0.0, 0.0, 0.0, 0.0, 0.25, 1.0, 0.25, 0.0, 0.0, null, null], "lbdm_srest": [null, 0.0, 0.0, 0.0, 0.0, 0.0, 0.0, 0.0, 0.0, 0.0, 0.0, 0.0, 0.0, 0.0, 0.0, 0.0, 0.0, 0.0, 0.0, null, null], "lbdm_rpitch": [null, 0.7142857142857143, 0.0, 0.0, 0.0, 0.6666666666666666, 0.1111111111111111, 0.0, 0.14285714285714285, 0.14285714285714285, 0.1111111111111111, 0.0, 0.1111111111111111, 0.6, 0.0, 0.6, 0.0, 0.0, 0.0, 0.14285714285714285, null], "lbdm_rioi": [null, 0.0, 0.0, 0.0, 0.3333333333333333, 0.3333333333333333, 0.0, 0.0, 0.0, 0.0, 0.0, 0.0, 0.0, 0.0, 0.0, 0.3333333333333333, 0.3333333333333333, 0.0, 0.0, 0.0, null],