{"id": "KB4716500020", "tunefamily": "", "year": -1, "tunefamily_full": "", "type": "", "freemeter": false, "origin": "", "features": {"scaledegree": [5, 5, 1, 2, 2, 7, 1, 5, 5, 1, 2, 2, 7, 1], "scaledegreespecifier": ["P", "P", "P", "M", "M", "M", "P", "P", "P", "P", "M", "M", "M", "P"], "tonic": ["C", "C", "C", "C", "C", "C", "C", "C", "C", "C", "C", "C", "C", "C"], "mode": ["major", "major", "major", "major", "major", "major", "major", "major", "major", "major", "major", "major", "major", "major"], "metriccontour": [null, "-", "+", "+", "-", "-", "+", "+", "-", "+", "+", "-", "-", "+"], "imaweight": [0.929825, 0.0, 0.929825, 1.0, 0.350877, 0.0701754, 1.0, 0.929825, 0.140351, 0.929825, 1.0, 0.210526, 0.0701754, 1.0], "imaweight_spectral": [1.0, 0.115942, 1.0, 1.0, 0.405797, 0.115942, 0.942029, 1.0, 0.231884, 1.0, 1.0, 0.289855, 0.115942, 1.0], "pitch40_hewlett": [146, 146, 163, 169, 169, 158, 163, 146, 146, 163, 169, 169, 158, 163], "pitch40_sapp": [185, 185, 202, 208, 208, 197, 202, 185, 185, 202, 208, 208, 197, 202], "octave": [4, 4, 5, 5, 5, 4, 5, 4, 4, 5, 5, 5, 4, 5], "midipitch": [67, 67, 72, 74, 74, 71, 72, 67, 67, 72, 74, 74, 71, 72], "diatonicpitch": [32, 32, 35, 36, 36, 34, 35, 32, 32, 35, 36, 36, 34, 35], "diatonicinterval": [null, 0, 3, 1, 0, -2, 1, -3, 0, 3, 1, 0, -2, 1], "chromaticinterval": [null, 0, 5, 2, 0, -3, 1, -5, 0, 5, 2, 0, -3, 1], "pitchproximity": [null, null, 5, 2, 0, 3, 1, 5, 0, 5, 2, 0, 3, 1], "pitchreversal": [null, null, 0, 0, 0, 0, 1.5, 0, 0, 0, 0, 0, 0, 1.5], "nextisrest": [false, false, false, false, false, false, false, false, false, false, false, false, false, null], "restduration_frac": [null, null, null, null, null, null, null, null, null, null, null, null, null, null], "duration": [0.25, 0.75, 1.0, 0.5, 0.25, 0.25, 1.0, 0.25, 0.75, 1.0, 0.5, 0.25, 0.25, 1.0], "duration_frac": ["1/4", "3/4", "1", "1/2", "1/4", "1/4", "1", "1/4", "3/4", "1", "1/2", "1/4", "1/4", "1"], "duration_fullname": ["16th", "Dotted Eighth", "Quarter", "Eighth", "16th", "16th", "Quarter", "16th", "Dotted Eighth", "Quarter", "Eighth", "16th", "16th", "Quarter"], "durationcontour": [null, "+", "+", "-", "-", "=", "+", "-", "+", "+", "-", "-", "=", "+"], "onsettick": [0, 1, 4, 8, 10, 11, 12, 16, 17, 20, 24, 26, 27, 28], "beatfraction": ["1/4", "3/4", "1", "1/2", "1/4", "1/4", "1", "1/4", "3/4", "1", "1/2", "1/4", "1/4", "1"], "phrasepos": [0.0, 0.03571428571428571, 0.14285714285714285, 0.2857142857142857, 0.35714285714285715, 0.39285714285714285, 0.42857142857142855, 0.5714285714285714, 0.6071428571428571, 0.7142857142857143, 0.8571428571428571, 0.9285714285714286, 0.9642857142857143, 1.0], "phrase_ix": [0, 0, 0, 0, 0, 0, 0, 0, 0, 0, 0, 0, 0, 0], "phrase_end": [false, false, false, false, false, false, false, false, false, false, false, false, false, true], "songpos": [0.0, 0.03571428571428571, 0.14285714285714285, 0.2857142857142857, 0.35714285714285715, 0.39285714285714285, 0.42857142857142855, 0.5714285714285714, 0.6071428571428571, 0.7142857142857143, 0.8571428571428571, 0.9285714285714286, 0.9642857142857143, 1.0], "beatinsong": ["0", "1/4", "1", "2", "5/2", "11/4", "3", "4", "17/4", "5", "6", "13/2", "27/4", "7"], "beatinphrase": ["0", "1/4", "1", "2", "5/2", "11/4", "3", "4", "17/4", "5", "6", "13/2", "27/4", "7"], "beatinphrase_end": ["-6", "-23/4", "-5", "-4", "-7/2", "-13/4", "-3", "-2", "-7/4", "-1", "0", "1/2", "3/4", "1"], "IOI_frac": ["1/4", "3/4", "1", "1/2", "1/4", "1/4", "1", "1/4", "3/4", "1", "1/2", "1/4", "1/4", null], "IOI": [0.25, 0.75, 1.0, 0.5, 0.25, 0.25, 1.0, 0.25, 0.75, 1.0, 0.5, 0.25, 0.25, null], "IOR_frac": [null, "3", "4/3", "1/2", "1/2", "1", "4", "1/4", "3", "4/3", "1/2", "1/2", "1", null], "IOR": [null, 3.0, 1.3333333333333333, 0.5, 0.5, 1.0, 4.0, 0.25, 3.0, 1.3333333333333333, 0.5, 0.5, 1.0, null], "imacontour": [null, "-", "+", "+", "-", "-", "+", "-", "-", "+", "+", "-", "-", "+"], "pitch": ["G4", "G4", "C5", "D5", "D5", "B4", "C5", "G4", "G4", "C5", "D5", "D5", "B4", "C5"], "contour3": [null, "=", "+", "+", "=", "-", "+", "-", "=", "+", "+", "=", "-", "+"], "contour5": [null, "=", "++", "+", "=", "--", "+", "--", "=", "++", "+", "=", "--", "+"], "beatstrength": [1.0, 0.125, 0.5, 1.0, 0.25, 0.125, 0.5, 1.0, 0.125, 0.5, 1.0, 0.25, 0.125, 0.5], "beat_str": ["1", "1", "2", "1", "1", "1", "2", "1", "1", "2", "1", "1", "1", "2"], "beat_fraction_str": ["0", "1/4", "0", "0", "1/2", "3/4", "0", "0", "1/4", "0", "0", "1/2", "3/4", "0"], "beat": [1.0, 1.25, 2.0, 1.0, 1.5, 1.75, 2.0, 1.0, 1.25, 2.0, 1.0, 1.5, 1.75, 2.0], "timesignature": ["2/4", "2/4", "2/4", "2/4", "2/4", "2/4", "2/4", "2/4", "2/4", "2/4", "2/4", "2/4", "2/4", "2/4"], "gpr2a_Frankland": [null, null, null, null, null, null, null, null, null, null, null, null, null, null], "gpr2b_Frankland": [null, null, 0.375, null, null, null, 0.75, null, null, 0.375, null, null, null, null], "gpr3a_Frankland": [null, 0.8, null, null, 0.8333333333333334, null, 0.9, null, 0.8, null, null, 0.8333333333333334, null, null], "gpr3d_Frankland": [null, null, null, null, null, null, null, null, null, null, null, null, null, null], "gpr_Frankland_sum": [0, 0.8, 0.375, 0, 0.8333333333333334, 0, 1.65, 0, 0.8, 0.375, 0, 0.8333333333333334, 0, 0], "lbdm_spitch": [null, 0.8627450980392156, 0.2745098039215686, 0.0, 0.46117647058823524, 0.1372549019607843, 1.0, 0.0, 0.8627450980392156, 0.2745098039215686, 0.0, 0.46117647058823524, null, null], "lbdm_sioi": [null, 0.40178571428571425, 0.3968253968253968, 0.2777777777777778, 0.06944444444444445, 0.125, 1.0, 0.22916666666666669, 0.40178571428571425, 0.3968253968253968, 0.2777777777777778, 0.06944444444444445, null, null], "lbdm_srest": [null, 0.0, 0.0, 0.0, 0.0, 0.0, 0.0, 0.0, 0.0, 0.0, 0.0, 0.0, null, null], "lbdm_rpitch": [null, 0.7142857142857143, 0.3333333333333333, 0.5, 0.6, 0.3333333333333333, 0.5, 0.7142857142857143, 0.7142857142857143, 0.3333333333333333, 0.5, 0.6, 0.3333333333333333, null], "lbdm_rioi": [null, 0.5, 0.14285714285714285, 0.3333333333333333, 0.3333333333333333, 0.0, 0.6, 0.6, 0.5, 0.14285714285714285, 0.3333333333333333, 0.3333333333333333, 0.0, null], "lbdm_rrest": [null, 0.0, 0.0, 0.0, 0.0, 0.0, 0.0, 0.0, 0.0, 0.0, 0.0, 0.0, 0.0, null], "lbdm_boundarystrength": [null, 0.416579131652661, 0.26704014939309056, 0.1388888888888889, 0.15001633986928103, 0.09681372549019607, 0.75, 0.11458333333333334, 0.416579131652661, 0.26704014939309056, 0.1388888888888889, 0.15001633986928103, null, null]}}
