{"id": "KB4811000020", "tunefamily": "", "year": -1, "tunefamily_full": "", "type": "", "freemeter": false, "origin": "", "features": {"scaledegree": [2, 2, 3, 1, 6, 6, 6, 5, 2, 7, 7, 2, 3, 1, 7, 2, 2, 1], "scaledegreespecifier": ["M", "M", "M", "P", "M", "M", "M", "P", "M", "M", "M", "M", "M", "P", "M", "M", "M", "P"], "tonic": ["C", "C", "C", "C", "C", "C", "C", "C", "C", "C", "C", "C", "C", "C", "C", "C", "C", "C"], "mode": ["major", "major", "major", "major", "major", "major", "major", "major", "major", "major", "major", "major", "major", "major", "major", "major", "major", "major"], "metriccontour": [null, "-", "+", "-", "+", "-", "+", "=", "+", "-", "+", "-", "+", "-", "+", "-", "+", "="], "imaweight": [0.36478, 0.188679, 0.748428, 0.18239, 0.672956, 0.0754717, 0.748428, 0.685535, 1.0, 0.358491, 0.761006, 0.377358, 0.918239, 0.327044, 0.849057, 0.0251572, 0.81761, 0.610063], "imaweight_spectral": [1.0, 0.351064, 0.845745, 0.367021, 0.760638, 0.0638298, 0.893617, 0.819149, 0.93617, 0.351064, 0.691489, 0.409574, 0.824468, 0.324468, 0.787234, 0.0212766, 0.952128, 0.776596], "pitch40_hewlett": [169, 169, 175, 163, 152, 152, 152, 146, 169, 158, 158, 169, 175, 163, 158, 169, 169, 163], "pitch40_sapp": [208, 208, 214, 202, 191, 191, 191, 185, 208, 197, 197, 208, 214, 202, 197, 208, 208, 202], "octave": [5, 5, 5, 5, 4, 4, 4, 4, 5, 4, 4, 5, 5, 5, 4, 5, 5, 5], "midipitch": [74, 74, 76, 72, 69, 69, 69, 67, 74, 71, 71, 74, 76, 72, 71, 74, 74, 72], "diatonicpitch": [36, 36, 37, 35, 33, 33, 33, 32, 36, 34, 34, 36, 37, 35, 34, 36, 36, 35], "diatonicinterval": [null, 0, 1, -2, -2, 0, 0, -1, 4, -2, 0, 2, 1, -2, -1, 2, 0, -1], "chromaticinterval": [null, 0, 2, -4, -3, 0, 0, -2, 7, -3, 0, 3, 2, -4, -1, 3, 0, -2], "pitchproximity": [null, null, 2, 4, 3, 0, 0, 2, 7, 3, 0, 3, 2, 4, 1, 3, 0, 2], "pitchreversal": [null, null, 0, 1.5, 0, 0, 0, 0, 0, 1, 0, 0, 0, 1.5, 0, 1.5, 0, 0], "nextisrest": [false, false, false, false, false, false, false, false, false, false, false, false, false, false, false, false, false, null], "restduration_frac": [null, null, null, null, null, null, null, null, null, null, null, null, null, null, null, null, null, null], "duration": [1.5, 0.5, 0.5, 0.5, 0.75, 0.25, 1.0, 1.0, 0.5, 0.5, 0.5, 0.5, 0.5, 0.5, 0.75, 0.25, 1.0, 1.0], "duration_frac": ["3/2", "1/2", "1/2", "1/2", "3/4", "1/4", "1", "1", "1/2", "1/2", "1/2", "1/2", "1/2", "1/2", "3/4", "1/4", "1", "1"], "duration_fullname": ["Dotted Quarter", "Eighth", "Eighth", "Eighth", "Dotted Eighth", "16th", "Quarter", "Quarter", "Eighth", "Eighth", "Eighth", "Eighth", "Eighth", "Eighth", "Dotted Eighth", "16th", "Quarter", "Quarter"], "durationcontour": [null, "-", "=", "=", "+", "-", "+", "=", "-", "=", "=", "=", "=", "=", "+", "-", "+", "="], "onsettick": [0, 6, 8, 10, 12, 15, 16, 20, 24, 26, 28, 30, 32, 34, 36, 39, 40, 44], "beatfraction": ["3/2", "1/2", "1/2", "1/2", "3/4", "1/4", "1", "1", "1/2", "1/2", "1/2", "1/2", "1/2", "1/2", "3/4", "1/4", "1", "1"], "phrasepos": [0.0, 0.3, 0.4, 0.5, 0.6, 0.75, 0.8, 1.0, 0.0, 0.1, 0.2, 0.3, 0.4, 0.5, 0.6, 0.75, 0.8, 1.0], "phrase_ix": [0, 0, 0, 0, 0, 0, 0, 0, 1, 1, 1, 1, 1, 1, 1, 1, 1, 1], "phrase_end": [false, false, false, false, false, false, false, true, false, false, false, false, false, false, false, false, false, true], "songpos": [0.0, 0.13636363636363635, 0.18181818181818182, 0.22727272727272727, 0.2727272727272727, 0.3409090909090909, 0.36363636363636365, 0.45454545454545453, 0.5454545454545454, 0.5909090909090909, 0.6363636363636364, 0.6818181818181818, 0.7272727272727273, 0.7727272727272727, 0.8181818181818182, 0.8863636363636364, 0.9090909090909091, 1.0], "beatinsong": ["0", "3/2", "2", "5/2", "3", "15/4", "4", "5", "6", "13/2", "7", "15/2", "8", "17/2", "9", "39/4", "10", "11"], "beatinphrase": ["0", "3/2", "2", "5/2", "3", "15/4", "4", "5", "0", "1/2", "1", "3/2", "2", "5/2", "3", "15/4", "4", "5"], "beatinphrase_end": ["-3", "-3/2", "-1", "-1/2", "0", "3/4", "1", "2", "-3", "-5/2", "-2", "-3/2", "-1", "-1/2", "0", "3/4", "1", "2"], "IOI_frac": ["3/2", "1/2", "1/2", "1/2", "3/4", "1/4", "1", "1", "1/2", "1/2", "1/2", "1/2", "1/2", "1/2", "3/4", "1/4", "1", null], "IOI": [1.5, 0.5, 0.5, 0.5, 0.75, 0.25, 1.0, 1.0, 0.5, 0.5, 0.5, 0.5, 0.5, 0.5, 0.75, 0.25, 1.0, null], "IOR_frac": [null, "1/3", "1", "1", "3/2", "1/3", "4", "1", "1/2", "1", "1", "1", "1", "1", "3/2", "1/3", "4", null], "IOR": [null, 0.3333333333333333, 1.0, 1.0, 1.5, 0.3333333333333333, 4.0, 1.0, 0.5, 1.0, 1.0, 1.0, 1.0, 1.0, 1.5, 0.3333333333333333, 4.0, null], "imacontour": [null, "-", "+", "-", "+", "-", "+", "-", "+", "-", "+", "-", "+", "-", "+", "-", "+", "-"], "pitch": ["D5", "D5", "E5", "C5", "A4", "A4", "A4", "G4", "D5", "B4", "B4", "D5", "E5", "C5", "B4", "D5", "D5", "C5"], "contour3": [null, "=", "+", "-", "-", "=", "=", "-", "+", "-", "=", "+", "+", "-", "-", "+", "=", "-"], "contour5": [null, "=", "+", "--", "--", "=", "=", "-", "++", "--", "=", "++", "+", "--", "-", "++", "=", "-"], "beatstrength": [1.0, 0.25, 0.5, 0.25, 1.0, 0.125, 0.5, 0.5, 1.0, 0.25, 0.5, 0.25, 0.5, 0.25, 1.0, 0.125, 0.5, 0.5], "beat_str": ["1", "2", "3", "3", "1", "1", "2", "3", "1", "1", "2", "2", "3", "3", "1", "1", "2", "3"], "beat_fraction_str": ["0", "1/2", "0", "1/2", "0", "3/4", "0", "0", "0", "1/2", "0", "1/2", "0", "1/2", "0", "3/4", "0", "0"], "beat": [1.0, 2.5, 3.0, 3.5, 1.0, 1.75, 2.0, 3.0, 1.0, 1.5, 2.0, 2.5, 3.0, 3.5, 1.0, 1.75, 2.0, 3.0], "timesignature": ["3/4", "3/4", "3/4", "3/4", "3/4", "3/4", "3/4", "3/4", "3/4", "3/4", "3/4", "3/4", "3/4", "3/4", "3/4", "3/4", "3/4", "3/4"], "gpr2a_Frankland": [null, null, null, null, null, null, null, null, null, null, null, null, null, null, null, null, null, null], "gpr2b_Frankland": [null, null, null, null, 0.5, null, null, null, null, null, null, null, null, null, 0.5, null, null, null], "gpr3a_Frankland": [null, null, 0.375, null, null, null, null, 0.6428571428571428, null, null, 0.6666666666666667, null, 0.625, null, 0.8333333333333334, null, null, null], "gpr3d_Frankland": [null, null, null, null, null, null, null, 0.5, null, 0.0, 0.0, 0.0, null, null, null, null, null, null], "gpr_Frankland_sum": [0, 0, 0.375, 0, 0.5, 0, 0, 1.1428571428571428, 0, 0, 0.6666666666666667, 0, 0.625, 0, 1.3333333333333335, 0, 0, 0], "lbdm_spitch": [null, 0.271978021978022, 0.2619047619047619, 0.38681318681318677, 0.0, 0.0, 0.3461538461538462, 1.0, 0.5076923076923077, 0.0, 0.4040816326530613, 0.1424646781789639, 0.4921507064364208, 0.1381475667189953, 0.5076923076923077, 0.0, null, null], "lbdm_sioi": [null, 0.4166666666666667, 0.0, 0.16666666666666669, 0.8749999999999999, 0.45833333333333337, 1.0, 0.5555555555555556, 0.2777777777777778, 0.0, 0.0, 0.0, 0.0, 0.16666666666666669, 0.8749999999999999, 0.45833333333333337, null, null], "lbdm_srest": [null, 0.0, 0.0, 0.0, 0.0, 0.0, 0.0, 0.0, 0.0, 0.0, 0.0, 0.0, 0.0, 0.0, 0.0, 0.0, null, null], "lbdm_rpitch": [null, 0.5, 0.25, 0.1111111111111111, 0.6, 0.0, 0.5, 0.45454545454545453, 0.3333333333333333, 0.6, 0.6, 0.14285714285714285, 0.25, 0.42857142857142855, 0.3333333333333333, 0.6, 0.5, null], "lbdm_rioi": [null, 0.5, 0.0, 0.0, 0.2, 0.5, 0.6, 0.0, 0.3333333333333333, 0.0, 0.0, 0.0, 0.0, 0.0, 0.2, 0.5, 0.6, null], "lbdm_rrest": [null, 0.0, 0.0, 0.0, 0.0, 0.0, 0.0, 0.0, 0.0, 0.0, 0.0, 0.0, 0.0, 0.0, 0.0, 0.0, 0.0, null], "lbdm_boundarystrength": [null, 0.27632783882783885, 0.06547619047619048, 0.18003663003663004, 0.43749999999999994, 0.22916666666666669, 0.5865384615384616, 0.5277777777777778, 0.2658119658119658, 0.0, 0.10102040816326532, 0.03561616954474098, 0.1230376766091052, 0.11787022501308217, 0.5644230769230769, 0.22916666666666669, null, null]}}
