{"id": "KB4817600020", "tunefamily": "", "year": -1, "tunefamily_full": "", "type": "", "freemeter": false, "origin": "", "features": {"scaledegree": [2, 7, 5, 6, 7, 1, 2, 3, 3, 2, 1, 7, 2, 5, 7, 1, 1, 7, 1, 1], "scaledegreespecifier": ["M", "M", "P", "M", "M", "P", "M", "m", "m", "M", "P", "M", "M", "P", "M", "P", "P", "M", "P", "P"], "tonic": ["C", "C", "C", "C", "C", "C", "C", "C", "C", "C", "C", "C", "C", "C", "C", "C", "C", "C", "C", "C"], "mode": ["minor", "minor", "minor", "minor", "minor", "minor", "minor", "minor", "minor", "minor", "minor", "minor", "minor", "minor", "minor", "minor", "minor", "minor", "minor", "minor"], "metriccontour": [null, "-", "+", "-", "=", "+", "-", "=", "+", "-", "=", "+", "-", "+", "-", "+", "-", "-", "+", "-"], "imaweight": [0.55157, 1.0, 0.726457, 0.721973, 0.73991, 0.959641, 0.587444, 0.887892, 0.686099, 0.829596, 0.726457, 0.946188, 0.569507, 0.349776, 0.278027, 0.327354, 0.327354, 0.0358744, 0.278027, 0.255605], "imaweight_spectral": [0.982684, 0.982684, 0.735931, 0.714286, 0.731602, 0.943723, 0.584416, 0.891775, 0.679654, 0.818182, 0.718615, 0.930736, 1.0, 0.787879, 0.718615, 0.978355, 0.961039, 0.034632, 0.701299, 0.735931], "pitch40_hewlett": [169, 158, 146, 152, 158, 163, 169, 174, 174, 169, 163, 158, 169, 186, 158, 163, 163, 158, 163, 163], "pitch40_sapp": [208, 197, 185, 191, 197, 202, 208, 213, 213, 208, 202, 197, 208, 225, 197, 202, 202, 197, 202, 202], "octave": [5, 4, 4, 4, 4, 5, 5, 5, 5, 5, 5, 4, 5, 5, 4, 5, 5, 4, 5, 5], "midipitch": [74, 71, 67, 69, 71, 72, 74, 75, 75, 74, 72, 71, 74, 79, 71, 72, 72, 71, 72, 72], "diatonicpitch": [36, 34, 32, 33, 34, 35, 36, 37, 37, 36, 35, 34, 36, 39, 34, 35, 35, 34, 35, 35], "diatonicinterval": [null, -2, -2, 1, 1, 1, 1, 1, 0, -1, -1, -1, 2, 3, -5, 1, 0, -1, 1, 0], "chromaticinterval": [null, -3, -4, 2, 2, 1, 2, 1, 0, -1, -2, -1, 3, 5, -8, 1, 0, -1, 1, 0], "pitchproximity": [null, null, 4, 2, 2, 1, 2, 1, 0, 1, 2, 1, 3, 5, 8, 1, 0, 1, 1, 0], "pitchreversal": [null, null, 0, 1.5, 0, 0, 0, 0, 0, 0, 0, 0, 1.5, 0, 0, 1, 0, 0, 1.5, 0], "nextisrest": [false, false, false, false, false, false, false, false, false, false, false, false, false, false, false, false, false, false, false, null], "restduration_frac": [null, null, null, null, null, null, null, null, null, null, null, null, null, null, null, null, null, null, null, null], "duration": [1.0, 0.5, 0.5, 0.5, 0.5, 0.5, 0.5, 0.5, 0.5, 0.5, 0.5, 1.0, 0.5, 1.0, 0.5, 1.0, 0.25, 0.25, 1.0, 0.5], "duration_frac": ["1", "1/2", "1/2", "1/2", "1/2", "1/2", "1/2", "1/2", "1/2", "1/2", "1/2", "1", "1/2", "1", "1/2", "1", "1/4", "1/4", "1", "1/2"], "duration_fullname": ["Quarter", "Eighth", "Eighth", "Eighth", "Eighth", "Eighth", "Eighth", "Eighth", "Eighth", "Eighth", "Eighth", "Quarter", "Eighth", "Quarter", "Eighth", "Quarter", "16th", "16th", "Quarter", "Eighth"], "durationcontour": [null, "-", "=", "=", "=", "=", "=", "=", "=", "=", "=", "+", "-", "+", "-", "+", "-", "=", "+", "-"], "onsettick": [0, 4, 6, 8, 10, 12, 14, 16, 18, 20, 22, 24, 28, 30, 34, 36, 40, 41, 42, 46], "beatfraction": ["2/3", "1/3", "1/3", "1/3", "1/3", "1/3", "1/3", "1/3", "1/3", "1/3", "1/3", "2/3", "1/3", "2/3", "1/3", "2/3", "1/6", "1/6", "2/3", "1/3"], "phrasepos": [0.0, 0.08695652173913043, 0.13043478260869565, 0.17391304347826086, 0.21739130434782608, 0.2608695652173913, 0.30434782608695654, 0.34782608695652173, 0.391304347826087, 0.43478260869565216, 0.4782608695652174, 0.5217391304347826, 0.6086956521739131, 0.6521739130434783, 0.7391304347826086, 0.782608695652174, 0.8695652173913043, 0.8913043478260869, 0.9130434782608695, 1.0], "phrase_ix": [0, 0, 0, 0, 0, 0, 0, 0, 0, 0, 0, 0, 0, 0, 0, 0, 0, 0, 0, 0], "phrase_end": [false, false, false, false, false, false, false, false, false, false, false, false, false, false, false, false, false, false, false, true], "songpos": [0.0, 0.08695652173913043, 0.13043478260869565, 0.17391304347826086, 0.21739130434782608, 0.2608695652173913, 0.30434782608695654, 0.34782608695652173, 0.391304347826087, 0.43478260869565216, 0.4782608695652174, 0.5217391304347826, 0.6086956521739131, 0.6521739130434783, 0.7391304347826086, 0.782608695652174, 0.8695652173913043, 0.8913043478260869, 0.9130434782608695, 1.0], "beatinsong": ["0", "2/3", "1", "4/3", "5/3", "2", "7/3", "8/3", "3", "10/3", "11/3", "4", "14/3", "5", "17/3", "6", "20/3", "41/6", "7", "23/3"], "beatinphrase": ["0", "2/3", "1", "4/3", "5/3", "2", "7/3", "8/3", "3", "10/3", "11/3", "4", "14/3", "5", "17/3", "6", "20/3", "41/6", "7", "23/3"], "beatinphrase_end": ["-6", "-16/3", "-5", "-14/3", "-13/3", "-4", "-11/3", "-10/3", "-3", "-8/3", "-7/3", "-2", "-4/3", "-1", "-1/3", "0", "2/3", "5/6", "1", "5/3"], "IOI_frac": ["1", "1/2", "1/2", "1/2", "1/2", "1/2", "1/2", "1/2", "1/2", "1/2", "1/2", "1", "1/2", "1", "1/2", "1", "1/4", "1/4", "1", null], "IOI": [1.0, 0.5, 0.5, 0.5, 0.5, 0.5, 0.5, 0.5, 0.5, 0.5, 0.5, 1.0, 0.5, 1.0, 0.5, 1.0, 0.25, 0.25, 1.0, null], "IOR_frac": [null, "1/2", "1", "1", "1", "1", "1", "1", "1", "1", "1", "2", "1/2", "2", "1/2", "2", "1/4", "1", "4", null], "IOR": [null, 0.5, 1.0, 1.0, 1.0, 1.0, 1.0, 1.0, 1.0, 1.0, 1.0, 2.0, 0.5, 2.0, 0.5, 2.0, 0.25, 1.0, 4.0, null], "imacontour": [null, "+", "-", "-", "+", "+", "-", "+", "-", "+", "-", "+", "-", "-", "-", "+", "=", "-", "+", "-"], "pitch": ["D5", "B4", "G4", "A4", "B4", "C5", "D5", "E-5", "E-5", "D5", "C5", "B4", "D5", "G5", "B4", "C5", "C5", "B4", "C5", "C5"], "contour3": [null, "-", "-", "+", "+", "+", "+", "+", "=", "-", "-", "-", "+", "+", "-", "+", "=", "-", "+", "="], "contour5": [null, "--", "--", "+", "+", "+", "+", "+", "=", "-", "-", "-", "++", "++", "--", "+", "=", "-", "+", "="], "beatstrength": [1.0, 0.25, 0.5, 0.25, 0.25, 1.0, 0.25, 0.25, 0.5, 0.25, 0.25, 1.0, 0.25, 0.5, 0.25, 1.0, 0.25, 0.125, 0.5, 0.25], "beat_str": ["1", "1", "2", "2", "2", "1", "1", "1", "2", "2", "2", "1", "1", "2", "2", "1", "1", "1", "2", "2"], "beat_fraction_str": ["0", "2/3", "0", "1/3", "2/3", "0", "1/3", "2/3", "0", "1/3", "2/3", "0", "2/3", "0", "2/3", "0", "2/3", "5/6", "0", "2/3"], "beat": [1.0, 1.6666666666666667, 2.0, 2.3333333333333335, 2.6666666666666665, 1.0, 1.3333333333333333, 1.6666666666666667, 2.0, 2.3333333333333335, 2.6666666666666665, 1.0, 1.6666666666666667, 2.0, 2.6666666666666665, 1.0, 1.6666666666666667, 1.8333333333333333, 2.0, 2.6666666666666665], "timesignature": ["6/8", "6/8", "6/8", "6/8", "6/8", "6/8", "6/8", "6/8", "6/8", "6/8", "6/8", "6/8", "6/8", "6/8", "6/8", "6/8", "6/8", "6/8", "6/8", "6/8"], "gpr2a_Frankland": [null, null, null, null, null, null, null, null, null, null, null, null, null, null, null, null, null, null, null, null], "gpr2b_Frankland": [null, null, null, null, null, null, null, null, null, null, null, 0.5, null, 0.5, null, 0.625, null, null, null, null], "gpr3a_Frankland": [null, 0.375, null, null, null, 0.5, null, null, null, 0.5, null, null, null, 0.625, null, null, null, null, null, null], "gpr3d_Frankland": [null, null, 0.0, 0.0, 0.0, 0.0, 0.0, 0.0, 0.0, null, null, null, null, null, null, null, null, null, null, null], "gpr_Frankland_sum": [0, 0.375, 0, 0, 0, 0.5, 0, 0, 0, 0.5, 0, 0.5, 0, 1.125, 0, 0.625, 0, 0, 0, 0], "lbdm_spitch": [null, 0.21588164251207728, 0.07472826086956522, 0.059782608695652176, 0.059782608695652176, 0.11956521739130435, 0.07971014492753623, 0.0, 0.07971014492753623, 0.11956521739130435, 0.07971014492753623, 0.2391304347826087, 0.29891304347826086, 1.0, 0.14492753623188406, 0.0, 0.04981884057971014, 0.04981884057971014, null, null], "lbdm_sioi": [null, 0.17857142857142855, 0.0, 0.0, 0.0, 0.0, 0.0, 0.0, 0.0, 0.0, 0.17857142857142855, 0.7142857142857142, 0.3571428571428571, 0.7142857142857142, 0.3571428571428571, 1.0, 0.1607142857142857, 0.1607142857142857, null, null], "lbdm_srest": [null, 0.0, 0.0, 0.0, 0.0, 0.0, 0.0, 0.0, 0.0, 0.0, 0.0, 0.0, 0.0, 0.0, 0.0, 0.0, 0.0, 0.0, null, null],