{"id": "KB4803100000", "tunefamily": "", "year": -1, "tunefamily_full": "", "type": "", "freemeter": false, "origin": "", "features": {"scaledegree": [2, 1, 2, 3, 2, 1, 5, 5, 4, 3, 2, 1, 2, 3, 2, 1, 2, 1], "scaledegreespecifier": ["M", "P", "M", "M", "M", "P", "P", "P", "P", "M", "M", "P", "M", "M", "M", "P", "M", "P"], "tonic": ["G", "G", "G", "G", "G", "G", "G", "G", "G", "G", "G", "G", "G", "G", "G", "G", "G", "G"], "mode": ["major", "major", "major", "major", "major", "major", "major", "major", "major", "major", "major", "major", "major", "major", "major", "major", "major", "major"], "metriccontour": [null, "-", "+", "-", "+", "=", "+", "-", "+", "=", "+", "-", "+", "-", "+", "=", "+", "-"], "imaweight": [0.449275, 0.449275, 0.73913, 0.181159, 1.0, 0.666667, 0.855072, 0.210145, 0.73913, 0.884058, 0.804348, 0.92029, 0.731884, 0.115942, 0.449275, 0.434783, 0.42029, 0.702899], "imaweight_spectral": [1.0, 0.776536, 0.703911, 0.184358, 0.905028, 0.692737, 0.793296, 0.206704, 0.703911, 0.837989, 0.776536, 0.865922, 0.882682, 0.184358, 0.75419, 0.77095, 0.75419, 0.905028], "pitch40_hewlett": [152, 146, 152, 158, 152, 146, 169, 169, 163, 158, 152, 146, 152, 158, 152, 146, 152, 146], "pitch40_sapp": [191, 185, 191, 197, 191, 185, 208, 208, 202, 197, 191, 185, 191, 197, 191, 185, 191, 185], "octave": [4, 4, 4, 4, 4, 4, 5, 5, 5, 4, 4, 4, 4, 4, 4, 4, 4, 4], "midipitch": [69, 67, 69, 71, 69, 67, 74, 74, 72, 71, 69, 67, 69, 71, 69, 67, 69, 67], "diatonicpitch": [29, 28, 29, 30, 29, 28, 32, 32, 31, 30, 29, 28, 29, 30, 29, 28, 29, 28], "diatonicinterval": [null, -1, 1, 1, -1, -1, 4, 0, -1, -1, -1, -1, 1, 1, -1, -1, 1, -1], "chromaticinterval": [null, -2, 2, 2, -2, -2, 7, 0, -2, -1, -2, -2, 2, 2, -2, -2, 2, -2], "pitchproximity": [null, null, 2, 2, 2, 2, 7, 0, 2, 1, 2, 2, 2, 2, 2, 2, 2, 2], "pitchreversal": [null, null, 1.5, 0, 1.5, 0, 0, 1, 0, 0, 0, 0, 1.5, 0, 1.5, 0, 1.5, 1.5], "nextisrest": [false, false, false, false, false, false, false, false, false, false, false, false, false, false, false, false, false, null], "restduration_frac": [null, null, null, null, null, null, null, null, null, null, null, null, null, null, null, null, null, null], "duration": [1.0, 2.0, 0.5, 0.5, 1.0, 1.0, 0.5, 0.5, 1.0, 1.0, 1.0, 2.0, 0.5, 0.5, 1.0, 1.0, 1.0, 2.0], "duration_frac": ["1", "2", "1/2", "1/2", "1", "1", "1/2", "1/2", "1", "1", "1", "2", "1/2", "1/2", "1", "1", "1", "2"], "duration_fullname": ["Quarter", "Half", "Eighth", "Eighth", "Quarter", "Quarter", "Eighth", "Eighth", "Quarter", "Quarter", "Quarter", "Half", "Eighth", "Eighth", "Quarter", "Quarter", "Quarter", "Half"], "durationcontour": [null, "+", "-", "=", "+", "=", "-", "=", "+", "=", "=", "+", "-", "=", "+", "=", "=", "+"], "onsettick": [0, 2, 6, 7, 8, 10, 12, 13, 14, 16, 18, 20, 24, 25, 26, 28, 30, 32], "beatfraction": ["1", "2", "1/2", "1/2", "1", "1", "1/2", "1/2", "1", "1", "1", "2", "1/2", "1/2", "1", "1", "1", "2"], "phrasepos": [0.0, 0.1, 0.3, 0.35, 0.4, 0.5, 0.6, 0.65, 0.7, 0.8, 0.9, 1.0, 0.0, 0.125, 0.25, 0.5, 0.75, 1.0], "phrase_ix": [0, 0, 0, 0, 0, 0, 0, 0, 0, 0, 0, 0, 1, 1, 1, 1, 1, 1], "phrase_end": [false, false, false, false, false, false, false, false, false, false, false, true, false, false, false, false, false, true], "songpos": [0.0, 0.0625, 0.1875, 0.21875, 0.25, 0.3125, 0.375, 0.40625, 0.4375, 0.5, 0.5625, 0.625, 0.75, 0.78125, 0.8125, 0.875, 0.9375, 1.0], "beatinsong": ["0", "1", "3", "7/2", "4", "5", "6", "13/2", "7", "8", "9", "10", "12", "25/2", "13", "14", "15", "16"], "beatinphrase": ["0", "1", "3", "7/2", "4", "5", "6", "13/2", "7", "8", "9", "10", "0", "1/2", "1", "2", "3", "4"], "beatinphrase_end": ["-9", "-8", "-6", "-11/2", "-5", "-4", "-3", "-5/2", "-2", "-1", "0", "1", "-3", "-5/2", "-2", "-1", "0", "1"], "IOI_frac": ["1", "2", "1/2", "1/2", "1", "1", "1/2", "1/2", "1", "1", "1", "2", "1/2", "1/2", "1", "1", "1", null], "IOI": [1.0, 2.0, 0.5, 0.5, 1.0, 1.0, 0.5, 0.5, 1.0, 1.0, 1.0, 2.0, 0.5, 0.5, 1.0, 1.0, 1.0, null], "IOR_frac": [null, "2", "1/4", "1", "2", "1", "1/2", "1", "2", "1", "1", "2", "1/4", "1", "2", "1", "1", null], "IOR": [null, 2.0, 0.25, 1.0, 2.0, 1.0, 0.5, 1.0, 2.0, 1.0, 1.0, 2.0, 0.25, 1.0, 2.0, 1.0, 1.0, null], "imacontour": [null, "=", "+", "-", "+", "-", "+", "-", "+", "+", "-", "+", "-", "-", "+", "-", "-", "+"], "pitch": ["A4", "G4", "A4", "B4", "A4", "G4", "D5", "D5", "C5", "B4", "A4", "G4", "A4", "B4", "A4", "G4", "A4", "G4"], "contour3": [null, "-", "+", "+", "-", "-", "+", "=", "-", "-", "-", "-", "+", "+", "-", "-", "+", "-"], "contour5": [null, "-", "+", "+", "-", "-", "++", "=", "-", "-", "-", "-", "+", "+", "-", "-", "+", "-"], "beatstrength": [1.0, 0.5, 1.0, 0.25, 0.5, 0.5, 1.0, 0.25, 0.5, 0.5, 1.0, 0.5, 1.0, 0.25, 0.5, 0.5, 1.0, 0.5], "beat_str": ["1", "2", "1", "1", "2", "3", "1", "1", "2", "3", "1", "2", "1", "1", "2", "3", "1", "2"], "beat_fraction_str": ["0", "0", "0", "1/2", "0", "0", "0", "1/2", "0", "0", "0", "0", "0", "1/2", "0", "0", "0", "0"], "beat": [1.0, 2.0, 1.0, 1.5, 2.0, 3.0, 1.0, 1.5, 2.0, 3.0, 1.0, 2.0, 1.0, 1.5, 2.0, 3.0, 1.0, 2.0], "timesignature": ["3/4", "3/4", "3/4", "3/4", "3/4", "3/4", "3/4", "3/4", "3/4", "3/4", "3/4", "3/4", "3/4", "3/4", "3/4", "3/4", "3/4", "3/4"], "gpr2a_Frankland": [null, null, null, null, null, null, null, null, null, null, null, null, null, null, null, null, null, null], "gpr2b_Frankland": [null, 0.625, null, null, null, null, null, null, null, null, null, 0.625, null, null, null, null, null, null], "gpr3a_Frankland": [null, null, null, null, null, 0.8571428571428572, null, 0.75, null, null, null, null, null, null, null, null, null, null], "gpr3d_Frankland": [null, null, null, 0.5, null, 0.5, null, 0.5, null, null, null, null, null, 0.5, null, null, null, null], "gpr_Frankland_sum": [0, 0.625, 0, 0.5, 0, 1.3571428571428572, 0, 1.25, 0, 0, 0, 0.625, 0, 0.5, 0, 0, 0, 0], "lbdm_spitch": [null, 0.0, 0.0, 0.0, 0.10538641686182669, 1.0, 0.0, 0.1622950819672131, 0.04637002341920375, 0.04637002341920375, 0.0, 0.0, 0.0, 0.0, 0.0, 0.0, null, null], "lbdm_sioi": [null, 1.0, 0.1607142857142857, 0.08928571428571427, 0.17857142857142855, 0.17857142857142855, 0.08928571428571427, 0.08928571428571427, 0.17857142857142855, 0.0, 0.17857142857142855, 1.0, 0.1607142857142857, 0.08928571428571427, 0.17857142857142855, 0.0, null, null], "lbdm_srest": [null, 0.0, 0.0, 0.0, 0.0, 0.0, 0.0, 0.0, 0.0, 0.0, 0.0, 0.0, 0.0, 0.0, 0.0, 0.0, null, null], "lbdm_rpitch": [null, 0.0, 0.0, 0.0, 0.0, 0.45454545454545453, 0.7777777777777778, 0.5, 0.2, 0.2, 0.0, 0.0, 0.0, 0.0, 0.0, 0.0, 0.0, null], "lbdm_rioi": [null, 0.3333333333333333, 0.6, 0.0, 0.3333333333333333, 0.0, 0.3333333333333333, 0.0, 0.3333333333333333, 0.0, 0.0, 0.3333333333333333, 0.6, 0.0, 0.3333333333333333, 0.0, 0.0, null], "lbdm_rrest": [null, 0.0, 0.0, 0.0, 0.0, 0.0, 0.0, 0.0, 0.0, 0.0, 0.0, 0.0, 0.0, 0.0, 0.0, 0.0, 0.0, null], "lbdm_boundarystrength": [null, 0.5, 0.08035714285714285, 0.04464285714285714, 0.11563231850117095, 0.3392857142857143, 0.04464285714285714, 0.08521662763466041, 0.10087822014051522, 0.011592505854800938, 0.08928571428571427, 0.5, 0.08035714285714285, 0.04464285714285714, 0.08928571428571427, 0.0, null, null]}}
