{"id": "KB4812200000", "tunefamily": "", "year": -1, "tunefamily_full": "", "type": "", "freemeter": false, "origin": "", "features": {"scaledegree": [1, 7, 1, 5, 6, 6, 1, 6, 5, 5, 5, 1, 2, 3, 5, 4, 3, 2, 3, 2, 1], "scaledegreespecifier": ["P", "M", "P", "P", "M", "M", "P", "M", "P", "P", "P", "P", "M", "M", "P", "P", "M", "M", "M", "M", "P"], "tonic": ["C", "C", "C", "C", "C", "C", "C", "C", "C", "C", "C", "C", "C", "C", "C", "C", "C", "C", "C", "C", "C"], "mode": ["major", "major", "major", "major", "major", "major", "major", "major", "major", "major", "major", "major", "major", "major", "major", "major", "major", "major", "major", "major", "major"], "metriccontour": [null, "-", "+", "-", "+", "-", "+", "-", "+", "-", "+", "+", "-", "+", "-", "+", "-", "+", "+", "-", "+"], "imaweight": [0.724, 0.724, 0.792, 0.772, 0.916, 0.32, 0.936, 0.34, 0.868, 0.388, 0.948, 1.0, 0.32, 0.904, 0.324, 0.916, 0.288, 0.968, 0.804, 0.216, 0.804], "imaweight_spectral": [0.886288, 0.926421, 1.0, 0.913043, 0.899666, 0.414716, 0.916388, 0.41806, 0.87291, 0.458194, 0.926421, 0.9699, 0.401338, 0.90301, 0.404682, 0.899666, 0.38796, 0.943144, 0.926421, 0.421405, 0.966555], "pitch40_hewlett": [163, 158, 163, 146, 152, 152, 163, 152, 146, 146, 146, 163, 169, 175, 146, 180, 175, 169, 175, 169, 163], "pitch40_sapp": [202, 197, 202, 185, 191, 191, 202, 191, 185, 185, 185, 202, 208, 214, 185, 219, 214, 208, 214, 208, 202], "octave": [5, 4, 5, 4, 4, 4, 5, 4, 4, 4, 4, 5, 5, 5, 4, 5, 5, 5, 5, 5, 5], "midipitch": [72, 71, 72, 67, 69, 69, 72, 69, 67, 67, 67, 72, 74, 76, 67, 77, 76, 74, 76, 74, 72], "diatonicpitch": [35, 34, 35, 32, 33, 33, 35, 33, 32, 32, 32, 35, 36, 37, 32, 38, 37, 36, 37, 36, 35], "diatonicinterval": [null, -1, 1, -3, 1, 0, 2, -2, -1, 0, 0, 3, 1, 1, -5, 6, -1, -1, 1, -1, -1], "chromaticinterval": [null, -1, 1, -5, 2, 0, 3, -3, -2, 0, 0, 5, 2, 2, -9, 10, -1, -2, 2, -2, -2], "pitchproximity": [null, null, 1, 5, 2, 0, 3, 3, 2, 0, 0, 5, 2, 2, 9, 10, 1, 2, 2, 2, 2], "pitchreversal": [null, null, 1.5, 0, 0, 0, 0, 1.5, 0, 0, 0, 0, 0, 0, 0, 2.5, 1, 0, 1.5, 1.5, 0], "nextisrest": [false, false, false, false, false, false, false, false, false, false, true, false, false, false, false, false, false, false, false, false, null], "restduration_frac": [null, null, null, null, null, null, null, null, null, null, "1/2", null, null, null, null, null, null, null, null, null, null], "duration": [1.0, 1.0, 1.0, 1.0, 0.5, 0.5, 0.5, 0.5, 0.5, 0.5, 0.5, 0.5, 0.5, 0.5, 0.5, 0.5, 0.5, 1.0, 0.5, 0.5, 1.0], "duration_frac": ["1", "1", "1", "1", "1/2", "1/2", "1/2", "1/2", "1/2", "1/2", "1/2", "1/2", "1/2", "1/2", "1/2", "1/2", "1/2", "1", "1/2", "1/2", "1"], "duration_fullname": ["Quarter", "Quarter", "Quarter", "Quarter", "Eighth", "Eighth", "Eighth", "Eighth", "Eighth", "Eighth", "Eighth", "Eighth", "Eighth", "Eighth", "Eighth", "Eighth", "Eighth", "Quarter", "Eighth", "Eighth", "Quarter"], "durationcontour": [null, "=", "=", "=", "-", "=", "=", "=", "=", "=", "=", "=", "=", "=", "=", "=", "=", "+", "-", "=", "+"], "onsettick": [0, 2, 4, 6, 8, 9, 10, 11, 12, 13, 14, 16, 17, 18, 19, 20, 21, 22, 24, 25, 26], "beatfraction": ["1", "1", "1", "1", "1/2", "1/2", "1/2", "1/2", "1/2", "1/2", "1/2", "1/2", "1/2", "1/2", "1/2", "1/2", "1/2", "1", "1/2", "1/2", "1"], "phrasepos": [0.0, 0.14285714285714285, 0.2857142857142857, 0.42857142857142855, 0.5714285714285714, 0.6428571428571429, 0.7142857142857143, 0.7857142857142857, 0.8571428571428571, 0.9285714285714286, 1.0, 0.0, 0.1, 0.2, 0.3, 0.4, 0.5, 0.6, 0.8, 0.9, 1.0], "phrase_ix": [0, 0, 0, 0, 0, 0, 0, 0, 0, 0, 0, 1, 1, 1, 1, 1, 1, 1, 1, 1, 1], "phrase_end": [false, false, false, false, false, false, false, false, false, false, true, false, false, false, false, false, false, false, false, false, true], "songpos": [0.0, 0.07692307692307693, 0.15384615384615385, 0.23076923076923078, 0.3076923076923077, 0.34615384615384615, 0.38461538461538464, 0.4230769230769231, 0.46153846153846156, 0.5, 0.5384615384615384, 0.6153846153846154, 0.6538461538461539, 0.6923076923076923, 0.7307692307692307, 0.7692307692307693, 0.8076923076923077, 0.8461538461538461, 0.9230769230769231, 0.9615384615384616, 1.0], "beatinsong": ["0", "1", "2", "3", "4", "9/2", "5", "11/2", "6", "13/2", "7", "8", "17/2", "9", "19/2", "10", "21/2", "11", "12", "25/2", "13"], "beatinphrase": ["0", "1", "2", "3", "4", "9/2", "5", "11/2", "6", "13/2", "7", "0", "1/2", "1", "3/2", "2", "5/2", "3", "4", "9/2", "5"], "beatinphrase_end": ["-6", "-5", "-4", "-3", "-2", "-3/2", "-1", "-1/2", "0", "1/2", "1", "-4", "-7/2", "-3", "-5/2", "-2", "-3/2", "-1", "0", "1/2", "1"], "IOI_frac": ["1", "1", "1", "1", "1/2", "1/2", "1/2", "1/2", "1/2", "1/2", "1", "1/2", "1/2", "1/2", "1/2", "1/2", "1/2", "1", "1/2", "1/2", null], "IOI": [1.0, 1.0, 1.0, 1.0, 0.5, 0.5, 0.5, 0.5, 0.5, 0.5, 1.0, 0.5, 0.5, 0.5, 0.5, 0.5, 0.5, 1.0, 0.5, 0.5, null], "IOR_frac": [null, "1", "1", "1", "1/2", "1", "1", "1", "1", "1", "2", "1/2", "1", "1", "1", "1", "1", "2", "1/2", "1", null], "IOR": [null, 1.0, 1.0, 1.0, 0.5, 1.0, 1.0, 1.0, 1.0, 1.0, 2.0, 0.5, 1.0, 1.0, 1.0, 1.0, 1.0, 2.0, 0.5, 1.0, null], "imacontour": [null, "=", "+", "-", "+", "-", "+", "-", "+", "-", "+", "+", "-", "+", "-", "+", "-", "+", "-", "-", "+"], "pitch": ["C5", "B4", "C5", "G4", "A4", "A4", "C5", "A4", "G4", "G4", "G4", "C5", "D5", "E5", "G4", "F5", "E5", "D5", "E5", "D5", "C5"], "contour3": [null, "-", "+", "-", "+", "=", "+", "-", "-", "=", "=", "+", "+", "+", "-", "+", "-", "-", "+", "-", "-"], "contour5": [null, "-", "+", "--", "+", "=", "++", "--", "-", "=", "=", "++", "+", "+", "--", "++", "-", "-", "+", "-", "-"], "beatstrength": [1.0, 0.5, 1.0, 0.5, 1.0, 0.25, 0.5, 0.25, 1.0, 0.25, 0.5, 1.0, 0.25, 0.5, 0.25, 1.0, 0.25, 0.5, 1.0, 0.25, 0.5], "beat_str": ["1", "2", "1", "2", "1", "1", "2", "2", "1", "1", "2", "1", "1", "2", "2", "1", "1", "2", "1", "1", "2"], "beat_fraction_str": ["0", "0", "0", "0", "0", "1/2", "0", "1/2", "0", "1/2", "0", "0", "1/2", "0", "1/2", "0", "1/2", "0", "0", "1/2", "0"], "beat": [1.0, 2.0, 1.0, 2.0, 1.0, 1.5, 2.0, 2.5, 1.0, 1.5, 2.0, 1.0, 1.5, 2.0, 2.5, 1.0, 1.5, 2.0, 1.0, 1.5, 2.0], "timesignature": ["2/4", "2/4", "2/4", "2/4", "2/4", "2/4", "2/4", "2/4", "2/4", "2/4", "2/4", "2/4", "2/4", "2/4", "2/4", "2/4", "2/4", "2/4", "2/4", "2/4", "2/4"], "gpr2a_Frankland": [null, null, null, null, null, null, null, null, null, null, 0.125, null, null, null, null, null, null, null, null, null, null], "gpr2b_Frankland": [null, null, null, null, null, null, null, null, null, null, null, null, null, null, null, null, null, 0.5, null, null, null], "gpr3a_Frankland": [null, null, 0.7, null, null, null, null, null, null, null, 0.8, null, null, null, 0.5, null, null, null, null, null, null], "gpr3d_Frankland": [null, 0.0, null, 0.5, null, 0.0, 0.0, 0.0, null, null, null, null, 0.0, 0.0, 0.0, null, null, null, null, null, null], "gpr_Frankland_sum": [0, 0, 0.7, 0.5, 0, 0, 0, 0, 0, 0, 0.925, 0, 0, 0, 0.5, 0, 0, 0.5, 0, 0, 0], "lbdm_spitch": [null, 0.06757425742574256, 0.5631188118811881, 0.22524752475247523, 0.0, 0.24326732673267323, 0.05792079207920792, 0.17376237623762375, 0.0, 0.0, 0.7079207920792079, 0.0900990099009901, 0.14554455445544554, 0.7128712871287127, 1.0, 0.12059405940594058, 0.05405940594059406, 0.0, 0.0, null, null], "lbdm_sioi": [null, 0.0, 0.0, 0.5, 0.25, 0.0, 0.0, 0.0, 0.0, 0.25, 1.0, 0.25, 0.0, 0.0, 0.0, 0.0, 0.25, 1.0, 0.25, null, null], "lbdm_srest": [null, 0.0, 0.0, 0.0, 0.0, 0.0, 0.0, 0.0, 0.0, 0.0, 1.0, 0.0, 0.0, 0.0, 0.0, 0.0, 0.0, 0.0, 0.0, null, null], "lbdm_rpitch": [null, 0.0, 0.5, 0.3333333333333333, 0.5, 0.6, 0.0, 0.14285714285714285, 0.5, 0.0, 0.7142857142857143, 0.3333333333333333, 0.0, 0.5384615384615384, 0.047619047619047616, 0.6923076923076923, 0.2, 0.0, 0.0, 0.0, null], "lbdm_rioi": [null, 0.0, 0.0, 0.0, 0.3333333333333333, 0.0, 0.0, 0.0, 0.0, 0.0, 0.3333333333333333, 0.3333333333333333, 0.0, 0.0, 0.0, 0.0, 0.0, 0.3333333333333333, 0.3333333333333333, 0.0, null],