{"id": "KB4819900020", "tunefamily": "", "year": -1, "tunefamily_full": "", "type": "", "freemeter": false, "origin": "", "features": {"scaledegree": [1, 3, 2, 3, 5, 4, 4, 4, 6, 5, 3, 2, 3, 5, 2, 2, 4, 3], "scaledegreespecifier": ["P", "M", "M", "M", "P", "P", "P", "P", "M", "P", "M", "M", "M", "P", "M", "M", "P", "M"], "tonic": ["G", "G", "G", "G", "G", "G", "G", "G", "G", "G", "G", "G", "G", "G", "G", "G", "G", "G"], "mode": ["major", "major", "major", "major", "major", "major", "major", "major", "major", "major", "major", "major", "major", "major", "major", "major", "major", "major"], "metriccontour": [null, "-", "-", "+", "-", "+", "-", "+", "=", "+", "-", "-", "+", "-", "+", "-", "+", "="], "imaweight": [0.83815, 1.0, 0.254335, 0.930636, 0.323699, 0.930636, 0.346821, 0.930636, 0.83815, 0.83815, 0.930636, 0.346821, 0.930636, 0.323699, 0.930636, 0.254335, 1.0, 0.83815], "imaweight_spectral": [1.0, 0.945701, 0.38009, 0.909502, 0.41629, 0.909502, 0.452489, 0.891403, 1.0, 1.0, 0.891403, 0.452489, 0.909502, 0.41629, 0.909502, 0.38009, 0.945701, 1.0], "pitch40_hewlett": [146, 158, 152, 158, 169, 163, 163, 163, 175, 169, 158, 152, 158, 169, 152, 152, 163, 158], "pitch40_sapp": [185, 197, 191, 197, 208, 202, 202, 202, 214, 208, 197, 191, 197, 208, 191, 191, 202, 197], "octave": [4, 4, 4, 4, 5, 5, 5, 5, 5, 5, 4, 4, 4, 5, 4, 4, 5, 4], "midipitch": [67, 71, 69, 71, 74, 72, 72, 72, 76, 74, 71, 69, 71, 74, 69, 69, 72, 71], "diatonicpitch": [28, 30, 29, 30, 32, 31, 31, 31, 33, 32, 30, 29, 30, 32, 29, 29, 31, 30], "diatonicinterval": [null, 2, -1, 1, 2, -1, 0, 0, 2, -1, -2, -1, 1, 2, -3, 0, 2, -1], "chromaticinterval": [null, 4, -2, 2, 3, -2, 0, 0, 4, -2, -3, -2, 2, 3, -5, 0, 3, -1], "pitchproximity": [null, null, 2, 2, 3, 2, 0, 0, 4, 2, 3, 2, 2, 3, 5, 0, 3, 1], "pitchreversal": [null, null, 1.5, 1.5, 0, 1.5, 0, 0, 0, 1.5, 0, 0, 1.5, 0, 1.5, 0, 0, 1.5], "nextisrest": [false, false, false, false, false, false, false, false, false, false, false, false, false, false, false, false, false, null], "restduration_frac": [null, null, null, null, null, null, null, null, null, null, null, null, null, null, null, null, null, null], "duration": [1.0, 0.5, 0.5, 0.5, 0.5, 0.5, 0.5, 1.0, 1.0, 1.0, 0.5, 0.5, 0.5, 0.5, 0.5, 0.5, 1.0, 1.0], "duration_frac": ["1", "1/2", "1/2", "1/2", "1/2", "1/2", "1/2", "1", "1", "1", "1/2", "1/2", "1/2", "1/2", "1/2", "1/2", "1", "1"], "duration_fullname": ["Quarter", "Eighth", "Eighth", "Eighth", "Eighth", "Eighth", "Eighth", "Quarter", "Quarter", "Quarter", "Eighth", "Eighth", "Eighth", "Eighth", "Eighth", "Eighth", "Quarter", "Quarter"], "durationcontour": [null, "-", "=", "=", "=", "=", "=", "+", "=", "=", "-", "=", "=", "=", "=", "=", "+", "="], "onsettick": [0, 2, 3, 4, 5, 6, 7, 8, 10, 12, 14, 15, 16, 17, 18, 19, 20, 22], "beatfraction": ["1", "1/2", "1/2", "1/2", "1/2", "1/2", "1/2", "1", "1", "1", "1/2", "1/2", "1/2", "1/2", "1/2", "1/2", "1", "1"], "phrasepos": [0.0, 0.09090909090909091, 0.13636363636363635, 0.18181818181818182, 0.22727272727272727, 0.2727272727272727, 0.3181818181818182, 0.36363636363636365, 0.45454545454545453, 0.5454545454545454, 0.6363636363636364, 0.6818181818181818, 0.7272727272727273, 0.7727272727272727, 0.8181818181818182, 0.8636363636363636, 0.9090909090909091, 1.0], "phrase_ix": [0, 0, 0, 0, 0, 0, 0, 0, 0, 0, 0, 0, 0, 0, 0, 0, 0, 0], "phrase_end": [false, false, false, false, false, false, false, false, false, false, false, false, false, false, false, false, false, true], "songpos": [0.0, 0.09090909090909091, 0.13636363636363635, 0.18181818181818182, 0.22727272727272727, 0.2727272727272727, 0.3181818181818182, 0.36363636363636365, 0.45454545454545453, 0.5454545454545454, 0.6363636363636364, 0.6818181818181818, 0.7272727272727273, 0.7727272727272727, 0.8181818181818182, 0.8636363636363636, 0.9090909090909091, 1.0], "beatinsong": ["0", "1", "3/2", "2", "5/2", "3", "7/2", "4", "5", "6", "7", "15/2", "8", "17/2", "9", "19/2", "10", "11"], "beatinphrase": ["0", "1", "3/2", "2", "5/2", "3", "7/2", "4", "5", "6", "7", "15/2", "8", "17/2", "9", "19/2", "10", "11"], "beatinphrase_end": ["-9", "-8", "-15/2", "-7", "-13/2", "-6", "-11/2", "-5", "-4", "-3", "-2", "-3/2", "-1", "-1/2", "0", "1/2", "1", "2"], "IOI_frac": ["1", "1/2", "1/2", "1/2", "1/2", "1/2", "1/2", "1", "1", "1", "1/2", "1/2", "1/2", "1/2", "1/2", "1/2", "1", null], "IOI": [1.0, 0.5, 0.5, 0.5, 0.5, 0.5, 0.5, 1.0, 1.0, 1.0, 0.5, 0.5, 0.5, 0.5, 0.5, 0.5, 1.0, null], "IOR_frac": [null, "1/2", "1", "1", "1", "1", "1", "2", "1", "1", "1/2", "1", "1", "1", "1", "1", "2", null], "IOR": [null, 0.5, 1.0, 1.0, 1.0, 1.0, 1.0, 2.0, 1.0, 1.0, 0.5, 1.0, 1.0, 1.0, 1.0, 1.0, 2.0, null], "imacontour": [null, "+", "-", "+", "-", "+", "-", "+", "-", "=", "+", "-", "+", "-", "+", "-", "+", "-"], "pitch": ["G4", "B4", "A4", "B4", "D5", "C5", "C5", "C5", "E5", "D5", "B4", "A4", "B4", "D5", "A4", "A4", "C5", "B4"], "contour3": [null, "+", "-", "+", "+", "-", "=", "=", "+", "-", "-", "-", "+", "+", "-", "=", "+", "-"], "contour5": [null, "++", "-", "+", "++", "-", "=", "=", "++", "-", "--", "-", "+", "++", "--", "=", "++", "-"], "beatstrength": [1.0, 0.5, 0.25, 0.5, 0.25, 1.0, 0.25, 0.5, 0.5, 1.0, 0.5, 0.25, 0.5, 0.25, 1.0, 0.25, 0.5, 0.5], "beat_str": ["1", "2", "2", "3", "3", "1", "1", "2", "3", "1", "2", "2", "3", "3", "1", "1", "2", "3"], "beat_fraction_str": ["0", "0", "1/2", "0", "1/2", "0", "1/2", "0", "0", "0", "0", "1/2", "0", "1/2", "0", "1/2", "0", "0"], "beat": [1.0, 2.0, 2.5, 3.0, 3.5, 1.0, 1.5, 2.0, 3.0, 1.0, 2.0, 2.5, 3.0, 3.5, 1.0, 1.5, 2.0, 3.0], "timesignature": ["3/4", "3/4", "3/4", "3/4", "3/4", "3/4", "3/4", "3/4", "3/4", "3/4", "3/4", "3/4", "3/4", "3/4", "3/4", "3/4", "3/4", "3/4"], "gpr2a_Frankland": [null, null, null, null, null, null, null, null, null, null, null, null, null, null, null, null, null, null], "gpr2b_Frankland": [null, null, null, null, null, null, null, null, null, null, null, null, null, null, null, null, null, null], "gpr3a_Frankland": [null, null, null, 0.33333333333333337, null, null, null, 0.75, null, 0.33333333333333337, null, null, null, 0.7, null, 0.8333333333333334, null, null], "gpr3d_Frankland": [null, null, 0.0, 0.0, 0.0, null, 0.5, null, null, 0.5, null, 0.0, 0.0, 0.0, null, null, null, null], "gpr_Frankland_sum": [0, 0, 0, 0.33333333333333337, 0, 0, 0.5, 0.75, 0, 0.8333333333333334, 0, 0, 0, 0.7, 0, 0.8333333333333334, 0, 0], "lbdm_spitch": [null, 0.10937499999999999, 0.062499999999999986, 0.18749999999999997, 0.28124999999999994, 0.0, 0.0, 0.8020833333333331, 0.17187499999999997, 0.18749999999999997, 0.062499999999999986, 0.062499999999999986, 0.22499999999999995, 1.0, 0.0, 0.6124999999999998, null, null], "lbdm_sioi": [null, 0.5, 0.0, 0.0, 0.0, 0.0, 0.5, 1.0, 0.0, 1.0, 0.5, 0.0, 0.0, 0.0, 0.0, 0.5, null, null], "lbdm_srest": [null, 0.0, 0.0, 0.0, 0.0, 0.0, 0.0, 0.0, 0.0, 0.0, 0.0, 0.0, 0.0, 0.0, 0.0, 0.0, null, null], "lbdm_rpitch": [null, 0.25, 0.0, 0.14285714285714285, 0.14285714285714285, 0.5, 0.0, 0.6666666666666666, 0.25, 0.14285714285714285, 0.14285714285714285, 0.0, 0.14285714285714285, 0.2, 0.7142857142857143, 0.6, 0.3333333333333333, null], "lbdm_rioi": [null, 0.3333333333333333, 0.0, 0.0, 0.0, 0.0, 0.0, 0.3333333333333333, 0.0, 0.0, 0.3333333333333333, 0.0, 0.0, 0.0, 0.0, 0.0, 0.3333333333333333, null], "lbdm_rrest": [null, 0.0, 0.0, 0.0, 0.0, 0.0, 0.0, 0.0, 0.0, 0.0, 0.0, 0.0, 0.0, 0.0, 0.0, 0.0, 0.0, null], "lbdm_boundarystrength": [null, 0.27734375, 0.015624999999999997, 0.04687499999999999, 0.07031249999999999, 0.0, 0.25, 0.7005208333333333, 0.04296874999999999, 0.546875, 0.265625, 0.015624999999999997, 0.05624999999999999, 0.25, 0.0, 0.40312499999999996, null, null]}}
