{"id": "KB4918900001", "tunefamily": "", "year": -1, "tunefamily_full": "", "type": "", "freemeter": false, "origin": "", "features": {"scaledegree": [1, 2, 1, 7, 6, 1, 2, 3, 2, 2, 3, 4, 3, 2, 1, 4, 3, 2, 1], "scaledegreespecifier": ["P", "M", "P", "M", "m", "P", "M", "m", "M", "M", "m", "P", "m", "M", "P", "P", "m", "M", "P"], "tonic": ["A", "A", "A", "A", "A", "A", "A", "A", "A", "A", "A", "A", "A", "A", "A", "A", "A", "A", "A"], "mode": ["minor", "minor", "minor", "minor", "minor", "minor", "minor", "minor", "minor", "minor", "minor", "minor", "minor", "minor", "minor", "minor", "minor", "minor", "minor"], "metriccontour": [null, "-", "+", "=", "-", "+", "-", "+", "=", "+", "-", "+", "-", "+", "+", "+", "-", "+", "="], "imaweight": [0.763158, 0.326316, 0.7, 0.978947, 0.210526, 0.742105, 0.405263, 0.810526, 1.0, 0.784211, 0.405263, 0.763158, 0.0842105, 0.257895, 1.0, 0.7, 0.321053, 0.763158, 0.963158], "imaweight_spectral": [0.794118, 0.462185, 0.726891, 0.915966, 0.285714, 0.726891, 0.457983, 0.764706, 1.0, 0.743697, 0.441176, 0.726891, 0.0672269, 0.306723, 0.915966, 0.726891, 0.441176, 0.794118, 0.987395], "pitch40_hewlett": [152, 158, 152, 147, 140, 152, 158, 163, 158, 158, 163, 169, 163, 158, 152, 169, 163, 158, 152], "pitch40_sapp": [191, 197, 191, 186, 179, 191, 197, 202, 197, 197, 202, 208, 202, 197, 191, 208, 202, 197, 191], "octave": [4, 4, 4, 4, 4, 4, 4, 5, 4, 4, 5, 5, 5, 4, 4, 5, 5, 4, 4], "midipitch": [69, 71, 69, 68, 65, 69, 71, 72, 71, 71, 72, 74, 72, 71, 69, 74, 72, 71, 69], "diatonicpitch": [28, 29, 28, 27, 26, 28, 29, 30, 29, 29, 30, 31, 30, 29, 28, 31, 30, 29, 28], "diatonicinterval": [null, 1, -1, -1, -1, 2, 1, 1, -1, 0, 1, 1, -1, -1, -1, 3, -1, -1, -1], "chromaticinterval": [null, 2, -2, -1, -3, 4, 2, 1, -1, 0, 1, 2, -2, -1, -2, 5, -2, -1, -2], "pitchproximity": [null, null, 2, 1, 3, 4, 2, 1, 1, 0, 1, 2, 2, 1, 2, 5, 2, 1, 2], "pitchreversal": [null, null, 1.5, 0, 0, 1.5, 0, 0, 1.5, 0, 0, 0, 1.5, 0, 0, 0, 0, 0, 0], "nextisrest": [false, false, false, false, false, false, false, false, false, false, false, false, false, false, false, false, false, false, null], "restduration_frac": [null, null, null, null, null, null, null, null, null, null, null, null, null, null, null, null, null, null, null], "duration": [0.5, 0.5, 1.0, 0.5, 0.5, 0.5, 0.5, 1.0, 1.0, 0.5, 0.5, 0.25, 0.25, 0.5, 1.0, 0.5, 0.5, 1.0, 1.0], "duration_frac": ["1/2", "1/2", "1", "1/2", "1/2", "1/2", "1/2", "1", "1", "1/2", "1/2", "1/4", "1/4", "1/2", "1", "1/2", "1/2", "1", "1"], "duration_fullname": ["Eighth", "Eighth", "Quarter", "Eighth", "Eighth", "Eighth", "Eighth", "Quarter", "Quarter", "Eighth", "Eighth", "16th", "16th", "Eighth", "Quarter", "Eighth", "Eighth", "Quarter", "Quarter"], "durationcontour": [null, "=", "+", "-", "=", "=", "=", "+", "=", "-", "=", "-", "=", "+", "+", "-", "=", "+", "="], "onsettick": [0, 2, 4, 8, 10, 12, 14, 16, 20, 24, 26, 28, 29, 30, 32, 36, 38, 40, 44], "beatfraction": ["1/2", "1/2", "1", "1/2", "1/2", "1/2", "1/2", "1", "1", "1/2", "1/2", "1/4", "1/4", "1/2", "1", "1/2", "1/2", "1", "1"], "phrasepos": [0.0, 0.1, 0.2, 0.4, 0.5, 0.6, 0.7, 0.8, 1.0, 0.0, 0.1, 0.2, 0.25, 0.3, 0.4, 0.6, 0.7, 0.8, 1.0], "phrase_ix": [0, 0, 0, 0, 0, 0, 0, 0, 0, 1, 1, 1, 1, 1, 1, 1, 1, 1, 1], "phrase_end": [false, false, false, false, false, false, false, false, true, false, false, false, false, false, false, false, false, false, true], "songpos": [0.0, 0.045454545454545456, 0.09090909090909091, 0.18181818181818182, 0.22727272727272727, 0.2727272727272727, 0.3181818181818182, 0.36363636363636365, 0.45454545454545453, 0.5454545454545454, 0.5909090909090909, 0.6363636363636364, 0.6590909090909091, 0.6818181818181818, 0.7272727272727273, 0.8181818181818182, 0.8636363636363636, 0.9090909090909091, 1.0], "beatinsong": ["0", "1/2", "1", "2", "5/2", "3", "7/2", "4", "5", "6", "13/2", "7", "29/4", "15/2", "8", "9", "19/2", "10", "11"], "beatinphrase": ["0", "1/2", "1", "2", "5/2", "3", "7/2", "4", "5", "0", "1/2", "1", "5/4", "3/2", "2", "3", "7/2", "4", "5"], "beatinphrase_end": ["-3", "-5/2", "-2", "-1", "-1/2", "0", "1/2", "1", "2", "-3", "-5/2", "-2", "-7/4", "-3/2", "-1", "0", "1/2", "1", "2"], "IOI_frac": ["1/2", "1/2", "1", "1/2", "1/2", "1/2", "1/2", "1", "1", "1/2", "1/2", "1/4", "1/4", "1/2", "1", "1/2", "1/2", "1", null], "IOI": [0.5, 0.5, 1.0, 0.5, 0.5, 0.5, 0.5, 1.0, 1.0, 0.5, 0.5, 0.25, 0.25, 0.5, 1.0, 0.5, 0.5, 1.0, null], "IOR_frac": [null, "1", "2", "1/2", "1", "1", "1", "2", "1", "1/2", "1", "1/2", "1", "2", "2", "1/2", "1", "2", null], "IOR": [null, 1.0, 2.0, 0.5, 1.0, 1.0, 1.0, 2.0, 1.0, 0.5, 1.0, 0.5, 1.0, 2.0, 2.0, 0.5, 1.0, 2.0, null], "imacontour": [null, "-", "+", "+", "-", "+", "-", "+", "+", "-", "-", "+", "-", "+", "+", "-", "-", "+", "+"], "pitch": ["A4", "B4", "A4", "G#4", "F4", "A4", "B4", "C5", "B4", "B4", "C5", "D5", "C5", "B4", "A4", "D5", "C5", "B4", "A4"], "contour3": [null, "+", "-", "-", "-", "+", "+", "+", "-", "=", "+", "+", "-", "-", "-", "+", "-", "-", "-"], "contour5": [null, "+", "-", "-", "--", "++", "+", "+", "-", "=", "+", "+", "-", "-", "-", "++", "-", "-", "-"], "beatstrength": [1.0, 0.25, 0.5, 0.5, 0.25, 1.0, 0.25, 0.5, 0.5, 1.0, 0.25, 0.5, 0.125, 0.25, 0.5, 1.0, 0.25, 0.5, 0.5], "beat_str": ["1", "1", "2", "3", "3", "1", "1", "2", "3", "1", "1", "2", "2", "2", "3", "1", "1", "2", "3"], "beat_fraction_str": ["0", "1/2", "0", "0", "1/2", "0", "1/2", "0", "0", "0", "1/2", "0", "1/4", "1/2", "0", "0", "1/2", "0", "0"], "beat": [1.0, 1.5, 2.0, 3.0, 3.5, 1.0, 1.5, 2.0, 3.0, 1.0, 1.5, 2.0, 2.25, 2.5, 3.0, 1.0, 1.5, 2.0, 3.0], "timesignature": ["3/4", "3/4", "3/4", "3/4", "3/4", "3/4", "3/4", "3/4", "3/4", "3/4", "3/4", "3/4", "3/4", "3/4", "3/4", "3/4", "3/4", "3/4", "3/4"], "gpr2a_Frankland": [null, null, null, null, null, null, null, null, null, null, null, null, null, null, null, null, null, null, null], "gpr2b_Frankland": [null, null, 0.5, null, null, null, null, null, null, null, null, null, null, null, 0.5, null, null, null, null], "gpr3a_Frankland": [null, null, null, null, 0.375, null, null, null, null, null, null, null, null, null, 0.6, null, null, null, null], "gpr3d_Frankland": [null, null, null, null, 0.0, null, 0.5, null, 0.5, null, 0.5, null, null, null, null, null, null, null, null], "gpr_Frankland_sum": [0, 0, 0.5, 0, 0.375, 0, 0.5, 0, 0.5, 0, 0.5, 0, 0, 0, 1.1, 0, 0, 0, 0], "lbdm_spitch": [null, 0.12000000000000002, 0.16, 0.4, 0.43333333333333335, 0.27, 0.06000000000000001, 0.1, 0.0, 0.16, 0.12000000000000002, 0.12000000000000002, 0.12000000000000002, 0.32, 1.0, 0.32, 0.12000000000000002, null, null], "lbdm_sioi": [null, 0.25, 1.0, 0.25, 0.0, 0.0, 0.25, 0.5, 0.5, 0.25, 0.25, 0.125, 0.125, 0.5, 1.0, 0.25, 0.25, null, null], "lbdm_srest": [null, 0.0, 0.0, 0.0, 0.0, 0.0, 0.0, 0.0, 0.0, 0.0, 0.0, 0.0, 0.0, 0.0, 0.0, 0.0, 0.0, null, null], "lbdm_rpitch": [null, 0.0, 0.2, 0.3333333333333333, 0.1111111111111111, 0.25, 0.2, 0.0, 0.3333333333333333, 0.3333333333333333, 0.2, 0.0, 0.2, 0.2, 0.3333333333333333, 0.3333333333333333, 0.2, 0.2, null], "lbdm_rioi": [null, 0.0, 0.3333333333333333, 0.3333333333333333, 0.0, 0.0, 0.0, 0.3333333333333333, 0.0, 0.3333333333333333, 0.0, 0.3333333333333333, 0.0, 0.3333333333333333, 0.3333333333333333, 0.3333333333333333, 0.0, 0.3333333333333333, null], "lbdm_rrest": [null, 0.0, 0.0, 0.0, 0.0, 0.0, 0.0, 0.0, 0.0, 0.0, 0.0, 0.0, 0.0, 0.0, 0.0, 0.0, 0.0, 0.0, null], "lbdm_boundarystrength": [null, 0.155, 0.54, 0.225, 0.10833333333333334, 0.0675, 0.14, 0.275, 0.25, 0.165, 0.155, 0.0925, 0.0925, 0.33, 0.75, 0.20500000000000002, 0.155, null, null]}}
