{"id": "KB4907300000", "tunefamily": "", "year": -1, "tunefamily_full": "", "type": "", "freemeter": false, "origin": "", "features": {"scaledegree": [3, 5, 6, 5, 4, 3, 2, 4, 6, 5, 4, 3, 1, 3, 4, 3, 2, 7, 1], "scaledegreespecifier": ["M", "P", "M", "P", "P", "M", "M", "P", "M", "P", "P", "M", "P", "M", "P", "M", "M", "M", "P"], "tonic": ["G", "G", "G", "G", "G", "G", "G", "G", "G", "G", "G", "G", "G", "G", "G", "G", "G", "G", "G"], "mode": ["major", "major", "major", "major", "major", "major", "major", "major", "major", "major", "major", "major", "major", "major", "major", "major", "major", "major", "major"], "metriccontour": [null, "-", "+", "-", "+", "=", "+", "-", "+", "-", "+", "=", "+", "-", "+", "-", "+", "=", "+"], "imaweight": [0.382812, 0.828125, 1.0, 0.125, 0.414062, 0.695312, 0.539062, 0.914062, 0.9375, 0.21875, 0.453125, 0.726562, 0.46875, 0.882812, 0.984375, 0.09375, 0.398438, 0.632812, 0.445312], "imaweight_spectral": [0.614458, 0.957831, 0.993976, 0.144578, 0.518072, 0.759036, 0.638554, 0.927711, 0.921687, 0.216867, 0.548193, 0.807229, 0.584337, 0.903614, 1.0, 0.120482, 0.572289, 0.777108, 0.608434], "pitch40_hewlett": [158, 169, 175, 169, 163, 158, 152, 163, 175, 169, 163, 158, 146, 158, 163, 158, 152, 141, 146], "pitch40_sapp": [197, 208, 214, 208, 202, 197, 191, 202, 214, 208, 202, 197, 185, 197, 202, 197, 191, 180, 185], "octave": [4, 5, 5, 5, 5, 4, 4, 5, 5, 5, 5, 4, 4, 4, 5, 4, 4, 4, 4], "midipitch": [71, 74, 76, 74, 72, 71, 69, 72, 76, 74, 72, 71, 67, 71, 72, 71, 69, 66, 67], "diatonicpitch": [30, 32, 33, 32, 31, 30, 29, 31, 33, 32, 31, 30, 28, 30, 31, 30, 29, 27, 28], "diatonicinterval": [null, 2, 1, -1, -1, -1, -1, 2, 2, -1, -1, -1, -2, 2, 1, -1, -1, -2, 1], "chromaticinterval": [null, 3, 2, -2, -2, -1, -2, 3, 4, -2, -2, -1, -4, 4, 1, -1, -2, -3, 1], "pitchproximity": [null, null, 2, 2, 2, 1, 2, 3, 4, 2, 2, 1, 4, 4, 1, 1, 2, 3, 1], "pitchreversal": [null, null, 0, 1.5, 0, 0, 0, 1.5, 0, 1.5, 0, 0, 0, 1.5, 0, 1.5, 0, 0, 1.5], "nextisrest": [false, false, false, false, false, false, false, false, false, false, false, false, false, false, false, false, false, false, null], "restduration_frac": [null, null, null, null, null, null, null, null, null, null, null, null, null, null, null, null, null, null, null], "duration": [1.0, 2.0, 0.5, 0.5, 1.0, 1.0, 1.0, 2.0, 0.5, 0.5, 1.0, 1.0, 1.0, 2.0, 0.5, 0.5, 1.0, 1.0, 3.0], "duration_frac": ["1", "2", "1/2", "1/2", "1", "1", "1", "2", "1/2", "1/2", "1", "1", "1", "2", "1/2", "1/2", "1", "1", "3"], "duration_fullname": ["Quarter", "Half", "Eighth", "Eighth", "Quarter", "Quarter", "Quarter", "Half", "Eighth", "Eighth", "Quarter", "Quarter", "Quarter", "Half", "Eighth", "Eighth", "Quarter", "Quarter", "Dotted Half"], "durationcontour": [null, "+", "-", "=", "+", "=", "=", "+", "-", "=", "+", "=", "=", "+", "-", "=", "+", "=", "+"], "onsettick": [0, 2, 6, 7, 8, 10, 12, 14, 18, 19, 20, 22, 24, 26, 30, 31, 32, 34, 36], "beatfraction": ["1", "2", "1/2", "1/2", "1", "1", "1", "2", "1/2", "1/2", "1", "1", "1", "2", "1/2", "1/2", "1", "1", "3"], "phrasepos": [0.0, 0.2, 0.6, 0.7, 0.8, 1.0, 0.0, 0.2, 0.6, 0.7, 0.8, 1.0, 0.0, 0.16666666666666666, 0.5, 0.5833333333333334, 0.6666666666666666, 0.8333333333333334, 1.0], "phrase_ix": [0, 0, 0, 0, 0, 0, 1, 1, 1, 1, 1, 1, 2, 2, 2, 2, 2, 2, 2], "phrase_end": [false, false, false, false, false, true, false, false, false, false, false, true, false, false, false, false, false, false, true], "songpos": [0.0, 0.05555555555555555, 0.16666666666666666, 0.19444444444444445, 0.2222222222222222, 0.2777777777777778, 0.3333333333333333, 0.3888888888888889, 0.5, 0.5277777777777778, 0.5555555555555556, 0.6111111111111112, 0.6666666666666666, 0.7222222222222222, 0.8333333333333334, 0.8611111111111112, 0.8888888888888888, 0.9444444444444444, 1.0], "beatinsong": ["0", "1", "3", "7/2", "4", "5", "6", "7", "9", "19/2", "10", "11", "12", "13", "15", "31/2", "16", "17", "18"], "beatinphrase": ["0", "1", "3", "7/2", "4", "5", "0", "1", "3", "7/2", "4", "5", "0", "1", "3", "7/2", "4", "5", "6"], "beatinphrase_end": ["-3", "-2", "0", "1/2", "1", "2", "-3", "-2", "0", "1/2", "1", "2", "-6", "-5", "-3", "-5/2", "-2", "-1", "0"], "IOI_frac": ["1", "2", "1/2", "1/2", "1", "1", "1", "2", "1/2", "1/2", "1", "1", "1", "2", "1/2", "1/2", "1", "1", null], "IOI": [1.0, 2.0, 0.5, 0.5, 1.0, 1.0, 1.0, 2.0, 0.5, 0.5, 1.0, 1.0, 1.0, 2.0, 0.5, 0.5, 1.0, 1.0, null], "IOR_frac": [null, "2", "1/4", "1", "2", "1", "1", "2", "1/4", "1", "2", "1", "1", "2", "1/4", "1", "2", "1", null], "IOR": [null, 2.0, 0.25, 1.0, 2.0, 1.0, 1.0, 2.0, 0.25, 1.0, 2.0, 1.0, 1.0, 2.0, 0.25, 1.0, 2.0, 1.0, null], "imacontour": [null, "+", "+", "-", "+", "+", "-", "+", "+", "-", "+", "+", "-", "+", "+", "-", "+", "+", "-"], "pitch": ["B4", "D5", "E5", "D5", "C5", "B4", "A4", "C5", "E5", "D5", "C5", "B4", "G4", "B4", "C5", "B4", "A4", "F#4", "G4"], "contour3": [null, "+", "+", "-", "-", "-", "-", "+", "+", "-", "-", "-", "-", "+", "+", "-", "-", "-", "+"], "contour5": [null, "++", "+", "-", "-", "-", "-", "++", "++", "-", "-", "-", "--", "++", "+", "-", "-", "--", "+"], "beatstrength": [1.0, 0.5, 1.0, 0.25, 0.5, 0.5, 1.0, 0.5, 1.0, 0.25, 0.5, 0.5, 1.0, 0.5, 1.0, 0.25, 0.5, 0.5, 1.0], "beat_str": ["1", "2", "1", "1", "2", "3", "1", "2", "1", "1", "2", "3", "1", "2", "1", "1", "2", "3", "1"], "beat_fraction_str": ["0", "0", "0", "1/2", "0", "0", "0", "0", "0", "1/2", "0", "0", "0", "0", "0", "1/2", "0", "0", "0"], "beat": [1.0, 2.0, 1.0, 1.5, 2.0, 3.0, 1.0, 2.0, 1.0, 1.5, 2.0, 3.0, 1.0, 2.0, 1.0, 1.5, 2.0, 3.0, 1.0], "timesignature": ["3/4", "3/4", "3/4", "3/4", "3/4", "3/4", "3/4", "3/4", "3/4", "3/4", "3/4", "3/4", "3/4", "3/4", "3/4", "3/4", "3/4", "3/4", "3/4"], "gpr2a_Frankland": [null, null, null, null, null, null, null, null, null, null, null, null, null, null, null, null, null, null, null], "gpr2b_Frankland": [null, 0.625, null, null, null, null, null, 0.625, null, null, null, null, null, 0.625, null, null, null, null, null], "gpr3a_Frankland": [null, null, null, null, null, null, null, 0.375, null, null, null, null, null, null, null, null, 0.5, null, null], "gpr3d_Frankland": [null, null, null, 0.5, null, null, null, null, null, 0.5, null, null, null, null, null, 0.5, null, null, null], "gpr_Frankland_sum": [0, 0.625, 0, 0.5, 0, 0, 0, 1.0, 0, 0.5, 0, 0, 0, 0.625, 0, 0.5, 0.5, 0, 0], "lbdm_spitch": [null, 0.16666666666666666, 0.0, 0.23333333333333336, 0.23333333333333336, 0.4, 0.4444444444444444, 0.8425925925925927, 0.2916666666666667, 0.23333333333333336, 0.3666666666666667, 1.0, 1.0, 0.25, 0.11666666666666668, 0.4, 0.8333333333333333, null, null], "lbdm_sioi": [null, 1.0, 0.1607142857142857, 0.08928571428571427, 0.17857142857142855, 0.0, 0.17857142857142855, 1.0, 0.1607142857142857, 0.08928571428571427, 0.17857142857142855, 0.0, 0.17857142857142855, 1.0, 0.1607142857142857, 0.08928571428571427, 0.17857142857142855, null, null], "lbdm_srest": [null, 0.0, 0.0, 0.0, 0.0, 0.0, 0.0, 0.0, 0.0, 0.0, 0.0, 0.0, 0.0, 0.0, 0.0, 0.0, 0.0, null, null], "lbdm_rpitch": [null, 0.14285714285714285, 0.0, 0.0, 0.2, 0.2, 0.14285714285714285, 0.1111111111111111, 0.25, 0.0, 0.2, 0.42857142857142855, 0.0, 0.42857142857142855, 0.0, 0.2, 0.14285714285714285, 0.3333333333333333, null], "lbdm_rioi": [null, 0.3333333333333333, 0.6, 0.0, 0.3333333333333333, 0.0, 0.0, 0.3333333333333333, 0.6, 0.0, 0.3333333333333333, 0.0, 0.0, 0.3333333333333333, 0.6, 0.0, 0.3333333333333333, 0.0, null], "lbdm_rrest": [null, 0.0, 0.0, 0.0, 0.0, 0.0, 0.0, 0.0, 0.0, 0.0, 0.0, 0.0, 0.0, 0.0, 0.0, 0.0, 0.0, 0.0, null], "lbdm_boundarystrength": [null, 0.5416666666666666, 0.08035714285714285, 0.10297619047619047, 0.14761904761904762, 0.1, 0.20039682539682538, 0.7106481481481481, 0.15327380952380953, 0.10297619047619047, 0.18095238095238095, 0.25, 0.3392857142857143, 0.5625, 0.10952380952380952, 0.14464285714285713, 0.29761904761904756, null, null]}}
