{"id": "KB4921000000", "tunefamily": "", "year": -1, "tunefamily_full": "", "type": "", "freemeter": false, "origin": "", "features": {"scaledegree": [1, 3, 2, 2, 3, 5, 4, 4, 1, 3, 2, 2, 2, 2, 3, 1, 1], "scaledegreespecifier": ["P", "M", "M", "M", "M", "P", "P", "P", "P", "M", "M", "M", "M", "M", "M", "P", "P"], "tonic": ["G", "G", "G", "G", "G", "G", "G", "G", "G", "G", "G", "G", "G", "G", "G", "G", "G"], "mode": ["major", "major", "major", "major", "major", "major", "major", "major", "major", "major", "major", "major", "major", "major", "major", "major", "major"], "metriccontour": [null, "-", "+", "-", "+", "-", "+", "-", "+", "-", "+", "-", "+", "-", "-", "+", "-"], "imaweight": [0.982533, 0.982533, 0.982533, 0.982533, 0.982533, 0.982533, 0.982533, 0.982533, 0.982533, 0.982533, 0.982533, 0.982533, 1.0, 1.0, 0.0349345, 1.0, 1.0], "imaweight_spectral": [1.0, 0.982833, 0.982833, 1.0, 0.982833, 0.982833, 1.0, 0.982833, 0.982833, 1.0, 0.982833, 0.982833, 1.0, 0.982833, 0.0343348, 0.982833, 1.0], "pitch40_hewlett": [146, 158, 152, 152, 158, 169, 163, 163, 146, 158, 152, 152, 152, 152, 158, 146, 146], "pitch40_sapp": [185, 197, 191, 191, 197, 208, 202, 202, 185, 197, 191, 191, 191, 191, 197, 185, 185], "octave": [4, 4, 4, 4, 4, 5, 5, 5, 4, 4, 4, 4, 4, 4, 4, 4, 4], "midipitch": [67, 71, 69, 69, 71, 74, 72, 72, 67, 71, 69, 69, 69, 69, 71, 67, 67], "diatonicpitch": [28, 30, 29, 29, 30, 32, 31, 31, 28, 30, 29, 29, 29, 29, 30, 28, 28], "diatonicinterval": [null, 2, -1, 0, 1, 2, -1, 0, -3, 2, -1, 0, 0, 0, 1, -2, 0], "chromaticinterval": [null, 4, -2, 0, 2, 3, -2, 0, -5, 4, -2, 0, 0, 0, 2, -4, 0], "pitchproximity": [null, null, 2, 0, 2, 3, 2, 0, 5, 4, 2, 0, 0, 0, 2, 4, 0], "pitchreversal": [null, null, 1.5, 0, 0, 0, 1.5, 0, 0, 1.5, 1.5, 0, 0, 0, 0, 1.5, 0], "nextisrest": [false, false, false, false, false, false, false, false, false, false, false, false, false, false, false, false, null], "restduration_frac": [null, null, null, null, null, null, null, null, null, null, null, null, null, null, null, null, null], "duration": [1.0, 1.0, 1.0, 1.0, 1.0, 1.0, 1.0, 1.0, 1.0, 1.0, 1.0, 1.0, 1.0, 0.5, 0.5, 1.0, 1.0], "duration_frac": ["1", "1", "1", "1", "1", "1", "1", "1", "1", "1", "1", "1", "1", "1/2", "1/2", "1", "1"], "duration_fullname": ["Quarter", "Quarter", "Quarter", "Quarter", "Quarter", "Quarter", "Quarter", "Quarter", "Quarter", "Quarter", "Quarter", "Quarter", "Quarter", "Eighth", "Eighth", "Quarter", "Quarter"], "durationcontour": [null, "=", "=", "=", "=", "=", "=", "=", "=", "=", "=", "=", "=", "-", "=", "+", "="], "onsettick": [0, 2, 4, 6, 8, 10, 12, 14, 16, 18, 20, 22, 24, 26, 27, 28, 30], "beatfraction": ["1", "1", "1", "1", "1", "1", "1", "1", "1", "1", "1", "1", "1", "1/2", "1/2", "1", "1"], "phrasepos": [0.0, 0.14285714285714285, 0.2857142857142857, 0.42857142857142855, 0.5714285714285714, 0.7142857142857143, 0.8571428571428571, 1.0, 0.0, 0.14285714285714285, 0.2857142857142857, 0.42857142857142855, 0.5714285714285714, 0.7142857142857143, 0.7857142857142857, 0.8571428571428571, 1.0], "phrase_ix": [0, 0, 0, 0, 0, 0, 0, 0, 1, 1, 1, 1, 1, 1, 1, 1, 1], "phrase_end": [false, false, false, false, false, false, false, true, false, false, false, false, false, false, false, false, true], "songpos": [0.0, 0.06666666666666667, 0.13333333333333333, 0.2, 0.26666666666666666, 0.3333333333333333, 0.4, 0.4666666666666667, 0.5333333333333333, 0.6, 0.6666666666666666, 0.7333333333333333, 0.8, 0.8666666666666667, 0.9, 0.9333333333333333, 1.0], "beatinsong": ["0", "1", "2", "3", "4", "5", "6", "7", "8", "9", "10", "11", "12", "13", "27/2", "14", "15"], "beatinphrase": ["0", "1", "2", "3", "4", "5", "6", "7", "0", "1", "2", "3", "4", "5", "11/2", "6", "7"], "beatinphrase_end": ["-4", "-3", "-2", "-1", "0", "1", "2", "3", "-4", "-3", "-2", "-1", "0", "1", "3/2", "2", "3"], "IOI_frac": ["1", "1", "1", "1", "1", "1", "1", "1", "1", "1", "1", "1", "1", "1/2", "1/2", "1", null], "IOI": [1.0, 1.0, 1.0, 1.0, 1.0, 1.0, 1.0, 1.0, 1.0, 1.0, 1.0, 1.0, 1.0, 0.5, 0.5, 1.0, null], "IOR_frac": [null, "1", "1", "1", "1", "1", "1", "1", "1", "1", "1", "1", "1", "1/2", "1", "2", null], "IOR": [null, 1.0, 1.0, 1.0, 1.0, 1.0, 1.0, 1.0, 1.0, 1.0, 1.0, 1.0, 1.0, 0.5, 1.0, 2.0, null], "imacontour": [null, "=", "=", "=", "=", "=", "=", "=", "=", "=", "=", "=", "+", "=", "-", "+", "="], "pitch": ["G4", "B4", "A4", "A4", "B4", "D5", "C5", "C5", "G4", "B4", "A4", "A4", "A4", "A4", "B4", "G4", "G4"], "contour3": [null, "+", "-", "=", "+", "+", "-", "=", "-", "+", "-", "=", "=", "=", "+", "-", "="], "contour5": [null, "++", "-", "=", "+", "++", "-", "=", "--", "++", "-", "=", "=", "=", "+", "--", "="], "beatstrength": [1.0, 0.25, 0.5, 0.25, 1.0, 0.25, 0.5, 0.25, 1.0, 0.25, 0.5, 0.25, 1.0, 0.25, 0.125, 0.5, 0.25], "beat_str": ["1", "2", "3", "4", "1", "2", "3", "4", "1", "2", "3", "4", "1", "2", "2", "3", "4"], "beat_fraction_str": ["0", "0", "0", "0", "0", "0", "0", "0", "0", "0", "0", "0", "0", "0", "1/2", "0", "0"], "beat": [1.0, 2.0, 3.0, 4.0, 1.0, 2.0, 3.0, 4.0, 1.0, 2.0, 3.0, 4.0, 1.0, 2.0, 2.5, 3.0, 4.0], "timesignature": ["4/4", "4/4", "4/4", "4/4", "4/4", "4/4", "4/4", "4/4", "4/4", "4/4", "4/4", "4/4", "4/4", "4/4", "4/4", "4/4", "4/4"], "gpr2a_Frankland": [null, null, null, null, null, null, null, null, null, null, null, null, null, null, null, null, null], "gpr2b_Frankland": [null, null, null, null, null, null, null, null, null, null, null, null, null, null, null, null, null], "gpr3a_Frankland": [null, null, null, null, 0.33333333333333337, null, null, 0.6, null, null, null, null, null, null, 0.75, null, null], "gpr3d_Frankland": [null, 0.0, 0.0, 0.0, 0.0, 0.0, 0.0, 0.0, 0.0, 0.0, 0.0, null, 0.5, null, null, null, null], "gpr_Frankland_sum": [0, 0, 0, 0, 0.33333333333333337, 0, 0, 0.6, 0, 0, 0, 0, 0.5, 0, 0.75, 0, 0], "lbdm_spitch": [null, 0.3725806451612903, 0.0, 0.31935483870967735, 0.2129032258064516, 0.31935483870967735, 0.0, 1.0, 0.33870967741935487, 0.3725806451612903, 0.0, 0.0, 0.0, 0.3725806451612903, 0.9107526881720429, null, null], "lbdm_sioi": [null, 0.0, 0.0, 0.0, 0.0, 0.0, 0.0, 0.0, 0.0, 0.0, 0.0, 0.0, 1.0, 0.5, 0.5, null, null], "lbdm_srest": [null, 0.0, 0.0, 0.0, 0.0, 0.0, 0.0, 0.0, 0.0, 0.0, 0.0, 0.0, 0.0, 0.0, 0.0, null, null], "lbdm_rpitch": [null, 0.25, 0.5, 0.5, 0.14285714285714285, 0.14285714285714285, 0.5, 0.7142857142857143, 0.09090909090909091, 0.25, 0.5, 0.0, 0.0, 0.5, 0.25, 0.6666666666666666, null], "lbdm_rioi": [null, 0.0, 0.0, 0.0, 0.0, 0.0, 0.0, 0.0, 0.0, 0.0, 0.0, 0.0, 0.0, 0.3333333333333333, 0.0, 0.3333333333333333, null], "lbdm_rrest": [null, 0.0, 0.0, 0.0, 0.0, 0.0, 0.0, 0.0, 0.0, 0.0, 0.0, 0.0, 0.0, 0.0, 0.0, 0.0, null], "lbdm_boundarystrength": [null, 0.09314516129032258, 0.0, 0.07983870967741934, 0.0532258064516129, 0.07983870967741934, 0.0, 0.25, 0.08467741935483872, 0.09314516129032258, 0.0, 0.0, 0.5, 0.3431451612903226, 0.47768817204301073, null, null]}}
