{"id": "KB4964200001", "tunefamily": "", "year": -1, "tunefamily_full": "", "type": "", "freemeter": false, "origin": "", "features": {"scaledegree": [5, 5, 5, 4, 2, 3, 2, 1, 2, 1, 3, 2, 3, 4, 3, 1, 2, 1, 1], "scaledegreespecifier": ["P", "P", "P", "A", "M", "M", "M", "P", "M", "P", "M", "M", "M", "P", "M", "P", "M", "P", "P"], "tonic": ["G", "G", "G", "G", "G", "G", "G", "G", "G", "G", "G", "G", "G", "G", "G", "G", "G", "G", "G"], "mode": ["major", "major", "major", "major", "major", "major", "major", "major", "major", "major", "major", "major", "major", "major", "major", "major", "major", "major", "major"], "metriccontour": [null, "-", "+", "-", "=", "+", "-", "-", "+", "-", "+", "-", "+", "-", "+", "-", "=", "+", "-"], "imaweight": [1.0, 0.801075, 0.370968, 0.784946, 0.236559, 1.0, 0.736559, 0.0860215, 0.376344, 0.758065, 0.956989, 0.741935, 0.413978, 0.715054, 1.0, 0.177419, 0.822581, 0.349462, 0.77957], "imaweight_spectral": [1.0, 0.769565, 0.421739, 0.773913, 0.313043, 0.930435, 0.752174, 0.0695652, 0.46087, 0.804348, 0.965217, 0.791304, 0.508696, 0.752174, 0.930435, 0.282609, 0.804348, 0.404348, 0.752174], "pitch40_hewlett": [169, 169, 169, 164, 152, 158, 152, 146, 152, 146, 158, 152, 158, 163, 158, 146, 152, 146, 146], "pitch40_sapp": [208, 208, 208, 203, 191, 197, 191, 185, 191, 185, 197, 191, 197, 202, 197, 185, 191, 185, 185], "octave": [5, 5, 5, 5, 4, 4, 4, 4, 4, 4, 4, 4, 4, 5, 4, 4, 4, 4, 4], "midipitch": [74, 74, 74, 73, 69, 71, 69, 67, 69, 67, 71, 69, 71, 72, 71, 67, 69, 67, 67], "diatonicpitch": [32, 32, 32, 31, 29, 30, 29, 28, 29, 28, 30, 29, 30, 31, 30, 28, 29, 28, 28], "diatonicinterval": [null, 0, 0, -1, -2, 1, -1, -1, 1, -1, 2, -1, 1, 1, -1, -2, 1, -1, 0], "chromaticinterval": [null, 0, 0, -1, -4, 2, -2, -2, 2, -2, 4, -2, 2, 1, -1, -4, 2, -2, 0], "pitchproximity": [null, null, 0, 1, 4, 2, 2, 2, 2, 2, 4, 2, 2, 1, 1, 4, 2, 2, 0], "pitchreversal": [null, null, 0, 0, 0, 1.5, 1.5, 0, 1.5, 1.5, 1.5, 1.5, 1.5, 0, 1.5, 0, 1.5, 1.5, 0], "nextisrest": [false, false, false, false, false, false, false, false, false, false, false, false, false, false, false, false, false, false, null], "restduration_frac": [null, null, null, null, null, null, null, null, null, null, null, null, null, null, null, null, null, null, null], "duration": [1.0, 0.5, 0.5, 0.5, 0.5, 1.0, 0.25, 0.25, 0.5, 1.0, 1.0, 0.5, 0.5, 1.0, 0.5, 0.5, 0.5, 0.5, 1.0], "duration_frac": ["1", "1/2", "1/2", "1/2", "1/2", "1", "1/4", "1/4", "1/2", "1", "1", "1/2", "1/2", "1", "1/2", "1/2", "1/2", "1/2", "1"], "duration_fullname": ["Quarter", "Eighth", "Eighth", "Eighth", "Eighth", "Quarter", "16th", "16th", "Eighth", "Quarter", "Quarter", "Eighth", "Eighth", "Quarter", "Eighth", "Eighth", "Eighth", "Eighth", "Quarter"], "durationcontour": [null, "-", "=", "=", "=", "+", "-", "=", "+", "+", "=", "-", "=", "+", "-", "=", "=", "=", "+"], "onsettick": [0, 4, 6, 8, 10, 12, 16, 17, 18, 20, 24, 28, 30, 32, 36, 38, 40, 42, 44], "beatfraction": ["2/3", "1/3", "1/3", "1/3", "1/3", "2/3", "1/6", "1/6", "1/3", "2/3", "2/3", "1/3", "1/3", "2/3", "1/3", "1/3", "1/3", "1/3", "2/3"], "phrasepos": [0.0, 0.2, 0.3, 0.4, 0.5, 0.6, 0.8, 0.85, 0.9, 1.0, 0.0, 0.2, 0.3, 0.4, 0.6, 0.7, 0.8, 0.9, 1.0], "phrase_ix": [0, 0, 0, 0, 0, 0, 0, 0, 0, 0, 1, 1, 1, 1, 1, 1, 1, 1, 1], "phrase_end": [false, false, false, false, false, false, false, false, false, true, false, false, false, false, false, false, false, false, true], "songpos": [0.0, 0.09090909090909091, 0.13636363636363635, 0.18181818181818182, 0.22727272727272727, 0.2727272727272727, 0.36363636363636365, 0.38636363636363635, 0.4090909090909091, 0.45454545454545453, 0.5454545454545454, 0.6363636363636364, 0.6818181818181818, 0.7272727272727273, 0.8181818181818182, 0.8636363636363636, 0.9090909090909091, 0.9545454545454546, 1.0], "beatinsong": ["0", "2/3", "1", "4/3", "5/3", "2", "8/3", "17/6", "3", "10/3", "4", "14/3", "5", "16/3", "6", "19/3", "20/3", "7", "22/3"], "beatinphrase": ["0", "2/3", "1", "4/3", "5/3", "2", "8/3", "17/6", "3", "10/3", "0", "2/3", "1", "4/3", "2", "7/3", "8/3", "3", "10/3"], "beatinphrase_end": ["-3", "-7/3", "-2", "-5/3", "-4/3", "-1", "-1/3", "-1/6", "0", "1/3", "-3", "-7/3", "-2", "-5/3", "-1", "-2/3", "-1/3", "0", "1/3"], "IOI_frac": ["1", "1/2", "1/2", "1/2", "1/2", "1", "1/4", "1/4", "1/2", "1", "1", "1/2", "1/2", "1", "1/2", "1/2", "1/2", "1/2", null], "IOI": [1.0, 0.5, 0.5, 0.5, 0.5, 1.0, 0.25, 0.25, 0.5, 1.0, 1.0, 0.5, 0.5, 1.0, 0.5, 0.5, 0.5, 0.5, null], "IOR_frac": [null, "1/2", "1", "1", "1", "2", "1/4", "1", "2", "2", "1", "1/2", "1", "2", "1/2", "1", "1", "1", null], "IOR": [null, 0.5, 1.0, 1.0, 1.0, 2.0, 0.25, 1.0, 2.0, 2.0, 1.0, 0.5, 1.0, 2.0, 0.5, 1.0, 1.0, 1.0, null], "imacontour": [null, "-", "-", "+", "-", "+", "-", "-", "+", "+", "+", "-", "-", "+", "+", "-", "+", "-", "+"], "pitch": ["D5", "D5", "D5", "C#5", "A4", "B4", "A4", "G4", "A4", "G4", "B4", "A4", "B4", "C5", "B4", "G4", "A4", "G4", "G4"], "contour3": [null, "=", "=", "-", "-", "+", "-", "-", "+", "-", "+", "-", "+", "+", "-", "-", "+", "-", "="], "contour5": [null, "=", "=", "-", "--", "+", "-", "-", "+", "-", "++", "-", "+", "+", "-", "--", "+", "-", "="], "beatstrength": [1.0, 0.5, 1.0, 0.5, 0.5, 1.0, 0.5, 0.25, 1.0, 0.5, 1.0, 0.5, 1.0, 0.5, 1.0, 0.5, 0.5, 1.0, 0.5], "beat_str": ["1", "1", "1", "1", "1", "1", "1", "1", "1", "1", "1", "1", "1", "1", "1", "1", "1", "1", "1"], "beat_fraction_str": ["0", "2/3", "0", "1/3", "2/3", "0", "2/3", "5/6", "0", "1/3", "0", "2/3", "0", "1/3", "0", "1/3", "2/3", "0", "1/3"], "beat": [1.0, 1.6666666666666667, 1.0, 1.3333333333333333, 1.6666666666666667, 1.0, 1.6666666666666667, 1.8333333333333333, 1.0, 1.3333333333333333, 1.0, 1.6666666666666667, 1.0, 1.3333333333333333, 1.0, 1.3333333333333333, 1.6666666666666667, 1.0, 1.3333333333333333], "timesignature": ["3/8", "3/8", "3/8", "3/8", "3/8", "3/8", "3/8", "3/8", "3/8", "3/8", "3/8", "3/8", "3/8", "3/8", "3/8", "3/8", "3/8", "3/8", "3/8"], "gpr2a_Frankland": [null, null, null, null, null, null, null, null, null, null, null, null, null, null, null, null, null, null, null], "gpr2b_Frankland": [null, null, null, null, null, 0.625, null, null, null, null, null, null, null, 0.5, null, null, null, null, null], "gpr3a_Frankland": [null, null, null, 0.625, null, null, null, null, null, 0.5, null, null, null, null, 0.625, null, null, null, null], "gpr3d_Frankland": [null, null, 0.0, null, null, null, null, null, null, null, 0.5, null, null, null, null, 0.0, null, null, null], "gpr_Frankland_sum": [0, 0, 0, 0.625, 0, 0.625, 0, 0, 0, 0.5, 0.5, 0, 0, 0.5, 0.625, 0, 0, 0, 0], "lbdm_spitch": [null, 0.0, 0.2807017543859649, 1.0, 0.18421052631578946, 0.0, 0.0, 0.0, 0.18421052631578946, 0.7368421052631579, 0.18421052631578946, 0.1473684210526316, 0.0736842105263158, 0.15789473684210525, 1.0, 0.18421052631578946, 0.3684210526315789, null, null], "lbdm_sioi": [null, 0.17857142857142855, 0.0, 0.0, 0.17857142857142855, 1.0, 0.1607142857142857, 0.08928571428571427, 0.3571428571428571, 0.3571428571428571, 0.3571428571428571, 0.17857142857142855, 0.17857142857142855, 0.7142857142857142, 0.17857142857142855, 0.0, 0.0, null, null], "lbdm_srest": [null, 0.0, 0.0, 0.0, 0.0, 0.0, 0.0, 0.0, 0.0, 0.0, 0.0, 0.0, 0.0, 0.0, 0.0, 0.0, 0.0, null, null], "lbdm_rpitch": [null, 0.0, 0.3333333333333333, 0.42857142857142855, 0.25, 0.0, 0.0, 0.0, 0.0, 0.25, 0.25, 0.0, 0.2, 0.0, 0.42857142857142855, 0.25, 0.0, 0.5, null], "lbdm_rioi": [null, 0.3333333333333333, 0.0, 0.0, 0.0, 0.3333333333333333, 0.6, 0.0, 0.3333333333333333, 0.3333333333333333, 0.0, 0.3333333333333333, 0.0, 0.3333333333333333, 0.3333333333333333, 0.0, 0.0, 0.0, null], "lbdm_rrest": [null, 0.0, 0.0, 0.0, 0.0, 0.0, 0.0, 0.0, 0.0, 0.0, 0.0, 0.0, 0.0, 0.0, 0.0, 0.0, 0.0, 0.0, null],