{"id": "KB4922700002", "tunefamily": "", "year": -1, "tunefamily_full": "", "type": "", "freemeter": false, "origin": "", "features": {"scaledegree": [1, 2, 3, 1, 4, 3, 2, 2, 7, 2, 2, 2, 1, 3, 2, 7, 1, 1], "scaledegreespecifier": ["P", "M", "M", "P", "P", "M", "M", "M", "M", "M", "M", "M", "P", "M", "M", "M", "P", "P"], "tonic": ["C", "C", "C", "C", "C", "C", "C", "C", "C", "C", "C", "C", "C", "C", "C", "C", "C", "C"], "mode": ["major", "major", "major", "major", "major", "major", "major", "major", "major", "major", "major", "major", "major", "major", "major", "major", "major", "major"], "metriccontour": [null, "-", "+", "-", "+", "-", "+", "-", "+", "-", "+", "-", "-", "+", "-", "-", "+", "-"], "imaweight": [0.804598, 0.37931, 0.517241, 0.45977, 0.701149, 0.482759, 0.896552, 0.724138, 1.0, 0.609195, 0.62069, 0.528736, 0.229885, 0.954023, 0.655172, 0.287356, 0.758621, 0.37931], "imaweight_spectral": [0.836735, 0.47619, 0.693878, 0.612245, 0.77551, 0.755102, 1.0, 0.591837, 0.891156, 0.52381, 0.639456, 0.47619, 0.136054, 0.809524, 0.829932, 0.47619, 0.891156, 0.612245], "pitch40_hewlett": [163, 169, 175, 163, 180, 175, 169, 169, 158, 169, 169, 169, 163, 175, 169, 158, 163, 163], "pitch40_sapp": [202, 208, 214, 202, 219, 214, 208, 208, 197, 208, 208, 208, 202, 214, 208, 197, 202, 202], "octave": [5, 5, 5, 5, 5, 5, 5, 5, 4, 5, 5, 5, 5, 5, 5, 4, 5, 5], "midipitch": [72, 74, 76, 72, 77, 76, 74, 74, 71, 74, 74, 74, 72, 76, 74, 71, 72, 72], "diatonicpitch": [35, 36, 37, 35, 38, 37, 36, 36, 34, 36, 36, 36, 35, 37, 36, 34, 35, 35], "diatonicinterval": [null, 1, 1, -2, 3, -1, -1, 0, -2, 2, 0, 0, -1, 2, -1, -2, 1, 0], "chromaticinterval": [null, 2, 2, -4, 5, -1, -2, 0, -3, 3, 0, 0, -2, 4, -2, -3, 1, 0], "pitchproximity": [null, null, 2, 4, 5, 1, 2, 0, 3, 3, 0, 0, 2, 4, 2, 3, 1, 0], "pitchreversal": [null, null, 0, 1.5, 1.5, 0, 0, 0, 0, 1.5, 0, 0, 0, 1.5, 1.5, 0, 1.5, 0], "nextisrest": [false, false, false, false, false, false, false, false, false, false, false, false, false, false, false, false, false, null], "restduration_frac": [null, null, null, null, null, null, null, null, null, null, null, null, null, null, null, null, null, null], "duration": [0.25, 0.25, 0.25, 0.25, 0.5, 0.5, 0.75, 0.25, 0.25, 0.25, 0.25, 0.125, 0.125, 0.5, 0.25, 0.25, 0.75, 0.25], "duration_frac": ["1/4", "1/4", "1/4", "1/4", "1/2", "1/2", "3/4", "1/4", "1/4", "1/4", "1/4", "1/8", "1/8", "1/2", "1/4", "1/4", "3/4", "1/4"], "duration_fullname": ["16th", "16th", "16th", "16th", "Eighth", "Eighth", "Dotted Eighth", "16th", "16th", "16th", "16th", "32nd", "32nd", "Eighth", "16th", "16th", "Dotted Eighth", "16th"], "durationcontour": [null, "=", "=", "=", "+", "=", "+", "-", "=", "=", "=", "-", "=", "+", "-", "=", "+", "-"], "onsettick": [0, 2, 4, 6, 8, 12, 16, 22, 24, 26, 28, 30, 31, 32, 36, 38, 40, 46], "beatfraction": ["1/2", "1/2", "1/2", "1/2", "1", "1", "3/2", "1/2", "1/2", "1/2", "1/2", "1/4", "1/4", "1", "1/2", "1/2", "3/2", "1/2"], "phrasepos": [0.0, 0.09090909090909091, 0.18181818181818182, 0.2727272727272727, 0.36363636363636365, 0.5454545454545454, 0.7272727272727273, 1.0, 0.0, 0.09090909090909091, 0.18181818181818182, 0.2727272727272727, 0.3181818181818182, 0.36363636363636365, 0.5454545454545454, 0.6363636363636364, 0.7272727272727273, 1.0], "phrase_ix": [0, 0, 0, 0, 0, 0, 0, 0, 1, 1, 1, 1, 1, 1, 1, 1, 1, 1], "phrase_end": [false, false, false, false, false, false, false, true, false, false, false, false, false, false, false, false, false, true], "songpos": [0.0, 0.043478260869565216, 0.08695652173913043, 0.13043478260869565, 0.17391304347826086, 0.2608695652173913, 0.34782608695652173, 0.4782608695652174, 0.5217391304347826, 0.5652173913043478, 0.6086956521739131, 0.6521739130434783, 0.6739130434782609, 0.6956521739130435, 0.782608695652174, 0.8260869565217391, 0.8695652173913043, 1.0], "beatinsong": ["0", "1/2", "1", "3/2", "2", "3", "4", "11/2", "6", "13/2", "7", "15/2", "31/4", "8", "9", "19/2", "10", "23/2"], "beatinphrase": ["0", "1/2", "1", "3/2", "2", "3", "4", "11/2", "0", "1/2", "1", "3/2", "7/4", "2", "3", "7/2", "4", "11/2"], "beatinphrase_end": ["-4", "-7/2", "-3", "-5/2", "-2", "-1", "0", "3/2", "-4", "-7/2", "-3", "-5/2", "-9/4", "-2", "-1", "-1/2", "0", "3/2"], "IOI_frac": ["1/4", "1/4", "1/4", "1/4", "1/2", "1/2", "3/4", "1/4", "1/4", "1/4", "1/4", "1/8", "1/8", "1/2", "1/4", "1/4", "3/4", null], "IOI": [0.25, 0.25, 0.25, 0.25, 0.5, 0.5, 0.75, 0.25, 0.25, 0.25, 0.25, 0.125, 0.125, 0.5, 0.25, 0.25, 0.75, null], "IOR_frac": [null, "1", "1", "1", "2", "1", "3/2", "1/3", "1", "1", "1", "1/2", "1", "4", "1/2", "1", "3", null], "IOR": [null, 1.0, 1.0, 1.0, 2.0, 1.0, 1.5, 0.3333333333333333, 1.0, 1.0, 1.0, 0.5, 1.0, 4.0, 0.5, 1.0, 3.0, null], "imacontour": [null, "-", "+", "-", "+", "-", "+", "-", "+", "-", "+", "-", "-", "+", "-", "-", "+", "-"], "pitch": ["C5", "D5", "E5", "C5", "F5", "E5", "D5", "D5", "B4", "D5", "D5", "D5", "C5", "E5", "D5", "B4", "C5", "C5"], "contour3": [null, "+", "+", "-", "+", "-", "-", "=", "-", "+", "=", "=", "-", "+", "-", "-", "+", "="], "contour5": [null, "+", "+", "--", "++", "-", "-", "=", "--", "++", "=", "=", "-", "++", "-", "--", "+", "="], "beatstrength": [1.0, 0.25, 0.5, 0.25, 1.0, 0.5, 1.0, 0.25, 1.0, 0.25, 0.5, 0.25, 0.125, 1.0, 0.5, 0.25, 1.0, 0.25], "beat_str": ["1", "1", "2", "2", "1", "2", "1", "2", "1", "1", "2", "2", "2", "1", "2", "2", "1", "2"], "beat_fraction_str": ["0", "1/2", "0", "1/2", "0", "0", "0", "1/2", "0", "1/2", "0", "1/2", "3/4", "0", "0", "1/2", "0", "1/2"], "beat": [1.0, 1.5, 2.0, 2.5, 1.0, 2.0, 1.0, 2.5, 1.0, 1.5, 2.0, 2.5, 2.75, 1.0, 2.0, 2.5, 1.0, 2.5], "timesignature": ["2/8", "2/8", "2/8", "2/8", "2/8", "2/8", "2/8", "2/8", "2/8", "2/8", "2/8", "2/8", "2/8", "2/8", "2/8", "2/8", "2/8", "2/8"], "gpr2a_Frankland": [null, null, null, null, null, null, null, null, null, null, null, null, null, null, null, null, null, null], "gpr2b_Frankland": [null, null, null, null, null, null, 0.5, null, null, null, null, null, null, 0.625, null, null, null, null], "gpr3a_Frankland": [null, null, null, 0.5, null, 0.75, null, null, null, null, null, null, 0.5, null, 0.5, null, null, null], "gpr3d_Frankland": [null, 0.0, null, 0.5, null, null, null, null, 0.0, null, 0.5, null, null, null, null, null, null, null], "gpr_Frankland_sum": [0, 0, 0, 1.0, 0, 0.75, 0.5, 0, 0, 0, 0.5, 0, 0.5, 0.625, 0.5, 0, 0, 0], "lbdm_spitch": [null, 0.16923076923076924, 0.46153846153846156, 1.0, 0.2369230769230769, 0.4738461538461538, 0.0, 0.6092307692307691, 0.6092307692307691, 0.0, 0.0, 0.5076923076923077, 0.676923076923077, 0.26593406593406593, 0.48351648351648346, 0.22564102564102562, null, null], "lbdm_sioi": [null, 0.0, 0.0, 0.15873015873015875, 0.3174603174603175, 0.19047619047619052, 1.0, 0.23809523809523814, 0.0, 0.0, 0.15873015873015875, 0.07936507936507937, 0.14285714285714288, 0.8888888888888891, 0.15873015873015875, 0.23809523809523814, null, null], "lbdm_srest": [null, 0.0, 0.0, 0.0, 0.0, 0.0, 0.0, 0.0, 0.0, 0.0, 0.0, 0.0, 0.0, 0.0, 0.0, 0.0, null, null], "lbdm_rpitch": [null, 0.0, 0.25, 0.09090909090909091, 0.5, 0.2, 0.5, 0.6, 0.0, 0.6, 0.0, 0.5, 0.25, 0.25, 0.14285714285714285, 0.3333333333333333, 0.3333333333333333, null], "lbdm_rioi": [null, 0.0, 0.0, 0.0, 0.3333333333333333, 0.0, 0.2, 0.5, 0.0, 0.0, 0.0, 0.3333333333333333, 0.0, 0.6, 0.3333333333333333, 0.0, 0.5, null], "lbdm_rrest": [null, 0.0, 0.0, 0.0, 0.0, 0.0, 0.0, 0.0, 0.0, 0.0, 0.0, 0.0, 0.0, 0.0, 0.0, 0.0, 0.0, null], "lbdm_boundarystrength": [null, 0.04230769230769231, 0.11538461538461539, 0.32936507936507936, 0.21796092796092797, 0.2136996336996337, 0.5, 0.2713553113553113, 0.15230769230769228, 0.0, 0.07936507936507937, 0.1666056166056166, 0.2406593406593407, 0.510927960927961, 0.20024420024420025, 0.17545787545787547, null, null]}}
