{"id": "KB4905500001", "tunefamily": "", "year": -1, "tunefamily_full": "", "type": "", "freemeter": false, "origin": "", "features": {"scaledegree": [3, 5, 5, 3, 4, 3, 1, 2, 2, 2, 2, 4, 4, 3, 1, 2], "scaledegreespecifier": ["M", "P", "P", "M", "P", "M", "P", "M", "M", "M", "M", "P", "P", "M", "P", "M"], "tonic": ["G", "G", "G", "G", "G", "G", "G", "G", "G", "G", "G", "G", "G", "G", "G", "G"], "mode": ["major", "major", "major", "major", "major", "major", "major", "major", "major", "major", "major", "major", "major", "major", "major", "major"], "metriccontour": [null, "-", "=", "+", "-", "+", "-", "+", "-", "=", "+", "=", "-", "+", "-", "="], "imaweight": [0.542169, 0.783133, 0.566265, 0.53012, 0.843373, 0.518072, 0.746988, 0.855422, 1.0, 0.662651, 0.710843, 0.891566, 0.722892, 0.698795, 0.301205, 0.590361], "imaweight_spectral": [0.731481, 0.953704, 0.787037, 0.722222, 0.962963, 0.861111, 0.953704, 0.805556, 1.0, 0.657407, 0.777778, 0.833333, 0.787037, 1.0, 0.694444, 0.953704], "pitch40_hewlett": [158, 169, 169, 158, 163, 158, 146, 152, 152, 152, 152, 163, 163, 158, 146, 152], "pitch40_sapp": [197, 208, 208, 197, 202, 197, 185, 191, 191, 191, 191, 202, 202, 197, 185, 191], "octave": [4, 5, 5, 4, 5, 4, 4, 4, 4, 4, 4, 5, 5, 4, 4, 4], "midipitch": [71, 74, 74, 71, 72, 71, 67, 69, 69, 69, 69, 72, 72, 71, 67, 69], "diatonicpitch": [30, 32, 32, 30, 31, 30, 28, 29, 29, 29, 29, 31, 31, 30, 28, 29], "diatonicinterval": [null, 2, 0, -2, 1, -1, -2, 1, 0, 0, 0, 2, 0, -1, -2, 1], "chromaticinterval": [null, 3, 0, -3, 1, -1, -4, 2, 0, 0, 0, 3, 0, -1, -4, 2], "pitchproximity": [null, null, 0, 3, 1, 1, 4, 2, 0, 0, 0, 3, 0, 1, 4, 2], "pitchreversal": [null, null, 0, 0, 1.5, 1.5, 0, 1.5, 0, 0, 0, 0, 0, 0, 0, 1.5], "nextisrest": [false, false, false, false, false, false, false, false, false, false, false, false, false, false, false, null], "restduration_frac": [null, null, null, null, null, null, null, null, null, null, null, null, null, null, null, null], "duration": [0.5, 0.5, 0.5, 0.5, 1.0, 0.5, 1.0, 0.5, 0.5, 0.5, 0.5, 0.5, 1.0, 0.5, 1.0, 0.5], "duration_frac": ["1/2", "1/2", "1/2", "1/2", "1", "1/2", "1", "1/2", "1/2", "1/2", "1/2", "1/2", "1", "1/2", "1", "1/2"], "duration_fullname": ["Eighth", "Eighth", "Eighth", "Eighth", "Quarter", "Eighth", "Quarter", "Eighth", "Eighth", "Eighth", "Eighth", "Eighth", "Quarter", "Eighth", "Quarter", "Eighth"], "durationcontour": [null, "=", "=", "=", "+", "-", "+", "-", "=", "=", "=", "=", "+", "-", "+", "-"], "onsettick": [0, 1, 2, 3, 4, 6, 7, 9, 10, 11, 12, 13, 14, 16, 17, 19], "beatfraction": ["1/3", "1/3", "1/3", "1/3", "2/3", "1/3", "2/3", "1/3", "1/3", "1/3", "1/3", "1/3", "2/3", "1/2", "1", "1/2"], "phrasepos": [0.0, 0.1111111111111111, 0.2222222222222222, 0.3333333333333333, 0.4444444444444444, 0.6666666666666666, 0.7777777777777778, 1.0, 0.0, 0.1111111111111111, 0.2222222222222222, 0.3333333333333333, 0.4444444444444444, 0.6666666666666666, 0.7777777777777778, 1.0], "phrase_ix": [0, 0, 0, 0, 0, 0, 0, 0, 1, 1, 1, 1, 1, 1, 1, 1], "phrase_end": [false, false, false, false, false, false, false, true, false, false, false, false, false, false, false, true], "songpos": [0.0, 0.05263157894736842, 0.10526315789473684, 0.15789473684210525, 0.21052631578947367, 0.3157894736842105, 0.3684210526315789, 0.47368421052631576, 0.5263157894736842, 0.5789473684210527, 0.631578947368421, 0.6842105263157895, 0.7368421052631579, 0.8421052631578947, 0.8947368421052632, 1.0], "beatinsong": ["0", "1/3", "2/3", "1", "4/3", "2", "7/3", "3", "10/3", "11/3", "4", "13/3", "14/3", "16/3", "35/6", "41/6"], "beatinphrase": ["0", "1/3", "2/3", "1", "4/3", "2", "7/3", "3", "-2/3", "-1/3", "0", "1/3", "2/3", "4/3", "11/6", "17/6"], "beatinphrase_end": ["-3", "-8/3", "-7/3", "-2", "-5/3", "-1", "-2/3", "0", "-2", "-5/3", "-4/3", "-1", "-2/3", "0", "1/2", "3/2"], "IOI_frac": ["1/2", "1/2", "1/2", "1/2", "1", "1/2", "1", "1/2", "1/2", "1/2", "1/2", "1/2", "1", "1/2", "1", null], "IOI": [0.5, 0.5, 0.5, 0.5, 1.0, 0.5, 1.0, 0.5, 0.5, 0.5, 0.5, 0.5, 1.0, 0.5, 1.0, null], "IOR_frac": [null, "1", "1", "1", "2", "1/2", "2", "1/2", "1", "1", "1", "1", "2", "1/2", "2", null], "IOR": [null, 1.0, 1.0, 1.0, 2.0, 0.5, 2.0, 0.5, 1.0, 1.0, 1.0, 1.0, 2.0, 0.5, 2.0, null], "imacontour": [null, "+", "-", "-", "+", "-", "+", "+", "+", "-", "+", "+", "-", "-", "-", "+"], "pitch": ["B4", "D5", "D5", "B4", "C5", "B4", "G4", "A4", "A4", "A4", "A4", "C5", "C5", "B4", "G4", "A4"], "contour3": [null, "+", "=", "-", "+", "-", "-", "+", "=", "=", "=", "+", "=", "-", "-", "+"], "contour5": [null, "++", "=", "--", "+", "-", "--", "+", "=", "=", "=", "++", "=", "-", "--", "+"], "beatstrength": [1.0, 0.5, 0.5, 1.0, 0.5, 1.0, 0.5, 1.0, 0.5, 0.5, 1.0, 1.0, 0.5, 1.0, 0.25, 0.25], "beat_str": ["1", "1", "1", "1", "1", "1", "1", "1", "1", "1", "1", "1", "1", "1", "1", "2"], "beat_fraction_str": ["0", "1/3", "2/3", "0", "1/3", "0", "1/3", "0", "1/3", "2/3", "0", "0", "1/3", "0", "1/2", "1/2"], "beat": [1.0, 1.3333333333333333, 1.6666666666666667, 1.0, 1.3333333333333333, 1.0, 1.3333333333333333, 1.0, 1.3333333333333333, 1.6666666666666667, 1.0, 1.0, 1.3333333333333333, 1.0, 1.5, 2.5], "timesignature": ["3/8", "3/8", "3/8", "3/8", "3/8", "3/8", "3/8", "3/8", "3/8", "3/8", "3/8", "3/8", "3/8", "2/4", "2/4", "2/4"], "gpr2a_Frankland": [null, null, null, null, null, null, null, null, null, null, null, null, null, null, null, null], "gpr2b_Frankland": [null, null, null, null, 0.5, null, 0.5, null, null, null, null, null, 0.5, null, null, null], "gpr3a_Frankland": [null, null, 0.8333333333333334, null, null, 0.625, null, null, null, null, 1.0, null, null, 0.625, null, null], "gpr3d_Frankland": [null, 0.0, null, null, null, null, null, null, 0.0, 0.0, null, null, null, null, null, null], "gpr_Frankland_sum": [0, 0, 0.8333333333333334, 0, 0.5, 0.625, 0.5, 0, 0, 0, 1.0, 0, 0.5, 0.625, 0, 0], "lbdm_spitch": [null, 0.0, 0.7777777777777778, 0.0925925925925926, 0.11904761904761905, 0.7539682539682541, 0.4166666666666667, 0.0, 0.0, 0.0, 1.0, 0.0, 0.21164021164021166, 0.7539682539682541, null, null], "lbdm_sioi": [null, 0.0, 0.0, 0.25, 1.0, 0.5, 1.0, 0.25, 0.0, 0.0, 0.0, 0.25, 1.0, 0.5, null, null], "lbdm_srest": [null, 0.0, 0.0, 0.0, 0.0, 0.0, 0.0, 0.0, 0.0, 0.0, 0.0, 0.0, 0.0, 0.0, null, null], "lbdm_rpitch": [null, 0.6, 0.6, 0.3333333333333333, 0.0, 0.42857142857142855, 0.25, 0.5, 0.0, 0.0, 0.6, 0.6, 0.3333333333333333, 0.42857142857142855, 0.25, null], "lbdm_rioi": [null, 0.0, 0.0, 0.0, 0.3333333333333333, 0.3333333333333333, 0.3333333333333333, 0.3333333333333333, 0.0, 0.0, 0.0, 0.0, 0.3333333333333333, 0.3333333333333333, 0.3333333333333333, null], "lbdm_rrest": [null, 0.0, 0.0, 0.0, 0.0, 0.0, 0.0, 0.0, 0.0, 0.0, 0.0, 0.0, 0.0, 0.0, 0.0, null], "lbdm_boundarystrength": [null, 0.0, 0.19444444444444445, 0.14814814814814814, 0.5297619047619048, 0.4384920634920635, 0.6041666666666666, 0.125, 0.0, 0.0, 0.25, 0.125, 0.5529100529100529, 0.4384920634920635, null, null]}}
