{"id": "KB4921200002", "tunefamily": "", "year": -1, "tunefamily_full": "", "type": "", "freemeter": false, "origin": "", "features": {"scaledegree": [5, 1, 2, 3, 4, 3, 4, 1, 2, 1, 3, 4, 4, 3, 4, 1, 2, 1, 1], "scaledegreespecifier": ["P", "P", "M", "M", "P", "M", "P", "P", "M", "P", "M", "P", "P", "M", "P", "P", "M", "P", "P"], "tonic": ["G", "G", "G", "G", "G", "G", "G", "G", "G", "G", "G", "G", "G", "G", "G", "G", "G", "G", "G"], "mode": ["major", "major", "major", "major", "major", "major", "major", "major", "major", "major", "major", "major", "major", "major", "major", "major", "major", "major", "major"], "metriccontour": [null, "-", "+", "-", "+", "-", "+", "-", "+", "-", "+", "-", "+", "-", "+", "-", "+", "=", "-"], "imaweight": [0.726027, 0.164384, 0.582192, 0.678082, 1.0, 0.643836, 0.753425, 0.561644, 1.0, 0.671233, 0.691781, 0.650685, 1.0, 0.226027, 0.554795, 0.308219, 0.787671, 0.582192, 0.308219], "imaweight_spectral": [0.867021, 0.191489, 0.494681, 0.590426, 0.819149, 0.521277, 0.606383, 0.478723, 0.819149, 0.542553, 0.558511, 0.526596, 0.819149, 0.218085, 0.473404, 0.542553, 1.0, 0.494681, 0.281915], "pitch40_hewlett": [129, 146, 152, 158, 163, 158, 163, 146, 152, 146, 158, 163, 163, 158, 163, 146, 152, 146, 146], "pitch40_sapp": [168, 185, 191, 197, 202, 197, 202, 185, 191, 185, 197, 202, 202, 197, 202, 185, 191, 185, 185], "octave": [4, 4, 4, 4, 5, 4, 5, 4, 4, 4, 4, 5, 5, 4, 5, 4, 4, 4, 4], "midipitch": [62, 67, 69, 71, 72, 71, 72, 67, 69, 67, 71, 72, 72, 71, 72, 67, 69, 67, 67], "diatonicpitch": [25, 28, 29, 30, 31, 30, 31, 28, 29, 28, 30, 31, 31, 30, 31, 28, 29, 28, 28], "diatonicinterval": [null, 3, 1, 1, 1, -1, 1, -3, 1, -1, 2, 1, 0, -1, 1, -3, 1, -1, 0], "chromaticinterval": [null, 5, 2, 2, 1, -1, 1, -5, 2, -2, 4, 1, 0, -1, 1, -5, 2, -2, 0], "pitchproximity": [null, null, 2, 2, 1, 1, 1, 5, 2, 2, 4, 1, 0, 1, 1, 5, 2, 2, 0], "pitchreversal": [null, null, 0, 0, 0, 1.5, 1.5, 0, 0, 1.5, 1.5, 0, 0, 0, 1.5, 0, 0, 1.5, 0], "nextisrest": [false, false, false, false, false, false, false, false, false, false, false, false, false, false, false, false, false, false, null], "restduration_frac": [null, null, null, null, null, null, null, null, null, null, null, null, null, null, null, null, null, null, null], "duration": [0.5, 1.0, 0.5, 1.0, 1.0, 0.5, 0.5, 1.0, 1.0, 0.5, 0.5, 1.0, 0.5, 1.0, 0.5, 1.0, 1.5, 1.0, 0.5], "duration_frac": ["1/2", "1", "1/2", "1", "1", "1/2", "1/2", "1", "1", "1/2", "1/2", "1", "1/2", "1", "1/2", "1", "3/2", "1", "1/2"], "duration_fullname": ["Eighth", "Quarter", "Eighth", "Quarter", "Quarter", "Eighth", "Eighth", "Quarter", "Quarter", "Eighth", "Eighth", "Quarter", "Eighth", "Quarter", "Eighth", "Quarter", "Dotted Quarter", "Quarter", "Eighth"], "durationcontour": [null, "+", "-", "+", "=", "-", "=", "+", "=", "-", "=", "+", "-", "+", "-", "+", "+", "-", "-"], "onsettick": [0, 1, 3, 4, 6, 8, 9, 10, 12, 14, 15, 16, 18, 19, 21, 22, 24, 27, 29], "beatfraction": ["1/3", "2/3", "1/3", "2/3", "2/3", "1/3", "1/3", "2/3", "2/3", "1/3", "1/3", "2/3", "1/3", "2/3", "1/3", "2/3", "1", "2/3", "1/3"], "phrasepos": [0.0, 0.07142857142857142, 0.21428571428571427, 0.2857142857142857, 0.42857142857142855, 0.5714285714285714, 0.6428571428571429, 0.7142857142857143, 0.8571428571428571, 1.0, 0.0, 0.07142857142857142, 0.21428571428571427, 0.2857142857142857, 0.42857142857142855, 0.5, 0.6428571428571429, 0.8571428571428571, 1.0], "phrase_ix": [0, 0, 0, 0, 0, 0, 0, 0, 0, 0, 1, 1, 1, 1, 1, 1, 1, 1, 1], "phrase_end": [false, false, false, false, false, false, false, false, false, true, false, false, false, false, false, false, false, false, true], "songpos": [0.0, 0.034482758620689655, 0.10344827586206896, 0.13793103448275862, 0.20689655172413793, 0.27586206896551724, 0.3103448275862069, 0.3448275862068966, 0.41379310344827586, 0.4827586206896552, 0.5172413793103449, 0.5517241379310345, 0.6206896551724138, 0.6551724137931034, 0.7241379310344828, 0.7586206896551724, 0.8275862068965517, 0.9310344827586207, 1.0], "beatinsong": ["0", "1/3", "1", "4/3", "2", "8/3", "3", "10/3", "4", "14/3", "5", "16/3", "6", "19/3", "7", "22/3", "8", "9", "29/3"], "beatinphrase": ["0", "1/3", "1", "4/3", "2", "8/3", "3", "10/3", "4", "14/3", "0", "1/3", "1", "4/3", "2", "7/3", "3", "4", "14/3"], "beatinphrase_end": ["-4", "-11/3", "-3", "-8/3", "-2", "-4/3", "-1", "-2/3", "0", "2/3", "-4", "-11/3", "-3", "-8/3", "-2", "-5/3", "-1", "0", "2/3"], "IOI_frac": ["1/2", "1", "1/2", "1", "1", "1/2", "1/2", "1", "1", "1/2", "1/2", "1", "1/2", "1", "1/2", "1", "3/2", "1", null], "IOI": [0.5, 1.0, 0.5, 1.0, 1.0, 0.5, 0.5, 1.0, 1.0, 0.5, 0.5, 1.0, 0.5, 1.0, 0.5, 1.0, 1.5, 1.0, null], "IOR_frac": [null, "2", "1/2", "2", "1", "1/2", "1", "2", "1", "1/2", "1", "2", "1/2", "2", "1/2", "2", "3/2", "2/3", null], "IOR": [null, 2.0, 0.5, 2.0, 1.0, 0.5, 1.0, 2.0, 1.0, 0.5, 1.0, 2.0, 0.5, 2.0, 0.5, 2.0, 1.5, 0.6666666666666666, null], "imacontour": [null, "-", "+", "+", "+", "-", "+", "-", "+", "-", "+", "-", "+", "-", "+", "-", "+", "-", "-"], "pitch": ["D4", "G4", "A4", "B4", "C5", "B4", "C5", "G4", "A4", "G4", "B4", "C5", "C5", "B4", "C5", "G4", "A4", "G4", "G4"], "contour3": [null, "+", "+", "+", "+", "-", "+", "-", "+", "-", "+", "+", "=", "-", "+", "-", "+", "-", "="], "contour5": [null, "++", "+", "+", "+", "-", "+", "--", "+", "-", "++", "+", "=", "-", "+", "--", "+", "-", "="], "beatstrength": [1.0, 0.5, 1.0, 0.5, 1.0, 0.5, 1.0, 0.5, 1.0, 0.5, 1.0, 0.5, 1.0, 0.5, 1.0, 0.5, 1.0, 1.0, 0.5], "beat_str": ["1", "1", "1", "1", "1", "1", "1", "1", "1", "1", "1", "1", "1", "1", "1", "1", "1", "1", "1"], "beat_fraction_str": ["0", "1/3", "0", "1/3", "0", "2/3", "0", "1/3", "0", "2/3", "0", "1/3", "0", "1/3", "0", "1/3", "0", "0", "2/3"], "beat": [1.0, 1.3333333333333333, 1.0, 1.3333333333333333, 1.0, 1.6666666666666667, 1.0, 1.3333333333333333, 1.0, 1.6666666666666667, 1.0, 1.3333333333333333, 1.0, 1.3333333333333333, 1.0, 1.3333333333333333, 1.0, 1.0, 1.6666666666666667], "timesignature": ["3/8", "3/8", "3/8", "3/8", "3/8", "3/8", "3/8", "3/8", "3/8", "3/8", "3/8", "3/8", "3/8", "3/8", "3/8", "3/8", "3/8", "3/8", "3/8"], "gpr2a_Frankland": [null, null, null, null, null, null, null, null, null, null, null, null, null, null, null, null, null, null, null], "gpr2b_Frankland": [null, 0.5, null, null, null, null, null, null, null, null, null, 0.5, null, 0.5, null, null, 0.33333333333333337, null, null], "gpr3a_Frankland": [null, null, null, null, null, null, 0.7, null, null, 0.625, null, null, null, null, 0.7, null, null, null, null], "gpr3d_Frankland": [null, null, null, null, 0.5, null, 0.5, null, 0.5, null, null, null, null, null, null, null, null, null, null], "gpr_Frankland_sum": [0, 0.5, 0, 0, 0.5, 0, 1.2, 0, 0.5, 0.625, 0, 0.5, 0, 0.5, 0.7, 0, 0.33333333333333337, 0, 0], "lbdm_spitch": [null, 0.16, 0.09600000000000002, 0.04800000000000001, 0.0, 0.12000000000000002, 1.0, 0.16, 0.12000000000000002, 0.6514285714285716, 0.18285714285714288, 0.0, 0.08, 0.12000000000000002, 1.0, 0.16, 0.24000000000000005, null, null], "lbdm_sioi": [null, 1.0, 0.5, 0.5, 0.5, 0.25, 0.25, 0.5, 0.5, 0.25, 0.25, 1.0, 0.5, 1.0, 0.5, 0.8, 0.9000000000000001, null, null], "lbdm_srest": [null, 0.0, 0.0, 0.0, 0.0, 0.0, 0.0, 0.0, 0.0, 0.0, 0.0, 0.0, 0.0, 0.0, 0.0, 0.0, 0.0, null, null], "lbdm_rpitch": [null, 0.3333333333333333, 0.0, 0.2, 0.0, 0.0, 0.5, 0.3333333333333333, 0.0, 0.25, 0.42857142857142855, 0.3333333333333333, 0.3333333333333333, 0.0, 0.5, 0.3333333333333333, 0.0, 0.5, null], "lbdm_rioi": [null, 0.3333333333333333, 0.3333333333333333, 0.3333333333333333, 0.0, 0.3333333333333333, 0.0, 0.3333333333333333, 0.0, 0.3333333333333333, 0.0, 0.3333333333333333, 0.3333333333333333, 0.3333333333333333, 0.3333333333333333, 0.3333333333333333, 0.2, 0.2, null], "lbdm_rrest": [null, 0.0, 0.0, 0.0, 0.0, 0.0, 0.0, 0.0, 0.0, 0.0, 0.0, 0.0, 0.0, 0.0, 0.0, 0.0, 0.0, 0.0, null],