{"id": "KB5028500001", "tunefamily": "", "year": -1, "tunefamily_full": "", "type": "", "freemeter": false, "origin": "", "features": {"scaledegree": [5, 5, 3, 5, 1, 3, 3, 4, 3, 2, 1, 2, 3, 1, 7, 6, 5, 7, 1], "scaledegreespecifier": ["P", "P", "M", "P", "P", "M", "M", "P", "M", "M", "P", "M", "M", "P", "M", "M", "P", "M", "P"], "tonic": ["G", "G", "G", "G", "G", "G", "G", "G", "G", "G", "G", "G", "G", "G", "G", "G", "G", "G", "G"], "mode": ["major", "major", "major", "major", "major", "major", "major", "major", "major", "major", "major", "major", "major", "major", "major", "major", "major", "major", "major"], "metriccontour": [null, "-", "-", "+", "-", "+", "-", "-", "+", "-", "+", "-", "+", "-", "+", "-", "+", "-", "+"], "imaweight": [0.64135, 0.64135, 0.105485, 0.64135, 0.662447, 0.71308, 0.662447, 0.227848, 0.658228, 0.729958, 0.915612, 0.43038, 0.894515, 0.303797, 1.0, 0.324895, 0.911392, 0.375527, 0.932489], "imaweight_spectral": [0.899598, 1.0, 0.373494, 0.899598, 0.919679, 0.967871, 0.903614, 0.48996, 0.915663, 0.983936, 0.903614, 0.441767, 0.899598, 0.321285, 0.983936, 0.35743, 0.899598, 0.389558, 0.935743], "pitch40_hewlett": [169, 169, 158, 169, 146, 158, 158, 163, 158, 152, 146, 152, 158, 146, 141, 135, 129, 141, 146], "pitch40_sapp": [208, 208, 197, 208, 185, 197, 197, 202, 197, 191, 185, 191, 197, 185, 180, 174, 168, 180, 185], "octave": [5, 5, 4, 5, 4, 4, 4, 5, 4, 4, 4, 4, 4, 4, 4, 4, 4, 4, 4], "midipitch": [74, 74, 71, 74, 67, 71, 71, 72, 71, 69, 67, 69, 71, 67, 66, 64, 62, 66, 67], "diatonicpitch": [32, 32, 30, 32, 28, 30, 30, 31, 30, 29, 28, 29, 30, 28, 27, 26, 25, 27, 28], "diatonicinterval": [null, 0, -2, 2, -4, 2, 0, 1, -1, -1, -1, 1, 1, -2, -1, -1, -1, 2, 1], "chromaticinterval": [null, 0, -3, 3, -7, 4, 0, 1, -1, -2, -2, 2, 2, -4, -1, -2, -2, 4, 1], "pitchproximity": [null, null, 3, 3, 7, 4, 0, 1, 1, 2, 2, 2, 2, 4, 1, 2, 2, 4, 1], "pitchreversal": [null, null, 0, 1.5, 0, 1, 0, 0, 1.5, 0, 0, 1.5, 0, 1.5, 0, 0, 0, 1.5, 0], "nextisrest": [false, false, false, false, false, false, false, false, false, false, false, false, false, false, false, false, false, false, null], "restduration_frac": [null, null, null, null, null, null, null, null, null, null, null, null, null, null, null, null, null, null, null], "duration": [0.5, 0.25, 0.25, 0.5, 0.5, 0.5, 0.25, 0.25, 0.5, 0.5, 0.25, 0.25, 0.25, 0.25, 0.25, 0.25, 0.25, 0.25, 1.0], "duration_frac": ["1/2", "1/4", "1/4", "1/2", "1/2", "1/2", "1/4", "1/4", "1/2", "1/2", "1/4", "1/4", "1/4", "1/4", "1/4", "1/4", "1/4", "1/4", "1"], "duration_fullname": ["Eighth", "16th", "16th", "Eighth", "Eighth", "Eighth", "16th", "16th", "Eighth", "Eighth", "16th", "16th", "16th", "16th", "16th", "16th", "16th", "16th", "Quarter"], "durationcontour": [null, "-", "=", "+", "=", "=", "-", "=", "+", "=", "-", "=", "=", "=", "=", "=", "=", "=", "+"], "onsettick": [0, 2, 3, 4, 6, 8, 10, 11, 12, 14, 16, 17, 18, 19, 20, 21, 22, 23, 24], "beatfraction": ["1/2", "1/4", "1/4", "1/2", "1/2", "1/2", "1/4", "1/4", "1/2", "1/2", "1/4", "1/4", "1/4", "1/4", "1/4", "1/4", "1/6", "1/6", "2/3"], "phrasepos": [0.0, 0.14285714285714285, 0.21428571428571427, 0.2857142857142857, 0.42857142857142855, 0.5714285714285714, 0.7142857142857143, 0.7857142857142857, 0.8571428571428571, 1.0, 0.0, 0.125, 0.25, 0.375, 0.5, 0.625, 0.75, 0.875, 1.0], "phrase_ix": [0, 0, 0, 0, 0, 0, 0, 0, 0, 0, 1, 1, 1, 1, 1, 1, 1, 1, 1], "phrase_end": [false, false, false, false, false, false, false, false, false, true, false, false, false, false, false, false, false, false, true], "songpos": [0.0, 0.08333333333333333, 0.125, 0.16666666666666666, 0.25, 0.3333333333333333, 0.4166666666666667, 0.4583333333333333, 0.5, 0.5833333333333334, 0.6666666666666666, 0.7083333333333334, 0.75, 0.7916666666666666, 0.8333333333333334, 0.875, 0.9166666666666666, 0.9583333333333334, 1.0], "beatinsong": ["0", "1/2", "3/4", "1", "3/2", "2", "5/2", "11/4", "3", "7/2", "4", "17/4", "9/2", "19/4", "5", "21/4", "11/2", "17/3", "35/6"], "beatinphrase": ["0", "1/2", "3/4", "1", "3/2", "2", "5/2", "11/4", "3", "7/2", "0", "1/4", "1/2", "3/4", "1", "5/4", "3/2", "5/3", "11/6"], "beatinphrase_end": ["-2", "-3/2", "-5/4", "-1", "-1/2", "0", "1/2", "3/4", "1", "3/2", "-3/2", "-5/4", "-1", "-3/4", "-1/2", "-1/4", "0", "1/6", "1/3"], "IOI_frac": ["1/2", "1/4", "1/4", "1/2", "1/2", "1/2", "1/4", "1/4", "1/2", "1/2", "1/4", "1/4", "1/4", "1/4", "1/4", "1/4", "1/4", "1/4", null], "IOI": [0.5, 0.25, 0.25, 0.5, 0.5, 0.5, 0.25, 0.25, 0.5, 0.5, 0.25, 0.25, 0.25, 0.25, 0.25, 0.25, 0.25, 0.25, null], "IOR_frac": [null, "1/2", "1", "2", "1", "1", "1/2", "1", "2", "1", "1/2", "1", "1", "1", "1", "1", "1", "1", null], "IOR": [null, 0.5, 1.0, 2.0, 1.0, 1.0, 0.5, 1.0, 2.0, 1.0, 0.5, 1.0, 1.0, 1.0, 1.0, 1.0, 1.0, 1.0, null], "imacontour": [null, "=", "-", "+", "+", "+", "-", "-", "+", "+", "+", "-", "+", "-", "+", "-", "+", "-", "+"], "pitch": ["D5", "D5", "B4", "D5", "G4", "B4", "B4", "C5", "B4", "A4", "G4", "A4", "B4", "G4", "F#4", "E4", "D4", "F#4", "G4"], "contour3": [null, "=", "-", "+", "-", "+", "=", "+", "-", "-", "-", "+", "+", "-", "-", "-", "-", "+", "+"], "contour5": [null, "=", "--", "++", "--", "++", "=", "+", "-", "-", "-", "+", "+", "--", "-", "-", "-", "++", "+"], "beatstrength": [1.0, 0.25, 0.125, 0.5, 0.25, 1.0, 0.25, 0.125, 0.5, 0.25, 1.0, 0.125, 0.25, 0.125, 0.5, 0.125, 1.0, 0.25, 0.5], "beat_str": ["1", "1", "1", "2", "2", "1", "1", "1", "2", "2", "1", "1", "1", "1", "2", "2", "1", "1", "1"], "beat_fraction_str": ["0", "1/2", "3/4", "0", "1/2", "0", "1/2", "3/4", "0", "1/2", "0", "1/4", "1/2", "3/4", "0", "1/4", "0", "1/6", "1/3"], "beat": [1.0, 1.5, 1.75, 2.0, 2.5, 1.0, 1.5, 1.75, 2.0, 2.5, 1.0, 1.25, 1.5, 1.75, 2.0, 2.25, 1.0, 1.1666666666666667, 1.3333333333333333], "timesignature": ["2/4", "2/4", "2/4", "2/4", "2/4", "2/4", "2/4", "2/4", "2/4", "2/4", "2/4", "2/4", "2/4", "2/4", "2/4", "2/4", "3/8", "3/8", "3/8"], "gpr2a_Frankland": [null, null, null, null, null, null, null, null, null, null, null, null, null, null, null, null, null, null, null], "gpr2b_Frankland": [null, null, null, null, null, null, null, null, null, null, null, null, null, null, null, null, null, null, null], "gpr3a_Frankland": [null, null, null, 0.5, null, null, null, null, null, null, null, null, 0.625, null, null, null, 0.625, null, null], "gpr3d_Frankland": [null, null, 0.5, null, null, 0.5, null, 0.5, null, 0.5, null, 0.0, 0.0, 0.0, 0.0, 0.0, null, null, null], "gpr_Frankland_sum": [0, 0, 0.5, 0.5, 0, 0.5, 0, 0.5, 0, 0.5, 0, 0, 0.625, 0, 0, 0, 0.625, 0, 0], "lbdm_spitch": [null, 0.4558441558441558, 0.2532467532467532, 1.0, 0.909090909090909, 0.0, 0.0844155844155844, 0.05064935064935065, 0.1012987012987013, 0.0, 0.0, 0.1266233766233766, 0.6873840445269017, 0.15918367346938775, 0.1012987012987013, 0.1266233766233766, 0.6873840445269017, null, null], "lbdm_sioi": [null, 0.5, 0.5, 1.0, 0.0, 1.0, 0.5, 0.5, 1.0, 1.0, 0.5, 0.0, 0.0, 0.0, 0.0, 0.0, 0.0, null, null], "lbdm_srest": [null, 0.0, 0.0, 0.0, 0.0, 0.0, 0.0, 0.0, 0.0, 0.0, 0.0, 0.0, 0.0, 0.0, 0.0, 0.0, 0.0, null, null], "lbdm_rpitch": [null, 0.6, 0.0, 0.3333333333333333, 0.23076923076923078, 0.6666666666666666, 0.3333333333333333, 0.0, 0.2, 0.0, 0.0, 0.0, 0.25, 0.42857142857142855, 0.2, 0.0, 0.25, 0.42857142857142855, null], "lbdm_rioi": [null, 0.3333333333333333, 0.0, 0.3333333333333333, 0.0, 0.0, 0.3333333333333333, 0.0, 0.3333333333333333, 0.0, 0.3333333333333333, 0.0, 0.0, 0.0, 0.0, 0.0, 0.0, 0.0, null], "lbdm_rrest": [null, 0.0, 0.0, 0.0, 0.0, 0.0, 0.0, 0.0, 0.0, 0.0, 0.0, 0.0, 0.0, 0.0, 0.0, 0.0, 0.0, 0.0, null], "lbdm_boundarystrength": [null, 0.36396103896103893, 0.3133116883116883, 0.75, 0.22727272727272724, 0.5, 0.2711038961038961, 0.26266233766233765, 0.5253246753246753, 0.5, 0.25, 0.03165584415584415, 0.17184601113172543, 0.03979591836734694, 0.025324675324675326, 0.03165584415584415, 0.17184601113172543, null, null]}}
