{"id": "KB5042600002", "tunefamily": "", "year": -1, "tunefamily_full": "", "type": "", "freemeter": false, "origin": "", "features": {"scaledegree": [1, 1, 1, 1, 7, 6, 1, 6, 5, 5, 5, 5, 3, 2, 4, 6, 7, 1, 1], "scaledegreespecifier": ["P", "P", "P", "P", "M", "M", "P", "M", "P", "P", "P", "P", "M", "M", "P", "M", "M", "P", "P"], "tonic": ["G", "G", "G", "G", "G", "G", "G", "G", "G", "G", "G", "G", "G", "G", "G", "G", "G", "G", "G"], "mode": ["major", "major", "major", "major", "major", "major", "major", "major", "major", "major", "major", "major", "major", "major", "major", "major", "major", "major", "major"], "metriccontour": [null, "-", "=", "+", "-", "+", "-", "=", "+", "-", "+", "-", "=", "+", "-", "+", "-", "+", "-"], "imaweight": [0.906433, 0.432749, 0.783626, 0.432749, 0.906433, 1.0, 0.45614, 0.672515, 0.45614, 1.0, 0.900585, 0.432749, 0.818713, 0.432749, 0.877193, 0.959064, 0.339181, 0.339181, 0.508772], "imaweight_spectral": [0.85, 0.481818, 0.754545, 0.481818, 0.85, 0.922727, 0.5, 0.668182, 0.5, 0.922727, 0.845455, 0.481818, 0.781818, 0.481818, 0.827273, 0.963636, 0.481818, 0.481818, 1.0], "pitch40_hewlett": [146, 186, 186, 186, 181, 175, 186, 175, 169, 169, 169, 169, 158, 152, 163, 175, 141, 146, 146], "pitch40_sapp": [185, 225, 225, 225, 220, 214, 225, 214, 208, 208, 208, 208, 197, 191, 202, 214, 180, 185, 185], "octave": [4, 5, 5, 5, 5, 5, 5, 5, 5, 5, 5, 5, 4, 4, 5, 5, 4, 4, 4], "midipitch": [67, 79, 79, 79, 78, 76, 79, 76, 74, 74, 74, 74, 71, 69, 72, 76, 66, 67, 67], "diatonicpitch": [28, 35, 35, 35, 34, 33, 35, 33, 32, 32, 32, 32, 30, 29, 31, 33, 27, 28, 28], "diatonicinterval": [null, 7, 0, 0, -1, -1, 2, -2, -1, 0, 0, 0, -2, -1, 2, 2, -6, 1, 0], "chromaticinterval": [null, 12, 0, 0, -1, -2, 3, -3, -2, 0, 0, 0, -3, -2, 3, 4, -10, 1, 0], "pitchproximity": [null, null, 0, 0, 1, 2, 3, 3, 2, 0, 0, 0, 3, 2, 3, 4, 10, 1, 0], "pitchreversal": [null, null, null, 0, 0, 0, 1.5, 1.5, 0, 0, 0, 0, 0, 0, 1.5, 0, 0, 1, 0], "nextisrest": [false, false, false, false, false, false, false, false, false, false, false, false, false, false, false, false, false, false, null], "restduration_frac": [null, null, null, null, null, null, null, null, null, null, null, null, null, null, null, null, null, null, null], "duration": [0.5, 0.5, 0.5, 0.5, 1.0, 0.5, 0.5, 0.5, 0.5, 1.0, 0.5, 0.5, 0.5, 0.5, 1.0, 0.5, 1.0, 0.5, 1.0], "duration_frac": ["1/2", "1/2", "1/2", "1/2", "1", "1/2", "1/2", "1/2", "1/2", "1", "1/2", "1/2", "1/2", "1/2", "1", "1/2", "1", "1/2", "1"], "duration_fullname": ["Eighth", "Eighth", "Eighth", "Eighth", "Quarter", "Eighth", "Eighth", "Eighth", "Eighth", "Quarter", "Eighth", "Eighth", "Eighth", "Eighth", "Quarter", "Eighth", "Quarter", "Eighth", "Quarter"], "durationcontour": [null, "=", "=", "=", "+", "-", "=", "=", "=", "+", "-", "=", "=", "=", "+", "-", "+", "-", "+"], "onsettick": [0, 1, 2, 3, 4, 6, 7, 8, 9, 10, 12, 13, 14, 15, 16, 18, 19, 21, 22], "beatfraction": ["1/3", "1/3", "1/3", "1/3", "2/3", "1/3", "1/3", "1/3", "1/3", "2/3", "1/3", "1/3", "1/3", "1/3", "2/3", "1/3", "2/3", "1/3", "2/3"], "phrasepos": [0.0, 0.045454545454545456, 0.09090909090909091, 0.13636363636363635, 0.18181818181818182, 0.2727272727272727, 0.3181818181818182, 0.36363636363636365, 0.4090909090909091, 0.45454545454545453, 0.5454545454545454, 0.5909090909090909, 0.6363636363636364, 0.6818181818181818, 0.7272727272727273, 0.8181818181818182, 0.8636363636363636, 0.9545454545454546, 1.0], "phrase_ix": [0, 0, 0, 0, 0, 0, 0, 0, 0, 0, 0, 0, 0, 0, 0, 0, 0, 0, 0], "phrase_end": [false, false, false, false, false, false, false, false, false, false, false, false, false, false, false, false, false, false, true], "songpos": [0.0, 0.045454545454545456, 0.09090909090909091, 0.13636363636363635, 0.18181818181818182, 0.2727272727272727, 0.3181818181818182, 0.36363636363636365, 0.4090909090909091, 0.45454545454545453, 0.5454545454545454, 0.5909090909090909, 0.6363636363636364, 0.6818181818181818, 0.7272727272727273, 0.8181818181818182, 0.8636363636363636, 0.9545454545454546, 1.0], "beatinsong": ["0", "1/3", "2/3", "1", "4/3", "2", "7/3", "8/3", "3", "10/3", "4", "13/3", "14/3", "5", "16/3", "6", "19/3", "7", "22/3"], "beatinphrase": ["0", "1/3", "2/3", "1", "4/3", "2", "7/3", "8/3", "3", "10/3", "4", "13/3", "14/3", "5", "16/3", "6", "19/3", "7", "22/3"], "beatinphrase_end": ["-7", "-20/3", "-19/3", "-6", "-17/3", "-5", "-14/3", "-13/3", "-4", "-11/3", "-3", "-8/3", "-7/3", "-2", "-5/3", "-1", "-2/3", "0", "1/3"], "IOI_frac": ["1/2", "1/2", "1/2", "1/2", "1", "1/2", "1/2", "1/2", "1/2", "1", "1/2", "1/2", "1/2", "1/2", "1", "1/2", "1", "1/2", null], "IOI": [0.5, 0.5, 0.5, 0.5, 1.0, 0.5, 0.5, 0.5, 0.5, 1.0, 0.5, 0.5, 0.5, 0.5, 1.0, 0.5, 1.0, 0.5, null], "IOR_frac": [null, "1", "1", "1", "2", "1/2", "1", "1", "1", "2", "1/2", "1", "1", "1", "2", "1/2", "2", "1/2", null], "IOR": [null, 1.0, 1.0, 1.0, 2.0, 0.5, 1.0, 1.0, 1.0, 2.0, 0.5, 1.0, 1.0, 1.0, 2.0, 0.5, 2.0, 0.5, null], "imacontour": [null, "-", "+", "-", "+", "+", "-", "+", "-", "+", "-", "-", "+", "-", "+", "+", "-", "=", "+"], "pitch": ["G4", "G5", "G5", "G5", "F#5", "E5", "G5", "E5", "D5", "D5", "D5", "D5", "B4", "A4", "C5", "E5", "F#4", "G4", "G4"], "contour3": [null, "+", "=", "=", "-", "-", "+", "-", "-", "=", "=", "=", "-", "-", "+", "+", "-", "+", "="], "contour5": [null, "++", "=", "=", "-", "-", "++", "--", "-", "=", "=", "=", "--", "-", "++", "++", "--", "+", "="], "beatstrength": [1.0, 0.5, 0.5, 1.0, 0.5, 1.0, 0.5, 0.5, 1.0, 0.5, 1.0, 0.5, 0.5, 1.0, 0.5, 1.0, 0.5, 1.0, 0.5], "beat_str": ["1", "1", "1", "1", "1", "1", "1", "1", "1", "1", "1", "1", "1", "1", "1", "1", "1", "1", "1"], "beat_fraction_str": ["0", "1/3", "2/3", "0", "1/3", "0", "1/3", "2/3", "0", "1/3", "0", "1/3", "2/3", "0", "1/3", "0", "1/3", "0", "1/3"], "beat": [1.0, 1.3333333333333333, 1.6666666666666667, 1.0, 1.3333333333333333, 1.0, 1.3333333333333333, 1.6666666666666667, 1.0, 1.3333333333333333, 1.0, 1.3333333333333333, 1.6666666666666667, 1.0, 1.3333333333333333, 1.0, 1.3333333333333333, 1.0, 1.3333333333333333], "timesignature": ["3/8", "3/8", "3/8", "3/8", "3/8", "3/8", "3/8", "3/8", "3/8", "3/8", "3/8", "3/8", "3/8", "3/8", "3/8", "3/8", "3/8", "3/8", "3/8"], "gpr2a_Frankland": [null, null, null, null, null, null, null, null, null, null, null, null, null, null, null, null, null, null, null], "gpr2b_Frankland": [null, null, null, null, 0.5, null, null, null, null, 0.5, null, null, null, null, 0.5, null, 0.5, null, null], "gpr3a_Frankland": [null, null, null, null, null, null, null, null, null, null, null, 0.6666666666666667, null, null, null, 0.75, null, null, null], "gpr3d_Frankland": [null, 0.0, null, null, null, null, 0.0, null, null, null, null, 0.0, null, null, null, null, null, null, null], "gpr_Frankland_sum": [0, 0, 0, 0, 0.5, 0, 0, 0, 0, 0.5, 0, 0.6666666666666667, 0, 0, 0.5, 0.75, 0.5, 0, 0], "lbdm_spitch": [null, 0.0, 0.0, 0.04996996996996997, 0.06424710424710424, 0.04015444015444015, 0.04015444015444015, 0.12046332046332045, 0.0, 0.0, 0.0, 0.20880308880308882, 0.05353925353925353, 0.07138567138567138, 0.18218218218218218, 1.0, 0.09609609609609608, null, null], "lbdm_sioi": [null, 0.0, 0.0, 0.25, 1.0, 0.25, 0.0, 0.0, 0.25, 1.0, 0.25, 0.0, 0.0, 0.25, 1.0, 0.5, 1.0, null, null], "lbdm_srest": [null, 0.0, 0.0, 0.0, 0.0, 0.0, 0.0, 0.0, 0.0, 0.0, 0.0, 0.0, 0.0, 0.0, 0.0, 0.0, 0.0, null, null], "lbdm_rpitch": [null, 0.8571428571428571, 0.0, 0.3333333333333333, 0.2, 0.14285714285714285, 0.0, 0.14285714285714285, 0.5, 0.0, 0.0, 0.6, 0.14285714285714285, 0.14285714285714285, 0.1111111111111111, 0.375, 0.6923076923076923, 0.3333333333333333, null], "lbdm_rioi": [null, 0.0, 0.0, 0.0, 0.3333333333333333, 0.3333333333333333, 0.0, 0.0, 0.0, 0.3333333333333333, 0.3333333333333333, 0.0, 0.0, 0.0, 0.3333333333333333, 0.3333333333333333, 0.3333333333333333, 0.3333333333333333, null], "lbdm_rrest": [null, 0.0, 0.0, 0.0, 0.0, 0.0, 0.0, 0.0, 0.0, 0.0, 0.0, 0.0, 0.0, 0.0, 0.0, 0.0, 0.0, 0.0, null],