{"id": "KB5045200000", "tunefamily": "", "year": -1, "tunefamily_full": "", "type": "", "freemeter": false, "origin": "", "features": {"scaledegree": [5, 1, 3, 5, 5, 5, 6, 5, 3, 1, 3, 5, 4, 2, 2, 2, 4, 3, 1, 1], "scaledegreespecifier": ["P", "P", "M", "P", "P", "P", "M", "P", "M", "P", "M", "P", "P", "M", "M", "M", "P", "M", "P", "P"], "tonic": ["G", "G", "G", "G", "G", "G", "G", "G", "G", "G", "G", "G", "G", "G", "G", "G", "G", "G", "G", "G"], "mode": ["major", "major", "major", "major", "major", "major", "major", "major", "major", "major", "major", "major", "major", "major", "major", "major", "major", "major", "major", "major"], "metriccontour": [null, "-", "=", "+", "-", "+", "-", "=", "+", "-", "+", "-", "=", "+", "-", "+", "-", "=", "+", "-"], "imaweight": [0.34359, 0.728205, 0.34359, 1.0, 0.974359, 0.374359, 0.794872, 0.435897, 0.974359, 0.974359, 0.420513, 0.805128, 0.4, 0.974359, 1.0, 0.415385, 0.74359, 0.353846, 1.0, 0.974359], "imaweight_spectral": [0.465587, 0.769231, 0.465587, 0.983806, 0.935223, 0.461538, 0.793522, 0.510121, 0.935223, 0.935223, 0.497976, 0.801619, 0.481781, 0.935223, 0.955466, 0.493927, 0.753036, 0.445344, 0.97166, 1.0], "pitch40_hewlett": [129, 146, 158, 169, 169, 169, 175, 169, 158, 146, 158, 169, 163, 152, 152, 152, 163, 158, 146, 146], "pitch40_sapp": [168, 185, 197, 208, 208, 208, 214, 208, 197, 185, 197, 208, 202, 191, 191, 191, 202, 197, 185, 185], "octave": [4, 4, 4, 5, 5, 5, 5, 5, 4, 4, 4, 5, 5, 4, 4, 4, 5, 4, 4, 4], "midipitch": [62, 67, 71, 74, 74, 74, 76, 74, 71, 67, 71, 74, 72, 69, 69, 69, 72, 71, 67, 67], "diatonicpitch": [25, 28, 30, 32, 32, 32, 33, 32, 30, 28, 30, 32, 31, 29, 29, 29, 31, 30, 28, 28], "diatonicinterval": [null, 3, 2, 2, 0, 0, 1, -1, -2, -2, 2, 2, -1, -2, 0, 0, 2, -1, -2, 0], "chromaticinterval": [null, 5, 4, 3, 0, 0, 2, -2, -3, -4, 4, 3, -2, -3, 0, 0, 3, -1, -4, 0], "pitchproximity": [null, null, 4, 3, 0, 0, 2, 2, 3, 4, 4, 3, 2, 3, 0, 0, 3, 1, 4, 0], "pitchreversal": [null, null, 0, 0, 0, 0, 0, 1.5, 0, 0, 1.5, 0, 1.5, 0, 0, 0, 0, 1.5, 0, 0], "nextisrest": [false, false, false, false, false, false, false, false, false, false, false, false, false, false, false, false, false, false, false, null], "restduration_frac": [null, null, null, null, null, null, null, null, null, null, null, null, null, null, null, null, null, null, null, null], "duration": [1.0, 1.0, 1.0, 2.0, 1.0, 1.0, 1.0, 1.0, 2.0, 1.0, 1.0, 1.0, 1.0, 2.0, 1.0, 1.0, 1.0, 1.0, 2.0, 1.0], "duration_frac": ["1", "1", "1", "2", "1", "1", "1", "1", "2", "1", "1", "1", "1", "2", "1", "1", "1", "1", "2", "1"], "duration_fullname": ["Quarter", "Quarter", "Quarter", "Half", "Quarter", "Quarter", "Quarter", "Quarter", "Half", "Quarter", "Quarter", "Quarter", "Quarter", "Half", "Quarter", "Quarter", "Quarter", "Quarter", "Half", "Quarter"], "durationcontour": [null, "=", "=", "+", "-", "=", "=", "=", "+", "-", "=", "=", "=", "+", "-", "=", "=", "=", "+", "-"], "onsettick": [0, 1, 2, 3, 5, 6, 7, 8, 9, 11, 12, 13, 14, 15, 17, 18, 19, 20, 21, 23], "beatfraction": ["1", "1", "1", "2", "1", "1", "1", "1", "2", "1", "1", "1", "1", "2", "1", "1", "1", "1", "2", "1"], "phrasepos": [0.0, 0.09090909090909091, 0.18181818181818182, 0.2727272727272727, 0.45454545454545453, 0.5454545454545454, 0.6363636363636364, 0.7272727272727273, 0.8181818181818182, 1.0, 0.0, 0.09090909090909091, 0.18181818181818182, 0.2727272727272727, 0.45454545454545453, 0.5454545454545454, 0.6363636363636364, 0.7272727272727273, 0.8181818181818182, 1.0], "phrase_ix": [0, 0, 0, 0, 0, 0, 0, 0, 0, 0, 1, 1, 1, 1, 1, 1, 1, 1, 1, 1], "phrase_end": [false, false, false, false, false, false, false, false, false, true, false, false, false, false, false, false, false, false, false, true], "songpos": [0.0, 0.043478260869565216, 0.08695652173913043, 0.13043478260869565, 0.21739130434782608, 0.2608695652173913, 0.30434782608695654, 0.34782608695652173, 0.391304347826087, 0.4782608695652174, 0.5217391304347826, 0.5652173913043478, 0.6086956521739131, 0.6521739130434783, 0.7391304347826086, 0.782608695652174, 0.8260869565217391, 0.8695652173913043, 0.9130434782608695, 1.0], "beatinsong": ["0", "1", "2", "3", "5", "6", "7", "8", "9", "11", "12", "13", "14", "15", "17", "18", "19", "20", "21", "23"], "beatinphrase": ["0", "1", "2", "3", "5", "6", "7", "8", "9", "11", "0", "1", "2", "3", "5", "6", "7", "8", "9", "11"], "beatinphrase_end": ["-9", "-8", "-7", "-6", "-4", "-3", "-2", "-1", "0", "2", "-9", "-8", "-7", "-6", "-4", "-3", "-2", "-1", "0", "2"], "IOI_frac": ["1", "1", "1", "2", "1", "1", "1", "1", "2", "1", "1", "1", "1", "2", "1", "1", "1", "1", "2", null], "IOI": [1.0, 1.0, 1.0, 2.0, 1.0, 1.0, 1.0, 1.0, 2.0, 1.0, 1.0, 1.0, 1.0, 2.0, 1.0, 1.0, 1.0, 1.0, 2.0, null], "IOR_frac": [null, "1", "1", "2", "1/2", "1", "1", "1", "2", "1/2", "1", "1", "1", "2", "1/2", "1", "1", "1", "2", null], "IOR": [null, 1.0, 1.0, 2.0, 0.5, 1.0, 1.0, 1.0, 2.0, 0.5, 1.0, 1.0, 1.0, 2.0, 0.5, 1.0, 1.0, 1.0, 2.0, null], "imacontour": [null, "+", "-", "+", "-", "-", "+", "-", "+", "=", "-", "+", "-", "+", "+", "-", "+", "-", "+", "-"], "pitch": ["D4", "G4", "B4", "D5", "D5", "D5", "E5", "D5", "B4", "G4", "B4", "D5", "C5", "A4", "A4", "A4", "C5", "B4", "G4", "G4"], "contour3": [null, "+", "+", "+", "=", "=", "+", "-", "-", "-", "+", "+", "-", "-", "=", "=", "+", "-", "-", "="], "contour5": [null, "++", "++", "++", "=", "=", "+", "-", "--", "--", "++", "++", "-", "--", "=", "=", "++", "-", "--", "="], "beatstrength": [1.0, 0.5, 0.5, 1.0, 0.5, 1.0, 0.5, 0.5, 1.0, 0.5, 1.0, 0.5, 0.5, 1.0, 0.5, 1.0, 0.5, 0.5, 1.0, 0.5], "beat_str": ["1", "2", "3", "1", "3", "1", "2", "3", "1", "3", "1", "2", "3", "1", "3", "1", "2", "3", "1", "3"], "beat_fraction_str": ["0", "0", "0", "0", "0", "0", "0", "0", "0", "0", "0", "0", "0", "0", "0", "0", "0", "0", "0", "0"], "beat": [1.0, 2.0, 3.0, 1.0, 3.0, 1.0, 2.0, 3.0, 1.0, 3.0, 1.0, 2.0, 3.0, 1.0, 3.0, 1.0, 2.0, 3.0, 1.0, 3.0], "timesignature": ["3/4", "3/4", "3/4", "3/4", "3/4", "3/4", "3/4", "3/4", "3/4", "3/4", "3/4", "3/4", "3/4", "3/4", "3/4", "3/4", "3/4", "3/4", "3/4", "3/4"], "gpr2a_Frankland": [null, null, null, null, null, null, null, null, null, null, null, null, null, null, null, null, null, null, null, null], "gpr2b_Frankland": [null, null, null, 0.5, null, null, null, null, 0.5, null, null, null, null, 0.5, null, null, null, null, null, null], "gpr3a_Frankland": [null, null, null, null, null, null, null, null, null, null, null, null, 0.6666666666666667, null, null, 0.8333333333333334, null, 0.875, null, null], "gpr3d_Frankland": [null, null, null, null, null, 0.0, null, null, null, null, 0.0, null, null, null, null, 0.0, null, null, null, null], "gpr_Frankland_sum": [0, 0, 0, 0.5, 0, 0, 0, 0, 0.5, 0, 0, 0, 0.6666666666666667, 0.5, 0, 0.8333333333333334, 0, 0.875, 0, 0], "lbdm_spitch": [null, 0.18445322793148883, 0.4869565217391304, 0.0, 0.0, 0.2282608695652174, 0.06521739130434782, 0.17391304347826086, 0.10144927536231885, 0.10144927536231885, 0.17391304347826086, 0.13043478260869565, 0.5086956521739131, 0.0, 0.0, 0.6391304347826087, 0.17391304347826086, 1.0, null, null], "lbdm_sioi": [null, 0.0, 0.25, 1.0, 0.25, 0.0, 0.0, 0.25, 1.0, 0.25, 0.0, 0.0, 0.25, 1.0, 0.25, 0.0, 0.0, 0.25, null, null], "lbdm_srest": [null, 0.0, 0.0, 0.0, 0.0, 0.0, 0.0, 0.0, 0.0, 0.0, 0.0, 0.0, 0.0, 0.0, 0.0, 0.0, 0.0, 0.0, null, null], "lbdm_rpitch": [null, 0.09090909090909091, 0.1111111111111111, 0.6, 0.0, 0.5, 0.0, 0.14285714285714285, 0.1111111111111111, 0.0, 0.1111111111111111, 0.14285714285714285, 0.14285714285714285, 0.6, 0.0, 0.6, 0.3333333333333333, 0.42857142857142855, 0.6666666666666666, null], "lbdm_rioi": [null, 0.0, 0.0, 0.3333333333333333, 0.3333333333333333, 0.0, 0.0, 0.0, 0.3333333333333333, 0.3333333333333333, 0.0, 0.0, 0.0, 0.3333333333333333, 0.3333333333333333, 0.0, 0.0, 0.0, 0.3333333333333333, null], "lbdm_rrest": [null, 0.0, 0.0, 0.0, 0.0, 0.0, 0.0, 0.0, 0.0, 0.0, 0.0, 0.0, 0.0, 0.0, 0.0, 0.0, 0.0, 0.0, 0.0, null],