{"id": "KB5008700002", "tunefamily": "", "year": -1, "tunefamily_full": "", "type": "", "freemeter": false, "origin": "", "features": {"scaledegree": [5, 6, 5, 3, 4, 3, 2, 5, 5, 6, 7, 1, 7, 2, 7, 6, 6, 7, 5], "scaledegreespecifier": ["P", "M", "P", "M", "d", "M", "M", "P", "P", "M", "M", "P", "M", "M", "M", "M", "M", "M", "P"], "tonic": ["F", "F", "F", "F", "F", "F", "F", "F", "F", "F", "F", "F", "F", "F", "F", "F", "F", "F", "F"], "mode": ["major", "major", "major", "major", "major", "major", "major", "major", "major", "major", "major", "major", "major", "major", "major", "major", "major", "major", "major"], "metriccontour": [null, "-", "+", "-", "+", "-", "+", "=", "-", "+", "-", "+", "-", "+", "-", "+", "-", "-", "+"], "imaweight": [0.237762, 0.181818, 0.258741, 0.181818, 0.244755, 0.293706, 0.328671, 1.0, 0.811189, 0.888112, 0.727273, 0.818182, 0.811189, 0.818182, 0.79021, 0.853147, 0.818182, 0.027972, 0.93007], "imaweight_spectral": [0.94375, 0.925, 0.9375, 0.8125, 0.89375, 0.9125, 0.96875, 1.0, 0.80625, 0.95, 0.73125, 0.8375, 0.83125, 0.8625, 0.7875, 0.89375, 0.7875, 0.025, 0.9375], "pitch40_hewlett": [163, 169, 163, 152, 156, 152, 146, 163, 163, 169, 175, 180, 175, 186, 175, 169, 169, 175, 163], "pitch40_sapp": [202, 208, 202, 191, 195, 191, 185, 202, 202, 208, 214, 219, 214, 225, 214, 208, 208, 214, 202], "octave": [5, 5, 5, 4, 4, 4, 4, 5, 5, 5, 5, 5, 5, 5, 5, 5, 5, 5, 5], "midipitch": [72, 74, 72, 69, 69, 69, 67, 72, 72, 74, 76, 77, 76, 79, 76, 74, 74, 76, 72], "diatonicpitch": [32, 33, 32, 30, 31, 30, 29, 32, 32, 33, 34, 35, 34, 36, 34, 33, 33, 34, 32], "diatonicinterval": [null, 1, -1, -2, 1, -1, -1, 3, 0, 1, 1, 1, -1, 2, -2, -1, 0, 1, -2], "chromaticinterval": [null, 2, -2, -3, 0, 0, -2, 5, 0, 2, 2, 1, -1, 3, -3, -2, 0, 2, -4], "pitchproximity": [null, null, 2, 3, 0, 0, 2, 5, 0, 2, 2, 1, 1, 3, 3, 2, 0, 2, 4], "pitchreversal": [null, null, 1.5, 0, 0, 0, 0, 0, 0, 0, 0, 0, 1.5, 1.5, 1.5, 0, 0, 0, 1.5], "nextisrest": [false, false, false, false, false, false, false, false, false, false, false, false, false, false, false, false, false, false, null], "restduration_frac": [null, null, null, null, null, null, null, null, null, null, null, null, null, null, null, null, null, null, null], "duration": [1.0, 1.0, 1.5, 0.5, 0.5, 0.5, 2.0, 0.5, 0.5, 0.5, 0.5, 0.5, 0.5, 0.5, 0.5, 0.5, 0.25, 0.25, 2.0], "duration_frac": ["1", "1", "3/2", "1/2", "1/2", "1/2", "2", "1/2", "1/2", "1/2", "1/2", "1/2", "1/2", "1/2", "1/2", "1/2", "1/4", "1/4", "2"], "duration_fullname": ["Quarter", "Quarter", "Dotted Quarter", "Eighth", "Eighth", "Eighth", "Half", "Eighth", "Eighth", "Eighth", "Eighth", "Eighth", "Eighth", "Eighth", "Eighth", "Eighth", "16th", "16th", "Half"], "durationcontour": [null, "=", "+", "-", "=", "=", "+", "-", "=", "=", "=", "=", "=", "=", "=", "=", "-", "=", "+"], "onsettick": [0, 4, 8, 14, 16, 18, 20, 28, 30, 32, 34, 36, 38, 40, 42, 44, 46, 47, 48], "beatfraction": ["1", "1", "3/2", "1/2", "1/2", "1/2", "2", "1/2", "1/2", "1/2", "1/2", "1/2", "1/2", "1/2", "1/2", "1/2", "1/4", "1/4", "2"], "phrasepos": [0.0, 0.2, 0.4, 0.7, 0.8, 0.9, 1.0, 0.0, 0.1, 0.2, 0.3, 0.4, 0.5, 0.6, 0.7, 0.8, 0.9, 0.95, 1.0], "phrase_ix": [0, 0, 0, 0, 0, 0, 0, 1, 1, 1, 1, 1, 1, 1, 1, 1, 1, 1, 1], "phrase_end": [false, false, false, false, false, false, true, false, false, false, false, false, false, false, false, false, false, false, true], "songpos": [0.0, 0.08333333333333333, 0.16666666666666666, 0.2916666666666667, 0.3333333333333333, 0.375, 0.4166666666666667, 0.5833333333333334, 0.625, 0.6666666666666666, 0.7083333333333334, 0.75, 0.7916666666666666, 0.8333333333333334, 0.875, 0.9166666666666666, 0.9583333333333334, 0.9791666666666666, 1.0], "beatinsong": ["0", "1", "2", "7/2", "4", "9/2", "5", "7", "15/2", "8", "17/2", "9", "19/2", "10", "21/2", "11", "23/2", "47/4", "12"], "beatinphrase": ["0", "1", "2", "7/2", "4", "9/2", "5", "-1", "-1/2", "0", "1/2", "1", "3/2", "2", "5/2", "3", "7/2", "15/4", "4"], "beatinphrase_end": ["-4", "-3", "-2", "-1/2", "0", "1/2", "1", "-4", "-7/2", "-3", "-5/2", "-2", "-3/2", "-1", "-1/2", "0", "1/2", "3/4", "1"], "IOI_frac": ["1", "1", "3/2", "1/2", "1/2", "1/2", "2", "1/2", "1/2", "1/2", "1/2", "1/2", "1/2", "1/2", "1/2", "1/2", "1/4", "1/4", null], "IOI": [1.0, 1.0, 1.5, 0.5, 0.5, 0.5, 2.0, 0.5, 0.5, 0.5, 0.5, 0.5, 0.5, 0.5, 0.5, 0.5, 0.25, 0.25, null], "IOR_frac": [null, "1", "3/2", "1/3", "1", "1", "4", "1/4", "1", "1", "1", "1", "1", "1", "1", "1", "1/2", "1", null], "IOR": [null, 1.0, 1.5, 0.3333333333333333, 1.0, 1.0, 4.0, 0.25, 1.0, 1.0, 1.0, 1.0, 1.0, 1.0, 1.0, 1.0, 0.5, 1.0, null], "imacontour": [null, "-", "+", "-", "+", "+", "+", "+", "-", "+", "-", "+", "-", "+", "-", "+", "-", "-", "+"], "pitch": ["C5", "D5", "C5", "A4", "B--4", "A4", "G4", "C5", "C5", "D5", "E5", "F5", "E5", "G5", "E5", "D5", "D5", "E5", "C5"], "contour3": [null, "+", "-", "-", "=", "=", "-", "+", "=", "+", "+", "+", "-", "+", "-", "-", "=", "+", "-"], "contour5": [null, "+", "-", "--", "=", "=", "-", "++", "=", "+", "+", "+", "-", "++", "--", "-", "=", "+", "--"], "beatstrength": [1.0, 0.25, 0.5, 0.125, 1.0, 0.125, 0.25, 0.25, 0.125, 1.0, 0.125, 1.0, 0.25, 0.5, 0.25, 1.0, 0.25, 0.125, 0.5], "beat_str": ["1", "2", "3", "4", "1", "1", "2", "4", "4", "1", "1", "1", "1", "2", "2", "1", "1", "1", "2"], "beat_fraction_str": ["0", "0", "0", "1/2", "0", "1/2", "0", "0", "1/2", "0", "1/2", "0", "1/2", "0", "1/2", "0", "1/2", "3/4", "0"], "beat": [1.0, 2.0, 3.0, 4.5, 1.0, 1.5, 2.0, 4.0, 4.5, 1.0, 1.5, 1.0, 1.5, 2.0, 2.5, 1.0, 1.5, 1.75, 2.0], "timesignature": ["4/4", "4/4", "4/4", "4/4", "4/4", "4/4", "4/4", "4/4", "4/4", "4/4", "4/4", "2/4", "2/4", "2/4", "2/4", "3/4", "3/4", "3/4", "3/4"], "gpr2a_Frankland": [null, null, null, null, null, null, null, null, null, null, null, null, null, null, null, null, null, null, null], "gpr2b_Frankland": [null, null, 0.5, null, null, null, 0.75, null, null, null, null, null, null, null, null, null, null, null, null], "gpr3a_Frankland": [null, null, 0.6666666666666667, null, null, null, 0.8, null, null, null, null, null, null, null, null, null, null, null, null], "gpr3d_Frankland": [null, null, null, null, null, null, null, null, 0.0, 0.0, 0.0, 0.0, 0.0, 0.0, null, 0.5, null, null, null], "gpr_Frankland_sum": [0, 0, 1.1666666666666667, 0, 0, 0, 1.55, 0, 0, 0, 0, 0, 0, 0, 0, 0.5, 0, 0, 0], "lbdm_spitch": [null, 0.05454545454545454, 0.4254545454545455, 0.0, 0.0, 0.3181818181818182, 1.0, 0.0, 0.19090909090909092, 0.07636363636363637, 0.038181818181818185, 0.06363636363636363, 0.19090909090909092, 0.08181818181818182, 0.24545454545454543, 0.0, 0.2863636363636364, null, null], "lbdm_sioi": [null, 0.08333333333333334, 0.43749999999999994, 0.10416666666666667, 0.0, 0.125, 1.0, 0.125, 0.0, 0.0, 0.0, 0.0, 0.0, 0.0, 0.0, 0.06944444444444445, 0.034722222222222224, null, null], "lbdm_srest": [null, 0.0, 0.0, 0.0, 0.0, 0.0, 0.0, 0.0, 0.0, 0.0, 0.0, 0.0, 0.0, 0.0, 0.0, 0.0, 0.0, null, null], "lbdm_rpitch": [null, 0.0, 0.14285714285714285, 0.6, 0.0, 0.5, 0.3333333333333333, 0.7142857142857143, 0.5, 0.0, 0.2, 0.0, 0.3333333333333333, 0.0, 0.14285714285714285, 0.5, 0.5, 0.25, null], "lbdm_rioi": [null, 0.0, 0.2, 0.5, 0.0, 0.0, 0.6, 0.6, 0.0, 0.0, 0.0, 0.0, 0.0, 0.0, 0.0, 0.0, 0.3333333333333333, 0.0, null], "lbdm_rrest": [null, 0.0, 0.0, 0.0, 0.0, 0.0, 0.0, 0.0, 0.0, 0.0, 0.0, 0.0, 0.0, 0.0, 0.0, 0.0, 0.0, 0.0, null], "lbdm_boundarystrength": [null, 0.055303030303030305, 0.3251136363636363, 0.052083333333333336, 0.0, 0.14204545454545453, 0.75, 0.0625, 0.04772727272727273, 0.019090909090909092, 0.009545454545454546, 0.015909090909090907, 0.04772727272727273, 0.020454545454545454, 0.061363636363636356, 0.034722222222222224, 0.0889520202020202, null, null]}}
