{"id": "KB5037100001", "tunefamily": "", "year": -1, "tunefamily_full": "", "type": "", "freemeter": false, "origin": "", "features": {"scaledegree": [3, 5, 1, 3, 1, 3, 3, 4, 1, 3, 1, 1, 1, 3, 5, 6, 5, 4, 1, 3, 1], "scaledegreespecifier": ["m", "P", "P", "m", "P", "m", "m", "P", "P", "m", "P", "P", "P", "m", "P", "M", "P", "A", "P", "m", "P"], "tonic": ["A", "A", "A", "A", "A", "A", "A", "A", "A", "A", "A", "A", "A", "A", "A", "A", "A", "A", "A", "A", "A"], "mode": ["minor", "minor", "minor", "minor", "minor", "minor", "minor", "minor", "minor", "minor", "minor", "minor", "minor", "minor", "minor", "minor", "minor", "minor", "minor", "minor", "minor"], "metriccontour": [null, "-", "=", "+", "-", "+", "-", "=", "+", "-", "+", "-", "=", "+", "-", "+", "-", "+", "=", "+", "-"], "imaweight": [0.979899, 0.371859, 0.728643, 0.371859, 0.979899, 0.954774, 0.39196, 0.778894, 0.39196, 0.954774, 0.954774, 0.39196, 0.778894, 0.41206, 0.974874, 1.0, 0.0603015, 0.39196, 0.728643, 0.39196, 1.0], "imaweight_spectral": [0.984314, 0.52549, 0.772549, 0.494118, 0.968627, 0.964706, 0.509804, 0.827451, 0.509804, 0.94902, 0.94902, 0.509804, 0.811765, 0.52549, 0.964706, 0.968627, 0.0470588, 0.494118, 0.772549, 0.509804, 1.0], "pitch40_hewlett": [163, 175, 152, 163, 152, 163, 163, 169, 152, 163, 152, 152, 152, 163, 175, 181, 175, 170, 152, 163, 152], "pitch40_sapp": [202, 214, 191, 202, 191, 202, 202, 208, 191, 202, 191, 191, 191, 202, 214, 220, 214, 209, 191, 202, 191], "octave": [5, 5, 4, 5, 4, 5, 5, 5, 4, 5, 4, 4, 4, 5, 5, 5, 5, 5, 4, 5, 4], "midipitch": [72, 76, 69, 72, 69, 72, 72, 74, 69, 72, 69, 69, 69, 72, 76, 78, 76, 75, 69, 72, 69], "diatonicpitch": [30, 32, 28, 30, 28, 30, 30, 31, 28, 30, 28, 28, 28, 30, 32, 33, 32, 31, 28, 30, 28], "diatonicinterval": [null, 2, -4, 2, -2, 2, 0, 1, -3, 2, -2, 0, 0, 2, 2, 1, -1, -1, -3, 2, -2], "chromaticinterval": [null, 4, -7, 3, -3, 3, 0, 2, -5, 3, -3, 0, 0, 3, 4, 2, -2, -1, -6, 3, -3], "pitchproximity": [null, null, 7, 3, 3, 3, 0, 2, 5, 3, 3, 0, 0, 3, 4, 2, 2, 1, 6, 3, 3], "pitchreversal": [null, null, 0, 1, 1.5, 1.5, 0, 0, 0, 1.5, 1.5, 0, 0, 0, 0, 0, 1.5, 0, 0, null, 1.5], "nextisrest": [false, false, false, false, false, false, false, false, false, false, false, false, false, false, false, false, false, false, false, false, null], "restduration_frac": [null, null, null, null, null, null, null, null, null, null, null, null, null, null, null, null, null, null, null, null, null], "duration": [0.5, 0.5, 0.5, 0.5, 1.0, 0.5, 0.5, 0.5, 0.5, 1.0, 0.5, 0.5, 0.5, 0.5, 1.0, 0.25, 0.25, 0.5, 0.5, 0.5, 1.0], "duration_frac": ["1/2", "1/2", "1/2", "1/2", "1", "1/2", "1/2", "1/2", "1/2", "1", "1/2", "1/2", "1/2", "1/2", "1", "1/4", "1/4", "1/2", "1/2", "1/2", "1"], "duration_fullname": ["Eighth", "Eighth", "Eighth", "Eighth", "Quarter", "Eighth", "Eighth", "Eighth", "Eighth", "Quarter", "Eighth", "Eighth", "Eighth", "Eighth", "Quarter", "16th", "16th", "Eighth", "Eighth", "Eighth", "Quarter"], "durationcontour": [null, "=", "=", "=", "+", "-", "=", "=", "=", "+", "-", "=", "=", "=", "+", "-", "=", "+", "=", "=", "+"], "onsettick": [0, 2, 4, 6, 8, 12, 14, 16, 18, 20, 24, 26, 28, 30, 32, 36, 37, 38, 40, 42, 44], "beatfraction": ["1/3", "1/3", "1/3", "1/3", "2/3", "1/3", "1/3", "1/3", "1/3", "2/3", "1/3", "1/3", "1/3", "1/3", "2/3", "1/6", "1/6", "1/3", "1/3", "1/3", "2/3"], "phrasepos": [0.0, 0.25, 0.5, 0.75, 1.0, 0.0, 0.25, 0.5, 0.75, 1.0, 0.0, 0.25, 0.5, 0.75, 1.0, 0.0, 0.125, 0.25, 0.5, 0.75, 1.0], "phrase_ix": [0, 0, 0, 0, 0, 1, 1, 1, 1, 1, 2, 2, 2, 2, 2, 3, 3, 3, 3, 3, 3], "phrase_end": [false, false, false, false, true, false, false, false, false, true, false, false, false, false, true, false, false, false, false, false, true], "songpos": [0.0, 0.045454545454545456, 0.09090909090909091, 0.13636363636363635, 0.18181818181818182, 0.2727272727272727, 0.3181818181818182, 0.36363636363636365, 0.4090909090909091, 0.45454545454545453, 0.5454545454545454, 0.5909090909090909, 0.6363636363636364, 0.6818181818181818, 0.7272727272727273, 0.8181818181818182, 0.8409090909090909, 0.8636363636363636, 0.9090909090909091, 0.9545454545454546, 1.0], "beatinsong": ["0", "1/3", "2/3", "1", "4/3", "2", "7/3", "8/3", "3", "10/3", "4", "13/3", "14/3", "5", "16/3", "6", "37/6", "19/3", "20/3", "7", "22/3"], "beatinphrase": ["0", "1/3", "2/3", "1", "4/3", "0", "1/3", "2/3", "1", "4/3", "0", "1/3", "2/3", "1", "4/3", "0", "1/6", "1/3", "2/3", "1", "4/3"], "beatinphrase_end": ["-1", "-2/3", "-1/3", "0", "1/3", "-1", "-2/3", "-1/3", "0", "1/3", "-1", "-2/3", "-1/3", "0", "1/3", "-1", "-5/6", "-2/3", "-1/3", "0", "1/3"], "IOI_frac": ["1/2", "1/2", "1/2", "1/2", "1", "1/2", "1/2", "1/2", "1/2", "1", "1/2", "1/2", "1/2", "1/2", "1", "1/4", "1/4", "1/2", "1/2", "1/2", null], "IOI": [0.5, 0.5, 0.5, 0.5, 1.0, 0.5, 0.5, 0.5, 0.5, 1.0, 0.5, 0.5, 0.5, 0.5, 1.0, 0.25, 0.25, 0.5, 0.5, 0.5, null], "IOR_frac": [null, "1", "1", "1", "2", "1/2", "1", "1", "1", "2", "1/2", "1", "1", "1", "2", "1/4", "1", "2", "1", "1", null], "IOR": [null, 1.0, 1.0, 1.0, 2.0, 0.5, 1.0, 1.0, 1.0, 2.0, 0.5, 1.0, 1.0, 1.0, 2.0, 0.25, 1.0, 2.0, 1.0, 1.0, null], "imacontour": [null, "-", "+", "-", "+", "-", "-", "+", "-", "+", "=", "-", "+", "-", "+", "+", "-", "+", "+", "-", "+"], "pitch": ["C5", "E5", "A4", "C5", "A4", "C5", "C5", "D5", "A4", "C5", "A4", "A4", "A4", "C5", "E5", "F#5", "E5", "D#5", "A4", "C5", "A4"], "contour3": [null, "+", "-", "+", "-", "+", "=", "+", "-", "+", "-", "=", "=", "+", "+", "+", "-", "-", "-", "+", "-"], "contour5": [null, "++", "--", "++", "--", "++", "=", "+", "--", "++", "--", "=", "=", "++", "++", "+", "-", "-", "--", "++", "--"], "beatstrength": [1.0, 0.5, 0.5, 1.0, 0.5, 1.0, 0.5, 0.5, 1.0, 0.5, 1.0, 0.5, 0.5, 1.0, 0.5, 1.0, 0.25, 0.5, 0.5, 1.0, 0.5], "beat_str": ["1", "1", "1", "1", "1", "1", "1", "1", "1", "1", "1", "1", "1", "1", "1", "1", "1", "1", "1", "1", "1"], "beat_fraction_str": ["0", "1/3", "2/3", "0", "1/3", "0", "1/3", "2/3", "0", "1/3", "0", "1/3", "2/3", "0", "1/3", "0", "1/6", "1/3", "2/3", "0", "1/3"], "beat": [1.0, 1.3333333333333333, 1.6666666666666667, 1.0, 1.3333333333333333, 1.0, 1.3333333333333333, 1.6666666666666667, 1.0, 1.3333333333333333, 1.0, 1.3333333333333333, 1.6666666666666667, 1.0, 1.3333333333333333, 1.0, 1.1666666666666667, 1.3333333333333333, 1.6666666666666667, 1.0, 1.3333333333333333], "timesignature": ["3/8", "3/8", "3/8", "3/8", "3/8", "3/8", "3/8", "3/8", "3/8", "3/8", "3/8", "3/8", "3/8", "3/8", "3/8", "3/8", "3/8", "3/8", "3/8", "3/8", "3/8"], "gpr2a_Frankland": [null, null, null, null, null, null, null, null, null, null, null, null, null, null, null, null, null, null, null, null, null], "gpr2b_Frankland": [null, null, null, null, 0.5, null, null, null, null, 0.5, null, null, null, null, 0.625, null, null, null, null, null, null], "gpr3a_Frankland": [null, 0.5, null, null, null, null, null, 0.5, null, null, null, null, null, 0.375, null, null, null, 0.6666666666666667, null, null, null], "gpr3d_Frankland": [null, 0.0, null, null, null, null, 0.0, null, null, null, null, 0.0, null, null, null, null, 0.5, null, null, null, null], "gpr_Frankland_sum": [0, 0.5, 0, 0, 0.5, 0, 0, 0.5, 0, 0.5, 0, 0, 0, 0.375, 0.625, 0, 0.5, 0.6666666666666667, 0, 0, 0], "lbdm_spitch": [null, 0.7945590994371482, 0.20121951219512196, 0.0, 0.3621951219512195, 0.0, 0.33536585365853655, 0.5365853658536585, 0.1207317073170732, 0.3621951219512195, 0.0, 0.0, 0.4292682926829267, 0.29065040650406504, 0.10060975609756098, 0.08048780487804878, 0.15203252032520326, 1.0, 0.1646341463414634, null, null], "lbdm_sioi": [null, 0.0, 0.0, 0.17857142857142855, 0.7142857142857142, 0.17857142857142855, 0.0, 0.0, 0.17857142857142855, 0.7142857142857142, 0.17857142857142855, 0.0, 0.0, 0.17857142857142855, 1.0, 0.1607142857142857, 0.08928571428571427, 0.17857142857142855, 0.0, null, null], "lbdm_srest": [null, 0.0, 0.0, 0.0, 0.0, 0.0, 0.0, 0.0, 0.0, 0.0, 0.0, 0.0, 0.0, 0.0, 0.0, 0.0, 0.0, 0.0, 0.0, null, null],