{"id": "KB5244600000", "tunefamily": "", "year": -1, "tunefamily_full": "", "type": "", "freemeter": false, "origin": "", "features": {"scaledegree": [5, 5, 4, 3, 2, 1, 1, 4, 6, 5, 6, 6, 5, 5, 4, 2, 1, 1, 1], "scaledegreespecifier": ["P", "P", "P", "M", "M", "P", "P", "P", "M", "P", "M", "M", "P", "P", "P", "M", "P", "P", "P"], "tonic": ["F", "F", "F", "F", "F", "F", "F", "F", "F", "F", "F", "F", "F", "F", "F", "F", "F", "F", "F"], "mode": ["major", "major", "major", "major", "major", "major", "major", "major", "major", "major", "major", "major", "major", "major", "major", "major", "major", "major", "major"], "metriccontour": [null, "-", "=", "-", "+", "-", "+", "+", "-", "+", "=", "-", "=", "+", "-", "=", "+", "-", "+"], "imaweight": [0.763158, 0.315789, 0.473684, 0.175439, 0.710526, 0.210526, 0.5, 0.578947, 0.263158, 0.614035, 1.0, 0.464912, 0.605263, 0.745614, 0.491228, 0.54386, 0.885965, 0.245614, 0.587719], "imaweight_spectral": [1.0, 0.625806, 0.709677, 0.129032, 0.754839, 0.154839, 0.703226, 0.967742, 0.658065, 0.890323, 1.0, 0.6, 0.735484, 0.754839, 0.703226, 0.606452, 0.916129, 0.677419, 0.922581], "pitch40_hewlett": [163, 163, 157, 152, 146, 140, 140, 157, 169, 163, 169, 169, 163, 163, 157, 146, 140, 140, 140], "pitch40_sapp": [202, 202, 196, 191, 185, 179, 179, 196, 208, 202, 208, 208, 202, 202, 196, 185, 179, 179, 179], "octave": [5, 5, 4, 4, 4, 4, 4, 4, 5, 5, 5, 5, 5, 5, 4, 4, 4, 4, 4], "midipitch": [72, 72, 70, 69, 67, 65, 65, 70, 74, 72, 74, 74, 72, 72, 70, 67, 65, 65, 65], "diatonicpitch": [32, 32, 31, 30, 29, 28, 28, 31, 33, 32, 33, 33, 32, 32, 31, 29, 28, 28, 28], "diatonicinterval": [null, 0, -1, -1, -1, -1, 0, 3, 2, -1, 1, 0, -1, 0, -1, -2, -1, 0, 0], "chromaticinterval": [null, 0, -2, -1, -2, -2, 0, 5, 4, -2, 2, 0, -2, 0, -2, -3, -2, 0, 0], "pitchproximity": [null, null, 2, 1, 2, 2, 0, 5, 4, 2, 2, 0, 2, 0, 2, 3, 2, 0, 0], "pitchreversal": [null, null, 0, 0, 0, 0, 0, 0, 0, 1.5, 1.5, 0, 0, 0, 0, 0, 0, 0, 0], "nextisrest": [false, false, false, false, false, false, false, false, false, true, false, false, false, false, false, false, false, false, true], "restduration_frac": [null, null, null, null, null, null, null, null, null, "1/2", null, null, null, null, null, null, null, null, "1/2"], "duration": [0.5, 0.5, 0.25, 0.25, 0.25, 0.25, 1.0, 0.5, 1.0, 1.0, 0.5, 0.5, 0.5, 0.5, 0.5, 0.5, 1.0, 0.5, 1.0], "duration_frac": ["1/2", "1/2", "1/4", "1/4", "1/4", "1/4", "1", "1/2", "1", "1", "1/2", "1/2", "1/2", "1/2", "1/2", "1/2", "1", "1/2", "1"], "duration_fullname": ["Eighth", "Eighth", "16th", "16th", "16th", "16th", "Quarter", "Eighth", "Quarter", "Quarter", "Eighth", "Eighth", "Eighth", "Eighth", "Eighth", "Eighth", "Quarter", "Eighth", "Quarter"], "durationcontour": [null, "=", "-", "=", "=", "=", "+", "-", "+", "=", "-", "=", "=", "=", "=", "=", "+", "-", "+"], "onsettick": [0, 2, 4, 5, 6, 7, 8, 12, 14, 18, 24, 26, 28, 30, 32, 34, 36, 40, 42], "beatfraction": ["1/3", "1/3", "1/6", "1/6", "1/6", "1/6", "2/3", "1/3", "2/3", "2/3", "1/3", "1/3", "1/3", "1/3", "1/3", "1/3", "2/3", "1/3", "2/3"], "phrasepos": [0.0, 0.1111111111111111, 0.2222222222222222, 0.2777777777777778, 0.3333333333333333, 0.3888888888888889, 0.4444444444444444, 0.6666666666666666, 0.7777777777777778, 1.0, 0.0, 0.1111111111111111, 0.2222222222222222, 0.3333333333333333, 0.4444444444444444, 0.5555555555555556, 0.6666666666666666, 0.8888888888888888, 1.0], "phrase_ix": [0, 0, 0, 0, 0, 0, 0, 0, 0, 0, 1, 1, 1, 1, 1, 1, 1, 1, 1], "phrase_end": [false, false, false, false, false, false, false, false, false, true, false, false, false, false, false, false, false, false, true], "songpos": [0.0, 0.047619047619047616, 0.09523809523809523, 0.11904761904761904, 0.14285714285714285, 0.16666666666666666, 0.19047619047619047, 0.2857142857142857, 0.3333333333333333, 0.42857142857142855, 0.5714285714285714, 0.6190476190476191, 0.6666666666666666, 0.7142857142857143, 0.7619047619047619, 0.8095238095238095, 0.8571428571428571, 0.9523809523809523, 1.0], "beatinsong": ["0", "1/3", "2/3", "5/6", "1", "7/6", "4/3", "2", "7/3", "3", "4", "13/3", "14/3", "5", "16/3", "17/3", "6", "20/3", "7"], "beatinphrase": ["0", "1/3", "2/3", "5/6", "1", "7/6", "4/3", "2", "7/3", "3", "0", "1/3", "2/3", "1", "4/3", "5/3", "2", "8/3", "3"], "beatinphrase_end": ["-3", "-8/3", "-7/3", "-13/6", "-2", "-11/6", "-5/3", "-1", "-2/3", "0", "-3", "-8/3", "-7/3", "-2", "-5/3", "-4/3", "-1", "-1/3", "0"], "IOI_frac": ["1/2", "1/2", "1/4", "1/4", "1/4", "1/4", "1", "1/2", "1", "3/2", "1/2", "1/2", "1/2", "1/2", "1/2", "1/2", "1", "1/2", "3/2"], "IOI": [0.5, 0.5, 0.25, 0.25, 0.25, 0.25, 1.0, 0.5, 1.0, 1.5, 0.5, 0.5, 0.5, 0.5, 0.5, 0.5, 1.0, 0.5, 1.5], "IOR_frac": [null, "1", "1/2", "1", "1", "1", "4", "1/2", "2", "3/2", "1/3", "1", "1", "1", "1", "1", "2", "1/2", "3"], "IOR": [null, 1.0, 0.5, 1.0, 1.0, 1.0, 4.0, 0.5, 2.0, 1.5, 0.3333333333333333, 1.0, 1.0, 1.0, 1.0, 1.0, 2.0, 0.5, 3.0], "imacontour": [null, "-", "+", "-", "+", "-", "+", "+", "-", "+", "+", "-", "+", "+", "-", "+", "+", "-", "+"], "pitch": ["C5", "C5", "B-4", "A4", "G4", "F4", "F4", "B-4", "D5", "C5", "D5", "D5", "C5", "C5", "B-4", "G4", "F4", "F4", "F4"], "contour3": [null, "=", "-", "-", "-", "-", "=", "+", "+", "-", "+", "=", "-", "=", "-", "-", "-", "=", "="], "contour5": [null, "=", "-", "-", "-", "-", "=", "++", "++", "-", "+", "=", "-", "=", "-", "--", "-", "=", "="], "beatstrength": [1.0, 0.5, 0.5, 0.25, 1.0, 0.25, 0.5, 1.0, 0.5, 1.0, 1.0, 0.5, 0.5, 1.0, 0.5, 0.5, 1.0, 0.5, 1.0], "beat_str": ["1", "1", "1", "1", "1", "1", "1", "1", "1", "1", "1", "1", "1", "1", "1", "1", "1", "1", "1"], "beat_fraction_str": ["0", "1/3", "2/3", "5/6", "0", "1/6", "1/3", "0", "1/3", "0", "0", "1/3", "2/3", "0", "1/3", "2/3", "0", "2/3", "0"], "beat": [1.0, 1.3333333333333333, 1.6666666666666667, 1.8333333333333333, 1.0, 1.1666666666666667, 1.3333333333333333, 1.0, 1.3333333333333333, 1.0, 1.0, 1.3333333333333333, 1.6666666666666667, 1.0, 1.3333333333333333, 1.6666666666666667, 1.0, 1.6666666666666667, 1.0], "timesignature": ["3/8", "3/8", "3/8", "3/8", "3/8", "3/8", "3/8", "3/8", "3/8", "3/8", "3/8", "3/8", "3/8", "3/8", "3/8", "3/8", "3/8", "3/8", "3/8"], "gpr2a_Frankland": [null, null, null, null, null, null, null, null, null, 0.125, null, null, null, null, null, null, null, null, 0.125], "gpr2b_Frankland": [null, null, null, null, null, null, 0.625, null, null, null, null, null, null, null, null, null, 0.5, null, null], "gpr3a_Frankland": [null, 0.75, null, null, null, null, 0.6, null, null, null, null, 1.0, null, null, 0.33333333333333337, null, null, null, null], "gpr3d_Frankland": [null, 0.5, null, 0.0, null, null, null, null, null, null, null, 0.0, 0.0, 0.0, null, null, null, null, null], "gpr_Frankland_sum": [0, 1.25, 0, 0, 0, 0, 1.225, 0, 0, 0.125, 0, 1.0, 0, 0, 0.33333333333333337, 0, 0.5, 0, 0.125], "lbdm_spitch": [null, 0.34774193548387095, 0.09935483870967741, 0.09935483870967741, 0.24838709677419354, 0.0, 1.0, 0.33870967741935487, 0.12419354838709677, 0.24838709677419354, 0.0, 0.4967741935483871, 0.0, 0.31935483870967735, 0.2129032258064516, 0.31935483870967735, 0.0, null, null], "lbdm_sioi": [null, 0.15873015873015875, 0.07936507936507937, 0.0, 0.0, 0.14285714285714288, 0.8888888888888891, 0.3174603174603175, 0.507936507936508, 1.0, 0.23809523809523814, 0.0, 0.0, 0.0, 0.0, 0.15873015873015875, 0.634920634920635, null, null], "lbdm_srest": [null, 0.0, 0.0, 0.0, 0.0, 0.0, 0.0, 0.0, 0.0, 1.0, 0.0, 0.0, 0.0, 0.0, 0.0, 0.0, 0.0, null, null], "lbdm_rpitch": [null, 0.5, 0.2, 0.2, 0.0, 0.5, 0.7142857142857143, 0.09090909090909091, 0.25, 0.0, 0.5, 0.5, 0.5, 0.5, 0.14285714285714285, 0.14285714285714285, 0.5, 0.0, null], "lbdm_rioi": [null, 0.0, 0.3333333333333333, 0.0, 0.0, 0.0, 0.6, 0.3333333333333333, 0.3333333333333333, 0.2, 0.5, 0.0, 0.0, 0.0, 0.0, 0.0, 0.3333333333333333, 0.3333333333333333, null], "lbdm_rrest": [null, 0.0, 0.0, 0.0, 0.0, 0.0, 0.0, 0.0, 0.0, 1.0, 1.0, 0.0, 0.0, 0.0, 0.0, 0.0, 0.0, 0.0, null],