{"id": "KB5311900020", "tunefamily": "", "year": -1, "tunefamily_full": "", "type": "", "freemeter": false, "origin": "", "features": {"scaledegree": [1, 3, 5, 5, 1, 3, 2, 5, 3, 2, 1, 3, 2, 1], "scaledegreespecifier": ["P", "M", "P", "P", "P", "M", "M", "P", "M", "M", "P", "M", "M", "P"], "tonic": ["G", "G", "G", "G", "G", "G", "G", "G", "G", "G", "G", "G", "G", "G"], "mode": ["major", "major", "major", "major", "major", "major", "major", "major", "major", "major", "major", "major", "major", "major"], "metriccontour": [null, "-", "=", "-", "+", "-", "=", "-", "+", "-", "-", "+", "-", "+"], "imaweight": [0.737705, 0.868852, 0.729508, 0.311475, 0.729508, 0.868852, 0.770492, 0.303279, 0.729508, 1.0, 0.237705, 0.827869, 0.336066, 0.860656], "imaweight_spectral": [0.907692, 1.0, 0.838462, 0.446154, 0.869231, 1.0, 0.876923, 0.438462, 0.838462, 1.0, 0.284615, 0.838462, 0.376923, 0.869231], "pitch40_hewlett": [146, 158, 169, 169, 146, 158, 152, 169, 158, 152, 146, 158, 152, 146], "pitch40_sapp": [185, 197, 208, 208, 185, 197, 191, 208, 197, 191, 185, 197, 191, 185], "octave": [4, 4, 5, 5, 4, 4, 4, 5, 4, 4, 4, 4, 4, 4], "midipitch": [67, 71, 74, 74, 67, 71, 69, 74, 71, 69, 67, 71, 69, 67], "diatonicpitch": [28, 30, 32, 32, 28, 30, 29, 32, 30, 29, 28, 30, 29, 28], "diatonicinterval": [null, 2, 2, 0, -4, 2, -1, 3, -2, -1, -1, 2, -1, -1], "chromaticinterval": [null, 4, 3, 0, -7, 4, -2, 5, -3, -2, -2, 4, -2, -2], "pitchproximity": [null, null, 3, 0, 7, 4, 2, 5, 3, 2, 2, 4, 2, 2], "pitchreversal": [null, null, 0, 0, 0, 1, 1.5, 0, 1.5, 0, 0, 1.5, 1.5, 0], "nextisrest": [false, false, false, false, false, false, false, false, false, false, false, false, false, null], "restduration_frac": [null, null, null, null, null, null, null, null, null, null, null, null, null, null], "duration": [1.0, 1.0, 0.5, 0.5, 1.0, 1.0, 0.5, 0.5, 1.0, 0.5, 0.5, 0.5, 0.5, 3.0], "duration_frac": ["1", "1", "1/2", "1/2", "1", "1", "1/2", "1/2", "1", "1/2", "1/2", "1/2", "1/2", "3"], "duration_fullname": ["Quarter", "Quarter", "Eighth", "Eighth", "Quarter", "Quarter", "Eighth", "Eighth", "Quarter", "Eighth", "Eighth", "Eighth", "Eighth", "Dotted Half"], "durationcontour": [null, "=", "-", "=", "+", "=", "-", "=", "+", "-", "=", "=", "=", "+"], "onsettick": [0, 2, 4, 5, 6, 8, 10, 11, 12, 14, 15, 16, 17, 18], "beatfraction": ["1", "1", "1/2", "1/2", "1", "1", "1/2", "1/2", "1", "1/2", "1/2", "1/2", "1/2", "3"], "phrasepos": [0.0, 0.1111111111111111, 0.2222222222222222, 0.2777777777777778, 0.3333333333333333, 0.4444444444444444, 0.5555555555555556, 0.6111111111111112, 0.6666666666666666, 0.7777777777777778, 0.8333333333333334, 0.8888888888888888, 0.9444444444444444, 1.0], "phrase_ix": [0, 0, 0, 0, 0, 0, 0, 0, 0, 0, 0, 0, 0, 0], "phrase_end": [false, false, false, false, false, false, false, false, false, false, false, false, false, true], "songpos": [0.0, 0.1111111111111111, 0.2222222222222222, 0.2777777777777778, 0.3333333333333333, 0.4444444444444444, 0.5555555555555556, 0.6111111111111112, 0.6666666666666666, 0.7777777777777778, 0.8333333333333334, 0.8888888888888888, 0.9444444444444444, 1.0], "beatinsong": ["0", "1", "2", "5/2", "3", "4", "5", "11/2", "6", "7", "15/2", "8", "17/2", "9"], "beatinphrase": ["0", "1", "2", "5/2", "3", "4", "5", "11/2", "6", "7", "15/2", "8", "17/2", "9"], "beatinphrase_end": ["-9", "-8", "-7", "-13/2", "-6", "-5", "-4", "-7/2", "-3", "-2", "-3/2", "-1", "-1/2", "0"], "IOI_frac": ["1", "1", "1/2", "1/2", "1", "1", "1/2", "1/2", "1", "1/2", "1/2", "1/2", "1/2", null], "IOI": [1.0, 1.0, 0.5, 0.5, 1.0, 1.0, 0.5, 0.5, 1.0, 0.5, 0.5, 0.5, 0.5, null], "IOR_frac": [null, "1", "1/2", "1", "2", "1", "1/2", "1", "2", "1/2", "1", "1", "1", null], "IOR": [null, 1.0, 0.5, 1.0, 2.0, 1.0, 0.5, 1.0, 2.0, 0.5, 1.0, 1.0, 1.0, null], "imacontour": [null, "+", "-", "-", "+", "+", "-", "-", "+", "+", "-", "+", "-", "+"], "pitch": ["G4", "B4", "D5", "D5", "G4", "B4", "A4", "D5", "B4", "A4", "G4", "B4", "A4", "G4"], "contour3": [null, "+", "+", "=", "-", "+", "-", "+", "-", "-", "-", "+", "-", "-"], "contour5": [null, "++", "++", "=", "--", "++", "-", "++", "--", "-", "-", "++", "-", "-"], "beatstrength": [1.0, 0.5, 0.5, 0.25, 1.0, 0.5, 0.5, 0.25, 1.0, 0.5, 0.25, 0.5, 0.25, 1.0], "beat_str": ["1", "2", "3", "3", "1", "2", "3", "3", "1", "2", "2", "3", "3", "1"], "beat_fraction_str": ["0", "0", "0", "1/2", "0", "0", "0", "1/2", "0", "0", "1/2", "0", "1/2", "0"], "beat": [1.0, 2.0, 3.0, 3.5, 1.0, 2.0, 3.0, 3.5, 1.0, 2.0, 2.5, 3.0, 3.5, 1.0], "timesignature": ["3/4", "3/4", "3/4", "3/4", "3/4", "3/4", "3/4", "3/4", "3/4", "3/4", "3/4", "3/4", "3/4", "3/4"], "gpr2a_Frankland": [null, null, null, null, null, null, null, null, null, null, null, null, null, null], "gpr2b_Frankland": [null, null, null, null, null, null, null, null, 0.5, null, null, null, null, null], "gpr3a_Frankland": [null, null, null, 0.7142857142857143, null, null, 0.5, null, null, null, 0.5, null, null, null], "gpr3d_Frankland": [null, 0.5, null, 0.5, null, 0.5, null, null, null, null, 0.0, null, null, null], "gpr_Frankland_sum": [0, 0.5, 0, 1.2142857142857144, 0, 0.5, 0.5, 0, 0.5, 0, 0.5, 0, 0, 0], "lbdm_spitch": [null, 0.30217917675544786, 0.0, 1.0, 0.27239709443099275, 0.16525423728813557, 0.37772397094430993, 0.1456935316499481, 0.04047042545831892, 0.07082324455205811, 0.28329297820823246, 0.07082324455205811, null, null], "lbdm_sioi": [null, 0.5, 0.25, 0.25, 0.5, 0.5, 0.25, 0.25, 1.0, 0.25, 0.0, 0.0, null, null], "lbdm_srest": [null, 0.0, 0.0, 0.0, 0.0, 0.0, 0.0, 0.0, 0.0, 0.0, 0.0, 0.0, null, null], "lbdm_rpitch": [null, 0.1111111111111111, 0.6, 0.7777777777777778, 0.23076923076923078, 0.25, 0.3333333333333333, 0.2, 0.14285714285714285, 0.0, 0.25, 0.25, 0.0, null], "lbdm_rioi": [null, 0.0, 0.3333333333333333, 0.0, 0.3333333333333333, 0.0, 0.3333333333333333, 0.0, 0.3333333333333333, 0.3333333333333333, 0.0, 0.0, 0.0, null], "lbdm_rrest": [null, 0.0, 0.0, 0.0, 0.0, 0.0, 0.0, 0.0, 0.0, 0.0, 0.0, 0.0, 0.0, null], "lbdm_boundarystrength": [null, 0.32554479418886195, 0.125, 0.375, 0.3180992736077482, 0.2913135593220339, 0.21943099273607747, 0.16142338291248703, 0.5101176063645797, 0.14270581113801453, 0.07082324455205811, 0.01770581113801453, null, null]}}
