{"id": "KB5322200000", "tunefamily": "", "year": -1, "tunefamily_full": "", "type": "", "freemeter": false, "origin": "", "features": {"scaledegree": [1, 3, 3, 1, 2, 4, 3, 4, 2, 1, 3, 3, 1, 2, 2, 2, 1, 1], "scaledegreespecifier": ["P", "M", "M", "P", "M", "P", "M", "P", "M", "P", "M", "M", "P", "M", "M", "M", "P", "P"], "tonic": ["A", "A", "A", "A", "A", "A", "A", "A", "A", "A", "A", "A", "A", "A", "A", "A", "A", "A"], "mode": ["major", "major", "major", "major", "major", "major", "major", "major", "major", "major", "major", "major", "major", "major", "major", "major", "major", "major"], "metriccontour": [null, "-", "=", "-", "+", "-", "-", "+", "-", "+", "-", "=", "-", "+", "-", "-", "+", "-"], "imaweight": [0.829932, 0.979592, 0.768707, 0.312925, 0.938776, 0.918367, 0.251701, 0.993197, 0.421769, 0.85034, 1.0, 0.836735, 0.340136, 0.965986, 0.387755, 0.204082, 0.251701, 0.217687], "imaweight_spectral": [0.875, 1.0, 0.778409, 0.397727, 0.920455, 0.857955, 0.278409, 0.897727, 0.420455, 0.778409, 0.994318, 0.835227, 0.420455, 0.965909, 0.920455, 0.448864, 0.852273, 0.801136], "pitch40_hewlett": [152, 164, 164, 152, 158, 169, 164, 169, 158, 152, 164, 164, 152, 158, 158, 158, 152, 152], "pitch40_sapp": [191, 203, 203, 191, 197, 208, 203, 208, 197, 191, 203, 203, 191, 197, 197, 197, 191, 191], "octave": [4, 5, 5, 4, 4, 5, 5, 5, 4, 4, 5, 5, 4, 4, 4, 4, 4, 4], "midipitch": [69, 73, 73, 69, 71, 74, 73, 74, 71, 69, 73, 73, 69, 71, 71, 71, 69, 69], "diatonicpitch": [28, 30, 30, 28, 29, 31, 30, 31, 29, 28, 30, 30, 28, 29, 29, 29, 28, 28], "diatonicinterval": [null, 2, 0, -2, 1, 2, -1, 1, -2, -1, 2, 0, -2, 1, 0, 0, -1, 0], "chromaticinterval": [null, 4, 0, -4, 2, 3, -1, 1, -3, -2, 4, 0, -4, 2, 0, 0, -2, 0], "pitchproximity": [null, null, 0, 4, 2, 3, 1, 1, 3, 2, 4, 0, 4, 2, 0, 0, 2, 0], "pitchreversal": [null, null, 0, 0, 1.5, 0, 1.5, 1.5, 1.5, 0, 1.5, 0, 0, 1.5, 0, 0, 0, 0], "nextisrest": [false, false, false, false, false, false, false, false, false, false, false, false, false, false, false, false, false, null], "restduration_frac": [null, null, null, null, null, null, null, null, null, null, null, null, null, null, null, null, null, null], "duration": [1.0, 1.0, 0.5, 0.5, 1.0, 0.5, 0.5, 0.5, 0.5, 1.0, 1.0, 0.5, 0.5, 2.0, 0.5, 0.5, 2.0, 1.0], "duration_frac": ["1", "1", "1/2", "1/2", "1", "1/2", "1/2", "1/2", "1/2", "1", "1", "1/2", "1/2", "2", "1/2", "1/2", "2", "1"], "duration_fullname": ["Quarter", "Quarter", "Eighth", "Eighth", "Quarter", "Eighth", "Eighth", "Eighth", "Eighth", "Quarter", "Quarter", "Eighth", "Eighth", "Half", "Eighth", "Eighth", "Half", "Quarter"], "durationcontour": [null, "=", "-", "=", "+", "-", "=", "=", "=", "+", "=", "-", "=", "+", "-", "=", "+", "-"], "onsettick": [0, 2, 4, 5, 6, 8, 9, 10, 11, 12, 14, 16, 17, 18, 22, 23, 24, 28], "beatfraction": ["1", "1", "1/2", "1/2", "1", "1/2", "1/2", "1/2", "1/2", "1", "1", "1/2", "1/2", "2", "1/2", "1/2", "2", "1"], "phrasepos": [0.0, 0.18181818181818182, 0.36363636363636365, 0.45454545454545453, 0.5454545454545454, 0.7272727272727273, 0.8181818181818182, 0.9090909090909091, 1.0, 0.0, 0.125, 0.25, 0.3125, 0.375, 0.625, 0.6875, 0.75, 1.0], "phrase_ix": [0, 0, 0, 0, 0, 0, 0, 0, 0, 1, 1, 1, 1, 1, 1, 1, 1, 1], "phrase_end": [false, false, false, false, false, false, false, false, true, false, false, false, false, false, false, false, false, true], "songpos": [0.0, 0.07142857142857142, 0.14285714285714285, 0.17857142857142858, 0.21428571428571427, 0.2857142857142857, 0.32142857142857145, 0.35714285714285715, 0.39285714285714285, 0.42857142857142855, 0.5, 0.5714285714285714, 0.6071428571428571, 0.6428571428571429, 0.7857142857142857, 0.8214285714285714, 0.8571428571428571, 1.0], "beatinsong": ["0", "1", "2", "5/2", "3", "4", "9/2", "5", "11/2", "6", "7", "8", "17/2", "9", "11", "23/2", "12", "14"], "beatinphrase": ["0", "1", "2", "5/2", "3", "4", "9/2", "5", "11/2", "0", "1", "2", "5/2", "3", "5", "11/2", "6", "8"], "beatinphrase_end": ["-3", "-2", "-1", "-1/2", "0", "1", "3/2", "2", "5/2", "-6", "-5", "-4", "-7/2", "-3", "-1", "-1/2", "0", "2"], "IOI_frac": ["1", "1", "1/2", "1/2", "1", "1/2", "1/2", "1/2", "1/2", "1", "1", "1/2", "1/2", "2", "1/2", "1/2", "2", null], "IOI": [1.0, 1.0, 0.5, 0.5, 1.0, 0.5, 0.5, 0.5, 0.5, 1.0, 1.0, 0.5, 0.5, 2.0, 0.5, 0.5, 2.0, null], "IOR_frac": [null, "1", "1/2", "1", "2", "1/2", "1", "1", "1", "2", "1", "1/2", "1", "4", "1/4", "1", "4", null], "IOR": [null, 1.0, 0.5, 1.0, 2.0, 0.5, 1.0, 1.0, 1.0, 2.0, 1.0, 0.5, 1.0, 4.0, 0.25, 1.0, 4.0, null], "imacontour": [null, "+", "-", "-", "+", "-", "-", "+", "-", "+", "+", "-", "-", "+", "-", "-", "+", "-"], "pitch": ["A4", "C#5", "C#5", "A4", "B4", "D5", "C#5", "D5", "B4", "A4", "C#5", "C#5", "A4", "B4", "B4", "B4", "A4", "A4"], "contour3": [null, "+", "=", "-", "+", "+", "-", "+", "-", "-", "+", "=", "-", "+", "=", "=", "-", "="], "contour5": [null, "++", "=", "--", "+", "++", "-", "+", "--", "-", "++", "=", "--", "+", "=", "=", "-", "="], "beatstrength": [1.0, 0.5, 0.5, 0.25, 1.0, 0.5, 0.25, 0.5, 0.25, 1.0, 0.5, 0.5, 0.25, 1.0, 0.5, 0.25, 1.0, 0.5], "beat_str": ["1", "2", "3", "3", "1", "2", "2", "3", "3", "1", "2", "3", "3", "1", "3", "3", "1", "3"], "beat_fraction_str": ["0", "0", "0", "1/2", "0", "0", "1/2", "0", "1/2", "0", "0", "0", "1/2", "0", "0", "1/2", "0", "0"], "beat": [1.0, 2.0, 3.0, 3.5, 1.0, 2.0, 2.5, 3.0, 3.5, 1.0, 2.0, 3.0, 3.5, 1.0, 3.0, 3.5, 1.0, 3.0], "timesignature": ["3/4", "3/4", "3/4", "3/4", "3/4", "3/4", "3/4", "3/4", "3/4", "3/4", "3/4", "3/4", "3/4", "3/4", "3/4", "3/4", "3/4", "3/4"], "gpr2a_Frankland": [null, null, null, null, null, null, null, null, null, null, null, null, null, null, null, null, null, null], "gpr2b_Frankland": [null, null, null, null, 0.5, null, null, null, null, null, null, null, null, 0.75, null, null, null, null], "gpr3a_Frankland": [null, null, 0.75, null, 0.5, null, null, 0.5, null, 0.75, null, 0.75, null, null, null, 1.0, null, null], "gpr3d_Frankland": [null, 0.5, null, null, null, null, 0.0, null, 0.5, null, 0.5, null, null, null, null, null, null, null], "gpr_Frankland_sum": [0, 0.5, 0.75, 0, 1.0, 0, 0, 0.5, 0.5, 0.75, 0.5, 0.75, 0, 0.75, 0, 1.0, 0, 0], "lbdm_spitch": [null, 0.0, 1.0, 0.2142857142857143, 0.3896103896103896, 0.09090909090909091, 0.09090909090909091, 0.3896103896103896, 0.2142857142857143, 1.0, 0.0, 1.0, 0.4090909090909091, 0.0, 0.0, 0.5454545454545455, null, null], "lbdm_sioi": [null, 0.1388888888888889, 0.06944444444444445, 0.06944444444444445, 0.2777777777777778, 0.06944444444444445, 0.0, 0.0, 0.06944444444444445, 0.1388888888888889, 0.1388888888888889, 0.06944444444444445, 0.125, 1.0, 0.125, 0.125, null, null], "lbdm_srest": [null, 0.0, 0.0, 0.0, 0.0, 0.0, 0.0, 0.0, 0.0, 0.0, 0.0, 0.0, 0.0, 0.0, 0.0, 0.0, null, null], "lbdm_rpitch": [null, 0.6666666666666666, 0.6666666666666666, 0.25, 0.14285714285714285, 0.3333333333333333, 0.0, 0.3333333333333333, 0.14285714285714285, 0.25, 0.6666666666666666, 0.6666666666666666, 0.25, 0.5, 0.0, 0.5, 0.5, null], "lbdm_rioi": [null, 0.0, 0.3333333333333333, 0.0, 0.3333333333333333, 0.3333333333333333, 0.0, 0.0, 0.0, 0.3333333333333333, 0.0, 0.3333333333333333, 0.0, 0.6, 0.6, 0.0, 0.6, null], "lbdm_rrest": [null, 0.0, 0.0, 0.0, 0.0, 0.0, 0.0, 0.0, 0.0, 0.0, 0.0, 0.0, 0.0, 0.0, 0.0, 0.0, 0.0, null], "lbdm_boundarystrength": [null, 0.06944444444444445, 0.2847222222222222, 0.0882936507936508, 0.23629148629148627, 0.05744949494949495, 0.022727272727272728, 0.0974025974025974, 0.0882936507936508, 0.3194444444444444, 0.06944444444444445, 0.2847222222222222, 0.1647727272727273, 0.5, 0.0625, 0.19886363636363638, null, null]}}
