{"id": "KB5318400000", "tunefamily": "", "year": -1, "tunefamily_full": "", "type": "", "freemeter": false, "origin": "", "features": {"scaledegree": [1, 2, 3, 4, 3, 2, 1, 3, 4, 5, 6, 5, 4, 3, 5, 4, 3, 2, 2, 2, 1], "scaledegreespecifier": ["P", "M", "M", "P", "M", "M", "P", "M", "P", "P", "M", "P", "P", "M", "P", "P", "M", "M", "M", "M", "P"], "tonic": ["C", "C", "C", "C", "C", "C", "C", "C", "C", "C", "C", "C", "C", "C", "C", "C", "C", "C", "C", "C", "C"], "mode": ["major", "major", "major", "major", "major", "major", "major", "major", "major", "major", "major", "major", "major", "major", "major", "major", "major", "major", "major", "major", "major"], "metriccontour": [null, "-", "+", "-", "+", "-", "+", "+", "-", "+", "-", "+", "-", "+", "+", "-", "+", "-", "+", "-", "+"], "imaweight": [0.962963, 0.300926, 0.986111, 0.333333, 0.888889, 0.337963, 1.0, 0.981481, 0.361111, 0.87037, 0.37037, 0.944444, 0.375, 0.944444, 0.800926, 0.796296, 0.777778, 0.203704, 0.777778, 0.226852, 0.777778], "imaweight_spectral": [0.956522, 0.438406, 0.960145, 0.463768, 0.898551, 0.452899, 0.985507, 0.956522, 0.485507, 0.869565, 0.478261, 0.942029, 0.481884, 0.927536, 0.945652, 1.0, 0.942029, 0.51087, 0.884058, 0.496377, 0.942029], "pitch40_hewlett": [163, 169, 175, 180, 175, 169, 163, 175, 180, 186, 192, 186, 180, 175, 186, 180, 175, 169, 169, 169, 163], "pitch40_sapp": [202, 208, 214, 219, 214, 208, 202, 214, 219, 225, 231, 225, 219, 214, 225, 219, 214, 208, 208, 208, 202], "octave": [5, 5, 5, 5, 5, 5, 5, 5, 5, 5, 5, 5, 5, 5, 5, 5, 5, 5, 5, 5, 5], "midipitch": [72, 74, 76, 77, 76, 74, 72, 76, 77, 79, 81, 79, 77, 76, 79, 77, 76, 74, 74, 74, 72], "diatonicpitch": [35, 36, 37, 38, 37, 36, 35, 37, 38, 39, 40, 39, 38, 37, 39, 38, 37, 36, 36, 36, 35], "diatonicinterval": [null, 1, 1, 1, -1, -1, -1, 2, 1, 1, 1, -1, -1, -1, 2, -1, -1, -1, 0, 0, -1], "chromaticinterval": [null, 2, 2, 1, -1, -2, -2, 4, 1, 2, 2, -2, -2, -1, 3, -2, -1, -2, 0, 0, -2], "pitchproximity": [null, null, 2, 1, 1, 2, 2, 4, 1, 2, 2, 2, 2, 1, 3, 2, 1, 2, 0, 0, 2], "pitchreversal": [null, null, 0, 0, 1.5, 0, 0, 1.5, 0, 0, 0, 1.5, 0, 0, 1.5, 1.5, 0, 0, 0, 0, 0], "nextisrest": [false, false, false, false, false, false, false, false, false, false, false, false, false, false, false, false, false, false, false, false, true], "restduration_frac": [null, null, null, null, null, null, null, null, null, null, null, null, null, null, null, null, null, null, null, null, "2"], "duration": [1.0, 1.0, 1.0, 1.0, 1.0, 1.0, 2.0, 1.0, 1.0, 1.0, 1.0, 1.0, 1.0, 2.0, 2.0, 2.0, 1.0, 1.0, 1.0, 1.0, 2.0], "duration_frac": ["1", "1", "1", "1", "1", "1", "2", "1", "1", "1", "1", "1", "1", "2", "2", "2", "1", "1", "1", "1", "2"], "duration_fullname": ["Quarter", "Quarter", "Quarter", "Quarter", "Quarter", "Quarter", "Half", "Quarter", "Quarter", "Quarter", "Quarter", "Quarter", "Quarter", "Half", "Half", "Half", "Quarter", "Quarter", "Quarter", "Quarter", "Half"], "durationcontour": [null, "=", "=", "=", "=", "=", "+", "-", "=", "=", "=", "=", "=", "+", "=", "=", "-", "=", "=", "=", "+"], "onsettick": [0, 1, 2, 3, 4, 5, 6, 8, 9, 10, 11, 12, 13, 14, 16, 18, 20, 21, 22, 23, 24], "beatfraction": ["1", "1", "1", "1", "1", "1", "2", "1", "1", "1", "1", "1", "1", "2", "2", "2", "1", "1", "1", "1", "2"], "phrasepos": [0.0, 0.16666666666666666, 0.3333333333333333, 0.5, 0.6666666666666666, 0.8333333333333334, 1.0, 0.0, 0.16666666666666666, 0.3333333333333333, 0.5, 0.6666666666666666, 0.8333333333333334, 1.0, 0.0, 0.25, 0.5, 0.625, 0.75, 0.875, 1.0], "phrase_ix": [0, 0, 0, 0, 0, 0, 0, 1, 1, 1, 1, 1, 1, 1, 2, 2, 2, 2, 2, 2, 2], "phrase_end": [false, false, false, false, false, false, true, false, false, false, false, false, false, true, false, false, false, false, false, false, true], "songpos": [0.0, 0.041666666666666664, 0.08333333333333333, 0.125, 0.16666666666666666, 0.20833333333333334, 0.25, 0.3333333333333333, 0.375, 0.4166666666666667, 0.4583333333333333, 0.5, 0.5416666666666666, 0.5833333333333334, 0.6666666666666666, 0.75, 0.8333333333333334, 0.875, 0.9166666666666666, 0.9583333333333334, 1.0], "beatinsong": ["0", "1", "2", "3", "4", "5", "6", "8", "9", "10", "11", "12", "13", "14", "16", "18", "20", "21", "22", "23", "24"], "beatinphrase": ["0", "1", "2", "3", "4", "5", "6", "0", "1", "2", "3", "4", "5", "6", "0", "2", "4", "5", "6", "7", "8"], "beatinphrase_end": ["-4", "-3", "-2", "-1", "0", "1", "2", "-4", "-3", "-2", "-1", "0", "1", "2", "-8", "-6", "-4", "-3", "-2", "-1", "0"], "IOI_frac": ["1", "1", "1", "1", "1", "1", "2", "1", "1", "1", "1", "1", "1", "2", "2", "2", "1", "1", "1", "1", "4"], "IOI": [1.0, 1.0, 1.0, 1.0, 1.0, 1.0, 2.0, 1.0, 1.0, 1.0, 1.0, 1.0, 1.0, 2.0, 2.0, 2.0, 1.0, 1.0, 1.0, 1.0, 4.0], "IOR_frac": [null, "1", "1", "1", "1", "1", "2", "1/2", "1", "1", "1", "1", "1", "2", "1", "1", "1/2", "1", "1", "1", "4"], "IOR": [null, 1.0, 1.0, 1.0, 1.0, 1.0, 2.0, 0.5, 1.0, 1.0, 1.0, 1.0, 1.0, 2.0, 1.0, 1.0, 0.5, 1.0, 1.0, 1.0, 4.0], "imacontour": [null, "-", "+", "-", "+", "-", "+", "-", "-", "+", "-", "+", "-", "+", "-", "-", "-", "-", "+", "-", "+"], "pitch": ["C5", "D5", "E5", "F5", "E5", "D5", "C5", "E5", "F5", "G5", "A5", "G5", "F5", "E5", "G5", "F5", "E5", "D5", "D5", "D5", "C5"], "contour3": [null, "+", "+", "+", "-", "-", "-", "+", "+", "+", "+", "-", "-", "-", "+", "-", "-", "-", "=", "=", "-"], "contour5": [null, "+", "+", "+", "-", "-", "-", "++", "+", "+", "+", "-", "-", "-", "++", "-", "-", "-", "=", "=", "-"], "beatstrength": [1.0, 0.25, 0.5, 0.25, 1.0, 0.25, 0.5, 1.0, 0.25, 0.5, 0.25, 1.0, 0.25, 0.5, 1.0, 0.5, 1.0, 0.25, 0.5, 0.25, 1.0], "beat_str": ["1", "2", "3", "4", "1", "2", "3", "1", "2", "3", "4", "1", "2", "3", "1", "3", "1", "2", "3", "4", "1"], "beat_fraction_str": ["0", "0", "0", "0", "0", "0", "0", "0", "0", "0", "0", "0", "0", "0", "0", "0", "0", "0", "0", "0", "0"], "beat": [1.0, 2.0, 3.0, 4.0, 1.0, 2.0, 3.0, 1.0, 2.0, 3.0, 4.0, 1.0, 2.0, 3.0, 1.0, 3.0, 1.0, 2.0, 3.0, 4.0, 1.0], "timesignature": ["4/4", "4/4", "4/4", "4/4", "4/4", "4/4", "4/4", "4/4", "4/4", "4/4", "4/4", "4/4", "4/4", "4/4", "4/4", "4/4", "4/4", "4/4", "4/4", "4/4", "4/4"], "gpr2a_Frankland": [null, null, null, null, null, null, null, null, null, null, null, null, null, null, null, null, null, null, null, null, 0.5], "gpr2b_Frankland": [null, null, null, null, null, null, 0.5, null, null, null, null, null, null, null, null, null, null, null, null, null, null], "gpr3a_Frankland": [null, null, null, null, null, null, 0.625, null, null, null, null, null, null, 0.5, null, null, 0.75, null, null, null, null], "gpr3d_Frankland": [null, 0.0, 0.0, 0.0, null, null, null, null, 0.0, 0.0, 0.0, null, 0.5, null, null, 0.5, null, 0.0, null, null, null], "gpr_Frankland_sum": [0, 0, 0, 0, 0, 0, 1.125, 0, 0, 0, 0, 0, 0.5, 0.5, 0, 0.5, 0.75, 0, 0, 0, 0.5], "lbdm_spitch": [null, 0.1473684210526316, 0.0736842105263158, 0.0736842105263158, 0.1473684210526316, 0.18421052631578946, 1.0, 0.23157894736842105, 0.1473684210526316, 0.0, 0.0, 0.1473684210526316, 0.19649122807017544, 0.5263157894736841, 0.25263157894736843, 0.1473684210526316, 0.5157894736842105, 0.0, 0.0, null, null], "lbdm_sioi": [null, 0.0, 0.0, 0.0, 0.0, 0.25, 1.0, 0.25, 0.0, 0.0, 0.0, 0.0, 0.25, 0.5, 0.0, 0.5, 0.25, 0.0, 0.0, null, null], "lbdm_srest": [null, 0.0, 0.0, 0.0, 0.0, 0.0, 0.0, 0.0, 0.0, 0.0, 0.0, 0.0, 0.0, 0.0, 0.0, 0.0, 0.0, 0.0, 0.0, null, null], "lbdm_rpitch": [null, 0.0, 0.2, 0.0, 0.2, 0.0, 0.25, 0.42857142857142855, 0.2, 0.0, 0.0, 0.0, 0.2, 0.3333333333333333, 0.14285714285714285, 0.2, 0.2, 0.5, 0.0, 0.5, null], "lbdm_rioi": [null, 0.0, 0.0, 0.0, 0.0, 0.0, 0.3333333333333333, 0.3333333333333333, 0.0, 0.0, 0.0, 0.0, 0.0, 0.3333333333333333, 0.0, 0.0, 0.3333333333333333, 0.0, 0.0, 0.0, null], "lbdm_rrest": [null, 0.0, 0.0, 0.0, 0.0, 0.0, 0.0, 0.0, 0.0, 0.0, 0.0, 0.0, 0.0, 0.0, 0.0, 0.0, 0.0, 0.0, 0.0, 0.0, null],