{"id": "KB5300400002", "tunefamily": "", "year": -1, "tunefamily_full": "", "type": "", "freemeter": false, "origin": "", "features": {"scaledegree": [2, 4, 3, 2, 4, 1, 2, 7, 1, 2, 3, 2, 4, 3, 2, 3, 1, 7, 1], "scaledegreespecifier": ["M", "P", "m", "M", "P", "P", "M", "M", "P", "M", "m", "M", "P", "m", "M", "m", "P", "M", "P"], "tonic": ["A", "A", "A", "A", "A", "A", "A", "A", "A", "A", "A", "A", "A", "A", "A", "A", "A", "A", "A"], "mode": ["minor", "minor", "minor", "minor", "minor", "minor", "minor", "minor", "minor", "minor", "minor", "minor", "minor", "minor", "minor", "minor", "minor", "minor", "minor"], "metriccontour": [null, "-", "=", "+", "-", "+", "-", "=", "+", "-", "-", "+", "-", "=", "+", "-", "+", "-", "+"], "imaweight": [0.387283, 0.676301, 0.271676, 0.965318, 0.861272, 0.421965, 0.774566, 0.33526, 1.0, 0.861272, 0.138728, 0.473988, 0.722543, 0.33526, 1.0, 0.820809, 0.381503, 0.647399, 0.936416], "imaweight_spectral": [0.497674, 0.748837, 0.404651, 0.962791, 0.846512, 0.493023, 0.776744, 0.423256, 0.95814, 0.827907, 0.111628, 0.516279, 0.734884, 0.423256, 0.95814, 0.869767, 0.516279, 0.748837, 1.0], "pitch40_hewlett": [158, 169, 163, 158, 169, 152, 158, 147, 152, 158, 163, 158, 169, 163, 158, 163, 152, 147, 152], "pitch40_sapp": [197, 208, 202, 197, 208, 191, 197, 186, 191, 197, 202, 197, 208, 202, 197, 202, 191, 186, 191], "octave": [4, 5, 5, 4, 5, 4, 4, 4, 4, 4, 5, 4, 5, 5, 4, 5, 4, 4, 4], "midipitch": [71, 74, 72, 71, 74, 69, 71, 68, 69, 71, 72, 71, 74, 72, 71, 72, 69, 68, 69], "diatonicpitch": [29, 31, 30, 29, 31, 28, 29, 27, 28, 29, 30, 29, 31, 30, 29, 30, 28, 27, 28], "diatonicinterval": [null, 2, -1, -1, 2, -3, 1, -2, 1, 1, 1, -1, 2, -1, -1, 1, -2, -1, 1], "chromaticinterval": [null, 3, -2, -1, 3, -5, 2, -3, 1, 2, 1, -1, 3, -2, -1, 1, -3, -1, 1], "pitchproximity": [null, null, 2, 1, 3, 5, 2, 3, 1, 2, 1, 1, 3, 2, 1, 1, 3, 1, 1], "pitchreversal": [null, null, 1.5, 0, 1.5, 1.5, 0, 1.5, 1.5, 0, 0, 1.5, 1.5, 1.5, 0, 1.5, 1.5, 0, 1.5], "nextisrest": [false, false, false, false, false, false, false, false, false, false, false, false, false, false, false, false, false, false, null], "restduration_frac": [null, null, null, null, null, null, null, null, null, null, null, null, null, null, null, null, null, null, null], "duration": [0.5, 0.5, 0.5, 1.0, 0.5, 0.5, 0.5, 0.5, 1.0, 0.25, 0.25, 0.5, 0.5, 0.5, 1.0, 0.5, 0.5, 1.0, 1.5], "duration_frac": ["1/2", "1/2", "1/2", "1", "1/2", "1/2", "1/2", "1/2", "1", "1/4", "1/4", "1/2", "1/2", "1/2", "1", "1/2", "1/2", "1", "3/2"], "duration_fullname": ["Eighth", "Eighth", "Eighth", "Quarter", "Eighth", "Eighth", "Eighth", "Eighth", "Quarter", "16th", "16th", "Eighth", "Eighth", "Eighth", "Quarter", "Eighth", "Eighth", "Quarter", "Dotted Quarter"], "durationcontour": [null, "=", "=", "+", "-", "=", "=", "=", "+", "-", "=", "+", "=", "=", "+", "-", "=", "+", "+"], "onsettick": [0, 2, 4, 6, 10, 12, 14, 16, 18, 22, 23, 24, 26, 28, 30, 34, 36, 38, 42], "beatfraction": ["1/3", "1/3", "1/3", "2/3", "1/3", "1/3", "1/3", "1/3", "2/3", "1/6", "1/6", "1/3", "1/3", "1/3", "2/3", "1/3", "1/3", "2/3", "1"], "phrasepos": [0.0, 0.2, 0.4, 0.6, 1.0, 0.0, 0.18181818181818182, 0.36363636363636365, 0.5454545454545454, 0.9090909090909091, 1.0, 0.0, 0.2, 0.4, 0.6, 1.0, 0.0, 0.3333333333333333, 1.0], "phrase_ix": [0, 0, 0, 0, 0, 1, 1, 1, 1, 1, 1, 2, 2, 2, 2, 2, 3, 3, 3], "phrase_end": [false, false, false, false, true, false, false, false, false, false, true, false, false, false, false, true, false, false, true], "songpos": [0.0, 0.047619047619047616, 0.09523809523809523, 0.14285714285714285, 0.23809523809523808, 0.2857142857142857, 0.3333333333333333, 0.38095238095238093, 0.42857142857142855, 0.5238095238095238, 0.5476190476190477, 0.5714285714285714, 0.6190476190476191, 0.6666666666666666, 0.7142857142857143, 0.8095238095238095, 0.8571428571428571, 0.9047619047619048, 1.0], "beatinsong": ["0", "1/3", "2/3", "1", "5/3", "2", "7/3", "8/3", "3", "11/3", "23/6", "4", "13/3", "14/3", "5", "17/3", "6", "19/3", "7"], "beatinphrase": ["0", "1/3", "2/3", "1", "5/3", "0", "1/3", "2/3", "1", "5/3", "11/6", "0", "1/3", "2/3", "1", "5/3", "0", "1/3", "1"], "beatinphrase_end": ["-1", "-2/3", "-1/3", "0", "2/3", "-1", "-2/3", "-1/3", "0", "2/3", "5/6", "-1", "-2/3", "-1/3", "0", "2/3", "-1", "-2/3", "0"], "IOI_frac": ["1/2", "1/2", "1/2", "1", "1/2", "1/2", "1/2", "1/2", "1", "1/4", "1/4", "1/2", "1/2", "1/2", "1", "1/2", "1/2", "1", null], "IOI": [0.5, 0.5, 0.5, 1.0, 0.5, 0.5, 0.5, 0.5, 1.0, 0.25, 0.25, 0.5, 0.5, 0.5, 1.0, 0.5, 0.5, 1.0, null], "IOR_frac": [null, "1", "1", "2", "1/2", "1", "1", "1", "2", "1/4", "1", "2", "1", "1", "2", "1/2", "1", "2", null], "IOR": [null, 1.0, 1.0, 2.0, 0.5, 1.0, 1.0, 1.0, 2.0, 0.25, 1.0, 2.0, 1.0, 1.0, 2.0, 0.5, 1.0, 2.0, null], "imacontour": [null, "+", "-", "+", "-", "-", "+", "-", "+", "-", "-", "+", "+", "-", "+", "-", "-", "+", "+"], "pitch": ["B4", "D5", "C5", "B4", "D5", "A4", "B4", "G#4", "A4", "B4", "C5", "B4", "D5", "C5", "B4", "C5", "A4", "G#4", "A4"], "contour3": [null, "+", "-", "-", "+", "-", "+", "-", "+", "+", "+", "-", "+", "-", "-", "+", "-", "-", "+"], "contour5": [null, "++", "-", "-", "++", "--", "+", "--", "+", "+", "+", "-", "++", "-", "-", "+", "--", "-", "+"], "beatstrength": [1.0, 0.5, 0.5, 1.0, 0.5, 1.0, 0.5, 0.5, 1.0, 0.5, 0.25, 1.0, 0.5, 0.5, 1.0, 0.5, 1.0, 0.5, 1.0], "beat_str": ["1", "1", "1", "1", "1", "1", "1", "1", "1", "1", "1", "1", "1", "1", "1", "1", "1", "1", "1"], "beat_fraction_str": ["0", "1/3", "2/3", "0", "2/3", "0", "1/3", "2/3", "0", "2/3", "5/6", "0", "1/3", "2/3", "0", "2/3", "0", "1/3", "0"], "beat": [1.0, 1.3333333333333333, 1.6666666666666667, 1.0, 1.6666666666666667, 1.0, 1.3333333333333333, 1.6666666666666667, 1.0, 1.6666666666666667, 1.8333333333333333, 1.0, 1.3333333333333333, 1.6666666666666667, 1.0, 1.6666666666666667, 1.0, 1.3333333333333333, 1.0], "timesignature": ["3/8", "3/8", "3/8", "3/8", "3/8", "3/8", "3/8", "3/8", "3/8", "3/8", "3/8", "3/8", "3/8", "3/8", "3/8", "3/8", "3/8", "3/8", "3/8"], "gpr2a_Frankland": [null, null, null, null, null, null, null, null, null, null, null, null, null, null, null, null, null, null, null], "gpr2b_Frankland": [null, null, null, 0.5, null, null, null, null, 0.625, null, null, null, null, null, 0.5, null, null, null, null], "gpr3a_Frankland": [null, null, null, null, 0.5, null, 0.5, null, 0.5, null, null, 0.5, null, null, null, 0.6666666666666667, null, null, null], "gpr3d_Frankland": [null, null, null, null, null, 0.0, null, null, null, null, 0.5, null, null, null, null, null, null, null, null], "gpr_Frankland_sum": [0, 0, 0, 0.5, 0.5, 0, 0.5, 0, 1.125, 0, 0.5, 0.5, 0, 0, 0.5, 0.6666666666666667, 0, 0, 0], "lbdm_spitch": [null, 0.2571428571428572, 0.2, 0.6000000000000001, 1.0, 0.35714285714285715, 0.5357142857142857, 0.2, 0.30000000000000004, 0.07500000000000001, 0.125, 0.5357142857142857, 0.2571428571428572, 0.07500000000000001, 0.125, 0.75, 0.125, null, null], "lbdm_sioi": [null, 0.0, 0.17857142857142855, 0.7142857142857142, 0.17857142857142855, 0.0, 0.0, 0.17857142857142855, 1.0, 0.1607142857142857, 0.08928571428571427, 0.17857142857142855, 0.0, 0.17857142857142855, 0.7142857142857142, 0.17857142857142855, 0.17857142857142855, null, null], "lbdm_srest": [null, 0.0, 0.0, 0.0, 0.0, 0.0, 0.0, 0.0, 0.0, 0.0, 0.0, 0.0, 0.0, 0.0, 0.0, 0.0, 0.0, null, null], "lbdm_rpitch": [null, 0.14285714285714285, 0.2, 0.3333333333333333, 0.2, 0.3333333333333333, 0.14285714285714285, 0.3333333333333333, 0.2, 0.2, 0.0, 0.3333333333333333, 0.14285714285714285, 0.2, 0.0, 0.3333333333333333, 0.3333333333333333, 0.0, null], "lbdm_rioi": [null, 0.0, 0.0, 0.3333333333333333, 0.3333333333333333, 0.0, 0.0, 0.0, 0.3333333333333333, 0.6, 0.0, 0.3333333333333333, 0.0, 0.0, 0.3333333333333333, 0.3333333333333333, 0.0, 0.3333333333333333, null], "lbdm_rrest": [null, 0.0, 0.0, 0.0, 0.0, 0.0, 0.0, 0.0, 0.0, 0.0, 0.0, 0.0, 0.0, 0.0, 0.0, 0.0, 0.0, 0.0, null],