{"id": "KB5611000000", "tunefamily": "", "year": -1, "tunefamily_full": "", "type": "", "freemeter": false, "origin": "", "features": {"scaledegree": [3, 3, 3, 3, 5, 5, 4, 4, 4, 3, 2, 1, 1, 2, 1, 2, 1, 5, 2, 5, 2], "scaledegreespecifier": ["m", "m", "m", "m", "P", "P", "P", "P", "P", "m", "M", "P", "P", "M", "P", "M", "P", "P", "M", "P", "M"], "tonic": ["A", "A", "A", "A", "A", "A", "A", "A", "A", "A", "A", "A", "A", "A", "A", "A", "A", "A", "A", "A", "A"], "mode": ["minor", "minor", "minor", "minor", "minor", "minor", "minor", "minor", "minor", "minor", "minor", "minor", "minor", "minor", "minor", "minor", "minor", "minor", "minor", "minor", "minor"], "metriccontour": [null, "-", "+", "-", "+", "-", "+", "-", "+", "-", "-", "+", "-", "+", "-", "+", "-", "+", "-", "+", "-"], "imaweight": [0.981818, 0.254545, 0.636364, 0.272727, 1.0, 0.593939, 0.884848, 0.339394, 0.690909, 0.30303, 0.121212, 0.927273, 0.690909, 0.909091, 0.278788, 0.478788, 0.272727, 0.442424, 0.10303, 0.472727, 0.181818], "imaweight_spectral": [0.964467, 0.335025, 0.675127, 0.350254, 1.0, 0.720812, 0.862944, 0.406091, 0.720812, 0.335025, 0.101523, 0.898477, 0.781726, 0.964467, 0.436548, 0.928934, 0.736041, 0.979695, 0.350254, 0.944162, 0.781726], "pitch40_hewlett": [163, 163, 163, 163, 175, 175, 169, 169, 169, 163, 158, 152, 152, 158, 152, 158, 152, 175, 158, 175, 158], "pitch40_sapp": [202, 202, 202, 202, 214, 214, 208, 208, 208, 202, 197, 191, 191, 197, 191, 197, 191, 214, 197, 214, 197], "octave": [5, 5, 5, 5, 5, 5, 5, 5, 5, 5, 4, 4, 4, 4, 4, 4, 4, 5, 4, 5, 4], "midipitch": [72, 72, 72, 72, 76, 76, 74, 74, 74, 72, 71, 69, 69, 71, 69, 71, 69, 76, 71, 76, 71], "diatonicpitch": [30, 30, 30, 30, 32, 32, 31, 31, 31, 30, 29, 28, 28, 29, 28, 29, 28, 32, 29, 32, 29], "diatonicinterval": [null, 0, 0, 0, 2, 0, -1, 0, 0, -1, -1, -1, 0, 1, -1, 1, -1, 4, -3, 3, -3], "chromaticinterval": [null, 0, 0, 0, 4, 0, -2, 0, 0, -2, -1, -2, 0, 2, -2, 2, -2, 7, -5, 5, -5], "pitchproximity": [null, null, 0, 0, 4, 0, 2, 0, 0, 2, 1, 2, 0, 2, 2, 2, 2, 7, 5, 5, 5], "pitchreversal": [null, null, 0, 0, 0, 0, 0, 0, 0, 0, 0, 0, 0, 0, 1.5, 1.5, 1.5, 0, 2.5, 1.5, 1.5], "nextisrest": [false, false, false, false, false, false, false, false, false, false, false, false, false, false, false, false, false, false, false, false, null], "restduration_frac": [null, null, null, null, null, null, null, null, null, null, null, null, null, null, null, null, null, null, null, null, null], "duration": [0.5, 0.5, 0.5, 0.5, 1.0, 1.0, 0.5, 0.5, 0.5, 0.25, 0.25, 1.0, 1.0, 1.5, 0.5, 1.0, 1.0, 1.5, 0.5, 1.0, 1.0], "duration_frac": ["1/2", "1/2", "1/2", "1/2", "1", "1", "1/2", "1/2", "1/2", "1/4", "1/4", "1", "1", "3/2", "1/2", "1", "1", "3/2", "1/2", "1", "1"], "duration_fullname": ["Eighth", "Eighth", "Eighth", "Eighth", "Quarter", "Quarter", "Eighth", "Eighth", "Eighth", "16th", "16th", "Quarter", "Quarter", "Dotted Quarter", "Eighth", "Quarter", "Quarter", "Dotted Quarter", "Eighth", "Quarter", "Quarter"], "durationcontour": [null, "=", "=", "=", "+", "=", "-", "=", "=", "-", "=", "+", "=", "+", "-", "+", "=", "+", "-", "+", "="], "onsettick": [0, 2, 4, 6, 8, 12, 16, 18, 20, 22, 23, 24, 28, 32, 38, 40, 44, 48, 54, 56, 60], "beatfraction": ["1/2", "1/2", "1/2", "1/2", "1", "1", "1/2", "1/2", "1/2", "1/4", "1/4", "1", "1", "3/2", "1/2", "1", "1", "3/2", "1/2", "1", "1"], "phrasepos": [0.0, 0.07142857142857142, 0.14285714285714285, 0.21428571428571427, 0.2857142857142857, 0.42857142857142855, 0.5714285714285714, 0.6428571428571429, 0.7142857142857143, 0.7857142857142857, 0.8214285714285714, 0.8571428571428571, 1.0, 0.0, 0.21428571428571427, 0.2857142857142857, 0.42857142857142855, 0.5714285714285714, 0.7857142857142857, 0.8571428571428571, 1.0], "phrase_ix": [0, 0, 0, 0, 0, 0, 0, 0, 0, 0, 0, 0, 0, 1, 1, 1, 1, 1, 1, 1, 1], "phrase_end": [false, false, false, false, false, false, false, false, false, false, false, false, true, false, false, false, false, false, false, false, true], "songpos": [0.0, 0.03333333333333333, 0.06666666666666667, 0.1, 0.13333333333333333, 0.2, 0.26666666666666666, 0.3, 0.3333333333333333, 0.36666666666666664, 0.38333333333333336, 0.4, 0.4666666666666667, 0.5333333333333333, 0.6333333333333333, 0.6666666666666666, 0.7333333333333333, 0.8, 0.9, 0.9333333333333333, 1.0], "beatinsong": ["0", "1/2", "1", "3/2", "2", "3", "4", "9/2", "5", "11/2", "23/4", "6", "7", "8", "19/2", "10", "11", "12", "27/2", "14", "15"], "beatinphrase": ["0", "1/2", "1", "3/2", "2", "3", "4", "9/2", "5", "11/2", "23/4", "6", "7", "0", "3/2", "2", "3", "4", "11/2", "6", "7"], "beatinphrase_end": ["-6", "-11/2", "-5", "-9/2", "-4", "-3", "-2", "-3/2", "-1", "-1/2", "-1/4", "0", "1", "-6", "-9/2", "-4", "-3", "-2", "-1/2", "0", "1"], "IOI_frac": ["1/2", "1/2", "1/2", "1/2", "1", "1", "1/2", "1/2", "1/2", "1/4", "1/4", "1", "1", "3/2", "1/2", "1", "1", "3/2", "1/2", "1", null], "IOI": [0.5, 0.5, 0.5, 0.5, 1.0, 1.0, 0.5, 0.5, 0.5, 0.25, 0.25, 1.0, 1.0, 1.5, 0.5, 1.0, 1.0, 1.5, 0.5, 1.0, null], "IOR_frac": [null, "1", "1", "1", "2", "1", "1/2", "1", "1", "1/2", "1", "4", "1", "3/2", "1/3", "2", "1", "3/2", "1/3", "2", null], "IOR": [null, 1.0, 1.0, 1.0, 2.0, 1.0, 0.5, 1.0, 1.0, 0.5, 1.0, 4.0, 1.0, 1.5, 0.3333333333333333, 2.0, 1.0, 1.5, 0.3333333333333333, 2.0, null], "imacontour": [null, "-", "+", "-", "+", "-", "+", "-", "+", "-", "-", "+", "-", "+", "-", "+", "-", "+", "-", "+", "-"], "pitch": ["C5", "C5", "C5", "C5", "E5", "E5", "D5", "D5", "D5", "C5", "B4", "A4", "A4", "B4", "A4", "B4", "A4", "E5", "B4", "E5", "B4"], "contour3": [null, "=", "=", "=", "+", "=", "-", "=", "=", "-", "-", "-", "=", "+", "-", "+", "-", "+", "-", "+", "-"], "contour5": [null, "=", "=", "=", "++", "=", "-", "=", "=", "-", "-", "-", "=", "+", "-", "+", "-", "++", "--", "++", "--"], "beatstrength": [1.0, 0.25, 0.5, 0.25, 1.0, 0.5, 1.0, 0.25, 0.5, 0.25, 0.125, 1.0, 0.5, 1.0, 0.25, 1.0, 0.5, 1.0, 0.25, 1.0, 0.5], "beat_str": ["1", "1", "2", "2", "1", "2", "1", "1", "2", "2", "2", "1", "2", "1", "2", "1", "2", "1", "2", "1", "2"], "beat_fraction_str": ["0", "1/2", "0", "1/2", "0", "0", "0", "1/2", "0", "1/2", "3/4", "0", "0", "0", "1/2", "0", "0", "0", "1/2", "0", "0"], "beat": [1.0, 1.5, 2.0, 2.5, 1.0, 2.0, 1.0, 1.5, 2.0, 2.5, 2.75, 1.0, 2.0, 1.0, 2.5, 1.0, 2.0, 1.0, 2.5, 1.0, 2.0], "timesignature": ["2/4", "2/4", "2/4", "2/4", "2/4", "2/4", "2/4", "2/4", "2/4", "2/4", "2/4", "2/4", "2/4", "2/4", "2/4", "2/4", "2/4", "2/4", "2/4", "2/4", "2/4"], "gpr2a_Frankland": [null, null, null, null, null, null, null, null, null, null, null, null, null, null, null, null, null, null, null, null, null], "gpr2b_Frankland": [null, null, null, null, null, null, null, null, null, null, null, null, null, 0.5, null, null, null, 0.5, null, null, null], "gpr3a_Frankland": [null, null, null, 1.0, null, 1.0, null, null, 0.75, null, 0.75, null, null, null, null, null, 0.5, null, null, null, null], "gpr3d_Frankland": [null, 0.0, null, 0.5, null, 0.5, null, null, 0.5, null, 0.75, null, null, null, null, null, null, null, null, null, null], "gpr_Frankland_sum": [0, 0, 0, 1.5, 0, 1.5, 0, 0, 1.25, 0, 1.5, 0, 0, 0.5, 0, 0, 0.5, 0.5, 0, 0, 0], "lbdm_spitch": [null, 0.0, 0.0, 1.0, 0.0, 0.375, 0.0, 0.0, 0.2625, 0.07500000000000001, 0.2625, 0.0, 0.1875, 0.0, 0.0, 0.17045454545454547, 0.7840909090909091, 0.13392857142857142, 0.0, null, null], "lbdm_sioi": [null, 0.0, 0.0, 0.15873015873015875, 0.3174603174603175, 0.3174603174603175, 0.15873015873015875, 0.0, 0.15873015873015875, 0.07936507936507937, 0.14285714285714288, 0.5714285714285715, 0.19047619047619052, 1.0, 0.39682539682539686, 0.3174603174603175, 0.19047619047619052, 1.0, 0.39682539682539686, null, null], "lbdm_srest": [null, 0.0, 0.0, 0.0, 0.0, 0.0, 0.0, 0.0, 0.0, 0.0, 0.0, 0.0, 0.0, 0.0, 0.0, 0.0, 0.0, 0.0, 0.0, null, null], "lbdm_rpitch": [null, 0.0, 0.0, 0.6666666666666666, 0.6666666666666666, 0.5, 0.5, 0.0, 0.5, 0.2, 0.2, 0.5, 0.5, 0.0, 0.0, 0.0, 0.45454545454545453, 0.14285714285714285, 0.0, 0.0, null],