{"id": "KB5787200001", "tunefamily": "", "year": -1, "tunefamily_full": "", "type": "", "freemeter": false, "origin": "", "features": {"scaledegree": [1, 7, 5, 3, 2, 1, 1, 7, 2, 5, 3, 4, 4, 5, 4, 3, 2, 1, 5, 5, 1], "scaledegreespecifier": ["P", "M", "P", "m", "M", "P", "P", "M", "M", "P", "m", "P", "P", "P", "P", "m", "M", "P", "P", "P", "P"], "tonic": ["A", "A", "A", "A", "A", "A", "A", "A", "A", "A", "A", "A", "A", "A", "A", "A", "A", "A", "A", "A", "A"], "mode": ["minor", "minor", "minor", "minor", "minor", "minor", "minor", "minor", "minor", "minor", "minor", "minor", "minor", "minor", "minor", "minor", "minor", "minor", "minor", "minor", "minor"], "metriccontour": [null, "-", "-", "+", "-", "+", "-", "+", "-", "+", "=", "-", "-", "+", "-", "+", "-", "+", "+", "-", "+"], "imaweight": [0.948905, 0.452555, 0.211679, 0.744526, 0.554745, 0.766423, 0.364964, 0.532847, 0.306569, 1.0, 0.540146, 0.430657, 0.182482, 0.50365, 0.364964, 0.686131, 0.0583942, 0.277372, 0.364964, 0.343066, 0.627737], "imaweight_spectral": [1.0, 0.657754, 0.459893, 0.828877, 0.71123, 0.84492, 0.465241, 0.609626, 0.486631, 0.951872, 0.871658, 0.855615, 0.395722, 0.84492, 0.417112, 0.930481, 0.0427807, 0.331551, 0.652406, 0.486631, 0.84492], "pitch40_hewlett": [152, 147, 135, 163, 158, 152, 152, 147, 158, 135, 163, 169, 169, 175, 169, 163, 158, 152, 175, 175, 152], "pitch40_sapp": [191, 186, 174, 202, 197, 191, 191, 186, 197, 174, 202, 208, 208, 214, 208, 202, 197, 191, 214, 214, 191], "octave": [4, 4, 4, 5, 4, 4, 4, 4, 4, 4, 5, 5, 5, 5, 5, 5, 4, 4, 5, 5, 4], "midipitch": [69, 68, 64, 72, 71, 69, 69, 68, 71, 64, 72, 74, 74, 76, 74, 72, 71, 69, 76, 76, 69], "diatonicpitch": [28, 27, 25, 30, 29, 28, 28, 27, 29, 25, 30, 31, 31, 32, 31, 30, 29, 28, 32, 32, 28], "diatonicinterval": [null, -1, -2, 5, -1, -1, 0, -1, 2, -4, 5, 1, 0, 1, -1, -1, -1, -1, 4, 0, -4], "chromaticinterval": [null, -1, -4, 8, -1, -2, 0, -1, 3, -7, 8, 2, 0, 2, -2, -2, -1, -2, 7, 0, -7], "pitchproximity": [null, null, 4, 8, 1, 2, 0, 1, 3, 7, 8, 2, 0, 2, 2, 2, 1, 2, 7, 0, 7], "pitchreversal": [null, null, 0, 0, 1, 0, 0, 0, 1.5, 0, 2.5, -1, 0, 0, 1.5, 0, 0, 0, 0, 1, 0], "nextisrest": [false, false, false, false, false, false, false, false, false, false, false, false, false, false, false, false, false, false, false, false, null], "restduration_frac": [null, null, null, null, null, null, null, null, null, null, null, null, null, null, null, null, null, null, null, null, null], "duration": [1.0, 0.5, 0.5, 1.0, 1.0, 0.5, 0.5, 0.5, 0.5, 2.0, 1.0, 0.5, 0.5, 1.5, 0.5, 0.25, 0.25, 0.5, 0.5, 0.5, 2.0], "duration_frac": ["1", "1/2", "1/2", "1", "1", "1/2", "1/2", "1/2", "1/2", "2", "1", "1/2", "1/2", "3/2", "1/2", "1/4", "1/4", "1/2", "1/2", "1/2", "2"], "duration_fullname": ["Quarter", "Eighth", "Eighth", "Quarter", "Quarter", "Eighth", "Eighth", "Eighth", "Eighth", "Half", "Quarter", "Eighth", "Eighth", "Dotted Quarter", "Eighth", "16th", "16th", "Eighth", "Eighth", "Eighth", "Half"], "durationcontour": [null, "-", "=", "+", "=", "-", "=", "=", "=", "+", "-", "-", "=", "+", "-", "-", "=", "+", "=", "=", "+"], "onsettick": [0, 4, 6, 8, 12, 16, 18, 20, 22, 24, 32, 36, 38, 40, 46, 48, 49, 50, 52, 54, 56], "beatfraction": ["1", "1/2", "1/2", "1", "1", "1/2", "1/2", "1/2", "1/2", "2", "1", "1/2", "1/2", "3/2", "1/2", "1/4", "1/4", "1/2", "1/2", "1/2", "2"], "phrasepos": [0.0, 0.16666666666666666, 0.25, 0.3333333333333333, 0.5, 0.6666666666666666, 0.75, 0.8333333333333334, 0.9166666666666666, 1.0, 0.0, 0.16666666666666666, 0.25, 0.3333333333333333, 0.5833333333333334, 0.6666666666666666, 0.7083333333333334, 0.75, 0.8333333333333334, 0.9166666666666666, 1.0], "phrase_ix": [0, 0, 0, 0, 0, 0, 0, 0, 0, 0, 1, 1, 1, 1, 1, 1, 1, 1, 1, 1, 1], "phrase_end": [false, false, false, false, false, false, false, false, false, true, false, false, false, false, false, false, false, false, false, false, true], "songpos": [0.0, 0.07142857142857142, 0.10714285714285714, 0.14285714285714285, 0.21428571428571427, 0.2857142857142857, 0.32142857142857145, 0.35714285714285715, 0.39285714285714285, 0.42857142857142855, 0.5714285714285714, 0.6428571428571429, 0.6785714285714286, 0.7142857142857143, 0.8214285714285714, 0.8571428571428571, 0.875, 0.8928571428571429, 0.9285714285714286, 0.9642857142857143, 1.0], "beatinsong": ["0", "1", "3/2", "2", "3", "4", "9/2", "5", "11/2", "6", "8", "9", "19/2", "10", "23/2", "12", "49/4", "25/2", "13", "27/2", "14"], "beatinphrase": ["0", "1", "3/2", "2", "3", "4", "9/2", "5", "11/2", "6", "0", "1", "3/2", "2", "7/2", "4", "17/4", "9/2", "5", "11/2", "6"], "beatinphrase_end": ["-6", "-5", "-9/2", "-4", "-3", "-2", "-3/2", "-1", "-1/2", "0", "-6", "-5", "-9/2", "-4", "-5/2", "-2", "-7/4", "-3/2", "-1", "-1/2", "0"], "IOI_frac": ["1", "1/2", "1/2", "1", "1", "1/2", "1/2", "1/2", "1/2", "2", "1", "1/2", "1/2", "3/2", "1/2", "1/4", "1/4", "1/2", "1/2", "1/2", null], "IOI": [1.0, 0.5, 0.5, 1.0, 1.0, 0.5, 0.5, 0.5, 0.5, 2.0, 1.0, 0.5, 0.5, 1.5, 0.5, 0.25, 0.25, 0.5, 0.5, 0.5, null], "IOR_frac": [null, "1/2", "1", "2", "1", "1/2", "1", "1", "1", "4", "1/2", "1/2", "1", "3", "1/3", "1/2", "1", "2", "1", "1", null], "IOR": [null, 0.5, 1.0, 2.0, 1.0, 0.5, 1.0, 1.0, 1.0, 4.0, 0.5, 0.5, 1.0, 3.0, 0.3333333333333333, 0.5, 1.0, 2.0, 1.0, 1.0, null], "imacontour": [null, "-", "-", "+", "-", "+", "-", "+", "-", "+", "-", "-", "-", "+", "-", "+", "-", "+", "+", "-", "+"], "pitch": ["A4", "G#4", "E4", "C5", "B4", "A4", "A4", "G#4", "B4", "E4", "C5", "D5", "D5", "E5", "D5", "C5", "B4", "A4", "E5", "E5", "A4"], "contour3": [null, "-", "-", "+", "-", "-", "=", "-", "+", "-", "+", "+", "=", "+", "-", "-", "-", "-", "+", "=", "-"], "contour5": [null, "-", "--", "++", "-", "-", "=", "-", "++", "--", "++", "+", "=", "+", "-", "-", "-", "-", "++", "=", "--"], "beatstrength": [1.0, 0.5, 0.25, 1.0, 0.5, 1.0, 0.25, 0.5, 0.25, 1.0, 1.0, 0.5, 0.25, 1.0, 0.25, 1.0, 0.125, 0.25, 0.5, 0.25, 1.0], "beat_str": ["1", "2", "2", "1", "2", "1", "1", "2", "2", "1", "1", "2", "2", "1", "2", "1", "1", "1", "2", "2", "1"], "beat_fraction_str": ["0", "0", "1/2", "0", "0", "0", "1/2", "0", "1/2", "0", "0", "0", "1/2", "0", "1/2", "0", "1/4", "1/2", "0", "1/2", "0"], "beat": [1.0, 2.0, 2.5, 1.0, 2.0, 1.0, 1.5, 2.0, 2.5, 1.0, 1.0, 2.0, 2.5, 1.0, 2.5, 1.0, 1.25, 1.5, 2.0, 2.5, 1.0], "timesignature": ["2/4", "2/4", "2/4", "2/4", "2/4", "2/4", "2/4", "2/4", "2/4", "2/4", "2/4", "2/4", "2/4", "2/4", "2/4", "2/4", "2/4", "2/4", "2/4", "2/4", "2/4"], "gpr2a_Frankland": [null, null, null, null, null, null, null, null, null, null, null, null, null, null, null, null, null, null, null, null, null], "gpr2b_Frankland": [null, null, null, null, null, null, null, null, null, 0.625, null, null, null, 0.6666666666666667, null, null, null, null, null, null, null], "gpr3a_Frankland": [null, null, 0.6875, null, 0.75, null, null, null, null, 0.4375, null, null, null, null, null, null, null, 0.8571428571428572, null, null, null], "gpr3d_Frankland": [null, null, 0.5, null, 0.5, null, 0.0, null, null, null, null, null, null, null, null, null, 0.5, null, null, null, null], "gpr_Frankland_sum": [0, 0, 1.1875, 0, 1.25, 0, 0, 0, 0, 1.0625, 0, 0, 0, 0.6666666666666667, 0, 0, 0.5, 0.8571428571428572, 0, 0, 0], "lbdm_spitch": [null, 0.33121445299431246, 0.8551354968216794, 0.09695550351288057, 0.1622950819672131, 0.0, 0.07728337236533957, 0.23185011709601874, 0.31822565091610416, 0.5182532029205125, 0.23185011709601874, 0.0, 0.11592505854800937, 0.0, 0.04637002341920375, 0.04637002341920375, 0.15175644028103044, 1.0, 0.0, null, null], "lbdm_sioi": [null, 0.08928571428571427, 0.08928571428571427, 0.17857142857142855, 0.17857142857142855, 0.08928571428571427, 0.0, 0.0, 0.1607142857142857, 1.0, 0.3571428571428571, 0.08928571428571427, 0.13392857142857142, 0.8035714285714286, 0.2232142857142857, 0.04464285714285714, 0.04464285714285714, 0.08928571428571427, 0.0, null, null], "lbdm_srest": [null, 0.0, 0.0, 0.0, 0.0, 0.0, 0.0, 0.0, 0.0, 0.0, 0.0, 0.0, 0.0, 0.0, 0.0, 0.0, 0.0, 0.0, 0.0, null, null],