{"id": "KB5787500001", "tunefamily": "", "year": -1, "tunefamily_full": "", "type": "", "freemeter": false, "origin": "", "features": {"scaledegree": [1, 4, 4, 3, 2, 1, 1, 7, 2, 5, 3, 4, 6, 5, 4, 3, 3, 2, 5, 1], "scaledegreespecifier": ["P", "P", "P", "m", "M", "P", "P", "M", "M", "P", "m", "P", "m", "P", "P", "m", "m", "M", "P", "P"], "tonic": ["G", "G", "G", "G", "G", "G", "G", "G", "G", "G", "G", "G", "G", "G", "G", "G", "G", "G", "G", "G"], "mode": ["minor", "minor", "minor", "minor", "minor", "minor", "minor", "minor", "minor", "minor", "minor", "minor", "minor", "minor", "minor", "minor", "minor", "minor", "minor", "minor"], "metriccontour": [null, "-", "-", "+", "-", "+", "-", "+", "-", "+", "+", "-", "-", "+", "-", "+", "-", "+", "-", "+"], "imaweight": [0.767442, 0.395349, 0.197674, 0.860465, 0.476744, 0.906977, 0.5, 0.581395, 0.593023, 1.0, 0.813953, 0.546512, 0.290698, 0.802326, 0.534884, 0.906977, 0.44186, 0.488372, 0.546512, 1.0], "imaweight_spectral": [0.970588, 0.705882, 0.580882, 0.970588, 0.573529, 0.933824, 0.558824, 0.669118, 0.676471, 0.933824, 1.0, 0.772059, 0.639706, 0.933824, 0.610294, 0.875, 0.551471, 0.610294, 0.647059, 0.992647], "pitch40_hewlett": [146, 163, 163, 157, 152, 146, 146, 141, 152, 129, 157, 163, 174, 169, 163, 157, 157, 152, 169, 146], "pitch40_sapp": [185, 202, 202, 196, 191, 185, 185, 180, 191, 168, 196, 202, 213, 208, 202, 196, 196, 191, 208, 185], "octave": [4, 5, 5, 4, 4, 4, 4, 4, 4, 4, 4, 5, 5, 5, 5, 4, 4, 4, 5, 4], "midipitch": [67, 72, 72, 70, 69, 67, 67, 66, 69, 62, 70, 72, 75, 74, 72, 70, 70, 69, 74, 67], "diatonicpitch": [28, 31, 31, 30, 29, 28, 28, 27, 29, 25, 30, 31, 33, 32, 31, 30, 30, 29, 32, 28], "diatonicinterval": [null, 3, 0, -1, -1, -1, 0, -1, 2, -4, 5, 1, 2, -1, -1, -1, 0, -1, 3, -4], "chromaticinterval": [null, 5, 0, -2, -1, -2, 0, -1, 3, -7, 8, 2, 3, -1, -2, -2, 0, -1, 5, -7], "pitchproximity": [null, null, 0, 2, 1, 2, 0, 1, 3, 7, 8, 2, 3, 1, 2, 2, 0, 1, 5, 7], "pitchreversal": [null, null, 0, 0, 0, 0, 0, 0, 1.5, 0, 2.5, -1, 0, 1.5, 0, 0, 0, 0, 0, 1.5], "nextisrest": [false, false, false, false, false, false, false, false, false, false, false, false, false, false, false, false, false, false, false, null], "restduration_frac": [null, null, null, null, null, null, null, null, null, null, null, null, null, null, null, null, null, null, null, null], "duration": [1.0, 0.5, 0.5, 1.5, 0.5, 0.5, 0.5, 0.5, 0.5, 2.0, 1.0, 0.5, 0.5, 1.5, 0.5, 0.5, 0.5, 0.5, 0.5, 2.0], "duration_frac": ["1", "1/2", "1/2", "3/2", "1/2", "1/2", "1/2", "1/2", "1/2", "2", "1", "1/2", "1/2", "3/2", "1/2", "1/2", "1/2", "1/2", "1/2", "2"], "duration_fullname": ["Quarter", "Eighth", "Eighth", "Dotted Quarter", "Eighth", "Eighth", "Eighth", "Eighth", "Eighth", "Half", "Quarter", "Eighth", "Eighth", "Dotted Quarter", "Eighth", "Eighth", "Eighth", "Eighth", "Eighth", "Half"], "durationcontour": [null, "-", "=", "+", "-", "=", "=", "=", "=", "+", "-", "-", "=", "+", "-", "=", "=", "=", "=", "+"], "onsettick": [0, 2, 3, 4, 7, 8, 9, 10, 11, 12, 16, 18, 19, 20, 23, 24, 25, 26, 27, 28], "beatfraction": ["1", "1/2", "1/2", "3/2", "1/2", "1/2", "1/2", "1/2", "1/2", "2", "1", "1/2", "1/2", "3/2", "1/2", "1/2", "1/2", "1/2", "1/2", "2"], "phrasepos": [0.0, 0.16666666666666666, 0.25, 0.3333333333333333, 0.5833333333333334, 0.6666666666666666, 0.75, 0.8333333333333334, 0.9166666666666666, 1.0, 0.0, 0.16666666666666666, 0.25, 0.3333333333333333, 0.5833333333333334, 0.6666666666666666, 0.75, 0.8333333333333334, 0.9166666666666666, 1.0], "phrase_ix": [0, 0, 0, 0, 0, 0, 0, 0, 0, 0, 1, 1, 1, 1, 1, 1, 1, 1, 1, 1], "phrase_end": [false, false, false, false, false, false, false, false, false, true, false, false, false, false, false, false, false, false, false, true], "songpos": [0.0, 0.07142857142857142, 0.10714285714285714, 0.14285714285714285, 0.25, 0.2857142857142857, 0.32142857142857145, 0.35714285714285715, 0.39285714285714285, 0.42857142857142855, 0.5714285714285714, 0.6428571428571429, 0.6785714285714286, 0.7142857142857143, 0.8214285714285714, 0.8571428571428571, 0.8928571428571429, 0.9285714285714286, 0.9642857142857143, 1.0], "beatinsong": ["0", "1", "3/2", "2", "7/2", "4", "9/2", "5", "11/2", "6", "8", "9", "19/2", "10", "23/2", "12", "25/2", "13", "27/2", "14"], "beatinphrase": ["0", "1", "3/2", "2", "7/2", "4", "9/2", "5", "11/2", "6", "0", "1", "3/2", "2", "7/2", "4", "9/2", "5", "11/2", "6"], "beatinphrase_end": ["-4", "-3", "-5/2", "-2", "-1/2", "0", "1/2", "1", "3/2", "2", "-4", "-3", "-5/2", "-2", "-1/2", "0", "1/2", "1", "3/2", "2"], "IOI_frac": ["1", "1/2", "1/2", "3/2", "1/2", "1/2", "1/2", "1/2", "1/2", "2", "1", "1/2", "1/2", "3/2", "1/2", "1/2", "1/2", "1/2", "1/2", null], "IOI": [1.0, 0.5, 0.5, 1.5, 0.5, 0.5, 0.5, 0.5, 0.5, 2.0, 1.0, 0.5, 0.5, 1.5, 0.5, 0.5, 0.5, 0.5, 0.5, null], "IOR_frac": [null, "1/2", "1", "3", "1/3", "1", "1", "1", "1", "4", "1/2", "1/2", "1", "3", "1/3", "1", "1", "1", "1", null], "IOR": [null, 0.5, 1.0, 3.0, 0.3333333333333333, 1.0, 1.0, 1.0, 1.0, 4.0, 0.5, 0.5, 1.0, 3.0, 0.3333333333333333, 1.0, 1.0, 1.0, 1.0, null], "imacontour": [null, "-", "-", "+", "-", "+", "-", "+", "+", "+", "-", "-", "-", "+", "-", "+", "-", "+", "+", "+"], "pitch": ["G4", "C5", "C5", "B-4", "A4", "G4", "G4", "F#4", "A4", "D4", "B-4", "C5", "E-5", "D5", "C5", "B-4", "B-4", "A4", "D5", "G4"], "contour3": [null, "+", "=", "-", "-", "-", "=", "-", "+", "-", "+", "+", "+", "-", "-", "-", "=", "-", "+", "-"], "contour5": [null, "++", "=", "-", "-", "-", "=", "-", "++", "--", "++", "+", "++", "-", "-", "-", "=", "-", "++", "--"], "beatstrength": [1.0, 0.25, 0.125, 0.5, 0.125, 1.0, 0.125, 0.25, 0.125, 0.5, 1.0, 0.25, 0.125, 0.5, 0.125, 1.0, 0.125, 0.25, 0.125, 0.5], "beat_str": ["1", "2", "2", "3", "4", "1", "1", "2", "2", "3", "1", "2", "2", "3", "4", "1", "1", "2", "2", "3"], "beat_fraction_str": ["0", "0", "1/2", "0", "1/2", "0", "1/2", "0", "1/2", "0", "0", "0", "1/2", "0", "1/2", "0", "1/2", "0", "1/2", "0"], "beat": [1.0, 2.0, 2.5, 3.0, 4.5, 1.0, 1.5, 2.0, 2.5, 3.0, 1.0, 2.0, 2.5, 3.0, 4.5, 1.0, 1.5, 2.0, 2.5, 3.0], "timesignature": ["4/4", "4/4", "4/4", "4/4", "4/4", "4/4", "4/4", "4/4", "4/4", "4/4", "4/4", "4/4", "4/4", "4/4", "4/4", "4/4", "4/4", "4/4", "4/4", "4/4"], "gpr2a_Frankland": [null, null, null, null, null, null, null, null, null, null, null, null, null, null, null, null, null, null, null, null], "gpr2b_Frankland": [null, null, null, 0.6666666666666667, null, null, null, null, null, 0.625, null, null, null, 0.6666666666666667, null, null, null, null, null, null], "gpr3a_Frankland": [null, null, 0.75, null, 0.75, null, null, null, null, 0.4375, null, 0.5, null, null, null, null, null, null, null, null], "gpr3d_Frankland": [null, null, null, null, null, 0.0, 0.0, null, null, null, null, null, null, null, null, 0.0, 0.0, null, null, null], "gpr_Frankland_sum": [0, 0, 0.75, 0.6666666666666667, 0.75, 0, 0, 0, 0, 1.0625, 0, 0.5, 0, 0.6666666666666667, 0, 0, 0, 0, 0, 0], "lbdm_spitch": [null, 0.0, 0.3131578947368421, 0.08947368421052632, 0.3131578947368421, 0.0, 0.14912280701754385, 0.4473684210526316, 0.6140350877192983, 1.0, 0.28759398496240596, 0.3195488721804511, 0.11929824561403508, 0.08947368421052632, 0.2236842105263158, 0.0, 0.1864035087719298, 0.718984962406015, null, null], "lbdm_sioi": [null, 0.08928571428571427, 0.13392857142857142, 0.8035714285714286, 0.13392857142857142, 0.0, 0.0, 0.0, 0.1607142857142857, 1.0, 0.3571428571428571, 0.08928571428571427, 0.13392857142857142, 0.8035714285714286, 0.13392857142857142, 0.0, 0.0, 0.0, null, null], "lbdm_srest": [null, 0.0, 0.0, 0.0, 0.0, 0.0, 0.0, 0.0, 0.0, 0.0, 0.0, 0.0, 0.0, 0.0, 0.0, 0.0, 0.0, 0.0, null, null], "lbdm_rpitch": [null, 0.7142857142857143, 0.5, 0.2, 0.2, 0.5, 0.3333333333333333, 0.3333333333333333, 0.3333333333333333, 0.058823529411764705, 0.5, 0.14285714285714285, 0.3333333333333333, 0.2, 0.0, 0.5, 0.3333333333333333, 0.5, 0.14285714285714285, null],