{"id": "KB57145500001", "tunefamily": "", "year": -1, "tunefamily_full": "", "type": "", "freemeter": false, "origin": "", "features": {"scaledegree": [1, 3, 1, 1, 1, 3, 1, 1, 1, 3, 3, 4, 5, 4, 4, 5, 3, 7, 1], "scaledegreespecifier": ["P", "m", "P", "P", "P", "m", "P", "P", "P", "m", "m", "P", "P", "P", "P", "P", "m", "M", "P"], "tonic": ["A", "A", "A", "A", "A", "A", "A", "A", "A", "A", "A", "A", "A", "A", "A", "A", "A", "A", "A"], "mode": ["minor", "minor", "minor", "minor", "minor", "minor", "minor", "minor", "minor", "minor", "minor", "minor", "minor", "minor", "minor", "minor", "minor", "minor", "minor"], "metriccontour": [null, "-", "+", "-", "+", "-", "+", "-", "+", "-", "+", "-", "+", "-", "+", "-", "+", "-", "+"], "imaweight": [0.801887, 0.273585, 0.764151, 0.396226, 0.849057, 0.273585, 0.764151, 0.443396, 0.886792, 0.396226, 0.849057, 0.59434, 0.915094, 0.518868, 0.801887, 0.311321, 1.0, 0.160377, 0.849057], "imaweight_spectral": [1.0, 0.268293, 0.691057, 0.577236, 0.894309, 0.268293, 0.691057, 0.544715, 0.926829, 0.373984, 0.764228, 0.544715, 0.821138, 0.447154, 0.691057, 0.471545, 0.894309, 0.373984, 0.764228], "pitch40_hewlett": [152, 163, 152, 152, 152, 163, 152, 152, 152, 163, 163, 169, 175, 169, 169, 175, 163, 147, 152], "pitch40_sapp": [191, 202, 191, 191, 191, 202, 191, 191, 191, 202, 202, 208, 214, 208, 208, 214, 202, 186, 191], "octave": [4, 5, 4, 4, 4, 5, 4, 4, 4, 5, 5, 5, 5, 5, 5, 5, 5, 4, 4], "midipitch": [69, 72, 69, 69, 69, 72, 69, 69, 69, 72, 72, 74, 76, 74, 74, 76, 72, 68, 69], "diatonicpitch": [28, 30, 28, 28, 28, 30, 28, 28, 28, 30, 30, 31, 32, 31, 31, 32, 30, 27, 28], "diatonicinterval": [null, 2, -2, 0, 0, 2, -2, 0, 0, 2, 0, 1, 1, -1, 0, 1, -2, -3, 1], "chromaticinterval": [null, 3, -3, 0, 0, 3, -3, 0, 0, 3, 0, 2, 2, -2, 0, 2, -4, -4, 1], "pitchproximity": [null, null, 3, 0, 0, 3, 3, 0, 0, 3, 0, 2, 2, 2, 0, 2, 4, 4, 1], "pitchreversal": [null, null, 1.5, 0, 0, 0, 1.5, 0, 0, 0, 0, 0, 0, 1.5, 0, 0, 1.5, 0, 0], "nextisrest": [false, false, false, false, false, false, false, false, false, false, false, false, false, false, false, false, false, false, null], "restduration_frac": [null, null, null, null, null, null, null, null, null, null, null, null, null, null, null, null, null, null, null], "duration": [0.5, 1.0, 0.5, 1.0, 0.5, 1.0, 0.5, 1.0, 0.5, 1.0, 0.5, 1.0, 1.0, 0.5, 0.5, 1.0, 0.5, 1.0, 1.5], "duration_frac": ["1/2", "1", "1/2", "1", "1/2", "1", "1/2", "1", "1/2", "1", "1/2", "1", "1", "1/2", "1/2", "1", "1/2", "1", "3/2"], "duration_fullname": ["Eighth", "Quarter", "Eighth", "Quarter", "Eighth", "Quarter", "Eighth", "Quarter", "Eighth", "Quarter", "Eighth", "Quarter", "Quarter", "Eighth", "Eighth", "Quarter", "Eighth", "Quarter", "Dotted Quarter"], "durationcontour": [null, "+", "-", "+", "-", "+", "-", "+", "-", "+", "-", "+", "=", "-", "=", "+", "-", "+", "+"], "onsettick": [0, 1, 3, 4, 6, 7, 9, 10, 12, 13, 15, 16, 18, 20, 21, 22, 24, 25, 27], "beatfraction": ["1/3", "2/3", "1/3", "2/3", "1/3", "2/3", "1/3", "2/3", "1/3", "2/3", "1/3", "2/3", "2/3", "1/3", "1/3", "2/3", "1/3", "2/3", "1"], "phrasepos": [0.0, 0.1, 0.3, 0.4, 0.6, 0.7, 0.9, 1.0, 0.0, 0.125, 0.375, 0.5, 0.75, 1.0, 0.0, 0.16666666666666666, 0.5, 0.6666666666666666, 1.0], "phrase_ix": [0, 0, 0, 0, 0, 0, 0, 0, 1, 1, 1, 1, 1, 1, 2, 2, 2, 2, 2], "phrase_end": [false, false, false, false, false, false, false, true, false, false, false, false, false, true, false, false, false, false, true], "songpos": [0.0, 0.037037037037037035, 0.1111111111111111, 0.14814814814814814, 0.2222222222222222, 0.25925925925925924, 0.3333333333333333, 0.37037037037037035, 0.4444444444444444, 0.48148148148148145, 0.5555555555555556, 0.5925925925925926, 0.6666666666666666, 0.7407407407407407, 0.7777777777777778, 0.8148148148148148, 0.8888888888888888, 0.9259259259259259, 1.0], "beatinsong": ["0", "1/3", "1", "4/3", "2", "7/3", "3", "10/3", "4", "13/3", "5", "16/3", "6", "20/3", "7", "22/3", "8", "25/3", "9"], "beatinphrase": ["0", "1/3", "1", "4/3", "2", "7/3", "3", "10/3", "0", "1/3", "1", "4/3", "2", "8/3", "0", "1/3", "1", "4/3", "2"], "beatinphrase_end": ["-3", "-8/3", "-2", "-5/3", "-1", "-2/3", "0", "1/3", "-2", "-5/3", "-1", "-2/3", "0", "2/3", "-2", "-5/3", "-1", "-2/3", "0"], "IOI_frac": ["1/2", "1", "1/2", "1", "1/2", "1", "1/2", "1", "1/2", "1", "1/2", "1", "1", "1/2", "1/2", "1", "1/2", "1", null], "IOI": [0.5, 1.0, 0.5, 1.0, 0.5, 1.0, 0.5, 1.0, 0.5, 1.0, 0.5, 1.0, 1.0, 0.5, 0.5, 1.0, 0.5, 1.0, null], "IOR_frac": [null, "2", "1/2", "2", "1/2", "2", "1/2", "2", "1/2", "2", "1/2", "2", "1", "1/2", "1", "2", "1/2", "2", null], "IOR": [null, 2.0, 0.5, 2.0, 0.5, 2.0, 0.5, 2.0, 0.5, 2.0, 0.5, 2.0, 1.0, 0.5, 1.0, 2.0, 0.5, 2.0, null], "imacontour": [null, "-", "+", "-", "+", "-", "+", "-", "+", "-", "+", "-", "+", "-", "+", "-", "+", "-", "+"], "pitch": ["A4", "C5", "A4", "A4", "A4", "C5", "A4", "A4", "A4", "C5", "C5", "D5", "E5", "D5", "D5", "E5", "C5", "G#4", "A4"], "contour3": [null, "+", "-", "=", "=", "+", "-", "=", "=", "+", "=", "+", "+", "-", "=", "+", "-", "-", "+"], "contour5": [null, "++", "--", "=", "=", "++", "--", "=", "=", "++", "=", "+", "+", "-", "=", "+", "--", "--", "+"], "beatstrength": [1.0, 0.5, 1.0, 0.5, 1.0, 0.5, 1.0, 0.5, 1.0, 0.5, 1.0, 0.5, 1.0, 0.5, 1.0, 0.5, 1.0, 0.5, 1.0], "beat_str": ["1", "1", "1", "1", "1", "1", "1", "1", "1", "1", "1", "1", "1", "1", "1", "1", "1", "1", "1"], "beat_fraction_str": ["0", "1/3", "0", "1/3", "0", "1/3", "0", "1/3", "0", "1/3", "0", "1/3", "0", "2/3", "0", "1/3", "0", "1/3", "0"], "beat": [1.0, 1.3333333333333333, 1.0, 1.3333333333333333, 1.0, 1.3333333333333333, 1.0, 1.3333333333333333, 1.0, 1.3333333333333333, 1.0, 1.3333333333333333, 1.0, 1.6666666666666667, 1.0, 1.3333333333333333, 1.0, 1.3333333333333333, 1.0], "timesignature": ["3/8", "3/8", "3/8", "3/8", "3/8", "3/8", "3/8", "3/8", "3/8", "3/8", "3/8", "3/8", "3/8", "3/8", "3/8", "3/8", "3/8", "3/8", "3/8"], "gpr2a_Frankland": [null, null, null, null, null, null, null, null, null, null, null, null, null, null, null, null, null, null, null], "gpr2b_Frankland": [null, 0.5, null, 0.5, null, 0.5, null, 0.5, null, 0.5, null, null, null, null, null, 0.5, null, null, null], "gpr3a_Frankland": [null, null, null, null, null, null, null, null, 1.0, null, null, null, null, null, null, null, null, null, null], "gpr3d_Frankland": [null, null, null, null, null, null, null, null, null, null, null, null, 0.5, null, null, null, null, null, null], "gpr_Frankland_sum": [0, 0.5, 0, 0.5, 0, 0.5, 0, 0.5, 1.0, 0.5, 0, 0, 0.5, 0, 0, 0.5, 0, 0, 0], "lbdm_spitch": [null, 0.5, 0.0, 0.0, 0.5, 0.5, 0.0, 0.0, 1.0, 0.0, 0.2777777777777778, 0.0, 0.2777777777777778, 0.0, 0.4166666666666667, 0.2777777777777778, 0.4761904761904762, null, null], "lbdm_sioi": [null, 1.0, 0.5, 1.0, 0.5, 1.0, 0.5, 1.0, 0.5, 1.0, 0.5, 0.5, 0.5, 0.25, 0.25, 1.0, 0.5, null, null], "lbdm_srest": [null, 0.0, 0.0, 0.0, 0.0, 0.0, 0.0, 0.0, 0.0, 0.0, 0.0, 0.0, 0.0, 0.0, 0.0, 0.0, 0.0, null, null], "lbdm_rpitch": [null, 0.0, 0.6, 0.0, 0.6, 0.0, 0.6, 0.0, 0.6, 0.6, 0.5, 0.0, 0.0, 0.5, 0.5, 0.25, 0.0, 0.42857142857142855, null], "lbdm_rioi": [null, 0.3333333333333333, 0.3333333333333333, 0.3333333333333333, 0.3333333333333333, 0.3333333333333333, 0.3333333333333333, 0.3333333333333333, 0.3333333333333333, 0.3333333333333333, 0.3333333333333333, 0.3333333333333333, 0.0, 0.3333333333333333, 0.0, 0.3333333333333333, 0.3333333333333333, 0.3333333333333333, null], "lbdm_rrest": [null, 0.0, 0.0, 0.0, 0.0, 0.0, 0.0, 0.0, 0.0, 0.0, 0.0, 0.0, 0.0, 0.0, 0.0, 0.0, 0.0, 0.0, null], "lbdm_boundarystrength": [null, 0.625, 0.25, 0.5, 0.375, 0.625, 0.25, 0.5, 0.5, 0.5, 0.3194444444444444, 0.25, 0.3194444444444444, 0.125, 0.22916666666666669, 0.5694444444444444, 0.36904761904761907, null, null]}}
