{"id": "KB57174200000", "tunefamily": "", "year": -1, "tunefamily_full": "", "type": "", "freemeter": false, "origin": "", "features": {"scaledegree": [1, 1, 1, 1, 5, 1, 1, 3, 2, 5, 1, 1, 3, 2, 1], "scaledegreespecifier": ["P", "P", "P", "P", "P", "P", "P", "m", "M", "P", "P", "P", "m", "M", "P"], "tonic": ["A", "A", "A", "A", "A", "A", "A", "A", "A", "A", "A", "A", "A", "A", "A"], "mode": ["minor", "minor", "minor", "minor", "minor", "minor", "minor", "minor", "minor", "minor", "minor", "minor", "minor", "minor", "minor"], "metriccontour": [null, "-", "+", "-", "+", "=", "-", "+", "-", "+", "=", "-", "+", "-", "+"], "imaweight": [1.0, 0.489796, 0.571429, 0.489796, 1.0, 0.836735, 0.571429, 0.734694, 0.571429, 0.836735, 1.0, 0.489796, 0.571429, 0.489796, 1.0], "imaweight_spectral": [1.0, 0.691358, 0.740741, 0.691358, 1.0, 0.901235, 0.740741, 0.839506, 0.740741, 0.901235, 1.0, 0.691358, 0.740741, 0.691358, 1.0], "pitch40_hewlett": [152, 152, 152, 152, 175, 152, 152, 163, 158, 175, 152, 152, 163, 158, 152], "pitch40_sapp": [191, 191, 191, 191, 214, 191, 191, 202, 197, 214, 191, 191, 202, 197, 191], "octave": [4, 4, 4, 4, 5, 4, 4, 5, 4, 5, 4, 4, 5, 4, 4], "midipitch": [69, 69, 69, 69, 76, 69, 69, 72, 71, 76, 69, 69, 72, 71, 69], "diatonicpitch": [28, 28, 28, 28, 32, 28, 28, 30, 29, 32, 28, 28, 30, 29, 28], "diatonicinterval": [null, 0, 0, 0, 4, -4, 0, 2, -1, 3, -4, 0, 2, -1, -1], "chromaticinterval": [null, 0, 0, 0, 7, -7, 0, 3, -1, 5, -7, 0, 3, -1, -2], "pitchproximity": [null, null, 0, 0, 7, 7, 0, 3, 1, 5, 7, 0, 3, 1, 2], "pitchreversal": [null, null, 0, 0, 0, 2.5, 1, 0, 1.5, 0, 1.5, 1, 0, 1.5, 0], "nextisrest": [false, false, false, false, false, false, false, false, false, false, false, false, false, false, null], "restduration_frac": [null, null, null, null, null, null, null, null, null, null, null, null, null, null, null], "duration": [0.5, 0.5, 0.5, 0.5, 2.0, 0.5, 0.5, 0.5, 0.5, 2.0, 0.5, 0.5, 0.5, 0.5, 2.0], "duration_frac": ["1/2", "1/2", "1/2", "1/2", "2", "1/2", "1/2", "1/2", "1/2", "2", "1/2", "1/2", "1/2", "1/2", "2"], "duration_fullname": ["Eighth", "Eighth", "Eighth", "Eighth", "Half", "Eighth", "Eighth", "Eighth", "Eighth", "Half", "Eighth", "Eighth", "Eighth", "Eighth", "Half"], "durationcontour": [null, "=", "=", "=", "+", "-", "=", "=", "=", "+", "-", "=", "=", "=", "+"], "onsettick": [0, 1, 2, 3, 4, 8, 9, 10, 11, 12, 16, 17, 18, 19, 20], "beatfraction": ["1/2", "1/2", "1/2", "1/2", "2", "1/2", "1/2", "1/2", "1/2", "2", "1/2", "1/2", "1/2", "1/2", "2"], "phrasepos": [0.0, 0.25, 0.5, 0.75, 1.0, 0.0, 0.25, 0.5, 0.75, 1.0, 0.0, 0.25, 0.5, 0.75, 1.0], "phrase_ix": [0, 0, 0, 0, 0, 1, 1, 1, 1, 1, 2, 2, 2, 2, 2], "phrase_end": [false, false, false, false, true, false, false, false, false, true, false, false, false, false, true], "songpos": [0.0, 0.05, 0.1, 0.15, 0.2, 0.4, 0.45, 0.5, 0.55, 0.6, 0.8, 0.85, 0.9, 0.95, 1.0], "beatinsong": ["0", "1/2", "1", "3/2", "2", "4", "9/2", "5", "11/2", "6", "8", "17/2", "9", "19/2", "10"], "beatinphrase": ["0", "1/2", "1", "3/2", "2", "0", "1/2", "1", "3/2", "2", "0", "1/2", "1", "3/2", "2"], "beatinphrase_end": ["-2", "-3/2", "-1", "-1/2", "0", "-2", "-3/2", "-1", "-1/2", "0", "-2", "-3/2", "-1", "-1/2", "0"], "IOI_frac": ["1/2", "1/2", "1/2", "1/2", "2", "1/2", "1/2", "1/2", "1/2", "2", "1/2", "1/2", "1/2", "1/2", null], "IOI": [0.5, 0.5, 0.5, 0.5, 2.0, 0.5, 0.5, 0.5, 0.5, 2.0, 0.5, 0.5, 0.5, 0.5, null], "IOR_frac": [null, "1", "1", "1", "4", "1/4", "1", "1", "1", "4", "1/4", "1", "1", "1", null], "IOR": [null, 1.0, 1.0, 1.0, 4.0, 0.25, 1.0, 1.0, 1.0, 4.0, 0.25, 1.0, 1.0, 1.0, null], "imacontour": [null, "-", "+", "-", "+", "-", "-", "+", "-", "+", "+", "-", "+", "-", "+"], "pitch": ["A4", "A4", "A4", "A4", "E5", "A4", "A4", "C5", "B4", "E5", "A4", "A4", "C5", "B4", "A4"], "contour3": [null, "=", "=", "=", "+", "-", "=", "+", "-", "+", "-", "=", "+", "-", "-"], "contour5": [null, "=", "=", "=", "++", "--", "=", "++", "-", "++", "--", "=", "++", "-", "-"], "beatstrength": [1.0, 0.25, 0.5, 0.25, 1.0, 1.0, 0.25, 0.5, 0.25, 1.0, 1.0, 0.25, 0.5, 0.25, 1.0], "beat_str": ["1", "1", "2", "2", "1", "1", "1", "2", "2", "1", "1", "1", "2", "2", "1"], "beat_fraction_str": ["0", "1/2", "0", "1/2", "0", "0", "1/2", "0", "1/2", "0", "0", "1/2", "0", "1/2", "0"], "beat": [1.0, 1.5, 2.0, 2.5, 1.0, 1.0, 1.5, 2.0, 2.5, 1.0, 1.0, 1.5, 2.0, 2.5, 1.0], "timesignature": ["2/4", "2/4", "2/4", "2/4", "2/4", "2/4", "2/4", "2/4", "2/4", "2/4", "2/4", "2/4", "2/4", "2/4", "2/4"], "gpr2a_Frankland": [null, null, null, null, null, null, null, null, null, null, null, null, null, null, null], "gpr2b_Frankland": [null, null, null, null, 0.75, null, null, null, null, 0.75, null, null, null, null, null], "gpr3a_Frankland": [null, null, null, null, null, null, 0.8333333333333334, null, null, 0.6428571428571428, null, 0.8333333333333334, null, null, null], "gpr3d_Frankland": [null, 0.0, null, null, null, null, 0.0, null, null, null, null, 0.0, null, null, null], "gpr_Frankland_sum": [0, 0, 0, 0, 0.75, 0, 0.8333333333333334, 0, 0, 1.3928571428571428, 0, 0.8333333333333334, 0, 0, 0], "lbdm_spitch": [null, 0.0, 0.0, 0.8448275862068966, 0.8448275862068966, 0.0, 0.43448275862068964, 0.1293103448275862, 0.49876847290640386, 1.0, 0.0, 0.43448275862068964, 0.08275862068965517, null, null], "lbdm_sioi": [null, 0.0, 0.0, 0.125, 1.0, 0.125, 0.0, 0.0, 0.125, 1.0, 0.125, 0.0, 0.0, null, null], "lbdm_srest": [null, 0.0, 0.0, 0.0, 0.0, 0.0, 0.0, 0.0, 0.0, 0.0, 0.0, 0.0, 0.0, null, null], "lbdm_rpitch": [null, 0.0, 0.0, 0.7777777777777778, 0.0, 0.7777777777777778, 0.6, 0.3333333333333333, 0.5, 0.14285714285714285, 0.7777777777777778, 0.6, 0.3333333333333333, 0.2, null], "lbdm_rioi": [null, 0.0, 0.0, 0.0, 0.6, 0.6, 0.0, 0.0, 0.0, 0.6, 0.6, 0.0, 0.0, 0.0, null], "lbdm_rrest": [null, 0.0, 0.0, 0.0, 0.0, 0.0, 0.0, 0.0, 0.0, 0.0, 0.0, 0.0, 0.0, 0.0, null], "lbdm_boundarystrength": [null, 0.0, 0.0, 0.27370689655172414, 0.7112068965517242, 0.0625, 0.10862068965517241, 0.03232758620689655, 0.18719211822660098, 0.75, 0.0625, 0.10862068965517241, 0.020689655172413793, null, null]}}
