{"id": "KB57153600001", "tunefamily": "", "year": -1, "tunefamily_full": "", "type": "", "freemeter": false, "origin": "", "features": {"scaledegree": [1, 1, 1, 5, 7, 6, 5, 4, 5, 1, 3, 4, 5, 5, 4, 3, 3, 1, 1], "scaledegreespecifier": ["P", "P", "P", "P", "m", "m", "P", "P", "P", "P", "M", "P", "P", "P", "P", "M", "M", "P", "P"], "tonic": ["E", "E", "E", "E", "E", "E", "E", "E", "E", "E", "E", "E", "E", "E", "E", "E", "E", "E", "E"], "mode": ["major", "major", "major", "major", "major", "major", "major", "major", "major", "major", "major", "major", "major", "major", "major", "major", "major", "major", "major"], "metriccontour": [null, "-", "+", "-", "+", "-", "+", "-", "+", "-", "+", "-", "+", "-", "+", "-", "+", "-", "+"], "imaweight": [0.95102, 0.971429, 0.95102, 0.95102, 1.0, 0.130612, 0.983673, 0.167347, 1.0, 0.95102, 0.95102, 0.95102, 0.955102, 0.934694, 0.918367, 0.918367, 0.934694, 0.0530612, 0.934694], "imaweight_spectral": [0.980916, 1.0, 0.965649, 0.965649, 0.950382, 0.137405, 0.935115, 0.171756, 0.950382, 0.965649, 0.965649, 0.980916, 0.984733, 0.950382, 0.965649, 0.965649, 0.935115, 0.141221, 0.965649], "pitch40_hewlett": [175, 175, 175, 158, 169, 163, 158, 152, 158, 135, 147, 152, 158, 158, 152, 147, 147, 135, 135], "pitch40_sapp": [214, 214, 214, 197, 208, 202, 197, 191, 197, 174, 186, 191, 197, 197, 191, 186, 186, 174, 174], "octave": [5, 5, 5, 4, 5, 5, 4, 4, 4, 4, 4, 4, 4, 4, 4, 4, 4, 4, 4], "midipitch": [76, 76, 76, 71, 74, 72, 71, 69, 71, 64, 68, 69, 71, 71, 69, 68, 68, 64, 64], "diatonicpitch": [35, 35, 35, 32, 34, 33, 32, 31, 32, 28, 30, 31, 32, 32, 31, 30, 30, 28, 28], "diatonicinterval": [null, 0, 0, -3, 2, -1, -1, -1, 1, -4, 2, 1, 1, 0, -1, -1, 0, -2, 0], "chromaticinterval": [null, 0, 0, -5, 3, -2, -1, -2, 2, -7, 4, 1, 2, 0, -2, -1, 0, -4, 0], "pitchproximity": [null, null, 0, 5, 3, 2, 1, 2, 2, 7, 4, 1, 2, 0, 2, 1, 0, 4, 0], "pitchreversal": [null, null, 0, 0, 1.5, 1.5, 0, 0, 1.5, 0, 1, 0, 0, 0, 0, 0, 0, 0, 0], "nextisrest": [false, false, false, false, false, false, false, false, false, false, false, false, false, false, false, false, false, false, null], "restduration_frac": [null, null, null, null, null, null, null, null, null, null, null, null, null, null, null, null, null, null, null], "duration": [1.0, 1.0, 1.0, 1.0, 0.5, 0.5, 0.5, 0.5, 1.0, 1.0, 1.0, 1.0, 1.0, 1.0, 1.0, 1.0, 0.5, 0.5, 1.0], "duration_frac": ["1", "1", "1", "1", "1/2", "1/2", "1/2", "1/2", "1", "1", "1", "1", "1", "1", "1", "1", "1/2", "1/2", "1"], "duration_fullname": ["Quarter", "Quarter", "Quarter", "Quarter", "Eighth", "Eighth", "Eighth", "Eighth", "Quarter", "Quarter", "Quarter", "Quarter", "Quarter", "Quarter", "Quarter", "Quarter", "Eighth", "Eighth", "Quarter"], "durationcontour": [null, "=", "=", "=", "-", "=", "=", "=", "+", "=", "=", "=", "=", "=", "=", "=", "-", "=", "+"], "onsettick": [0, 2, 4, 6, 8, 9, 10, 11, 12, 14, 16, 18, 20, 22, 24, 26, 28, 29, 30], "beatfraction": ["1", "1", "1", "1", "1/2", "1/2", "1/2", "1/2", "1", "1", "1", "1", "1", "1", "1", "1", "1/2", "1/2", "1"], "phrasepos": [0.0, 0.14285714285714285, 0.2857142857142857, 0.42857142857142855, 0.5714285714285714, 0.6428571428571429, 0.7142857142857143, 0.7857142857142857, 0.8571428571428571, 1.0, 0.0, 0.14285714285714285, 0.2857142857142857, 0.42857142857142855, 0.5714285714285714, 0.7142857142857143, 0.8571428571428571, 0.9285714285714286, 1.0], "phrase_ix": [0, 0, 0, 0, 0, 0, 0, 0, 0, 0, 1, 1, 1, 1, 1, 1, 1, 1, 1], "phrase_end": [false, false, false, false, false, false, false, false, false, true, false, false, false, false, false, false, false, false, true], "songpos": [0.0, 0.06666666666666667, 0.13333333333333333, 0.2, 0.26666666666666666, 0.3, 0.3333333333333333, 0.36666666666666664, 0.4, 0.4666666666666667, 0.5333333333333333, 0.6, 0.6666666666666666, 0.7333333333333333, 0.8, 0.8666666666666667, 0.9333333333333333, 0.9666666666666667, 1.0], "beatinsong": ["0", "1", "2", "3", "4", "9/2", "5", "11/2", "6", "7", "8", "9", "10", "11", "12", "13", "14", "29/2", "15"], "beatinphrase": ["0", "1", "2", "3", "4", "9/2", "5", "11/2", "6", "7", "0", "1", "2", "3", "4", "5", "6", "13/2", "7"], "beatinphrase_end": ["-4", "-3", "-2", "-1", "0", "1/2", "1", "3/2", "2", "3", "-4", "-3", "-2", "-1", "0", "1", "2", "5/2", "3"], "IOI_frac": ["1", "1", "1", "1", "1/2", "1/2", "1/2", "1/2", "1", "1", "1", "1", "1", "1", "1", "1", "1/2", "1/2", null], "IOI": [1.0, 1.0, 1.0, 1.0, 0.5, 0.5, 0.5, 0.5, 1.0, 1.0, 1.0, 1.0, 1.0, 1.0, 1.0, 1.0, 0.5, 0.5, null], "IOR_frac": [null, "1", "1", "1", "1/2", "1", "1", "1", "2", "1", "1", "1", "1", "1", "1", "1", "1/2", "1", null], "IOR": [null, 1.0, 1.0, 1.0, 0.5, 1.0, 1.0, 1.0, 2.0, 1.0, 1.0, 1.0, 1.0, 1.0, 1.0, 1.0, 0.5, 1.0, null], "imacontour": [null, "+", "-", "=", "+", "-", "+", "-", "+", "-", "=", "=", "+", "-", "-", "=", "+", "-", "+"], "pitch": ["E5", "E5", "E5", "B4", "D5", "C5", "B4", "A4", "B4", "E4", "G#4", "A4", "B4", "B4", "A4", "G#4", "G#4", "E4", "E4"], "contour3": [null, "=", "=", "-", "+", "-", "-", "-", "+", "-", "+", "+", "+", "=", "-", "-", "=", "-", "="], "contour5": [null, "=", "=", "--", "++", "-", "-", "-", "+", "--", "++", "+", "+", "=", "-", "-", "=", "--", "="], "beatstrength": [1.0, 0.25, 0.5, 0.25, 1.0, 0.125, 0.25, 0.125, 0.5, 0.25, 1.0, 0.25, 0.5, 0.25, 1.0, 0.25, 0.5, 0.125, 0.25], "beat_str": ["1", "2", "3", "4", "1", "1", "2", "2", "3", "4", "1", "2", "3", "4", "1", "2", "3", "3", "4"], "beat_fraction_str": ["0", "0", "0", "0", "0", "1/2", "0", "1/2", "0", "0", "0", "0", "0", "0", "0", "0", "0", "1/2", "0"], "beat": [1.0, 2.0, 3.0, 4.0, 1.0, 1.5, 2.0, 2.5, 3.0, 4.0, 1.0, 2.0, 3.0, 4.0, 1.0, 2.0, 3.0, 3.5, 4.0], "timesignature": ["4/4", "4/4", "4/4", "4/4", "4/4", "4/4", "4/4", "4/4", "4/4", "4/4", "4/4", "4/4", "4/4", "4/4", "4/4", "4/4", "4/4", "4/4", "4/4"], "gpr2a_Frankland": [null, null, null, null, null, null, null, null, null, null, null, null, null, null, null, null, null, null, null], "gpr2b_Frankland": [null, null, null, null, null, null, null, null, null, null, null, null, null, null, null, null, null, null, null], "gpr3a_Frankland": [null, null, 0.7, null, null, null, null, null, 0.5714285714285714, null, null, 0.75, null, 0.75, null, null, 1.0, null, null], "gpr3d_Frankland": [null, 0.0, null, 0.5, null, 0.0, null, 0.5, null, 0.0, 0.0, 0.0, 0.0, 0.0, null, 0.5, null, null, null], "gpr_Frankland_sum": [0, 0, 0.7, 0.5, 0, 0, 0, 0.5, 0.5714285714285714, 0, 0, 0.75, 0, 0.75, 0, 0.5, 1.0, 0, 0], "lbdm_spitch": [null, 0.0, 0.8571428571428573, 0.19285714285714284, 0.1285714285714286, 0.07500000000000001, 0.07500000000000001, 0.17045454545454547, 0.8994755244755246, 0.4945054945054945, 0.11785714285714285, 0.2625, 0.0, 0.2625, 0.1, 0.0, 1.0, null, null], "lbdm_sioi": [null, 0.0, 0.0, 1.0, 0.5, 0.0, 0.0, 0.5, 1.0, 0.0, 0.0, 0.0, 0.0, 0.0, 0.0, 1.0, 0.5, null, null], "lbdm_srest": [null, 0.0, 0.0, 0.0, 0.0, 0.0, 0.0, 0.0, 0.0, 0.0, 0.0, 0.0, 0.0, 0.0, 0.0, 0.0, 0.0, null, null], "lbdm_rpitch": [null, 0.0, 0.7142857142857143, 0.2, 0.14285714285714285, 0.2, 0.2, 0.0, 0.45454545454545453, 0.23076923076923078, 0.42857142857142855, 0.2, 0.5, 0.5, 0.2, 0.3333333333333333, 0.6666666666666666, 0.6666666666666666, null], "lbdm_rioi": [null, 0.0, 0.0, 0.0, 0.3333333333333333, 0.0, 0.0, 0.0, 0.3333333333333333, 0.0, 0.0, 0.0, 0.0, 0.0, 0.0, 0.0, 0.3333333333333333, 0.0, null], "lbdm_rrest": [null, 0.0, 0.0, 0.0, 0.0, 0.0, 0.0, 0.0, 0.0, 0.0, 0.0, 0.0, 0.0, 0.0, 0.0, 0.0, 0.0, 0.0, null], "lbdm_boundarystrength": [null, 0.0, 0.21428571428571433, 0.5482142857142858, 0.28214285714285714, 0.018750000000000003, 0.018750000000000003, 0.29261363636363635, 0.7248688811188811, 0.12362637362637363, 0.029464285714285714, 0.065625, 0.0, 0.065625, 0.025, 0.5, 0.5, null, null]}}
