{"id": "KB57176600000", "tunefamily": "", "year": -1, "tunefamily_full": "", "type": "", "freemeter": false, "origin": "", "features": {"scaledegree": [2, 7, 2, 5, 4, 5, 4, 3, 2, 3, 2, 1, 7, 5, 3, 5, 4, 3, 5, 1], "scaledegreespecifier": ["M", "M", "M", "P", "A", "P", "A", "m", "M", "m", "M", "P", "M", "P", "m", "P", "A", "m", "P", "P"], "tonic": ["A", "A", "A", "A", "A", "A", "A", "A", "A", "A", "A", "A", "A", "A", "A", "A", "A", "A", "A", "A"], "mode": ["minor", "minor", "minor", "minor", "minor", "minor", "minor", "minor", "minor", "minor", "minor", "minor", "minor", "minor", "minor", "minor", "minor", "minor", "minor", "minor"], "metriccontour": [null, "-", "+", "=", "+", "-", "+", "-", "+", "-", "+", "-", "+", "=", "+", "-", "+", "-", "+", "+"], "imaweight": [0.642023, 0.268482, 0.638132, 0.828794, 0.88716, 0.490272, 0.824903, 0.342412, 1.0, 0.357977, 0.824903, 0.486381, 0.906615, 0.828794, 0.684825, 0.315175, 0.653696, 0.175097, 0.828794, 0.653696], "imaweight_spectral": [0.838384, 0.501684, 0.821549, 1.0, 0.848485, 0.491582, 0.781145, 0.377104, 0.93266, 0.377104, 0.794613, 0.488215, 0.851852, 1.0, 0.821549, 0.501684, 0.794613, 0.380471, 0.959596, 0.848485], "pitch40_hewlett": [158, 147, 158, 175, 170, 175, 170, 163, 158, 163, 158, 152, 147, 135, 163, 175, 170, 163, 175, 152], "pitch40_sapp": [197, 186, 197, 214, 209, 214, 209, 202, 197, 202, 197, 191, 186, 174, 202, 214, 209, 202, 214, 191], "octave": [4, 4, 4, 5, 5, 5, 5, 5, 4, 5, 4, 4, 4, 4, 5, 5, 5, 5, 5, 4], "midipitch": [71, 68, 71, 76, 75, 76, 75, 72, 71, 72, 71, 69, 68, 64, 72, 76, 75, 72, 76, 69], "diatonicpitch": [29, 27, 29, 32, 31, 32, 31, 30, 29, 30, 29, 28, 27, 25, 30, 32, 31, 30, 32, 28], "diatonicinterval": [null, -2, 2, 3, -1, 1, -1, -1, -1, 1, -1, -1, -1, -2, 5, 2, -1, -1, 2, -4], "chromaticinterval": [null, -3, 3, 5, -1, 1, -1, -3, -1, 1, -1, -2, -1, -4, 8, 4, -1, -3, 4, -7], "pitchproximity": [null, null, 3, 5, 1, 1, 1, 3, 1, 1, 1, 2, 1, 4, 8, 4, 1, 3, 4, 7], "pitchreversal": [null, null, 1.5, 0, 0, 1.5, 1.5, 0, 0, 1.5, 1.5, 0, 0, 0, 0, -1, 0, 0, 1.5, 0], "nextisrest": [false, false, false, false, false, false, false, false, false, false, false, false, false, false, false, false, false, false, false, true], "restduration_frac": [null, null, null, null, null, null, null, null, null, null, null, null, null, null, null, null, null, null, null, "1"], "duration": [0.5, 0.5, 1.0, 1.0, 0.5, 0.5, 0.5, 0.5, 0.5, 0.5, 0.5, 0.5, 1.0, 1.0, 0.5, 0.5, 0.5, 0.5, 1.0, 2.0], "duration_frac": ["1/2", "1/2", "1", "1", "1/2", "1/2", "1/2", "1/2", "1/2", "1/2", "1/2", "1/2", "1", "1", "1/2", "1/2", "1/2", "1/2", "1", "2"], "duration_fullname": ["Eighth", "Eighth", "Quarter", "Quarter", "Eighth", "Eighth", "Eighth", "Eighth", "Eighth", "Eighth", "Eighth", "Eighth", "Quarter", "Quarter", "Eighth", "Eighth", "Eighth", "Eighth", "Quarter", "Half"], "durationcontour": [null, "=", "+", "=", "-", "=", "=", "=", "=", "=", "=", "=", "+", "=", "-", "=", "=", "=", "+", "+"], "onsettick": [0, 1, 2, 4, 6, 7, 8, 9, 10, 11, 12, 13, 14, 16, 18, 19, 20, 21, 22, 24], "beatfraction": ["1/2", "1/2", "1", "1", "1/2", "1/2", "1/2", "1/2", "1/2", "1/2", "1/2", "1/2", "1", "1", "1/2", "1/2", "1/2", "1/2", "1", "2"], "phrasepos": [0.0, 0.09090909090909091, 0.18181818181818182, 0.36363636363636365, 0.5454545454545454, 0.6363636363636364, 0.7272727272727273, 0.8181818181818182, 0.9090909090909091, 1.0, 0.0, 0.08333333333333333, 0.16666666666666666, 0.3333333333333333, 0.5, 0.5833333333333334, 0.6666666666666666, 0.75, 0.8333333333333334, 1.0], "phrase_ix": [0, 0, 0, 0, 0, 0, 0, 0, 0, 0, 1, 1, 1, 1, 1, 1, 1, 1, 1, 1], "phrase_end": [false, false, false, false, false, false, false, false, false, true, false, false, false, false, false, false, false, false, false, true], "songpos": [0.0, 0.041666666666666664, 0.08333333333333333, 0.16666666666666666, 0.25, 0.2916666666666667, 0.3333333333333333, 0.375, 0.4166666666666667, 0.4583333333333333, 0.5, 0.5416666666666666, 0.5833333333333334, 0.6666666666666666, 0.75, 0.7916666666666666, 0.8333333333333334, 0.875, 0.9166666666666666, 1.0], "beatinsong": ["0", "1/2", "1", "2", "3", "7/2", "4", "9/2", "5", "11/2", "6", "13/2", "7", "8", "9", "19/2", "10", "21/2", "11", "12"], "beatinphrase": ["0", "1/2", "1", "2", "3", "7/2", "4", "9/2", "5", "11/2", "0", "1/2", "1", "2", "3", "7/2", "4", "9/2", "5", "6"], "beatinphrase_end": ["-3", "-5/2", "-2", "-1", "0", "1/2", "1", "3/2", "2", "5/2", "-6", "-11/2", "-5", "-4", "-3", "-5/2", "-2", "-3/2", "-1", "0"], "IOI_frac": ["1/2", "1/2", "1", "1", "1/2", "1/2", "1/2", "1/2", "1/2", "1/2", "1/2", "1/2", "1", "1", "1/2", "1/2", "1/2", "1/2", "1", "3"], "IOI": [0.5, 0.5, 1.0, 1.0, 0.5, 0.5, 0.5, 0.5, 0.5, 0.5, 0.5, 0.5, 1.0, 1.0, 0.5, 0.5, 0.5, 0.5, 1.0, 3.0], "IOR_frac": [null, "1", "2", "1", "1/2", "1", "1", "1", "1", "1", "1", "1", "2", "1", "1/2", "1", "1", "1", "2", "3"], "IOR": [null, 1.0, 2.0, 1.0, 0.5, 1.0, 1.0, 1.0, 1.0, 1.0, 1.0, 1.0, 2.0, 1.0, 0.5, 1.0, 1.0, 1.0, 2.0, 3.0], "imacontour": [null, "-", "+", "+", "+", "-", "+", "-", "+", "-", "+", "-", "+", "-", "-", "-", "+", "-", "+", "-"], "pitch": ["B4", "G#4", "B4", "E5", "D#5", "E5", "D#5", "C5", "B4", "C5", "B4", "A4", "G#4", "E4", "C5", "E5", "D#5", "C5", "E5", "A4"], "contour3": [null, "-", "+", "+", "-", "+", "-", "-", "-", "+", "-", "-", "-", "-", "+", "+", "-", "-", "+", "-"], "contour5": [null, "--", "++", "++", "-", "+", "-", "--", "-", "+", "-", "-", "-", "--", "++", "++", "-", "--", "++", "--"], "beatstrength": [1.0, 0.25, 0.5, 0.5, 1.0, 0.25, 0.5, 0.25, 0.5, 0.25, 1.0, 0.25, 0.5, 0.5, 1.0, 0.25, 0.5, 0.25, 0.5, 1.0], "beat_str": ["1", "1", "2", "3", "1", "1", "2", "2", "3", "3", "1", "1", "2", "3", "1", "1", "2", "2", "3", "1"], "beat_fraction_str": ["0", "1/2", "0", "0", "0", "1/2", "0", "1/2", "0", "1/2", "0", "1/2", "0", "0", "0", "1/2", "0", "1/2", "0", "0"], "beat": [1.0, 1.5, 2.0, 3.0, 1.0, 1.5, 2.0, 2.5, 3.0, 3.5, 1.0, 1.5, 2.0, 3.0, 1.0, 1.5, 2.0, 2.5, 3.0, 1.0], "timesignature": ["3/4", "3/4", "3/4", "3/4", "3/4", "3/4", "3/4", "3/4", "3/4", "3/4", "3/4", "3/4", "3/4", "3/4", "3/4", "3/4", "3/4", "3/4", "3/4", "3/4"], "gpr2a_Frankland": [null, null, null, null, null, null, null, null, null, null, null, null, null, null, null, null, null, null, null, 0.25], "gpr2b_Frankland": [null, null, null, null, null, null, null, null, null, null, null, null, null, null, null, null, null, null, null, null], "gpr3a_Frankland": [null, null, 0.6, null, null, null, 0.6666666666666667, null, null, null, 0.5, null, null, 0.5, null, null, null, null, null, null], "gpr3d_Frankland": [null, 0.5, null, 0.5, null, 0.0, 0.0, 0.0, 0.0, 0.0, null, 0.5, null, 0.5, null, 0.0, null, null, null, null], "gpr_Frankland_sum": [0, 0.5, 0.6, 0.5, 0, 0, 0.6666666666666667, 0, 0, 0, 0.5, 0.5, 0, 1.0, 0, 0, 0, 0, 0, 0.25], "lbdm_spitch": [null, 0.13125000000000003, 0.765625, 0.109375, 0.0, 0.07291666666666667, 0.4375, 0.07291666666666667, 0.0, 0.043750000000000004, 0.17500000000000002, 0.1375, 0.625, 1.0, 0.625, 0.16666666666666666, 0.2916666666666667, 0.2991452991452992, null, null], "lbdm_sioi": [null, 0.5, 1.0, 1.0, 0.5, 0.0, 0.0, 0.0, 0.0, 0.0, 0.0, 0.5, 1.0, 1.0, 0.5, 0.0, 0.0, 0.5, null, null], "lbdm_srest": [null, 0.0, 0.0, 0.0, 0.0, 0.0, 0.0, 0.0, 0.0, 0.0, 0.0, 0.0, 0.0, 0.0, 0.0, 0.0, 0.0, 0.0, null, null], "lbdm_rpitch": [null, 0.0, 0.2, 0.5, 0.0, 0.0, 0.3333333333333333, 0.3333333333333333, 0.0, 0.0, 0.2, 0.2, 0.42857142857142855, 0.2857142857142857, 0.2857142857142857, 0.42857142857142855, 0.3333333333333333, 0.1111111111111111, 0.23076923076923078, null], "lbdm_rioi": [null, 0.0, 0.3333333333333333, 0.0, 0.3333333333333333, 0.0, 0.0, 0.0, 0.0, 0.0, 0.0, 0.0, 0.3333333333333333, 0.0, 0.3333333333333333, 0.0, 0.0, 0.0, 0.3333333333333333, null], "lbdm_rrest": [null, 0.0, 0.0, 0.0, 0.0, 0.0, 0.0, 0.0, 0.0, 0.0, 0.0, 0.0, 0.0, 0.0, 0.0, 0.0, 0.0, 0.0, 0.0, null],