{"id": "KB57173900001", "tunefamily": "", "year": -1, "tunefamily_full": "", "type": "", "freemeter": false, "origin": "", "features": {"scaledegree": [5, 6, 5, 3, 4, 5, 4, 3, 1, 7, 3, 4, 4, 3, 4, 5, 4, 3, 1, 1], "scaledegreespecifier": ["P", "m", "P", "m", "P", "P", "P", "m", "P", "m", "m", "P", "P", "m", "P", "P", "P", "m", "P", "P"], "tonic": ["A", "A", "A", "A", "A", "A", "A", "A", "A", "A", "A", "A", "A", "A", "A", "A", "A", "A", "A", "A"], "mode": ["minor", "minor", "minor", "minor", "minor", "minor", "minor", "minor", "minor", "minor", "minor", "minor", "minor", "minor", "minor", "minor", "minor", "minor", "minor", "minor"], "metriccontour": [null, "-", "+", "-", "+", "-", "+", "-", "+", "-", "+", "-", "+", "-", "+", "-", "+", "-", "+", "-"], "imaweight": [0.564516, 0.306452, 0.456989, 0.591398, 0.494624, 0.446237, 0.413978, 0.306452, 0.892473, 0.827957, 0.774194, 0.526882, 0.876344, 0.521505, 0.693548, 0.747312, 0.596774, 0.591398, 1.0, 0.446237], "imaweight_spectral": [1.0, 0.639216, 0.713725, 0.811765, 0.678431, 0.643137, 0.619608, 0.541176, 0.968627, 0.666667, 0.768627, 0.447059, 0.843137, 0.443137, 0.709804, 0.607843, 0.639216, 0.494118, 0.933333, 0.705882], "pitch40_hewlett": [175, 180, 175, 163, 169, 175, 169, 163, 152, 146, 163, 169, 169, 163, 169, 175, 169, 163, 152, 152], "pitch40_sapp": [214, 219, 214, 202, 208, 214, 208, 202, 191, 185, 202, 208, 208, 202, 208, 214, 208, 202, 191, 191], "octave": [5, 5, 5, 5, 5, 5, 5, 5, 4, 4, 5, 5, 5, 5, 5, 5, 5, 5, 4, 4], "midipitch": [76, 77, 76, 72, 74, 76, 74, 72, 69, 67, 72, 74, 74, 72, 74, 76, 74, 72, 69, 69], "diatonicpitch": [32, 33, 32, 30, 31, 32, 31, 30, 28, 27, 30, 31, 31, 30, 31, 32, 31, 30, 28, 28], "diatonicinterval": [null, 1, -1, -2, 1, 1, -1, -1, -2, -1, 3, 1, 0, -1, 1, 1, -1, -1, -2, 0], "chromaticinterval": [null, 1, -1, -4, 2, 2, -2, -2, -3, -2, 5, 2, 0, -2, 2, 2, -2, -2, -3, 0], "pitchproximity": [null, null, 1, 4, 2, 2, 2, 2, 3, 2, 5, 2, 0, 2, 2, 2, 2, 2, 3, 0], "pitchreversal": [null, null, 1.5, 0, 1.5, 0, 1.5, 0, 0, 0, 0, 0, 0, 0, 1.5, 0, 1.5, 0, 0, 0], "nextisrest": [false, false, false, false, false, false, false, false, false, false, false, false, false, false, false, false, false, false, false, null], "restduration_frac": [null, null, null, null, null, null, null, null, null, null, null, null, null, null, null, null, null, null, null, null], "duration": [1.0, 1.0, 1.0, 1.0, 0.5, 0.5, 0.5, 0.5, 1.5, 0.5, 0.5, 0.5, 0.5, 0.5, 0.5, 0.5, 0.5, 0.5, 1.5, 0.5], "duration_frac": ["1", "1", "1", "1", "1/2", "1/2", "1/2", "1/2", "3/2", "1/2", "1/2", "1/2", "1/2", "1/2", "1/2", "1/2", "1/2", "1/2", "3/2", "1/2"], "duration_fullname": ["Quarter", "Quarter", "Quarter", "Quarter", "Eighth", "Eighth", "Eighth", "Eighth", "Dotted Quarter", "Eighth", "Eighth", "Eighth", "Eighth", "Eighth", "Eighth", "Eighth", "Eighth", "Eighth", "Dotted Quarter", "Eighth"], "durationcontour": [null, "=", "=", "=", "-", "=", "=", "=", "+", "-", "=", "=", "=", "=", "=", "=", "=", "=", "+", "-"], "onsettick": [0, 2, 4, 6, 8, 9, 10, 11, 12, 15, 16, 17, 18, 19, 20, 21, 22, 23, 24, 27], "beatfraction": ["1", "1", "1", "1", "1/2", "1/2", "1/2", "1/2", "3/2", "1/2", "1/2", "1/2", "1/2", "1/2", "1/2", "1/2", "1/2", "1/2", "3/2", "1/2"], "phrasepos": [0.0, 0.13333333333333333, 0.26666666666666666, 0.4, 0.5333333333333333, 0.6, 0.6666666666666666, 0.7333333333333333, 0.8, 1.0, 0.0, 0.09090909090909091, 0.18181818181818182, 0.2727272727272727, 0.36363636363636365, 0.45454545454545453, 0.5454545454545454, 0.6363636363636364, 0.7272727272727273, 1.0], "phrase_ix": [0, 0, 0, 0, 0, 0, 0, 0, 0, 0, 1, 1, 1, 1, 1, 1, 1, 1, 1, 1], "phrase_end": [false, false, false, false, false, false, false, false, false, true, false, false, false, false, false, false, false, false, false, true], "songpos": [0.0, 0.07407407407407407, 0.14814814814814814, 0.2222222222222222, 0.2962962962962963, 0.3333333333333333, 0.37037037037037035, 0.4074074074074074, 0.4444444444444444, 0.5555555555555556, 0.5925925925925926, 0.6296296296296297, 0.6666666666666666, 0.7037037037037037, 0.7407407407407407, 0.7777777777777778, 0.8148148148148148, 0.8518518518518519, 0.8888888888888888, 1.0], "beatinsong": ["0", "1", "2", "3", "4", "9/2", "5", "11/2", "6", "15/2", "8", "17/2", "9", "19/2", "10", "21/2", "11", "23/2", "12", "27/2"], "beatinphrase": ["0", "1", "2", "3", "4", "9/2", "5", "11/2", "6", "15/2", "0", "1/2", "1", "3/2", "2", "5/2", "3", "7/2", "4", "11/2"], "beatinphrase_end": ["-6", "-5", "-4", "-3", "-2", "-3/2", "-1", "-1/2", "0", "3/2", "-4", "-7/2", "-3", "-5/2", "-2", "-3/2", "-1", "-1/2", "0", "3/2"], "IOI_frac": ["1", "1", "1", "1", "1/2", "1/2", "1/2", "1/2", "3/2", "1/2", "1/2", "1/2", "1/2", "1/2", "1/2", "1/2", "1/2", "1/2", "3/2", null], "IOI": [1.0, 1.0, 1.0, 1.0, 0.5, 0.5, 0.5, 0.5, 1.5, 0.5, 0.5, 0.5, 0.5, 0.5, 0.5, 0.5, 0.5, 0.5, 1.5, null], "IOR_frac": [null, "1", "1", "1", "1/2", "1", "1", "1", "3", "1/3", "1", "1", "1", "1", "1", "1", "1", "1", "3", null], "IOR": [null, 1.0, 1.0, 1.0, 0.5, 1.0, 1.0, 1.0, 3.0, 0.3333333333333333, 1.0, 1.0, 1.0, 1.0, 1.0, 1.0, 1.0, 1.0, 3.0, null], "imacontour": [null, "-", "+", "+", "-", "-", "-", "-", "+", "-", "-", "-", "+", "-", "+", "+", "-", "-", "+", "-"], "pitch": ["E5", "F5", "E5", "C5", "D5", "E5", "D5", "C5", "A4", "G4", "C5", "D5", "D5", "C5", "D5", "E5", "D5", "C5", "A4", "A4"], "contour3": [null, "+", "-", "-", "+", "+", "-", "-", "-", "-", "+", "+", "=", "-", "+", "+", "-", "-", "-", "="], "contour5": [null, "+", "-", "--", "+", "+", "-", "-", "--", "-", "++", "+", "=", "-", "+", "+", "-", "-", "--", "="], "beatstrength": [1.0, 0.5, 1.0, 0.5, 1.0, 0.25, 0.5, 0.25, 1.0, 0.25, 1.0, 0.25, 0.5, 0.25, 1.0, 0.25, 0.5, 0.25, 1.0, 0.25], "beat_str": ["1", "2", "1", "2", "1", "1", "2", "2", "1", "2", "1", "1", "2", "2", "1", "1", "2", "2", "1", "2"], "beat_fraction_str": ["0", "0", "0", "0", "0", "1/2", "0", "1/2", "0", "1/2", "0", "1/2", "0", "1/2", "0", "1/2", "0", "1/2", "0", "1/2"], "beat": [1.0, 2.0, 1.0, 2.0, 1.0, 1.5, 2.0, 2.5, 1.0, 2.5, 1.0, 1.5, 2.0, 2.5, 1.0, 1.5, 2.0, 2.5, 1.0, 2.5], "timesignature": ["2/4", "2/4", "2/4", "2/4", "2/4", "2/4", "2/4", "2/4", "2/4", "2/4", "2/4", "2/4", "2/4", "2/4", "2/4", "2/4", "2/4", "2/4", "2/4", "2/4"], "gpr2a_Frankland": [null, null, null, null, null, null, null, null, null, null, null, null, null, null, null, null, null, null, null, null], "gpr2b_Frankland": [null, null, null, null, null, null, null, null, 0.6666666666666667, null, null, null, null, null, null, null, null, null, null, null], "gpr3a_Frankland": [null, null, 0.625, null, null, null, null, 0.33333333333333337, null, 0.6, null, null, null, null, null, null, null, 0.6666666666666667, null, null], "gpr3d_Frankland": [null, 0.0, null, 0.5, null, 0.0, null, null, null, null, 0.0, 0.0, 0.0, 0.0, 0.0, 0.0, null, null, null, null], "gpr_Frankland_sum": [0, 0, 0.625, 0.5, 0, 0, 0, 0.33333333333333337, 0.6666666666666667, 0.6, 0, 0, 0, 0, 0, 0, 0, 0.6666666666666667, 0, 0], "lbdm_spitch": [null, 0.1285714285714286, 0.8142857142857144, 0.15000000000000002, 0.0, 0.0, 0.08571428571428572, 0.2571428571428572, 0.2857142857142857, 1.0, 0.5, 0.0, 0.30000000000000004, 0.0, 0.0, 0.0, 0.08571428571428572, 0.6685714285714287, null, null], "lbdm_sioi": [null, 0.0, 0.0, 0.2222222222222222, 0.1111111111111111, 0.0, 0.0, 0.16666666666666666, 1.0, 0.16666666666666666, 0.0, 0.0, 0.0, 0.0, 0.0, 0.0, 0.0, 0.16666666666666666, null, null], "lbdm_srest": [null, 0.0, 0.0, 0.0, 0.0, 0.0, 0.0, 0.0, 0.0, 0.0, 0.0, 0.0, 0.0, 0.0, 0.0, 0.0, 0.0, 0.0, null, null], "lbdm_rpitch": [null, 0.0, 0.42857142857142855, 0.25, 0.0, 0.0, 0.0, 0.14285714285714285, 0.14285714285714285, 0.3333333333333333, 0.3333333333333333, 0.5, 0.5, 0.0, 0.0, 0.0, 0.0, 0.14285714285714285, 0.6, null], "lbdm_rioi": [null, 0.0, 0.0, 0.0, 0.3333333333333333, 0.0, 0.0, 0.0, 0.5, 0.5, 0.0, 0.0, 0.0, 0.0, 0.0, 0.0, 0.0, 0.0, 0.5, null],