{"id": "KB57164500001", "tunefamily": "", "year": -1, "tunefamily_full": "", "type": "", "freemeter": false, "origin": "", "features": {"scaledegree": [1, 3, 4, 1, 3, 1, 1, 3, 4, 1, 3, 1, 4, 6, 5, 6, 5, 4, 1, 4, 7, 1], "scaledegreespecifier": ["P", "m", "P", "P", "m", "P", "P", "m", "P", "P", "m", "P", "P", "m", "P", "m", "P", "P", "P", "P", "m", "P"], "tonic": ["A", "A", "A", "A", "A", "A", "A", "A", "A", "A", "A", "A", "A", "A", "A", "A", "A", "A", "A", "A", "A", "A"], "mode": ["minor", "minor", "minor", "minor", "minor", "minor", "minor", "minor", "minor", "minor", "minor", "minor", "minor", "minor", "minor", "minor", "minor", "minor", "minor", "minor", "minor", "minor"], "metriccontour": [null, "-", "+", "-", "+", "-", "+", "-", "+", "-", "+", "-", "+", "-", "+", "-", "+", "=", "-", "+", "-", "+"], "imaweight": [0.95, 0.63, 0.55, 0.52, 0.87, 0.71, 1.0, 0.63, 0.73, 0.6, 0.87, 0.79, 0.86, 0.58, 0.6, 0.56, 0.77, 0.82, 0.42, 0.42, 0.42, 0.78], "imaweight_spectral": [0.939759, 0.801205, 0.674699, 0.656627, 0.921687, 0.771084, 0.945783, 0.722892, 0.783133, 0.704819, 0.86747, 0.819277, 0.915663, 0.801205, 0.759036, 0.73494, 0.939759, 0.891566, 0.825301, 0.704819, 0.650602, 1.0], "pitch40_hewlett": [152, 163, 169, 152, 163, 152, 152, 163, 169, 152, 163, 152, 169, 180, 175, 180, 175, 169, 152, 169, 146, 152], "pitch40_sapp": [191, 202, 208, 191, 202, 191, 191, 202, 208, 191, 202, 191, 208, 219, 214, 219, 214, 208, 191, 208, 185, 191], "octave": [4, 5, 5, 4, 5, 4, 4, 5, 5, 4, 5, 4, 5, 5, 5, 5, 5, 5, 4, 5, 4, 4], "midipitch": [69, 72, 74, 69, 72, 69, 69, 72, 74, 69, 72, 69, 74, 77, 76, 77, 76, 74, 69, 74, 67, 69], "diatonicpitch": [28, 30, 31, 28, 30, 28, 28, 30, 31, 28, 30, 28, 31, 33, 32, 33, 32, 31, 28, 31, 27, 28], "diatonicinterval": [null, 2, 1, -3, 2, -2, 0, 2, 1, -3, 2, -2, 3, 2, -1, 1, -1, -1, -3, 3, -4, 1], "chromaticinterval": [null, 3, 2, -5, 3, -3, 0, 3, 2, -5, 3, -3, 5, 3, -1, 1, -1, -2, -5, 5, -7, 2], "pitchproximity": [null, null, 2, 5, 3, 3, 0, 3, 2, 5, 3, 3, 5, 3, 1, 1, 1, 2, 5, 5, 7, 2], "pitchreversal": [null, null, 0, 0, 1.5, 1.5, 0, 0, 0, 0, 1.5, 1.5, 1.5, 0, 1.5, 1.5, 1.5, 0, 0, 1.5, 1.5, 1], "nextisrest": [false, false, false, false, false, false, false, false, false, false, false, false, false, false, false, false, false, false, false, false, false, null], "restduration_frac": [null, null, null, null, null, null, null, null, null, null, null, null, null, null, null, null, null, null, null, null, null, null], "duration": [0.5, 0.5, 0.5, 0.5, 0.5, 1.5, 0.5, 0.5, 0.5, 0.5, 0.5, 1.5, 0.5, 0.5, 0.5, 0.5, 2.0, 0.5, 0.5, 0.5, 0.5, 2.0], "duration_frac": ["1/2", "1/2", "1/2", "1/2", "1/2", "3/2", "1/2", "1/2", "1/2", "1/2", "1/2", "3/2", "1/2", "1/2", "1/2", "1/2", "2", "1/2", "1/2", "1/2", "1/2", "2"], "duration_fullname": ["Eighth", "Eighth", "Eighth", "Eighth", "Eighth", "Dotted Quarter", "Eighth", "Eighth", "Eighth", "Eighth", "Eighth", "Dotted Quarter", "Eighth", "Eighth", "Eighth", "Eighth", "Half", "Eighth", "Eighth", "Eighth", "Eighth", "Half"], "durationcontour": [null, "=", "=", "=", "=", "+", "-", "=", "=", "=", "=", "+", "-", "=", "=", "=", "+", "-", "=", "=", "=", "+"], "onsettick": [0, 1, 2, 3, 4, 5, 8, 9, 10, 11, 12, 13, 16, 17, 18, 19, 20, 24, 25, 26, 27, 28], "beatfraction": ["1/2", "1/2", "1/2", "1/2", "1/2", "3/2", "1/2", "1/2", "1/2", "1/2", "1/2", "3/2", "1/2", "1/2", "1/2", "1/2", "2", "1/2", "1/2", "1/2", "1/2", "2"], "phrasepos": [0.0, 0.07692307692307693, 0.15384615384615385, 0.23076923076923078, 0.3076923076923077, 0.38461538461538464, 0.6153846153846154, 0.6923076923076923, 0.7692307692307693, 0.8461538461538461, 0.9230769230769231, 1.0, 0.0, 0.08333333333333333, 0.16666666666666666, 0.25, 0.3333333333333333, 0.6666666666666666, 0.75, 0.8333333333333334, 0.9166666666666666, 1.0], "phrase_ix": [0, 0, 0, 0, 0, 0, 0, 0, 0, 0, 0, 0, 1, 1, 1, 1, 1, 1, 1, 1, 1, 1], "phrase_end": [false, false, false, false, false, false, false, false, false, false, false, true, false, false, false, false, false, false, false, false, false, true], "songpos": [0.0, 0.03571428571428571, 0.07142857142857142, 0.10714285714285714, 0.14285714285714285, 0.17857142857142858, 0.2857142857142857, 0.32142857142857145, 0.35714285714285715, 0.39285714285714285, 0.42857142857142855, 0.4642857142857143, 0.5714285714285714, 0.6071428571428571, 0.6428571428571429, 0.6785714285714286, 0.7142857142857143, 0.8571428571428571, 0.8928571428571429, 0.9285714285714286, 0.9642857142857143, 1.0], "beatinsong": ["0", "1/2", "1", "3/2", "2", "5/2", "4", "9/2", "5", "11/2", "6", "13/2", "8", "17/2", "9", "19/2", "10", "12", "25/2", "13", "27/2", "14"], "beatinphrase": ["0", "1/2", "1", "3/2", "2", "5/2", "4", "9/2", "5", "11/2", "6", "13/2", "0", "1/2", "1", "3/2", "2", "4", "9/2", "5", "11/2", "6"], "beatinphrase_end": ["-6", "-11/2", "-5", "-9/2", "-4", "-7/2", "-2", "-3/2", "-1", "-1/2", "0", "1/2", "-6", "-11/2", "-5", "-9/2", "-4", "-2", "-3/2", "-1", "-1/2", "0"], "IOI_frac": ["1/2", "1/2", "1/2", "1/2", "1/2", "3/2", "1/2", "1/2", "1/2", "1/2", "1/2", "3/2", "1/2", "1/2", "1/2", "1/2", "2", "1/2", "1/2", "1/2", "1/2", null], "IOI": [0.5, 0.5, 0.5, 0.5, 0.5, 1.5, 0.5, 0.5, 0.5, 0.5, 0.5, 1.5, 0.5, 0.5, 0.5, 0.5, 2.0, 0.5, 0.5, 0.5, 0.5, null], "IOR_frac": [null, "1", "1", "1", "1", "3", "1/3", "1", "1", "1", "1", "3", "1/3", "1", "1", "1", "4", "1/4", "1", "1", "1", null], "IOR": [null, 1.0, 1.0, 1.0, 1.0, 3.0, 0.3333333333333333, 1.0, 1.0, 1.0, 1.0, 3.0, 0.3333333333333333, 1.0, 1.0, 1.0, 4.0, 0.25, 1.0, 1.0, 1.0, null], "imacontour": [null, "-", "-", "-", "+", "-", "+", "-", "+", "-", "+", "-", "+", "-", "+", "-", "+", "+", "-", "=", "=", "+"], "pitch": ["A4", "C5", "D5", "A4", "C5", "A4", "A4", "C5", "D5", "A4", "C5", "A4", "D5", "F5", "E5", "F5", "E5", "D5", "A4", "D5", "G4", "A4"], "contour3": [null, "+", "+", "-", "+", "-", "=", "+", "+", "-", "+", "-", "+", "+", "-", "+", "-", "-", "-", "+", "-", "+"], "contour5": [null, "++", "+", "--", "++", "--", "=", "++", "+", "--", "++", "--", "++", "++", "-", "+", "-", "-", "--", "++", "--", "+"], "beatstrength": [1.0, 0.25, 0.5, 0.25, 1.0, 0.25, 1.0, 0.25, 0.5, 0.25, 1.0, 0.25, 1.0, 0.25, 0.5, 0.25, 1.0, 1.0, 0.25, 0.5, 0.25, 1.0], "beat_str": ["1", "1", "2", "2", "1", "1", "1", "1", "2", "2", "1", "1", "1", "1", "2", "2", "1", "1", "1", "2", "2", "1"], "beat_fraction_str": ["0", "1/2", "0", "1/2", "0", "1/2", "0", "1/2", "0", "1/2", "0", "1/2", "0", "1/2", "0", "1/2", "0", "0", "1/2", "0", "1/2", "0"], "beat": [1.0, 1.5, 2.0, 2.5, 1.0, 1.5, 1.0, 1.5, 2.0, 2.5, 1.0, 1.5, 1.0, 1.5, 2.0, 2.5, 1.0, 1.0, 1.5, 2.0, 2.5, 1.0], "timesignature": ["2/4", "2/4", "2/4", "2/4", "2/4", "2/4", "2/4", "2/4", "2/4", "2/4", "2/4", "2/4", "2/4", "2/4", "2/4", "2/4", "2/4", "2/4", "2/4", "2/4", "2/4", "2/4"], "gpr2a_Frankland": [null, null, null, null, null, null, null, null, null, null, null, null, null, null, null, null, null, null, null, null, null, null], "gpr2b_Frankland": [null, null, null, null, null, 0.6666666666666667, null, null, null, null, null, 0.6666666666666667, null, null, null, null, 0.75, null, null, null, null, null], "gpr3a_Frankland": [null, null, 0.5, null, null, null, 0.6666666666666667, null, 0.5, null, null, 0.4, null, null, null, null, null, null, null, 0.5, null, null], "gpr3d_Frankland": [null, 0.0, 0.0, null, null, null, null, 0.0, 0.0, null, null, null, null, 0.0, null, null, null, null, 0.0, null, null, null], "gpr_Frankland_sum": [0, 0, 0.5, 0, 0, 0.6666666666666667, 0.6666666666666667, 0, 0.5, 0, 0, 1.0666666666666669, 0, 0, 0, 0, 0.75, 0, 0, 0.5, 0, 0], "lbdm_spitch": [null, 0.2277432712215321, 0.6376811594202898, 0.14347826086956525, 0.4304347826086956, 0.0, 0.5329192546583851, 0.2277432712215321, 0.6376811594202898, 0.14347826086956525, 0.14347826086956525, 0.4782608695652174, 0.3826086956521739, 0.07971014492753623, 0.0, 0.04782608695652174, 0.25507246376811593, 0.39855072463768115, 0.17080745341614906, 1.0, null, null],