{"id": "KB57152800000", "tunefamily": "", "year": -1, "tunefamily_full": "", "type": "", "freemeter": false, "origin": "", "features": {"scaledegree": [5, 5, 1, 1, 7, 6, 5, 6, 6, 1, 6, 5, 6, 5, 1, 3, 2, 7, 2, 2, 1], "scaledegreespecifier": ["P", "P", "P", "P", "M", "M", "P", "M", "M", "P", "M", "P", "M", "P", "P", "M", "M", "M", "M", "M", "P"], "tonic": ["C", "C", "C", "C", "C", "C", "C", "C", "C", "C", "C", "C", "C", "C", "C", "C", "C", "C", "C", "C", "C"], "mode": ["major", "major", "major", "major", "major", "major", "major", "major", "major", "major", "major", "major", "major", "major", "major", "major", "major", "major", "major", "major", "major"], "metriccontour": [null, "-", "+", "-", "+", "-", "+", "+", "-", "+", "-", "+", "-", "+", "+", "-", "+", "-", "+", "-", "+"], "imaweight": [1.0, 0.240909, 0.809091, 0.345455, 0.818182, 0.277273, 0.8, 0.8, 0.227273, 0.568182, 0.0909091, 0.8, 0.240909, 0.636364, 0.695455, 0.677273, 0.745455, 0.227273, 0.313636, 0.0772727, 0.209091], "imaweight_spectral": [1.0, 0.329114, 0.839662, 0.392405, 0.881857, 0.345992, 0.814346, 0.966245, 0.417722, 0.734177, 0.0843882, 0.949367, 0.43038, 0.831224, 0.886076, 0.919831, 0.949367, 0.413502, 1.0, 0.345992, 0.818565], "pitch40_hewlett": [146, 146, 163, 163, 158, 152, 146, 152, 152, 163, 152, 146, 152, 146, 163, 175, 169, 158, 169, 169, 163], "pitch40_sapp": [185, 185, 202, 202, 197, 191, 185, 191, 191, 202, 191, 185, 191, 185, 202, 214, 208, 197, 208, 208, 202], "octave": [4, 4, 5, 5, 4, 4, 4, 4, 4, 5, 4, 4, 4, 4, 5, 5, 5, 4, 5, 5, 5], "midipitch": [67, 67, 72, 72, 71, 69, 67, 69, 69, 72, 69, 67, 69, 67, 72, 76, 74, 71, 74, 74, 72], "diatonicpitch": [32, 32, 35, 35, 34, 33, 32, 33, 33, 35, 33, 32, 33, 32, 35, 37, 36, 34, 36, 36, 35], "diatonicinterval": [null, 0, 3, 0, -1, -1, -1, 1, 0, 2, -2, -1, 1, -1, 3, 2, -1, -2, 2, 0, -1], "chromaticinterval": [null, 0, 5, 0, -1, -2, -2, 2, 0, 3, -3, -2, 2, -2, 5, 4, -2, -3, 3, 0, -2], "pitchproximity": [null, null, 5, 0, 1, 2, 2, 2, 0, 3, 3, 2, 2, 2, 5, 4, 2, 3, 3, 0, 2], "pitchreversal": [null, null, 0, 0, 0, 0, 0, 1.5, 0, 0, 1.5, 0, 1.5, 1.5, 0, 0, 1.5, 0, 1.5, 0, 0], "nextisrest": [false, false, false, false, false, false, false, false, false, false, false, false, false, false, false, false, false, false, false, false, null], "restduration_frac": [null, null, null, null, null, null, null, null, null, null, null, null, null, null, null, null, null, null, null, null, null], "duration": [0.5, 0.5, 0.5, 0.5, 0.5, 0.5, 1.0, 0.5, 0.5, 0.75, 0.25, 0.5, 0.5, 1.0, 1.0, 1.0, 1.5, 0.5, 0.5, 0.5, 1.0], "duration_frac": ["1/2", "1/2", "1/2", "1/2", "1/2", "1/2", "1", "1/2", "1/2", "3/4", "1/4", "1/2", "1/2", "1", "1", "1", "3/2", "1/2", "1/2", "1/2", "1"], "duration_fullname": ["Eighth", "Eighth", "Eighth", "Eighth", "Eighth", "Eighth", "Quarter", "Eighth", "Eighth", "Dotted Eighth", "16th", "Eighth", "Eighth", "Quarter", "Quarter", "Quarter", "Dotted Quarter", "Eighth", "Eighth", "Eighth", "Quarter"], "durationcontour": [null, "=", "=", "=", "=", "=", "+", "-", "=", "+", "-", "+", "=", "+", "=", "=", "+", "-", "=", "=", "+"], "onsettick": [0, 2, 4, 6, 8, 10, 12, 16, 18, 20, 23, 24, 26, 28, 32, 36, 40, 46, 48, 50, 52], "beatfraction": ["1/2", "1/2", "1/2", "1/2", "1/2", "1/2", "1", "1/2", "1/2", "3/4", "1/4", "1/2", "1/2", "1", "1", "1", "3/2", "1/2", "1/2", "1/2", "1"], "phrasepos": [0.0, 0.16666666666666666, 0.3333333333333333, 0.5, 0.6666666666666666, 0.8333333333333334, 1.0, 0.0, 0.16666666666666666, 0.3333333333333333, 0.5833333333333334, 0.6666666666666666, 0.8333333333333334, 1.0, 0.0, 0.2, 0.4, 0.7, 0.8, 0.9, 1.0], "phrase_ix": [0, 0, 0, 0, 0, 0, 0, 1, 1, 1, 1, 1, 1, 1, 2, 2, 2, 2, 2, 2, 2], "phrase_end": [false, false, false, false, false, false, true, false, false, false, false, false, false, true, false, false, false, false, false, false, true], "songpos": [0.0, 0.038461538461538464, 0.07692307692307693, 0.11538461538461539, 0.15384615384615385, 0.19230769230769232, 0.23076923076923078, 0.3076923076923077, 0.34615384615384615, 0.38461538461538464, 0.4423076923076923, 0.46153846153846156, 0.5, 0.5384615384615384, 0.6153846153846154, 0.6923076923076923, 0.7692307692307693, 0.8846153846153846, 0.9230769230769231, 0.9615384615384616, 1.0], "beatinsong": ["0", "1/2", "1", "3/2", "2", "5/2", "3", "4", "9/2", "5", "23/4", "6", "13/2", "7", "8", "9", "10", "23/2", "12", "25/2", "13"], "beatinphrase": ["0", "1/2", "1", "3/2", "2", "5/2", "3", "0", "1/2", "1", "7/4", "2", "5/2", "3", "0", "1", "2", "7/2", "4", "9/2", "5"], "beatinphrase_end": ["-2", "-3/2", "-1", "-1/2", "0", "1/2", "1", "-2", "-3/2", "-1", "-1/4", "0", "1/2", "1", "-4", "-3", "-2", "-1/2", "0", "1/2", "1"], "IOI_frac": ["1/2", "1/2", "1/2", "1/2", "1/2", "1/2", "1", "1/2", "1/2", "3/4", "1/4", "1/2", "1/2", "1", "1", "1", "3/2", "1/2", "1/2", "1/2", null], "IOI": [0.5, 0.5, 0.5, 0.5, 0.5, 0.5, 1.0, 0.5, 0.5, 0.75, 0.25, 0.5, 0.5, 1.0, 1.0, 1.0, 1.5, 0.5, 0.5, 0.5, null], "IOR_frac": [null, "1", "1", "1", "1", "1", "2", "1/2", "1", "3/2", "1/3", "2", "1", "2", "1", "1", "3/2", "1/3", "1", "1", null], "IOR": [null, 1.0, 1.0, 1.0, 1.0, 1.0, 2.0, 0.5, 1.0, 1.5, 0.3333333333333333, 2.0, 1.0, 2.0, 1.0, 1.0, 1.5, 0.3333333333333333, 1.0, 1.0, null], "imacontour": [null, "-", "+", "-", "+", "-", "+", "=", "-", "+", "-", "+", "-", "+", "+", "-", "+", "-", "+", "-", "+"], "pitch": ["G4", "G4", "C5", "C5", "B4", "A4", "G4", "A4", "A4", "C5", "A4", "G4", "A4", "G4", "C5", "E5", "D5", "B4", "D5", "D5", "C5"], "contour3": [null, "=", "+", "=", "-", "-", "-", "+", "=", "+", "-", "-", "+", "-", "+", "+", "-", "-", "+", "=", "-"], "contour5": [null, "=", "++", "=", "-", "-", "-", "+", "=", "++", "--", "-", "+", "-", "++", "++", "-", "--", "++", "=", "-"], "beatstrength": [1.0, 0.25, 0.5, 0.25, 1.0, 0.25, 0.5, 1.0, 0.25, 0.5, 0.125, 1.0, 0.25, 0.5, 1.0, 0.5, 1.0, 0.25, 1.0, 0.25, 0.5], "beat_str": ["1", "1", "2", "2", "1", "1", "2", "1", "1", "2", "2", "1", "1", "2", "1", "2", "1", "2", "1", "1", "2"], "beat_fraction_str": ["0", "1/2", "0", "1/2", "0", "1/2", "0", "0", "1/2", "0", "3/4", "0", "1/2", "0", "0", "0", "0", "1/2", "0", "1/2", "0"], "beat": [1.0, 1.5, 2.0, 2.5, 1.0, 1.5, 2.0, 1.0, 1.5, 2.0, 2.75, 1.0, 1.5, 2.0, 1.0, 2.0, 1.0, 2.5, 1.0, 1.5, 2.0], "timesignature": ["2/4", "2/4", "2/4", "2/4", "2/4", "2/4", "2/4", "2/4", "2/4", "2/4", "2/4", "2/4", "2/4", "2/4", "2/4", "2/4", "2/4", "2/4", "2/4", "2/4", "2/4"], "gpr2a_Frankland": [null, null, null, null, null, null, null, null, null, null, null, null, null, null, null, null, null, null, null, null, null], "gpr2b_Frankland": [null, null, null, null, null, null, 0.5, null, null, 0.5, null, null, null, null, null, null, 0.5, null, null, null, null], "gpr3a_Frankland": [null, 1.0, null, null, null, null, null, null, null, null, null, null, null, 0.4, null, null, null, null, null, null, null], "gpr3d_Frankland": [null, 0.0, 0.0, 0.0, null, null, null, null, null, null, null, null, 0.5, null, null, null, null, null, null, null, null], "gpr_Frankland_sum": [0, 1.0, 0, 0, 0, 0, 0.5, 0, 0, 0.5, 0, 0, 0.5, 0.4, 0, 0, 0.5, 0, 0, 0, 0], "lbdm_spitch": [null, 1.0, 0.0, 0.07466666666666666, 0.056, 0.0, 0.13999999999999999, 0.0, 0.25199999999999995, 0.05999999999999999, 0.039999999999999994, 0.0, 0.09333333333333332, 0.29696969696969694, 0.19090909090909092, 0.10999999999999999, 0.05999999999999999, 0.25199999999999995, 0.0, null, null], "lbdm_sioi": [null, 0.0, 0.0, 0.0, 0.0, 0.15873015873015875, 0.634920634920635, 0.15873015873015875, 0.09523809523809526, 0.5, 0.19841269841269843, 0.15873015873015875, 0.15873015873015875, 0.3174603174603175, 0.0, 0.19047619047619052, 1.0, 0.23809523809523814, 0.0, null, null], "lbdm_srest": [null, 0.0, 0.0, 0.0, 0.0, 0.0, 0.0, 0.0, 0.0, 0.0, 0.0, 0.0, 0.0, 0.0, 0.0, 0.0, 0.0, 0.0, 0.0, null, null],