{"id": "KB57158200000", "tunefamily": "", "year": -1, "tunefamily_full": "", "type": "", "freemeter": false, "origin": "", "features": {"scaledegree": [1, 3, 1, 2, 1, 7, 6, 5, 1, 3, 1, 4, 5, 5, 4, 3, 2, 1], "scaledegreespecifier": ["P", "M", "P", "M", "P", "M", "M", "P", "P", "M", "P", "P", "P", "P", "P", "M", "M", "P"], "tonic": ["C", "C", "C", "C", "C", "C", "C", "C", "C", "C", "C", "C", "C", "C", "C", "C", "C", "C"], "mode": ["major", "major", "major", "major", "major", "major", "major", "major", "major", "major", "major", "major", "major", "major", "major", "major", "major", "major"], "metriccontour": [null, "-", "+", "-", "+", "-", "=", "+", "=", "-", "+", "-", "+", "-", "-", "+", "-", "+"], "imaweight": [0.948718, 0.217949, 0.74359, 0.423077, 0.846154, 0.282051, 0.653846, 0.74359, 0.948718, 0.333333, 0.679487, 0.423077, 0.961538, 0.487179, 0.25641, 0.74359, 0.205128, 1.0], "imaweight_spectral": [1.0, 0.458333, 0.8, 0.625, 0.825, 0.425, 0.666667, 0.725, 1.0, 0.533333, 0.758333, 0.625, 0.866667, 0.425, 0.166667, 0.591667, 0.133333, 0.725], "pitch40_hewlett": [163, 175, 163, 169, 163, 158, 152, 146, 163, 175, 163, 180, 186, 186, 180, 175, 169, 163], "pitch40_sapp": [202, 214, 202, 208, 202, 197, 191, 185, 202, 214, 202, 219, 225, 225, 219, 214, 208, 202], "octave": [5, 5, 5, 5, 5, 4, 4, 4, 5, 5, 5, 5, 5, 5, 5, 5, 5, 5], "midipitch": [72, 76, 72, 74, 72, 71, 69, 67, 72, 76, 72, 77, 79, 79, 77, 76, 74, 72], "diatonicpitch": [35, 37, 35, 36, 35, 34, 33, 32, 35, 37, 35, 38, 39, 39, 38, 37, 36, 35], "diatonicinterval": [null, 2, -2, 1, -1, -1, -1, -1, 3, 2, -2, 3, 1, 0, -1, -1, -1, -1], "chromaticinterval": [null, 4, -4, 2, -2, -1, -2, -2, 5, 4, -4, 5, 2, 0, -2, -1, -2, -2], "pitchproximity": [null, null, 4, 2, 2, 1, 2, 2, 5, 4, 4, 5, 2, 0, 2, 1, 2, 2], "pitchreversal": [null, null, 1.5, 1.5, 1.5, 0, 0, 0, 0, 0, 1.5, 1.5, 0, 0, 0, 0, 0, 0], "nextisrest": [false, false, false, false, false, false, false, false, false, false, false, false, false, false, false, false, false, true], "restduration_frac": [null, null, null, null, null, null, null, null, null, null, null, null, null, null, null, null, null, "1/2"], "duration": [0.5, 1.0, 0.5, 1.0, 0.5, 0.5, 0.5, 1.5, 0.5, 1.0, 0.5, 1.0, 0.5, 0.25, 0.25, 0.25, 0.25, 1.0], "duration_frac": ["1/2", "1", "1/2", "1", "1/2", "1/2", "1/2", "3/2", "1/2", "1", "1/2", "1", "1/2", "1/4", "1/4", "1/4", "1/4", "1"], "duration_fullname": ["Eighth", "Quarter", "Eighth", "Quarter", "Eighth", "Eighth", "Eighth", "Dotted Quarter", "Eighth", "Quarter", "Eighth", "Quarter", "Eighth", "16th", "16th", "16th", "16th", "Quarter"], "durationcontour": [null, "+", "-", "+", "-", "=", "=", "+", "-", "+", "-", "+", "-", "-", "=", "=", "=", "+"], "onsettick": [0, 2, 6, 8, 12, 14, 16, 18, 24, 26, 30, 32, 36, 38, 39, 40, 41, 42], "beatfraction": ["1/3", "2/3", "1/3", "2/3", "1/3", "1/3", "1/3", "1", "1/3", "2/3", "1/3", "2/3", "1/3", "1/6", "1/6", "1/6", "1/6", "2/3"], "phrasepos": [0.0, 0.1111111111111111, 0.3333333333333333, 0.4444444444444444, 0.6666666666666666, 0.7777777777777778, 0.8888888888888888, 1.0, 0.0, 0.1111111111111111, 0.3333333333333333, 0.4444444444444444, 0.6666666666666666, 0.7777777777777778, 0.8333333333333334, 0.8888888888888888, 0.9444444444444444, 1.0], "phrase_ix": [0, 0, 0, 0, 0, 0, 0, 0, 1, 1, 1, 1, 1, 1, 1, 1, 1, 1], "phrase_end": [false, false, false, false, false, false, false, true, false, false, false, false, false, false, false, false, false, true], "songpos": [0.0, 0.047619047619047616, 0.14285714285714285, 0.19047619047619047, 0.2857142857142857, 0.3333333333333333, 0.38095238095238093, 0.42857142857142855, 0.5714285714285714, 0.6190476190476191, 0.7142857142857143, 0.7619047619047619, 0.8571428571428571, 0.9047619047619048, 0.9285714285714286, 0.9523809523809523, 0.9761904761904762, 1.0], "beatinsong": ["0", "1/3", "1", "4/3", "2", "7/3", "8/3", "3", "4", "13/3", "5", "16/3", "6", "19/3", "13/2", "20/3", "41/6", "7"], "beatinphrase": ["0", "1/3", "1", "4/3", "2", "7/3", "8/3", "3", "0", "1/3", "1", "4/3", "2", "7/3", "5/2", "8/3", "17/6", "3"], "beatinphrase_end": ["-3", "-8/3", "-2", "-5/3", "-1", "-2/3", "-1/3", "0", "-3", "-8/3", "-2", "-5/3", "-1", "-2/3", "-1/2", "-1/3", "-1/6", "0"], "IOI_frac": ["1/2", "1", "1/2", "1", "1/2", "1/2", "1/2", "3/2", "1/2", "1", "1/2", "1", "1/2", "1/4", "1/4", "1/4", "1/4", "3/2"], "IOI": [0.5, 1.0, 0.5, 1.0, 0.5, 0.5, 0.5, 1.5, 0.5, 1.0, 0.5, 1.0, 0.5, 0.25, 0.25, 0.25, 0.25, 1.5], "IOR_frac": [null, "2", "1/2", "2", "1/2", "1", "1", "3", "1/3", "2", "1/2", "2", "1/2", "1/2", "1", "1", "1", "6"], "IOR": [null, 2.0, 0.5, 2.0, 0.5, 1.0, 1.0, 3.0, 0.3333333333333333, 2.0, 0.5, 2.0, 0.5, 0.5, 1.0, 1.0, 1.0, 6.0], "imacontour": [null, "-", "+", "-", "+", "-", "+", "+", "+", "-", "+", "-", "+", "-", "-", "+", "-", "+"], "pitch": ["C5", "E5", "C5", "D5", "C5", "B4", "A4", "G4", "C5", "E5", "C5", "F5", "G5", "G5", "F5", "E5", "D5", "C5"], "contour3": [null, "+", "-", "+", "-", "-", "-", "-", "+", "+", "-", "+", "+", "=", "-", "-", "-", "-"], "contour5": [null, "++", "--", "+", "-", "-", "-", "-", "++", "++", "--", "++", "+", "=", "-", "-", "-", "-"], "beatstrength": [1.0, 0.5, 1.0, 0.5, 1.0, 0.5, 0.5, 1.0, 1.0, 0.5, 1.0, 0.5, 1.0, 0.5, 0.25, 0.5, 0.25, 1.0], "beat_str": ["1", "1", "1", "1", "1", "1", "1", "1", "1", "1", "1", "1", "1", "1", "1", "1", "1", "1"], "beat_fraction_str": ["0", "1/3", "0", "1/3", "0", "1/3", "2/3", "0", "0", "1/3", "0", "1/3", "0", "1/3", "1/2", "2/3", "5/6", "0"], "beat": [1.0, 1.3333333333333333, 1.0, 1.3333333333333333, 1.0, 1.3333333333333333, 1.6666666666666667, 1.0, 1.0, 1.3333333333333333, 1.0, 1.3333333333333333, 1.0, 1.3333333333333333, 1.5, 1.6666666666666667, 1.8333333333333333, 1.0], "timesignature": ["3/8", "3/8", "3/8", "3/8", "3/8", "3/8", "3/8", "3/8", "3/8", "3/8", "3/8", "3/8", "3/8", "3/8", "3/8", "3/8", "3/8", "3/8"], "gpr2a_Frankland": [null, null, null, null, null, null, null, null, null, null, null, null, null, null, null, null, null, 0.125], "gpr2b_Frankland": [null, 0.5, null, 0.5, null, null, null, 0.6666666666666667, null, 0.5, null, 0.5, null, null, null, null, null, null], "gpr3a_Frankland": [null, null, null, null, null, null, null, 0.4, null, null, 0.4, null, null, 0.75, null, null, null, null], "gpr3d_Frankland": [null, null, null, null, null, null, null, null, null, null, null, null, null, null, 0.0, null, null, null], "gpr_Frankland_sum": [0, 0.5, 0, 0.5, 0, 0, 0, 1.0666666666666669, 0, 0.5, 0.4, 0.5, 0, 0.75, 0, 0, 0, 0.125], "lbdm_spitch": [null, 0.4714285714285715, 0.23571428571428574, 0.18857142857142858, 0.18857142857142858, 0.18857142857142858, 0.3142857142857143, 1.0, 0.17142857142857143, 0.17142857142857143, 1.0, 0.7857142857142857, 0.0, 0.66, 0.18857142857142858, 0.18857142857142858, null, null], "lbdm_sioi": [null, 0.4444444444444444, 0.2222222222222222, 0.4444444444444444, 0.1111111111111111, 0.0, 0.16666666666666666, 1.0, 0.27777777777777773, 0.4444444444444444, 0.2222222222222222, 0.4444444444444444, 0.2222222222222222, 0.05555555555555555, 0.0, 0.0, null, null], "lbdm_srest": [null, 0.0, 0.0, 0.0, 0.0, 0.0, 0.0, 0.0, 0.0, 0.0, 0.0, 0.0, 0.0, 0.0, 0.0, 0.0, null, null], "lbdm_rpitch": [null, 0.0, 0.25, 0.0, 0.2, 0.2, 0.0, 0.3333333333333333, 0.09090909090909091, 0.0, 0.09090909090909091, 0.3333333333333333, 0.5, 0.5, 0.2, 0.2, 0.0, null], "lbdm_rioi": [null, 0.3333333333333333, 0.3333333333333333, 0.3333333333333333, 0.3333333333333333, 0.0, 0.0, 0.5, 0.5, 0.3333333333333333, 0.3333333333333333, 0.3333333333333333, 0.3333333333333333, 0.3333333333333333, 0.0, 0.0, 0.0, null], "lbdm_rrest": [null, 0.0, 0.0, 0.0, 0.0, 0.0, 0.0, 0.0, 0.0, 0.0, 0.0, 0.0, 0.0, 0.0, 0.0, 0.0, 0.0, null],