{"id": "KB57165400001", "tunefamily": "", "year": -1, "tunefamily_full": "", "type": "", "freemeter": false, "origin": "", "features": {"scaledegree": [1, 3, 3, 2, 3, 1, 1, 3, 3, 2, 3, 1, 3, 2, 3, 7, 1, 5], "scaledegreespecifier": ["P", "m", "m", "M", "m", "P", "P", "m", "m", "M", "m", "P", "m", "M", "m", "M", "P", "P"], "tonic": ["A", "A", "A", "A", "A", "A", "A", "A", "A", "A", "A", "A", "A", "A", "A", "A", "A", "A"], "mode": ["minor", "minor", "minor", "minor", "minor", "minor", "minor", "minor", "minor", "minor", "minor", "minor", "minor", "minor", "minor", "minor", "minor", "minor"], "metriccontour": [null, "-", "=", "+", "-", "=", "+", "-", "=", "+", "-", "=", "+", "=", "-", "=", "+", "-"], "imaweight": [0.980861, 0.789474, 0.770335, 0.956938, 0.803828, 0.770335, 0.904306, 0.808612, 0.784689, 0.899522, 0.808612, 0.84689, 1.0, 0.38756, 0.23445, 0.177033, 0.287081, 0.191388], "imaweight_spectral": [0.982222, 0.804444, 0.786667, 0.96, 0.817778, 0.786667, 0.911111, 0.822222, 0.8, 0.906667, 0.822222, 0.857778, 1.0, 1.0, 0.857778, 0.804444, 0.906667, 0.817778], "pitch40_hewlett": [152, 163, 163, 158, 163, 152, 152, 163, 163, 158, 163, 152, 163, 158, 163, 147, 152, 135], "pitch40_sapp": [191, 202, 202, 197, 202, 191, 191, 202, 202, 197, 202, 191, 202, 197, 202, 186, 191, 174], "octave": [4, 5, 5, 4, 5, 4, 4, 5, 5, 4, 5, 4, 5, 4, 5, 4, 4, 4], "midipitch": [69, 72, 72, 71, 72, 69, 69, 72, 72, 71, 72, 69, 72, 71, 72, 68, 69, 64], "diatonicpitch": [28, 30, 30, 29, 30, 28, 28, 30, 30, 29, 30, 28, 30, 29, 30, 27, 28, 25], "diatonicinterval": [null, 2, 0, -1, 1, -2, 0, 2, 0, -1, 1, -2, 2, -1, 1, -3, 1, -3], "chromaticinterval": [null, 3, 0, -1, 1, -3, 0, 3, 0, -1, 1, -3, 3, -1, 1, -4, 1, -5], "pitchproximity": [null, null, 0, 1, 1, 3, 0, 3, 0, 1, 1, 3, 3, 1, 1, 4, 1, 5], "pitchreversal": [null, null, 0, 0, 1.5, 1.5, 0, 0, 0, 0, 1.5, 1.5, 1.5, 1.5, 1.5, 0, 0, 0], "nextisrest": [false, false, false, false, false, false, false, false, false, false, false, false, false, true, false, false, false, true], "restduration_frac": [null, null, null, null, null, null, null, null, null, null, null, null, null, "1/4", null, null, null, "1/2"], "duration": [0.5, 0.5, 0.5, 0.5, 0.5, 0.5, 0.5, 0.5, 0.5, 0.5, 0.5, 0.5, 1.5, 0.25, 0.5, 0.5, 0.5, 0.5], "duration_frac": ["1/2", "1/2", "1/2", "1/2", "1/2", "1/2", "1/2", "1/2", "1/2", "1/2", "1/2", "1/2", "3/2", "1/4", "1/2", "1/2", "1/2", "1/2"], "duration_fullname": ["Eighth", "Eighth", "Eighth", "Eighth", "Eighth", "Eighth", "Eighth", "Eighth", "Eighth", "Eighth", "Eighth", "Eighth", "Dotted Quarter", "16th", "Eighth", "Eighth", "Eighth", "Eighth"], "durationcontour": [null, "=", "=", "=", "=", "=", "=", "=", "=", "=", "=", "=", "+", "-", "+", "=", "=", "="], "onsettick": [0, 2, 4, 6, 8, 10, 12, 14, 16, 18, 20, 22, 24, 30, 32, 34, 36, 38], "beatfraction": ["1/3", "1/3", "1/3", "1/3", "1/3", "1/3", "1/3", "1/3", "1/3", "1/3", "1/3", "1/3", "1", "1/6", "1/3", "1/3", "1/3", "1/3"], "phrasepos": [0.0, 0.09090909090909091, 0.18181818181818182, 0.2727272727272727, 0.36363636363636365, 0.45454545454545453, 0.5454545454545454, 0.6363636363636364, 0.7272727272727273, 0.8181818181818182, 0.9090909090909091, 1.0, 0.0, 0.42857142857142855, 0.5714285714285714, 0.7142857142857143, 0.8571428571428571, 1.0], "phrase_ix": [0, 0, 0, 0, 0, 0, 0, 0, 0, 0, 0, 0, 1, 1, 1, 1, 1, 1], "phrase_end": [false, false, false, false, false, false, false, false, false, false, false, true, false, false, false, false, false, true], "songpos": [0.0, 0.05263157894736842, 0.10526315789473684, 0.15789473684210525, 0.21052631578947367, 0.2631578947368421, 0.3157894736842105, 0.3684210526315789, 0.42105263157894735, 0.47368421052631576, 0.5263157894736842, 0.5789473684210527, 0.631578947368421, 0.7894736842105263, 0.8421052631578947, 0.8947368421052632, 0.9473684210526315, 1.0], "beatinsong": ["0", "1/3", "2/3", "1", "4/3", "5/3", "2", "7/3", "8/3", "3", "10/3", "11/3", "4", "5", "16/3", "17/3", "6", "19/3"], "beatinphrase": ["0", "1/3", "2/3", "1", "4/3", "5/3", "2", "7/3", "8/3", "3", "10/3", "11/3", "0", "1", "4/3", "5/3", "2", "7/3"], "beatinphrase_end": ["-3", "-8/3", "-7/3", "-2", "-5/3", "-4/3", "-1", "-2/3", "-1/3", "0", "1/3", "2/3", "-2", "-1", "-2/3", "-1/3", "0", "1/3"], "IOI_frac": ["1/2", "1/2", "1/2", "1/2", "1/2", "1/2", "1/2", "1/2", "1/2", "1/2", "1/2", "1/2", "3/2", "1/2", "1/2", "1/2", "1/2", "1"], "IOI": [0.5, 0.5, 0.5, 0.5, 0.5, 0.5, 0.5, 0.5, 0.5, 0.5, 0.5, 0.5, 1.5, 0.5, 0.5, 0.5, 0.5, 1.0], "IOR_frac": [null, "1", "1", "1", "1", "1", "1", "1", "1", "1", "1", "1", "3", "1/3", "1", "1", "1", "2"], "IOR": [null, 1.0, 1.0, 1.0, 1.0, 1.0, 1.0, 1.0, 1.0, 1.0, 1.0, 1.0, 3.0, 0.3333333333333333, 1.0, 1.0, 1.0, 2.0], "imacontour": [null, "-", "-", "+", "-", "-", "+", "-", "-", "+", "-", "+", "+", "-", "-", "-", "+", "-"], "pitch": ["A4", "C5", "C5", "B4", "C5", "A4", "A4", "C5", "C5", "B4", "C5", "A4", "C5", "B4", "C5", "G#4", "A4", "E4"], "contour3": [null, "+", "=", "-", "+", "-", "=", "+", "=", "-", "+", "-", "+", "-", "+", "-", "+", "-"], "contour5": [null, "++", "=", "-", "+", "--", "=", "++", "=", "-", "+", "--", "++", "-", "+", "--", "+", "--"], "beatstrength": [1.0, 0.5, 0.5, 1.0, 0.5, 0.5, 1.0, 0.5, 0.5, 1.0, 0.5, 0.5, 1.0, 1.0, 0.5, 0.5, 1.0, 0.5], "beat_str": ["1", "1", "1", "1", "1", "1", "1", "1", "1", "1", "1", "1", "1", "1", "1", "1", "1", "1"], "beat_fraction_str": ["0", "1/3", "2/3", "0", "1/3", "2/3", "0", "1/3", "2/3", "0", "1/3", "2/3", "0", "0", "1/3", "2/3", "0", "1/3"], "beat": [1.0, 1.3333333333333333, 1.6666666666666667, 1.0, 1.3333333333333333, 1.6666666666666667, 1.0, 1.3333333333333333, 1.6666666666666667, 1.0, 1.3333333333333333, 1.6666666666666667, 1.0, 1.0, 1.3333333333333333, 1.6666666666666667, 1.0, 1.3333333333333333], "timesignature": ["3/8", "3/8", "3/8", "3/8", "3/8", "3/8", "3/8", "3/8", "3/8", "3/8", "3/8", "3/8", "3/8", "3/8", "3/8", "3/8", "3/8", "3/8"], "gpr2a_Frankland": [null, null, null, null, null, null, null, null, null, null, null, null, null, 0.0625, null, null, null, 0.125], "gpr2b_Frankland": [null, null, null, null, null, null, null, null, null, null, null, null, null, null, null, null, null, null], "gpr3a_Frankland": [null, null, null, null, 0.8333333333333334, null, 1.0, null, null, null, null, null, null, null, 0.75, null, null, null], "gpr3d_Frankland": [null, 0.0, 0.0, 0.0, 0.0, 0.0, 0.0, 0.0, 0.0, 0.0, null, null, null, null, 0.0, null, null, null], "gpr_Frankland_sum": [0, 0, 0, 0, 0.8333333333333334, 0, 1.0, 0, 0, 0, 0, 0, 0, 0.0625, 0.75, 0, 0, 0.125], "lbdm_spitch": [null, 0.0, 0.0925925925925926, 0.0925925925925926, 0.7777777777777778, 0.0, 1.0, 0.0, 0.0925925925925926, 0.0925925925925926, 0.2777777777777778, 0.2777777777777778, 0.0925925925925926, 0.11904761904761905, 0.9523809523809524, 0.25793650793650796, null, null], "lbdm_sioi": [null, 0.0, 0.0, 0.0, 0.0, 0.0, 0.0, 0.0, 0.0, 0.0, 0.0, 0.16666666666666666, 1.0, 0.16666666666666666, 0.0, 0.0, null, null], "lbdm_srest": [null, 0.0, 0.0, 0.0, 0.0, 0.0, 0.0, 0.0, 0.0, 0.0, 0.0, 0.0, 0.0, 1.0, 0.0, 0.0, null, null], "lbdm_rpitch": [null, 0.6, 0.3333333333333333, 0.0, 0.3333333333333333, 0.6, 0.6, 0.6, 0.3333333333333333, 0.0, 0.3333333333333333, 0.0, 0.3333333333333333, 0.0, 0.42857142857142855, 0.42857142857142855, 0.5, null], "lbdm_rioi": [null, 0.0, 0.0, 0.0, 0.0, 0.0, 0.0, 0.0, 0.0, 0.0, 0.0, 0.0, 0.5, 0.5, 0.0, 0.0, 0.0, null], "lbdm_rrest": [null, 0.0, 0.0, 0.0, 0.0, 0.0, 0.0, 0.0, 0.0, 0.0, 0.0, 0.0, 0.0, 1.0, 1.0, 0.0, 0.0, null], "lbdm_boundarystrength": [null, 0.0, 0.02314814814814815, 0.02314814814814815, 0.19444444444444445, 0.0, 0.25, 0.0, 0.02314814814814815, 0.02314814814814815, 0.06944444444444445, 0.1527777777777778, 0.5231481481481481, 0.3630952380952381, 0.2380952380952381, 0.06448412698412699, null, null]}}
