{"id": "KB7516900000", "tunefamily": "", "year": -1, "tunefamily_full": "", "type": "", "freemeter": false, "origin": "", "features": {"scaledegree": [5, 4, 4, 3, 1, 5, 7, 2, 4, 6, 6, 1, 5, 5, 7, 1], "scaledegreespecifier": ["P", "P", "P", "M", "P", "P", "M", "M", "P", "M", "M", "P", "P", "P", "M", "P"], "tonic": ["C", "C", "C", "C", "C", "C", "C", "C", "C", "C", "C", "C", "C", "C", "C", "C"], "mode": ["major", "major", "major", "major", "major", "major", "major", "major", "major", "major", "major", "major", "major", "major", "major", "major"], "metriccontour": [null, "-", "=", "+", "-", "+", "-", "+", "+", "-", "=", "+", "-", "+", "-", "+"], "imaweight": [0.830769, 0.830769, 0.707692, 0.830769, 0.830769, 0.784615, 0.446154, 0.892308, 1.0, 0.753846, 0.907692, 0.753846, 0.938462, 0.830769, 0.2, 0.646154], "imaweight_spectral": [0.829787, 1.0, 0.744681, 1.0, 0.829787, 0.925532, 0.351064, 1.0, 0.946809, 0.87234, 0.882979, 0.87234, 0.904255, 0.957447, 0.180851, 0.925532], "pitch40_hewlett": [146, 180, 180, 175, 163, 146, 158, 169, 140, 152, 152, 163, 146, 146, 158, 163], "pitch40_sapp": [185, 219, 219, 214, 202, 185, 197, 208, 179, 191, 191, 202, 185, 185, 197, 202], "octave": [4, 5, 5, 5, 5, 4, 4, 5, 4, 4, 4, 5, 4, 4, 4, 5], "midipitch": [67, 77, 77, 76, 72, 67, 71, 74, 65, 69, 69, 72, 67, 67, 71, 72], "diatonicpitch": [32, 38, 38, 37, 35, 32, 34, 36, 31, 33, 33, 35, 32, 32, 34, 35], "diatonicinterval": [null, 6, 0, -1, -2, -3, 2, 2, -5, 2, 0, 2, -3, 0, 2, 1], "chromaticinterval": [null, 10, 0, -1, -4, -5, 4, 3, -9, 4, 0, 3, -5, 0, 4, 1], "pitchproximity": [null, null, 0, 1, 4, 5, 4, 3, 9, 4, 0, 3, 5, 0, 4, 1], "pitchreversal": [null, null, 1, 0, 0, 0, 1.5, 0, 0, 1, 0, 0, 1.5, 0, 0, 0], "nextisrest": [false, false, false, false, false, false, false, false, false, false, false, false, false, false, false, null], "restduration_frac": [null, null, null, null, null, null, null, null, null, null, null, null, null, null, null, null], "duration": [1.0, 1.0, 1.0, 1.0, 2.0, 0.5, 0.5, 2.0, 1.0, 1.0, 1.0, 1.0, 2.0, 0.5, 0.5, 2.0], "duration_frac": ["1", "1", "1", "1", "2", "1/2", "1/2", "2", "1", "1", "1", "1", "2", "1/2", "1/2", "2"], "duration_fullname": ["Quarter", "Quarter", "Quarter", "Quarter", "Half", "Eighth", "Eighth", "Half", "Quarter", "Quarter", "Quarter", "Quarter", "Half", "Eighth", "Eighth", "Half"], "durationcontour": [null, "=", "=", "=", "+", "-", "=", "+", "-", "=", "=", "=", "+", "-", "=", "+"], "onsettick": [0, 2, 4, 6, 8, 12, 13, 14, 18, 20, 22, 24, 26, 30, 31, 32], "beatfraction": ["1", "1", "1", "1", "2", "1/2", "1/2", "2", "1", "1", "1", "1", "2", "1/2", "1/2", "2"], "phrasepos": [0.0, 0.0625, 0.125, 0.1875, 0.25, 0.375, 0.40625, 0.4375, 0.5625, 0.625, 0.6875, 0.75, 0.8125, 0.9375, 0.96875, 1.0], "phrase_ix": [0, 0, 0, 0, 0, 0, 0, 0, 0, 0, 0, 0, 0, 0, 0, 0], "phrase_end": [false, false, false, false, false, false, false, false, false, false, false, false, false, false, false, true], "songpos": [0.0, 0.0625, 0.125, 0.1875, 0.25, 0.375, 0.40625, 0.4375, 0.5625, 0.625, 0.6875, 0.75, 0.8125, 0.9375, 0.96875, 1.0], "beatinsong": ["0", "1", "2", "3", "4", "6", "13/2", "7", "9", "10", "11", "12", "13", "15", "31/2", "16"], "beatinphrase": ["0", "1", "2", "3", "4", "6", "13/2", "7", "9", "10", "11", "12", "13", "15", "31/2", "16"], "beatinphrase_end": ["-15", "-14", "-13", "-12", "-11", "-9", "-17/2", "-8", "-6", "-5", "-4", "-3", "-2", "0", "1/2", "1"], "IOI_frac": ["1", "1", "1", "1", "2", "1/2", "1/2", "2", "1", "1", "1", "1", "2", "1/2", "1/2", null], "IOI": [1.0, 1.0, 1.0, 1.0, 2.0, 0.5, 0.5, 2.0, 1.0, 1.0, 1.0, 1.0, 2.0, 0.5, 0.5, null], "IOR_frac": [null, "1", "1", "1", "2", "1/4", "1", "4", "1/2", "1", "1", "1", "2", "1/4", "1", null], "IOR": [null, 1.0, 1.0, 1.0, 2.0, 0.25, 1.0, 4.0, 0.5, 1.0, 1.0, 1.0, 2.0, 0.25, 1.0, null], "imacontour": [null, "=", "-", "+", "=", "-", "-", "+", "+", "-", "+", "-", "+", "-", "-", "+"], "pitch": ["G4", "F5", "F5", "E5", "C5", "G4", "B4", "D5", "F4", "A4", "A4", "C5", "G4", "G4", "B4", "C5"], "contour3": [null, "+", "=", "-", "-", "-", "+", "+", "-", "+", "=", "+", "-", "=", "+", "+"], "contour5": [null, "++", "=", "-", "--", "--", "++", "++", "--", "++", "=", "++", "--", "=", "++", "+"], "beatstrength": [1.0, 0.5, 0.5, 1.0, 0.5, 1.0, 0.25, 0.5, 1.0, 0.5, 0.5, 1.0, 0.5, 1.0, 0.25, 0.5], "beat_str": ["1", "2", "3", "1", "2", "1", "1", "2", "1", "2", "3", "1", "2", "1", "1", "2"], "beat_fraction_str": ["0", "0", "0", "0", "0", "0", "1/2", "0", "0", "0", "0", "0", "0", "0", "1/2", "0"], "beat": [1.0, 2.0, 3.0, 1.0, 2.0, 1.0, 1.5, 2.0, 1.0, 2.0, 3.0, 1.0, 2.0, 1.0, 1.5, 2.0], "timesignature": ["3/4", "3/4", "3/4", "3/4", "3/4", "3/4", "3/4", "3/4", "3/4", "3/4", "3/4", "3/4", "3/4", "3/4", "3/4", "3/4"], "gpr2a_Frankland": [null, null, null, null, null, null, null, null, null, null, null, null, null, null, null, null], "gpr2b_Frankland": [null, null, null, null, 0.625, null, null, 0.625, null, null, null, null, 0.625, null, null, null], "gpr3a_Frankland": [null, null, null, null, 0.19999999999999996, null, null, 0.6111111111111112, null, null, null, 0.7, null, 0.875, null, null], "gpr3d_Frankland": [null, 0.0, null, null, null, null, null, null, null, 0.0, null, null, null, null, null, null], "gpr_Frankland_sum": [0, 0, 0, 0, 0.825, 0, 0, 1.2361111111111112, 0, 0, 0, 0.7, 0.625, 0.875, 0, 0], "lbdm_spitch": [null, 0.0, 0.1111111111111111, 0.30303030303030304, 0.1325757575757576, 0.11784511784511785, 0.23611111111111113, 1.0, 0.5833333333333334, 0.0, 0.3500000000000001, 0.6666666666666669, 0.0, 0.6388888888888888, null, null], "lbdm_sioi": [null, 0.0, 0.0, 0.17857142857142855, 1.0, 0.1607142857142857, 0.1607142857142857, 1.0, 0.17857142857142855, 0.0, 0.0, 0.17857142857142855, 1.0, 0.1607142857142857, null, null], "lbdm_srest": [null, 0.0, 0.0, 0.0, 0.0, 0.0, 0.0, 0.0, 0.0, 0.0, 0.0, 0.0, 0.0, 0.0, null, null], "lbdm_rpitch": [null, 0.8333333333333334, 0.3333333333333333, 0.42857142857142855, 0.09090909090909091, 0.09090909090909091, 0.1111111111111111, 0.42857142857142855, 0.3333333333333333, 0.6666666666666666, 0.6, 0.2, 0.7142857142857143, 0.6666666666666666, 0.42857142857142855, null], "lbdm_rioi": [null, 0.0, 0.0, 0.0, 0.3333333333333333, 0.6, 0.0, 0.6, 0.3333333333333333, 0.0, 0.0, 0.0, 0.3333333333333333, 0.6, 0.0, null], "lbdm_rrest": [null, 0.0, 0.0, 0.0, 0.0, 0.0, 0.0, 0.0, 0.0, 0.0, 0.0, 0.0, 0.0, 0.0, 0.0, null], "lbdm_boundarystrength": [null, 0.0, 0.027777777777777776, 0.16504329004329005, 0.5331439393939394, 0.10981842231842232, 0.13938492063492064, 0.75, 0.23511904761904762, 0.0, 0.08750000000000002, 0.255952380952381, 0.5, 0.24007936507936506, null, null]}}
