{"id": "KB7637400000", "tunefamily": "", "year": -1, "tunefamily_full": "", "type": "", "freemeter": false, "origin": "", "features": {"scaledegree": [1, 2, 3, 2, 4, 3, 2, 1, 2, 1, 2, 3, 2, 4, 3, 2, 7, 1], "scaledegreespecifier": ["P", "M", "m", "M", "P", "m", "M", "P", "M", "P", "M", "m", "M", "P", "m", "M", "M", "P"], "tonic": ["A", "A", "A", "A", "A", "A", "A", "A", "A", "A", "A", "A", "A", "A", "A", "A", "A", "A"], "mode": ["minor", "minor", "minor", "minor", "minor", "minor", "minor", "minor", "minor", "minor", "minor", "minor", "minor", "minor", "minor", "minor", "minor", "minor"], "metriccontour": [null, "-", "+", "-", "+", "-", "+", "-", "+", "=", "-", "+", "-", "+", "-", "+", "-", "+"], "imaweight": [0.918919, 0.693694, 0.738739, 0.657658, 0.801802, 0.612613, 0.693694, 0.774775, 1.0, 1.0, 0.774775, 0.693694, 0.612613, 0.801802, 0.657658, 0.738739, 0.693694, 0.918919], "imaweight_spectral": [0.948571, 0.805714, 0.834286, 0.782857, 0.874286, 0.754286, 0.805714, 0.857143, 1.0, 1.0, 0.857143, 0.805714, 0.754286, 0.874286, 0.782857, 0.834286, 0.805714, 0.948571], "pitch40_hewlett": [152, 158, 163, 158, 169, 163, 158, 152, 158, 152, 158, 163, 158, 169, 163, 158, 147, 152], "pitch40_sapp": [191, 197, 202, 197, 208, 202, 197, 191, 197, 191, 197, 202, 197, 208, 202, 197, 186, 191], "octave": [4, 4, 5, 4, 5, 5, 4, 4, 4, 4, 4, 5, 4, 5, 5, 4, 4, 4], "midipitch": [69, 71, 72, 71, 74, 72, 71, 69, 71, 69, 71, 72, 71, 74, 72, 71, 68, 69], "diatonicpitch": [28, 29, 30, 29, 31, 30, 29, 28, 29, 28, 29, 30, 29, 31, 30, 29, 27, 28], "diatonicinterval": [null, 1, 1, -1, 2, -1, -1, -1, 1, -1, 1, 1, -1, 2, -1, -1, -2, 1], "chromaticinterval": [null, 2, 1, -1, 3, -2, -1, -2, 2, -2, 2, 1, -1, 3, -2, -1, -3, 1], "pitchproximity": [null, null, 1, 1, 3, 2, 1, 2, 2, 2, 2, 1, 1, 3, 2, 1, 3, 1], "pitchreversal": [null, null, 0, 1.5, 1.5, 1.5, 0, 0, 1.5, 1.5, 1.5, 0, 1.5, 1.5, 1.5, 0, 0, 1.5], "nextisrest": [false, false, false, false, false, false, false, false, false, false, false, false, false, false, false, false, false, null], "restduration_frac": [null, null, null, null, null, null, null, null, null, null, null, null, null, null, null, null, null, null], "duration": [0.5, 0.5, 0.5, 0.5, 0.5, 0.5, 0.5, 0.5, 2.0, 0.5, 0.5, 0.5, 0.5, 0.5, 0.5, 0.5, 0.5, 2.0], "duration_frac": ["1/2", "1/2", "1/2", "1/2", "1/2", "1/2", "1/2", "1/2", "2", "1/2", "1/2", "1/2", "1/2", "1/2", "1/2", "1/2", "1/2", "2"], "duration_fullname": ["Eighth", "Eighth", "Eighth", "Eighth", "Eighth", "Eighth", "Eighth", "Eighth", "Half", "Eighth", "Eighth", "Eighth", "Eighth", "Eighth", "Eighth", "Eighth", "Eighth", "Half"], "durationcontour": [null, "=", "=", "=", "=", "=", "=", "=", "+", "-", "=", "=", "=", "=", "=", "=", "=", "+"], "onsettick": [0, 1, 2, 3, 4, 5, 6, 7, 8, 12, 13, 14, 15, 16, 17, 18, 19, 20], "beatfraction": ["1/2", "1/2", "1/2", "1/2", "1/2", "1/2", "1/2", "1/2", "2", "1/2", "1/2", "1/2", "1/2", "1/2", "1/2", "1/2", "1/2", "2"], "phrasepos": [0.0, 0.05, 0.1, 0.15, 0.2, 0.25, 0.3, 0.35, 0.4, 0.6, 0.65, 0.7, 0.75, 0.8, 0.85, 0.9, 0.95, 1.0], "phrase_ix": [0, 0, 0, 0, 0, 0, 0, 0, 0, 0, 0, 0, 0, 0, 0, 0, 0, 0], "phrase_end": [false, false, false, false, false, false, false, false, false, false, false, false, false, false, false, false, false, true], "songpos": [0.0, 0.05, 0.1, 0.15, 0.2, 0.25, 0.3, 0.35, 0.4, 0.6, 0.65, 0.7, 0.75, 0.8, 0.85, 0.9, 0.95, 1.0], "beatinsong": ["0", "1/2", "1", "3/2", "2", "5/2", "3", "7/2", "4", "6", "13/2", "7", "15/2", "8", "17/2", "9", "19/2", "10"], "beatinphrase": ["0", "1/2", "1", "3/2", "2", "5/2", "3", "7/2", "4", "6", "13/2", "7", "15/2", "8", "17/2", "9", "19/2", "10"], "beatinphrase_end": ["-10", "-19/2", "-9", "-17/2", "-8", "-15/2", "-7", "-13/2", "-6", "-4", "-7/2", "-3", "-5/2", "-2", "-3/2", "-1", "-1/2", "0"], "IOI_frac": ["1/2", "1/2", "1/2", "1/2", "1/2", "1/2", "1/2", "1/2", "2", "1/2", "1/2", "1/2", "1/2", "1/2", "1/2", "1/2", "1/2", null], "IOI": [0.5, 0.5, 0.5, 0.5, 0.5, 0.5, 0.5, 0.5, 2.0, 0.5, 0.5, 0.5, 0.5, 0.5, 0.5, 0.5, 0.5, null], "IOR_frac": [null, "1", "1", "1", "1", "1", "1", "1", "4", "1/4", "1", "1", "1", "1", "1", "1", "1", null], "IOR": [null, 1.0, 1.0, 1.0, 1.0, 1.0, 1.0, 1.0, 4.0, 0.25, 1.0, 1.0, 1.0, 1.0, 1.0, 1.0, 1.0, null], "imacontour": [null, "-", "+", "-", "+", "-", "+", "+", "+", "=", "-", "-", "-", "+", "-", "+", "-", "+"], "pitch": ["A4", "B4", "C5", "B4", "D5", "C5", "B4", "A4", "B4", "A4", "B4", "C5", "B4", "D5", "C5", "B4", "G#4", "A4"], "contour3": [null, "+", "+", "-", "+", "-", "-", "-", "+", "-", "+", "+", "-", "+", "-", "-", "-", "+"], "contour5": [null, "+", "+", "-", "++", "-", "-", "-", "+", "-", "+", "+", "-", "++", "-", "-", "--", "+"], "beatstrength": [1.0, 0.25, 0.5, 0.25, 1.0, 0.25, 0.5, 0.25, 1.0, 1.0, 0.25, 0.5, 0.25, 1.0, 0.25, 0.5, 0.25, 1.0], "beat_str": ["1", "1", "2", "2", "1", "1", "2", "2", "1", "1", "1", "2", "2", "1", "1", "2", "2", "1"], "beat_fraction_str": ["0", "1/2", "0", "1/2", "0", "1/2", "0", "1/2", "0", "0", "1/2", "0", "1/2", "0", "1/2", "0", "1/2", "0"], "beat": [1.0, 1.5, 2.0, 2.5, 1.0, 1.5, 2.0, 2.5, 1.0, 1.0, 1.5, 2.0, 2.5, 1.0, 1.5, 2.0, 2.5, 1.0], "timesignature": ["2/4", "2/4", "2/4", "2/4", "2/4", "2/4", "2/4", "2/4", "2/4", "2/4", "2/4", "2/4", "2/4", "2/4", "2/4", "2/4", "2/4", "2/4"], "gpr2a_Frankland": [null, null, null, null, null, null, null, null, null, null, null, null, null, null, null, null, null, null], "gpr2b_Frankland": [null, null, null, null, null, null, null, null, 0.75, null, null, null, null, null, null, null, null, null], "gpr3a_Frankland": [null, null, null, 0.5, null, null, null, null, null, null, null, null, 0.5, null, null, 0.6666666666666667, null, null], "gpr3d_Frankland": [null, 0.0, 0.0, 0.0, 0.0, 0.0, null, null, null, null, 0.0, 0.0, 0.0, 0.0, 0.0, null, null, null], "gpr_Frankland_sum": [0, 0, 0, 0.5, 0, 0, 0, 0, 0.75, 0, 0, 0, 0.5, 0, 0, 0.6666666666666667, 0, 0], "lbdm_spitch": [null, 0.1, 0.16666666666666666, 0.7142857142857142, 0.34285714285714286, 0.2, 0.2, 0.0, 0.0, 0.2, 0.1, 0.16666666666666666, 0.7142857142857142, 0.34285714285714286, 0.26666666666666666, 1.0, null, null], "lbdm_sioi": [null, 0.0, 0.0, 0.0, 0.0, 0.0, 0.0, 0.125, 1.0, 0.125, 0.0, 0.0, 0.0, 0.0, 0.0, 0.0, null, null], "lbdm_srest": [null, 0.0, 0.0, 0.0, 0.0, 0.0, 0.0, 0.0, 0.0, 0.0, 0.0, 0.0, 0.0, 0.0, 0.0, 0.0, null, null], "lbdm_rpitch": [null, 0.2, 0.0, 0.3333333333333333, 0.14285714285714285, 0.2, 0.2, 0.0, 0.0, 0.0, 0.2, 0.0, 0.3333333333333333, 0.14285714285714285, 0.2, 0.3333333333333333, 0.3333333333333333, null], "lbdm_rioi": [null, 0.0, 0.0, 0.0, 0.0, 0.0, 0.0, 0.0, 0.6, 0.6, 0.0, 0.0, 0.0, 0.0, 0.0, 0.0, 0.0, null], "lbdm_rrest": [null, 0.0, 0.0, 0.0, 0.0, 0.0, 0.0, 0.0, 0.0, 0.0, 0.0, 0.0, 0.0, 0.0, 0.0, 0.0, 0.0, null], "lbdm_boundarystrength": [null, 0.025, 0.041666666666666664, 0.17857142857142855, 0.08571428571428572, 0.05, 0.05, 0.0625, 0.5, 0.1125, 0.025, 0.041666666666666664, 0.17857142857142855, 0.08571428571428572, 0.06666666666666667, 0.25, null, null]}}
