{"id": "KB7644300010", "tunefamily": "", "year": -1, "tunefamily_full": "", "type": "", "freemeter": false, "origin": "", "features": {"scaledegree": [3, 4, 5, 5, 3, 3, 2, 1, 3, 2, 3, 4, 5, 5, 3, 1], "scaledegreespecifier": ["M", "P", "P", "P", "M", "M", "M", "P", "M", "M", "M", "A", "P", "P", "M", "P"], "tonic": ["G", "G", "G", "G", "G", "G", "G", "G", "G", "G", "G", "G", "G", "G", "G", "G"], "mode": ["major", "major", "major", "major", "major", "major", "major", "major", "major", "major", "major", "major", "major", "major", "major", "major"], "metriccontour": [null, "-", "+", "+", "-", "+", "-", "+", "+", "-", "+", "-", "+", "+", "-", "+"], "imaweight": [0.52, 0.264, 0.488, 0.904, 0.56, 0.776, 0.2, 0.576, 0.912, 0.224, 0.584, 0.296, 1.0, 0.584, 0.328, 0.52], "imaweight_spectral": [0.889655, 0.668966, 0.924138, 1.0, 0.675862, 0.834483, 0.282759, 0.662069, 0.868966, 0.22069, 0.586207, 0.282759, 0.944828, 0.917241, 0.724138, 0.97931], "pitch40_hewlett": [158, 163, 169, 169, 158, 158, 152, 146, 158, 152, 158, 164, 169, 169, 158, 146], "pitch40_sapp": [197, 202, 208, 208, 197, 197, 191, 185, 197, 191, 197, 203, 208, 208, 197, 185], "octave": [4, 5, 5, 5, 4, 4, 4, 4, 4, 4, 4, 5, 5, 5, 4, 4], "midipitch": [71, 72, 74, 74, 71, 71, 69, 67, 71, 69, 71, 73, 74, 74, 71, 67], "diatonicpitch": [30, 31, 32, 32, 30, 30, 29, 28, 30, 29, 30, 31, 32, 32, 30, 28], "diatonicinterval": [null, 1, 1, 0, -2, 0, -1, -1, 2, -1, 1, 1, 1, 0, -2, -2], "chromaticinterval": [null, 1, 2, 0, -3, 0, -2, -2, 4, -2, 2, 2, 1, 0, -3, -4], "pitchproximity": [null, null, 2, 0, 3, 0, 2, 2, 4, 2, 2, 2, 1, 0, 3, 4], "pitchreversal": [null, null, 0, 0, 0, 0, 0, 0, 1.5, 1.5, 1.5, 0, 0, 0, 0, 0], "nextisrest": [false, false, false, false, false, false, false, false, false, false, false, false, false, false, false, null], "restduration_frac": [null, null, null, null, null, null, null, null, null, null, null, null, null, null, null, null], "duration": [0.5, 0.5, 1.0, 0.5, 0.5, 0.25, 0.25, 0.5, 0.25, 0.25, 0.25, 0.25, 1.0, 0.5, 0.5, 1.0], "duration_frac": ["1/2", "1/2", "1", "1/2", "1/2", "1/4", "1/4", "1/2", "1/4", "1/4", "1/4", "1/4", "1", "1/2", "1/2", "1"], "duration_fullname": ["Eighth", "Eighth", "Quarter", "Eighth", "Eighth", "16th", "16th", "Eighth", "16th", "16th", "16th", "16th", "Quarter", "Eighth", "Eighth", "Quarter"], "durationcontour": [null, "=", "+", "-", "=", "-", "=", "+", "-", "=", "=", "=", "+", "-", "=", "+"], "onsettick": [0, 2, 4, 8, 10, 12, 13, 14, 16, 17, 18, 19, 20, 24, 26, 28], "beatfraction": ["1/2", "1/2", "1", "1/2", "1/2", "1/4", "1/4", "1/2", "1/4", "1/4", "1/4", "1/4", "1", "1/2", "1/2", "1"], "phrasepos": [0.0, 0.07142857142857142, 0.14285714285714285, 0.2857142857142857, 0.35714285714285715, 0.42857142857142855, 0.4642857142857143, 0.5, 0.5714285714285714, 0.6071428571428571, 0.6428571428571429, 0.6785714285714286, 0.7142857142857143, 0.8571428571428571, 0.9285714285714286, 1.0], "phrase_ix": [0, 0, 0, 0, 0, 0, 0, 0, 0, 0, 0, 0, 0, 0, 0, 0], "phrase_end": [false, false, false, false, false, false, false, false, false, false, false, false, false, false, false, true], "songpos": [0.0, 0.07142857142857142, 0.14285714285714285, 0.2857142857142857, 0.35714285714285715, 0.42857142857142855, 0.4642857142857143, 0.5, 0.5714285714285714, 0.6071428571428571, 0.6428571428571429, 0.6785714285714286, 0.7142857142857143, 0.8571428571428571, 0.9285714285714286, 1.0], "beatinsong": ["0", "1/2", "1", "2", "5/2", "3", "13/4", "7/2", "4", "17/4", "9/2", "19/4", "5", "6", "13/2", "7"], "beatinphrase": ["0", "1/2", "1", "2", "5/2", "3", "13/4", "7/2", "4", "17/4", "9/2", "19/4", "5", "6", "13/2", "7"], "beatinphrase_end": ["-6", "-11/2", "-5", "-4", "-7/2", "-3", "-11/4", "-5/2", "-2", "-7/4", "-3/2", "-5/4", "-1", "0", "1/2", "1"], "IOI_frac": ["1/2", "1/2", "1", "1/2", "1/2", "1/4", "1/4", "1/2", "1/4", "1/4", "1/4", "1/4", "1", "1/2", "1/2", null], "IOI": [0.5, 0.5, 1.0, 0.5, 0.5, 0.25, 0.25, 0.5, 0.25, 0.25, 0.25, 0.25, 1.0, 0.5, 0.5, null], "IOR_frac": [null, "1", "2", "1/2", "1", "1/2", "1", "2", "1/2", "1", "1", "1", "4", "1/2", "1", null], "IOR": [null, 1.0, 2.0, 0.5, 1.0, 0.5, 1.0, 2.0, 0.5, 1.0, 1.0, 1.0, 4.0, 0.5, 1.0, null], "imacontour": [null, "-", "+", "+", "-", "+", "-", "+", "+", "-", "+", "-", "+", "-", "-", "+"], "pitch": ["B4", "C5", "D5", "D5", "B4", "B4", "A4", "G4", "B4", "A4", "B4", "C#5", "D5", "D5", "B4", "G4"], "contour3": [null, "+", "+", "=", "-", "=", "-", "-", "+", "-", "+", "+", "+", "=", "-", "-"], "contour5": [null, "+", "+", "=", "--", "=", "-", "-", "++", "-", "+", "+", "+", "=", "--", "--"], "beatstrength": [1.0, 0.25, 0.5, 1.0, 0.25, 0.5, 0.125, 0.25, 1.0, 0.125, 0.25, 0.125, 0.5, 1.0, 0.25, 0.5], "beat_str": ["1", "1", "2", "1", "1", "2", "2", "2", "1", "1", "1", "1", "2", "1", "1", "2"], "beat_fraction_str": ["0", "1/2", "0", "0", "1/2", "0", "1/4", "1/2", "0", "1/4", "1/2", "3/4", "0", "0", "1/2", "0"], "beat": [1.0, 1.5, 2.0, 1.0, 1.5, 2.0, 2.25, 2.5, 1.0, 1.25, 1.5, 1.75, 2.0, 1.0, 1.5, 2.0], "timesignature": ["2/4", "2/4", "2/4", "2/4", "2/4", "2/4", "2/4", "2/4", "2/4", "2/4", "2/4", "2/4", "2/4", "2/4", "2/4", "2/4"], "gpr2a_Frankland": [null, null, null, null, null, null, null, null, null, null, null, null, null, null, null, null], "gpr2b_Frankland": [null, null, 0.5, null, null, null, null, 0.5, null, null, null, null, 0.625, null, null, null], "gpr3a_Frankland": [null, 0.75, null, 1.0, null, null, null, 0.5, null, null, null, null, null, null, null, null], "gpr3d_Frankland": [null, null, null, null, 0.5, null, null, null, null, 0.0, null, null, null, null, null, null], "gpr_Frankland_sum": [0, 0.75, 0.5, 1.0, 0.5, 0, 0, 1.0, 0, 0, 0, 0, 0.625, 0, 0, 0], "lbdm_spitch": [null, 0.3888888888888889, 0.0, 1.0, 0.0, 0.2777777777777778, 0.1388888888888889, 0.5555555555555556, 0.1388888888888889, 0.0, 0.11111111111111113, 0.14814814814814817, 0.0, 0.5925925925925926, null, null], "lbdm_sioi": [null, 0.17857142857142855, 0.7142857142857142, 0.17857142857142855, 0.17857142857142855, 0.08928571428571427, 0.08928571428571427, 0.3571428571428571, 0.08928571428571427, 0.0, 0.0, 0.1607142857142857, 1.0, 0.17857142857142855, null, null], "lbdm_srest": [null, 0.0, 0.0, 0.0, 0.0, 0.0, 0.0, 0.0, 0.0, 0.0, 0.0, 0.0, 0.0, 0.0, null, null], "lbdm_rpitch": [null, 0.2, 0.5, 0.6, 0.6, 0.5, 0.0, 0.25, 0.25, 0.0, 0.0, 0.2, 0.3333333333333333, 0.6, 0.1111111111111111, null], "lbdm_rioi": [null, 0.0, 0.3333333333333333, 0.3333333333333333, 0.0, 0.3333333333333333, 0.0, 0.3333333333333333, 0.3333333333333333, 0.0, 0.0, 0.0, 0.6, 0.3333333333333333, 0.0, null], "lbdm_rrest": [null, 0.0, 0.0, 0.0, 0.0, 0.0, 0.0, 0.0, 0.0, 0.0, 0.0, 0.0, 0.0, 0.0, 0.0, null], "lbdm_boundarystrength": [null, 0.1865079365079365, 0.3571428571428571, 0.3392857142857143, 0.08928571428571427, 0.11408730158730158, 0.07936507936507936, 0.31746031746031744, 0.07936507936507936, 0.0, 0.027777777777777783, 0.11739417989417988, 0.5, 0.2374338624338624, null, null]}}
