{"id": "KB7680300000", "tunefamily": "", "year": -1, "tunefamily_full": "", "type": "", "freemeter": true, "origin": "", "features": {"scaledegree": [2, 2, 2, 2, 2, 2, 3, 2, 2, 1, 7, 1, 7], "scaledegreespecifier": ["M", "M", "M", "M", "M", "M", "M", "M", "M", "P", "M", "P", "M"], "tonic": ["C", "C", "C", "C", "C", "C", "C", "C", "C", "C", "C", "C", "C"], "mode": ["major", "major", "major", "major", "major", "major", "major", "major", "major", "major", "major", "major", "major"], "metriccontour": [null, null, null, null, null, null, null, null, null, null, null, null, null], "imaweight": [0.308642, 1.0, 0.555556, 0.802469, 0.641975, 0.753086, 0.654321, 0.950617, 0.555556, 0.197531, 0.506173, 0.197531, 0.555556], "imaweight_spectral": [0.793814, 1.0, 0.628866, 0.835052, 0.701031, 0.793814, 0.71134, 0.958763, 0.835052, 0.164948, 0.793814, 0.164948, 0.835052], "pitch40_hewlett": [169, 169, 169, 169, 169, 169, 175, 169, 169, 163, 158, 163, 158], "pitch40_sapp": [208, 208, 208, 208, 208, 208, 214, 208, 208, 202, 197, 202, 197], "octave": [5, 5, 5, 5, 5, 5, 5, 5, 5, 5, 4, 5, 4], "midipitch": [74, 74, 74, 74, 74, 74, 76, 74, 74, 72, 71, 72, 71], "diatonicpitch": [36, 36, 36, 36, 36, 36, 37, 36, 36, 35, 34, 35, 34], "diatonicinterval": [null, 0, 0, 0, 0, 0, 1, -1, 0, -1, -1, 1, -1], "chromaticinterval": [null, 0, 0, 0, 0, 0, 2, -2, 0, -2, -1, 1, -1], "pitchproximity": [null, null, 0, 0, 0, 0, 2, 2, 0, 2, 1, 1, 1], "pitchreversal": [null, null, 0, 0, 0, 0, 0, 1.5, 0, 0, 0, 1.5, 1.5], "nextisrest": [false, false, false, false, false, false, false, false, false, false, false, false, true], "restduration_frac": [null, null, null, null, null, null, null, null, null, null, null, null, "1/2"], "duration": [1.5, 0.5, 0.5, 0.5, 0.5, 0.5, 0.5, 1.0, 0.25, 0.25, 0.25, 0.25, 0.5], "duration_frac": ["3/2", "1/2", "1/2", "1/2", "1/2", "1/2", "1/2", "1", "1/4", "1/4", "1/4", "1/4", "1/2"], "duration_fullname": ["Dotted Quarter", "Eighth", "Eighth", "Eighth", "Eighth", "Eighth", "Eighth", "Quarter", "16th", "16th", "16th", "16th", "Eighth"], "durationcontour": [null, "-", "=", "=", "=", "=", "=", "+", "-", "=", "=", "=", "+"], "onsettick": [0, 6, 8, 10, 12, 14, 16, 18, 22, 23, 24, 25, 26], "beatfraction": [null, null, null, null, null, null, null, null, null, null, null, null, null], "phrasepos": [0.0, 0.23076923076923078, 0.3076923076923077, 0.38461538461538464, 0.46153846153846156, 0.5384615384615384, 0.6153846153846154, 0.6923076923076923, 0.8461538461538461, 0.8846153846153846, 0.9230769230769231, 0.9615384615384616, 1.0], "phrase_ix": [0, 0, 0, 0, 0, 0, 0, 0, 0, 0, 0, 0, 0], "phrase_end": [false, false, false, false, false, false, false, false, false, false, false, false, true], "songpos": [0.0, 0.23076923076923078, 0.3076923076923077, 0.38461538461538464, 0.46153846153846156, 0.5384615384615384, 0.6153846153846154, 0.6923076923076923, 0.8461538461538461, 0.8846153846153846, 0.9230769230769231, 0.9615384615384616, 1.0], "beatinsong": [null, null, null, null, null, null, null, null, null, null, null, null, null], "beatinphrase": [null, null, null, null, null, null, null, null, null, null, null, null, null], "beatinphrase_end": [null, null, null, null, null, null, null, null, null, null, null, null, null], "IOI_frac": ["3/2", "1/2", "1/2", "1/2", "1/2", "1/2", "1/2", "1", "1/4", "1/4", "1/4", "1/4", "1"], "IOI": [1.5, 0.5, 0.5, 0.5, 0.5, 0.5, 0.5, 1.0, 0.25, 0.25, 0.25, 0.25, 1.0], "IOR_frac": [null, "1/3", "1", "1", "1", "1", "1", "2", "1/4", "1", "1", "1", "4"], "IOR": [null, 0.3333333333333333, 1.0, 1.0, 1.0, 1.0, 1.0, 2.0, 0.25, 1.0, 1.0, 1.0, 4.0], "imacontour": [null, "+", "-", "+", "-", "+", "-", "+", "-", "-", "+", "-", "+"], "pitch": ["D5", "D5", "D5", "D5", "D5", "D5", "E5", "D5", "D5", "C5", "B4", "C5", "B4"], "contour3": [null, "=", "=", "=", "=", "=", "+", "-", "=", "-", "-", "+", "-"], "contour5": [null, "=", "=", "=", "=", "=", "+", "-", "=", "-", "-", "+", "-"], "beatstrength": [null, null, null, null, null, null, null, null, null, null, null, null, null], "beat_str": [null, null, null, null, null, null, null, null, null, null, null, null, null], "beat_fraction_str": [null, null, null, null, null, null, null, null, null, null, null, null, null], "beat": [null, null, null, null, null, null, null, null, null, null, null, null, null], "timesignature": [null, null, null, null, null, null, null, null, null, null, null, null, null], "gpr2a_Frankland": [null, null, null, null, null, null, null, null, null, null, null, null, 0.125], "gpr2b_Frankland": [null, null, null, null, null, null, null, 0.625, null, null, null, null, null], "gpr3a_Frankland": [null, null, null, null, null, null, null, null, 0.75, null, null, null, null], "gpr3d_Frankland": [null, null, 0.0, 0.0, 0.0, null, null, null, null, 0.0, null, null, null], "gpr_Frankland_sum": [0, 0, 0, 0, 0, 0, 0, 0.625, 0.75, 0, 0, 0, 0.125], "lbdm_spitch": [null, 0.0, 0.0, 0.0, 0.0, 0.7142857142857143, 0.7142857142857143, 0.0, 1.0, 0.14285714285714288, 0.0, null, null], "lbdm_sioi": [null, 0.26785714285714285, 0.0, 0.0, 0.0, 0.0, 0.17857142857142855, 1.0, 0.1607142857142857, 0.0, 0.0, null, null], "lbdm_srest": [null, 0.0, 0.0, 0.0, 0.0, 0.0, 0.0, 0.0, 0.0, 0.0, 0.0, null, null], "lbdm_rpitch": [null, 0.0, 0.0, 0.0, 0.0, 0.5, 0.0, 0.5, 0.5, 0.2, 0.0, 0.0, null], "lbdm_rioi": [null, 0.5, 0.0, 0.0, 0.0, 0.0, 0.0, 0.3333333333333333, 0.6, 0.0, 0.0, 0.0, null], "lbdm_rrest": [null, 0.0, 0.0, 0.0, 0.0, 0.0, 0.0, 0.0, 0.0, 0.0, 0.0, 0.0, null], "lbdm_boundarystrength": [null, 0.13392857142857142, 0.0, 0.0, 0.0, 0.17857142857142858, 0.26785714285714285, 0.5, 0.33035714285714285, 0.03571428571428572, 0.0, null, null]}}
