{"id": "KB7636600000", "tunefamily": "", "year": -1, "tunefamily_full": "", "type": "", "freemeter": false, "origin": "", "features": {"scaledegree": [7, 1, 2, 3, 4, 3, 2, 1, 4, 3, 2, 1, 7, 1, 2, 3, 4, 1], "scaledegreespecifier": ["M", "P", "M", "M", "P", "M", "M", "P", "P", "M", "M", "P", "M", "P", "M", "M", "P", "P"], "tonic": ["G", "G", "G", "G", "G", "G", "G", "G", "G", "G", "G", "G", "G", "G", "G", "G", "G", "G"], "mode": ["major", "major", "major", "major", "major", "major", "major", "major", "major", "major", "major", "major", "major", "major", "major", "major", "major", "major"], "metriccontour": [null, "-", "+", "-", "+", "-", "+", "-", "+", "-", "+", "-", "+", "-", "+", "-", "+", "-"], "imaweight": [1.0, 0.686327, 0.903485, 0.806971, 0.914209, 0.686327, 1.0, 0.686327, 0.927614, 0.782842, 0.903485, 0.697051, 1.0, 0.710456, 0.903485, 0.782842, 0.903485, 0.348525], "imaweight_spectral": [0.966321, 0.663212, 0.873057, 0.779793, 0.88342, 0.663212, 0.966321, 0.663212, 0.896373, 0.756477, 0.873057, 0.673575, 0.966321, 0.686528, 0.873057, 0.756477, 0.873057, 1.0], "pitch40_hewlett": [141, 146, 152, 158, 163, 158, 152, 146, 163, 158, 152, 146, 141, 146, 152, 158, 163, 146], "pitch40_sapp": [180, 185, 191, 197, 202, 197, 191, 185, 202, 197, 191, 185, 180, 185, 191, 197, 202, 185], "octave": [4, 4, 4, 4, 5, 4, 4, 4, 5, 4, 4, 4, 4, 4, 4, 4, 5, 4], "midipitch": [66, 67, 69, 71, 72, 71, 69, 67, 72, 71, 69, 67, 66, 67, 69, 71, 72, 67], "diatonicpitch": [27, 28, 29, 30, 31, 30, 29, 28, 31, 30, 29, 28, 27, 28, 29, 30, 31, 28], "diatonicinterval": [null, 1, 1, 1, 1, -1, -1, -1, 3, -1, -1, -1, -1, 1, 1, 1, 1, -3], "chromaticinterval": [null, 1, 2, 2, 1, -1, -2, -2, 5, -1, -2, -2, -1, 1, 2, 2, 1, -5], "pitchproximity": [null, null, 2, 2, 1, 1, 2, 2, 5, 1, 2, 2, 1, 1, 2, 2, 1, 5], "pitchreversal": [null, null, 0, 0, 0, 1.5, 0, 0, 0, 0, 0, 0, 0, 1.5, 0, 0, 0, 0], "nextisrest": [false, false, false, false, false, false, false, false, false, false, false, false, false, false, false, false, false, null], "restduration_frac": [null, null, null, null, null, null, null, null, null, null, null, null, null, null, null, null, null, null], "duration": [0.5, 0.5, 0.5, 0.5, 0.5, 0.5, 0.5, 0.5, 0.5, 0.5, 0.5, 0.5, 0.5, 0.5, 0.5, 0.5, 1.0, 1.0], "duration_frac": ["1/2", "1/2", "1/2", "1/2", "1/2", "1/2", "1/2", "1/2", "1/2", "1/2", "1/2", "1/2", "1/2", "1/2", "1/2", "1/2", "1", "1"], "duration_fullname": ["Eighth", "Eighth", "Eighth", "Eighth", "Eighth", "Eighth", "Eighth", "Eighth", "Eighth", "Eighth", "Eighth", "Eighth", "Eighth", "Eighth", "Eighth", "Eighth", "Quarter", "Quarter"], "durationcontour": [null, "=", "=", "=", "=", "=", "=", "=", "=", "=", "=", "=", "=", "=", "=", "=", "+", "="], "onsettick": [0, 1, 2, 3, 4, 5, 6, 7, 8, 9, 10, 11, 12, 13, 14, 15, 16, 18], "beatfraction": ["1/2", "1/2", "1/2", "1/2", "1/2", "1/2", "1/2", "1/2", "1/2", "1/2", "1/2", "1/2", "1/2", "1/2", "1/2", "1/2", "1", "1"], "phrasepos": [0.0, 0.05555555555555555, 0.1111111111111111, 0.16666666666666666, 0.2222222222222222, 0.2777777777777778, 0.3333333333333333, 0.3888888888888889, 0.4444444444444444, 0.5, 0.5555555555555556, 0.6111111111111112, 0.6666666666666666, 0.7222222222222222, 0.7777777777777778, 0.8333333333333334, 0.8888888888888888, 1.0], "phrase_ix": [0, 0, 0, 0, 0, 0, 0, 0, 0, 0, 0, 0, 0, 0, 0, 0, 0, 0], "phrase_end": [false, false, false, false, false, false, false, false, false, false, false, false, false, false, false, false, false, true], "songpos": [0.0, 0.05555555555555555, 0.1111111111111111, 0.16666666666666666, 0.2222222222222222, 0.2777777777777778, 0.3333333333333333, 0.3888888888888889, 0.4444444444444444, 0.5, 0.5555555555555556, 0.6111111111111112, 0.6666666666666666, 0.7222222222222222, 0.7777777777777778, 0.8333333333333334, 0.8888888888888888, 1.0], "beatinsong": ["0", "1/2", "1", "3/2", "2", "5/2", "3", "7/2", "4", "9/2", "5", "11/2", "6", "13/2", "7", "15/2", "8", "9"], "beatinphrase": ["0", "1/2", "1", "3/2", "2", "5/2", "3", "7/2", "4", "9/2", "5", "11/2", "6", "13/2", "7", "15/2", "8", "9"], "beatinphrase_end": ["-8", "-15/2", "-7", "-13/2", "-6", "-11/2", "-5", "-9/2", "-4", "-7/2", "-3", "-5/2", "-2", "-3/2", "-1", "-1/2", "0", "1"], "IOI_frac": ["1/2", "1/2", "1/2", "1/2", "1/2", "1/2", "1/2", "1/2", "1/2", "1/2", "1/2", "1/2", "1/2", "1/2", "1/2", "1/2", "1", null], "IOI": [0.5, 0.5, 0.5, 0.5, 0.5, 0.5, 0.5, 0.5, 0.5, 0.5, 0.5, 0.5, 0.5, 0.5, 0.5, 0.5, 1.0, null], "IOR_frac": [null, "1", "1", "1", "1", "1", "1", "1", "1", "1", "1", "1", "1", "1", "1", "1", "2", null], "IOR": [null, 1.0, 1.0, 1.0, 1.0, 1.0, 1.0, 1.0, 1.0, 1.0, 1.0, 1.0, 1.0, 1.0, 1.0, 1.0, 2.0, null], "imacontour": [null, "-", "+", "-", "+", "-", "+", "-", "+", "-", "+", "-", "+", "-", "+", "-", "+", "-"], "pitch": ["F#4", "G4", "A4", "B4", "C5", "B4", "A4", "G4", "C5", "B4", "A4", "G4", "F#4", "G4", "A4", "B4", "C5", "G4"], "contour3": [null, "+", "+", "+", "+", "-", "-", "-", "+", "-", "-", "-", "-", "+", "+", "+", "+", "-"], "contour5": [null, "+", "+", "+", "+", "-", "-", "-", "++", "-", "-", "-", "-", "+", "+", "+", "+", "--"], "beatstrength": [1.0, 0.25, 0.5, 0.25, 1.0, 0.25, 0.5, 0.25, 1.0, 0.25, 0.5, 0.25, 1.0, 0.25, 0.5, 0.25, 1.0, 0.5], "beat_str": ["1", "1", "2", "2", "1", "1", "2", "2", "1", "1", "2", "2", "1", "1", "2", "2", "1", "2"], "beat_fraction_str": ["0", "1/2", "0", "1/2", "0", "1/2", "0", "1/2", "0", "1/2", "0", "1/2", "0", "1/2", "0", "1/2", "0", "0"], "beat": [1.0, 1.5, 2.0, 2.5, 1.0, 1.5, 2.0, 2.5, 1.0, 1.5, 2.0, 2.5, 1.0, 1.5, 2.0, 2.5, 1.0, 2.0], "timesignature": ["2/4", "2/4", "2/4", "2/4", "2/4", "2/4", "2/4", "2/4", "2/4", "2/4", "2/4", "2/4", "2/4", "2/4", "2/4", "2/4", "2/4", "2/4"], "gpr2a_Frankland": [null, null, null, null, null, null, null, null, null, null, null, null, null, null, null, null, null, null], "gpr2b_Frankland": [null, null, null, null, null, null, null, null, null, null, null, null, null, null, null, null, null, null], "gpr3a_Frankland": [null, null, null, null, null, null, null, 0.7, null, null, null, null, null, null, null, null, null, null], "gpr3d_Frankland": [null, 0.0, 0.0, 0.0, 0.0, 0.0, 0.0, 0.0, 0.0, 0.0, 0.0, 0.0, 0.0, 0.0, null, null, null, null], "gpr_Frankland_sum": [0, 0, 0, 0, 0, 0, 0, 0.7, 0, 0, 0, 0, 0, 0, 0, 0, 0, 0], "lbdm_spitch": [null, 0.09600000000000002, 0.09600000000000002, 0.04800000000000001, 0.04800000000000001, 0.09600000000000002, 0.16, 1.0, 0.168, 0.09600000000000002, 0.09600000000000002, 0.04800000000000001, 0.04800000000000001, 0.09600000000000002, 0.09600000000000002, 0.168, null, null], "lbdm_sioi": [null, 0.0, 0.0, 0.0, 0.0, 0.0, 0.0, 0.0, 0.0, 0.0, 0.0, 0.0, 0.0, 0.0, 0.0, 1.0, null, null], "lbdm_srest": [null, 0.0, 0.0, 0.0, 0.0, 0.0, 0.0, 0.0, 0.0, 0.0, 0.0, 0.0, 0.0, 0.0, 0.0, 0.0, null, null], "lbdm_rpitch": [null, 0.2, 0.0, 0.2, 0.0, 0.2, 0.0, 0.3333333333333333, 0.5, 0.2, 0.0, 0.2, 0.0, 0.2, 0.0, 0.2, 0.5, null], "lbdm_rioi": [null, 0.0, 0.0, 0.0, 0.0, 0.0, 0.0, 0.0, 0.0, 0.0, 0.0, 0.0, 0.0, 0.0, 0.0, 0.0, 0.3333333333333333, null], "lbdm_rrest": [null, 0.0, 0.0, 0.0, 0.0, 0.0, 0.0, 0.0, 0.0, 0.0, 0.0, 0.0, 0.0, 0.0, 0.0, 0.0, 0.0, null], "lbdm_boundarystrength": [null, 0.024000000000000004, 0.024000000000000004, 0.012000000000000002, 0.012000000000000002, 0.024000000000000004, 0.04, 0.25, 0.042, 0.024000000000000004, 0.024000000000000004, 0.012000000000000002, 0.012000000000000002, 0.024000000000000004, 0.024000000000000004, 0.542, null, null]}}
