{"id": "KB7667500000", "tunefamily": "", "year": -1, "tunefamily_full": "", "type": "", "freemeter": false, "origin": "", "features": {"scaledegree": [3, 4, 5, 5, 4, 3, 2, 1, 2, 5, 3, 4, 5, 5, 4, 3, 2, 7, 1, 1], "scaledegreespecifier": ["m", "P", "P", "P", "P", "m", "M", "P", "M", "P", "m", "P", "P", "P", "P", "m", "M", "M", "P", "P"], "tonic": ["A", "A", "A", "A", "A", "A", "A", "A", "A", "A", "A", "A", "A", "A", "A", "A", "A", "A", "A", "A"], "mode": ["minor", "minor", "minor", "minor", "minor", "minor", "minor", "minor", "minor", "minor", "minor", "minor", "minor", "minor", "minor", "minor", "minor", "minor", "minor", "minor"], "metriccontour": [null, "-", "+", "=", "+", "-", "+", "=", "+", "-", "+", "-", "+", "=", "+", "-", "+", "=", "+", "-"], "imaweight": [0.788462, 0.141026, 0.435897, 0.788462, 0.467949, 0.166667, 0.621795, 0.666667, 0.782051, 1.0, 0.730769, 0.262821, 0.762821, 0.705128, 0.814103, 0.211538, 0.596154, 0.974359, 0.711538, 0.474359], "imaweight_spectral": [0.866359, 0.230415, 0.668203, 0.940092, 0.691244, 0.248848, 0.728111, 0.9447, 0.861751, 1.0, 0.746544, 0.285714, 0.769585, 0.806452, 0.806452, 0.248848, 0.64977, 0.981567, 0.751152, 0.921659], "pitch40_hewlett": [163, 169, 175, 175, 169, 163, 158, 152, 158, 175, 163, 169, 175, 175, 169, 163, 158, 147, 152, 152], "pitch40_sapp": [202, 208, 214, 214, 208, 202, 197, 191, 197, 214, 202, 208, 214, 214, 208, 202, 197, 186, 191, 191], "octave": [5, 5, 5, 5, 5, 5, 4, 4, 4, 5, 5, 5, 5, 5, 5, 5, 4, 4, 4, 4], "midipitch": [72, 74, 76, 76, 74, 72, 71, 69, 71, 76, 72, 74, 76, 76, 74, 72, 71, 68, 69, 69], "diatonicpitch": [30, 31, 32, 32, 31, 30, 29, 28, 29, 32, 30, 31, 32, 32, 31, 30, 29, 27, 28, 28], "diatonicinterval": [null, 1, 1, 0, -1, -1, -1, -1, 1, 3, -2, 1, 1, 0, -1, -1, -1, -2, 1, 0], "chromaticinterval": [null, 2, 2, 0, -2, -2, -1, -2, 2, 5, -4, 2, 2, 0, -2, -2, -1, -3, 1, 0], "pitchproximity": [null, null, 2, 0, 2, 2, 1, 2, 2, 5, 4, 2, 2, 0, 2, 2, 1, 3, 1, 0], "pitchreversal": [null, null, 0, 0, 0, 0, 0, 0, 1.5, 0, 1.5, 1.5, 0, 0, 0, 0, 0, 0, 1.5, 0], "nextisrest": [false, false, false, false, false, false, false, false, false, false, false, false, false, false, false, false, false, false, false, null], "restduration_frac": [null, null, null, null, null, null, null, null, null, null, null, null, null, null, null, null, null, null, null, null], "duration": [0.5, 0.5, 1.0, 1.0, 0.5, 0.5, 1.0, 1.0, 2.0, 1.0, 0.5, 0.5, 1.0, 1.0, 0.5, 0.5, 1.0, 1.0, 2.0, 1.0], "duration_frac": ["1/2", "1/2", "1", "1", "1/2", "1/2", "1", "1", "2", "1", "1/2", "1/2", "1", "1", "1/2", "1/2", "1", "1", "2", "1"], "duration_fullname": ["Eighth", "Eighth", "Quarter", "Quarter", "Eighth", "Eighth", "Quarter", "Quarter", "Half", "Quarter", "Eighth", "Eighth", "Quarter", "Quarter", "Eighth", "Eighth", "Quarter", "Quarter", "Half", "Quarter"], "durationcontour": [null, "=", "+", "=", "-", "=", "+", "=", "+", "-", "-", "=", "+", "=", "-", "=", "+", "=", "+", "-"], "onsettick": [0, 1, 2, 4, 6, 7, 8, 10, 12, 16, 18, 19, 20, 22, 24, 25, 26, 28, 30, 34], "beatfraction": ["1/2", "1/2", "1", "1", "1/2", "1/2", "1", "1", "2", "1", "1/2", "1/2", "1", "1", "1/2", "1/2", "1", "1", "2", "1"], "phrasepos": [0.0, 0.029411764705882353, 0.058823529411764705, 0.11764705882352941, 0.17647058823529413, 0.20588235294117646, 0.23529411764705882, 0.29411764705882354, 0.35294117647058826, 0.47058823529411764, 0.5294117647058824, 0.5588235294117647, 0.5882352941176471, 0.6470588235294118, 0.7058823529411765, 0.7352941176470589, 0.7647058823529411, 0.8235294117647058, 0.8823529411764706, 1.0], "phrase_ix": [0, 0, 0, 0, 0, 0, 0, 0, 0, 0, 0, 0, 0, 0, 0, 0, 0, 0, 0, 0], "phrase_end": [false, false, false, false, false, false, false, false, false, false, false, false, false, false, false, false, false, false, false, true], "songpos": [0.0, 0.029411764705882353, 0.058823529411764705, 0.11764705882352941, 0.17647058823529413, 0.20588235294117646, 0.23529411764705882, 0.29411764705882354, 0.35294117647058826, 0.47058823529411764, 0.5294117647058824, 0.5588235294117647, 0.5882352941176471, 0.6470588235294118, 0.7058823529411765, 0.7352941176470589, 0.7647058823529411, 0.8235294117647058, 0.8823529411764706, 1.0], "beatinsong": ["0", "1/2", "1", "2", "3", "7/2", "4", "5", "6", "8", "9", "19/2", "10", "11", "12", "25/2", "13", "14", "15", "17"], "beatinphrase": ["0", "1/2", "1", "2", "3", "7/2", "4", "5", "6", "8", "9", "19/2", "10", "11", "12", "25/2", "13", "14", "15", "17"], "beatinphrase_end": ["-15", "-29/2", "-14", "-13", "-12", "-23/2", "-11", "-10", "-9", "-7", "-6", "-11/2", "-5", "-4", "-3", "-5/2", "-2", "-1", "0", "2"], "IOI_frac": ["1/2", "1/2", "1", "1", "1/2", "1/2", "1", "1", "2", "1", "1/2", "1/2", "1", "1", "1/2", "1/2", "1", "1", "2", null], "IOI": [0.5, 0.5, 1.0, 1.0, 0.5, 0.5, 1.0, 1.0, 2.0, 1.0, 0.5, 0.5, 1.0, 1.0, 0.5, 0.5, 1.0, 1.0, 2.0, null], "IOR_frac": [null, "1", "2", "1", "1/2", "1", "2", "1", "2", "1/2", "1/2", "1", "2", "1", "1/2", "1", "2", "1", "2", null], "IOR": [null, 1.0, 2.0, 1.0, 0.5, 1.0, 2.0, 1.0, 2.0, 0.5, 0.5, 1.0, 2.0, 1.0, 0.5, 1.0, 2.0, 1.0, 2.0, null], "imacontour": [null, "-", "+", "+", "-", "-", "+", "+", "+", "+", "-", "-", "+", "-", "+", "-", "+", "+", "-", "-"], "pitch": ["C5", "D5", "E5", "E5", "D5", "C5", "B4", "A4", "B4", "E5", "C5", "D5", "E5", "E5", "D5", "C5", "B4", "G#4", "A4", "A4"], "contour3": [null, "+", "+", "=", "-", "-", "-", "-", "+", "+", "-", "+", "+", "=", "-", "-", "-", "-", "+", "="], "contour5": [null, "+", "+", "=", "-", "-", "-", "-", "+", "++", "--", "+", "+", "=", "-", "-", "-", "--", "+", "="], "beatstrength": [1.0, 0.25, 0.5, 0.5, 1.0, 0.25, 0.5, 0.5, 1.0, 0.5, 1.0, 0.25, 0.5, 0.5, 1.0, 0.25, 0.5, 0.5, 1.0, 0.5], "beat_str": ["1", "1", "2", "3", "1", "1", "2", "3", "1", "3", "1", "1", "2", "3", "1", "1", "2", "3", "1", "3"], "beat_fraction_str": ["0", "1/2", "0", "0", "0", "1/2", "0", "0", "0", "0", "0", "1/2", "0", "0", "0", "1/2", "0", "0", "0", "0"], "beat": [1.0, 1.5, 2.0, 3.0, 1.0, 1.5, 2.0, 3.0, 1.0, 3.0, 1.0, 1.5, 2.0, 3.0, 1.0, 1.5, 2.0, 3.0, 1.0, 3.0], "timesignature": ["3/4", "3/4", "3/4", "3/4", "3/4", "3/4", "3/4", "3/4", "3/4", "3/4", "3/4", "3/4", "3/4", "3/4", "3/4", "3/4", "3/4", "3/4", "3/4", "3/4"], "gpr2a_Frankland": [null, null, null, null, null, null, null, null, null, null, null, null, null, null, null, null, null, null, null, null], "gpr2b_Frankland": [null, null, null, null, null, null, null, null, 0.5, null, null, null, null, null, null, null, null, null, null, null], "gpr3a_Frankland": [null, null, null, null, null, null, null, null, 0.4, null, null, null, null, null, null, null, 0.6666666666666667, null, null, null], "gpr3d_Frankland": [null, 0.5, null, 0.5, null, 0.5, null, null, null, null, null, 0.5, null, 0.5, null, 0.5, null, null, null, null], "gpr_Frankland_sum": [0, 0.5, 0, 0.5, 0, 0.5, 0, 0, 0.9, 0, 0, 0.5, 0, 0.5, 0, 0.5, 0.6666666666666667, 0, 0, 0], "lbdm_spitch": [null, 0.4714285714285715, 0.0, 0.4714285714285715, 0.18857142857142858, 0.18857142857142858, 0.18857142857142858, 0.3142857142857143, 1.0, 0.6428571428571429, 0.23571428571428574, 0.4714285714285715, 0.0, 0.4714285714285715, 0.18857142857142858, 0.25142857142857145, 0.942857142857143, 0.3142857142857143, null, null], "lbdm_sioi": [null, 0.125, 0.25, 0.25, 0.125, 0.125, 0.25, 0.25, 1.0, 0.5, 0.125, 0.125, 0.25, 0.25, 0.125, 0.125, 0.25, 0.25, null, null], "lbdm_srest": [null, 0.0, 0.0, 0.0, 0.0, 0.0, 0.0, 0.0, 0.0, 0.0, 0.0, 0.0, 0.0, 0.0, 0.0, 0.0, 0.0, 0.0, null, null], "lbdm_rpitch": [null, 0.0, 0.5, 0.5, 0.0, 0.2, 0.2, 0.0, 0.3333333333333333, 0.09090909090909091, 0.25, 0.0, 0.5, 0.5, 0.0, 0.2, 0.3333333333333333, 0.3333333333333333, 0.3333333333333333, null], "lbdm_rioi": [null, 0.0, 0.3333333333333333, 0.0, 0.3333333333333333, 0.0, 0.3333333333333333, 0.0, 0.3333333333333333, 0.3333333333333333, 0.3333333333333333, 0.0, 0.3333333333333333, 0.0, 0.3333333333333333, 0.0, 0.3333333333333333, 0.0, 0.3333333333333333, null],