{"id": "KB7675500020", "tunefamily": "", "year": -1, "tunefamily_full": "", "type": "", "freemeter": false, "origin": "", "features": {"scaledegree": [4, 2, 7, 1, 3, 3, 5, 3, 4, 2, 7, 1, 1, 3, 5, 3, 4, 2, 2, 7, 1], "scaledegreespecifier": ["P", "M", "M", "P", "M", "m", "P", "m", "P", "M", "M", "P", "P", "M", "P", "m", "P", "M", "m", "M", "P"], "tonic": ["F#", "F#", "F#", "F#", "F#", "F#", "F#", "F#", "F#", "F#", "F#", "F#", "F#", "F#", "F#", "F#", "F#", "F#", "F#", "F#", "F#"], "mode": ["minor", "minor", "minor", "minor", "minor", "minor", "minor", "minor", "minor", "minor", "minor", "minor", "minor", "minor", "minor", "minor", "minor", "minor", "minor", "minor", "minor"], "metriccontour": [null, "-", "=", "+", "-", "+", "-", "=", "+", "-", "=", "+", "-", "+", "=", "-", "+", "-", "=", "-", "+"], "imaweight": [0.576087, 0.353261, 0.51087, 0.38587, 0.13587, 0.554348, 0.336957, 0.157609, 0.929348, 0.777174, 0.858696, 0.706522, 0.222826, 0.913043, 0.576087, 0.179348, 1.0, 0.619565, 0.793478, 0.277174, 0.755435], "imaweight_spectral": [0.959276, 0.81448, 0.904977, 0.742081, 0.18552, 0.941176, 0.334842, 0.266968, 0.941176, 0.855204, 0.882353, 0.755656, 0.280543, 0.927602, 0.647059, 0.262443, 1.0, 0.719457, 0.846154, 0.343891, 0.79638], "pitch40_hewlett": [158, 147, 136, 141, 153, 152, 164, 152, 158, 147, 136, 141, 141, 153, 164, 152, 158, 147, 146, 136, 141], "pitch40_sapp": [197, 186, 175, 180, 192, 191, 203, 191, 197, 186, 175, 180, 180, 192, 203, 191, 197, 186, 185, 175, 180], "octave": [4, 4, 4, 4, 4, 4, 5, 4, 4, 4, 4, 4, 4, 4, 5, 4, 4, 4, 4, 4, 4], "midipitch": [71, 68, 65, 66, 70, 69, 73, 69, 71, 68, 65, 66, 66, 70, 73, 69, 71, 68, 67, 65, 66], "diatonicpitch": [31, 29, 27, 28, 30, 30, 32, 30, 31, 29, 27, 28, 28, 30, 32, 30, 31, 29, 29, 27, 28], "diatonicinterval": [null, -2, -2, 1, 2, 0, 2, -2, 1, -2, -2, 1, 0, 2, 2, -2, 1, -2, 0, -2, 1], "chromaticinterval": [null, -3, -3, 1, 4, -1, 4, -4, 2, -3, -3, 1, 0, 4, 3, -4, 2, -3, -1, -2, 1], "pitchproximity": [null, null, 3, 1, 4, 1, 4, 4, 2, 3, 3, 1, 0, 4, 3, 4, 2, 3, 1, 2, 1], "pitchreversal": [null, null, 0, 1.5, 0, 0, 0, 1.5, 1.5, 1.5, 0, 1.5, 0, 0, 0, 1.5, 1.5, 1.5, 0, 0, 1.5], "nextisrest": [false, false, false, false, false, false, false, false, false, false, false, false, false, false, false, false, false, false, false, false, null], "restduration_frac": [null, null, null, null, null, null, null, null, null, null, null, null, null, null, null, null, null, null, null, null, null], "duration": [1.0, 1.0, 1.0, 0.5, 0.5, 0.5, 1.0, 0.5, 1.0, 1.0, 1.0, 0.5, 0.5, 1.0, 0.5, 0.5, 1.0, 1.0, 0.5, 0.5, 3.0], "duration_frac": ["1", "1", "1", "1/2", "1/2", "1/2", "1", "1/2", "1", "1", "1", "1/2", "1/2", "1", "1/2", "1/2", "1", "1", "1/2", "1/2", "3"], "duration_fullname": ["Quarter", "Quarter", "Quarter", "Eighth", "Eighth", "Eighth", "Quarter", "Eighth", "Quarter", "Quarter", "Quarter", "Eighth", "Eighth", "Quarter", "Eighth", "Eighth", "Quarter", "Quarter", "Eighth", "Eighth", "Dotted Half"], "durationcontour": [null, "=", "=", "-", "=", "=", "+", "-", "+", "=", "=", "-", "=", "+", "-", "=", "+", "=", "-", "=", "+"], "onsettick": [0, 2, 4, 6, 7, 8, 9, 11, 12, 14, 16, 18, 19, 20, 22, 23, 24, 26, 28, 29, 30], "beatfraction": ["1", "1", "1", "1/2", "1/2", "1/2", "1", "1/2", "1", "1", "1", "1/2", "1/2", "1", "1/2", "1/2", "1", "1", "1/2", "1/2", "3"], "phrasepos": [0.0, 0.06666666666666667, 0.13333333333333333, 0.2, 0.23333333333333334, 0.26666666666666666, 0.3, 0.36666666666666664, 0.4, 0.4666666666666667, 0.5333333333333333, 0.6, 0.6333333333333333, 0.6666666666666666, 0.7333333333333333, 0.7666666666666667, 0.8, 0.8666666666666667, 0.9333333333333333, 0.9666666666666667, 1.0], "phrase_ix": [0, 0, 0, 0, 0, 0, 0, 0, 0, 0, 0, 0, 0, 0, 0, 0, 0, 0, 0, 0, 0], "phrase_end": [false, false, false, false, false, false, false, false, false, false, false, false, false, false, false, false, false, false, false, false, true], "songpos": [0.0, 0.06666666666666667, 0.13333333333333333, 0.2, 0.23333333333333334, 0.26666666666666666, 0.3, 0.36666666666666664, 0.4, 0.4666666666666667, 0.5333333333333333, 0.6, 0.6333333333333333, 0.6666666666666666, 0.7333333333333333, 0.7666666666666667, 0.8, 0.8666666666666667, 0.9333333333333333, 0.9666666666666667, 1.0], "beatinsong": ["0", "1", "2", "3", "7/2", "4", "9/2", "11/2", "6", "7", "8", "9", "19/2", "10", "11", "23/2", "12", "13", "14", "29/2", "15"], "beatinphrase": ["0", "1", "2", "3", "7/2", "4", "9/2", "11/2", "6", "7", "8", "9", "19/2", "10", "11", "23/2", "12", "13", "14", "29/2", "15"], "beatinphrase_end": ["-15", "-14", "-13", "-12", "-23/2", "-11", "-21/2", "-19/2", "-9", "-8", "-7", "-6", "-11/2", "-5", "-4", "-7/2", "-3", "-2", "-1", "-1/2", "0"], "IOI_frac": ["1", "1", "1", "1/2", "1/2", "1/2", "1", "1/2", "1", "1", "1", "1/2", "1/2", "1", "1/2", "1/2", "1", "1", "1/2", "1/2", null], "IOI": [1.0, 1.0, 1.0, 0.5, 0.5, 0.5, 1.0, 0.5, 1.0, 1.0, 1.0, 0.5, 0.5, 1.0, 0.5, 0.5, 1.0, 1.0, 0.5, 0.5, null], "IOR_frac": [null, "1", "1", "1/2", "1", "1", "2", "1/2", "2", "1", "1", "1/2", "1", "2", "1/2", "1", "2", "1", "1/2", "1", null], "IOR": [null, 1.0, 1.0, 0.5, 1.0, 1.0, 2.0, 0.5, 2.0, 1.0, 1.0, 0.5, 1.0, 2.0, 0.5, 1.0, 2.0, 1.0, 0.5, 1.0, null], "imacontour": [null, "-", "+", "-", "-", "+", "-", "-", "+", "-", "+", "-", "-", "+", "-", "-", "+", "-", "+", "-", "+"], "pitch": ["B4", "G#4", "E#4", "F#4", "A#4", "A4", "C#5", "A4", "B4", "G#4", "E#4", "F#4", "F#4", "A#4", "C#5", "A4", "B4", "G#4", "G4", "E#4", "F#4"], "contour3": [null, "-", "-", "+", "+", "-", "+", "-", "+", "-", "-", "+", "=", "+", "+", "-", "+", "-", "-", "-", "+"], "contour5": [null, "--", "--", "+", "++", "-", "++", "--", "+", "--", "--", "+", "=", "++", "++", "--", "+", "--", "-", "-", "+"], "beatstrength": [1.0, 0.5, 0.5, 1.0, 0.25, 0.5, 0.25, 0.25, 1.0, 0.5, 0.5, 1.0, 0.25, 0.5, 0.5, 0.25, 1.0, 0.5, 0.5, 0.25, 1.0], "beat_str": ["1", "2", "3", "1", "1", "2", "2", "3", "1", "2", "3", "1", "1", "2", "3", "3", "1", "2", "3", "3", "1"], "beat_fraction_str": ["0", "0", "0", "0", "1/2", "0", "1/2", "1/2", "0", "0", "0", "0", "1/2", "0", "0", "1/2", "0", "0", "0", "1/2", "0"], "beat": [1.0, 2.0, 3.0, 1.0, 1.5, 2.0, 2.5, 3.5, 1.0, 2.0, 3.0, 1.0, 1.5, 2.0, 3.0, 3.5, 1.0, 2.0, 3.0, 3.5, 1.0], "timesignature": ["3/4", "3/4", "3/4", "3/4", "3/4", "3/4", "3/4", "3/4", "3/4", "3/4", "3/4", "3/4", "3/4", "3/4", "3/4", "3/4", "3/4", "3/4", "3/4", "3/4", "3/4"], "gpr2a_Frankland": [null, null, null, null, null, null, null, null, null, null, null, null, null, null, null, null, null, null, null, null, null], "gpr2b_Frankland": [null, null, null, null, null, null, 0.5, null, null, null, null, null, null, 0.5, null, null, null, null, null, null, null], "gpr3a_Frankland": [null, null, null, 0.75, null, null, null, null, null, null, null, null, 0.625, null, 0.375, null, 0.5, null, 0.5, null, null], "gpr3d_Frankland": [null, null, 0.5, null, null, null, null, null, null, null, 0.5, null, null, null, null, 0.5, null, 0.5, null, null, null], "gpr_Frankland_sum": [0, 0, 0.5, 0.75, 0, 0, 0.5, 0, 0, 0, 0.5, 0, 0.625, 0.5, 0.375, 0.5, 0.5, 0.5, 0.5, 0, 0], "lbdm_spitch": [null, 0.2916666666666667, 0.2222222222222222, 1.0, 0.25, 0.5, 0.2916666666666667, 0.22916666666666669, 0.125, 0.2916666666666667, 0.19444444444444445, 0.0, 0.9074074074074073, 0.19444444444444445, 0.42129629629629634, 0.22916666666666669, 0.41666666666666663, 0.15555555555555556, 0.23333333333333336, null, null], "lbdm_sioi": [null, 0.0, 0.5, 0.25, 0.0, 0.25, 1.0, 0.5, 0.5, 0.0, 0.5, 0.25, 0.25, 1.0, 0.25, 0.25, 0.5, 0.5, 0.25, null, null], "lbdm_srest": [null, 0.0, 0.0, 0.0, 0.0, 0.0, 0.0, 0.0, 0.0, 0.0, 0.0, 0.0, 0.0, 0.0, 0.0, 0.0, 0.0, 0.0, 0.0, null, null], "lbdm_rpitch": [null, 0.0, 0.3333333333333333, 0.42857142857142855, 0.42857142857142855, 0.42857142857142855, 0.0, 0.25, 0.14285714285714285, 0.0, 0.3333333333333333, 0.3333333333333333, 0.6666666666666666, 0.1111111111111111, 0.1111111111111111, 0.25, 0.14285714285714285, 0.3333333333333333, 0.2, 0.2, null],