{"id": "KB7703900000", "tunefamily": "", "year": -1, "tunefamily_full": "", "type": "", "freemeter": false, "origin": "", "features": {"scaledegree": [1, 3, 5, 4, 5, 4, 5, 2, 2, 7, 5, 7, 1, 2, 3, 3, 2, 7, 5, 7, 1], "scaledegreespecifier": ["P", "m", "P", "A", "P", "A", "P", "M", "M", "M", "P", "m", "P", "M", "m", "m", "M", "m", "P", "m", "P"], "tonic": ["A", "A", "A", "A", "A", "A", "A", "A", "A", "A", "A", "A", "A", "A", "A", "A", "A", "A", "A", "A", "A"], "mode": ["minor", "minor", "minor", "minor", "minor", "minor", "minor", "minor", "minor", "minor", "minor", "minor", "minor", "minor", "minor", "minor", "minor", "minor", "minor", "minor", "minor"], "metriccontour": [null, "-", "+", "-", "+", "-", "+", "=", "+", "-", "+", "-", "+", "-", "+", "-", "+", "-", "+", "=", "+"], "imaweight": [0.642857, 0.392857, 0.738095, 0.357143, 0.880952, 0.5, 0.821429, 0.845238, 0.845238, 0.619048, 1.0, 0.547619, 0.892857, 0.607143, 0.785714, 0.583333, 0.702381, 0.345238, 0.904762, 0.595238, 0.607143], "imaweight_spectral": [0.855072, 0.492754, 0.971014, 0.550725, 0.789855, 0.492754, 0.898551, 0.862319, 0.833333, 0.601449, 0.927536, 0.550725, 0.913043, 0.586957, 0.905797, 0.572464, 0.731884, 0.456522, 1.0, 0.789855, 0.884058], "pitch40_hewlett": [152, 163, 175, 170, 175, 170, 175, 158, 158, 147, 135, 146, 152, 158, 163, 163, 158, 146, 135, 146, 152], "pitch40_sapp": [191, 202, 214, 209, 214, 209, 214, 197, 197, 186, 174, 185, 191, 197, 202, 202, 197, 185, 174, 185, 191], "octave": [4, 5, 5, 5, 5, 5, 5, 4, 4, 4, 4, 4, 4, 4, 5, 5, 4, 4, 4, 4, 4], "midipitch": [69, 72, 76, 75, 76, 75, 76, 71, 71, 68, 64, 67, 69, 71, 72, 72, 71, 67, 64, 67, 69], "diatonicpitch": [28, 30, 32, 31, 32, 31, 32, 29, 29, 27, 25, 27, 28, 29, 30, 30, 29, 27, 25, 27, 28], "diatonicinterval": [null, 2, 2, -1, 1, -1, 1, -3, 0, -2, -2, 2, 1, 1, 1, 0, -1, -2, -2, 2, 1], "chromaticinterval": [null, 3, 4, -1, 1, -1, 1, -5, 0, -3, -4, 3, 2, 2, 1, 0, -1, -4, -3, 3, 2], "pitchproximity": [null, null, 4, 1, 1, 1, 1, 5, 0, 3, 4, 3, 2, 2, 1, 0, 1, 4, 3, 3, 2], "pitchreversal": [null, null, 0, 0, 1.5, 1.5, 1.5, 0, 0, 0, 0, 1.5, 0, 0, 0, 0, 0, 0, 0, 1.5, 0], "nextisrest": [false, false, false, false, false, false, false, false, false, false, false, false, false, false, false, false, false, false, false, false, null], "restduration_frac": [null, null, null, null, null, null, null, null, null, null, null, null, null, null, null, null, null, null, null, null, null], "duration": [0.5, 0.5, 1.5, 0.5, 0.5, 0.5, 1.0, 1.0, 0.5, 0.5, 1.5, 0.5, 0.5, 0.5, 1.5, 0.5, 0.5, 0.5, 1.0, 1.0, 3.0], "duration_frac": ["1/2", "1/2", "3/2", "1/2", "1/2", "1/2", "1", "1", "1/2", "1/2", "3/2", "1/2", "1/2", "1/2", "3/2", "1/2", "1/2", "1/2", "1", "1", "3"], "duration_fullname": ["Eighth", "Eighth", "Dotted Quarter", "Eighth", "Eighth", "Eighth", "Quarter", "Quarter", "Eighth", "Eighth", "Dotted Quarter", "Eighth", "Eighth", "Eighth", "Dotted Quarter", "Eighth", "Eighth", "Eighth", "Quarter", "Quarter", "Dotted Half"], "durationcontour": [null, "=", "+", "-", "=", "=", "+", "=", "-", "=", "+", "-", "=", "=", "+", "-", "=", "=", "+", "=", "+"], "onsettick": [0, 1, 2, 5, 6, 7, 8, 10, 12, 13, 14, 17, 18, 19, 20, 23, 24, 25, 26, 28, 30], "beatfraction": ["1/2", "1/2", "3/2", "1/2", "1/2", "1/2", "1", "1", "1/2", "1/2", "3/2", "1/2", "1/2", "1/2", "3/2", "1/2", "1/2", "1/2", "1", "1", "3"], "phrasepos": [0.0, 0.058823529411764705, 0.11764705882352941, 0.29411764705882354, 0.35294117647058826, 0.4117647058823529, 0.47058823529411764, 0.5882352941176471, 0.7058823529411765, 0.7647058823529411, 0.8235294117647058, 1.0, 0.0, 0.08333333333333333, 0.16666666666666666, 0.4166666666666667, 0.5, 0.5833333333333334, 0.6666666666666666, 0.8333333333333334, 1.0], "phrase_ix": [0, 0, 0, 0, 0, 0, 0, 0, 0, 0, 0, 0, 1, 1, 1, 1, 1, 1, 1, 1, 1], "phrase_end": [false, false, false, false, false, false, false, false, false, false, false, true, false, false, false, false, false, false, false, false, true], "songpos": [0.0, 0.03333333333333333, 0.06666666666666667, 0.16666666666666666, 0.2, 0.23333333333333334, 0.26666666666666666, 0.3333333333333333, 0.4, 0.43333333333333335, 0.4666666666666667, 0.5666666666666667, 0.6, 0.6333333333333333, 0.6666666666666666, 0.7666666666666667, 0.8, 0.8333333333333334, 0.8666666666666667, 0.9333333333333333, 1.0], "beatinsong": ["0", "1/2", "1", "5/2", "3", "7/2", "4", "5", "6", "13/2", "7", "17/2", "9", "19/2", "10", "23/2", "12", "25/2", "13", "14", "15"], "beatinphrase": ["0", "1/2", "1", "5/2", "3", "7/2", "4", "5", "6", "13/2", "7", "17/2", "0", "1/2", "1", "5/2", "3", "7/2", "4", "5", "6"], "beatinphrase_end": ["-6", "-11/2", "-5", "-7/2", "-3", "-5/2", "-2", "-1", "0", "1/2", "1", "5/2", "-6", "-11/2", "-5", "-7/2", "-3", "-5/2", "-2", "-1", "0"], "IOI_frac": ["1/2", "1/2", "3/2", "1/2", "1/2", "1/2", "1", "1", "1/2", "1/2", "3/2", "1/2", "1/2", "1/2", "3/2", "1/2", "1/2", "1/2", "1", "1", null], "IOI": [0.5, 0.5, 1.5, 0.5, 0.5, 0.5, 1.0, 1.0, 0.5, 0.5, 1.5, 0.5, 0.5, 0.5, 1.5, 0.5, 0.5, 0.5, 1.0, 1.0, null], "IOR_frac": [null, "1", "3", "1/3", "1", "1", "2", "1", "1/2", "1", "3", "1/3", "1", "1", "3", "1/3", "1", "1", "2", "1", null], "IOR": [null, 1.0, 3.0, 0.3333333333333333, 1.0, 1.0, 2.0, 1.0, 0.5, 1.0, 3.0, 0.3333333333333333, 1.0, 1.0, 3.0, 0.3333333333333333, 1.0, 1.0, 2.0, 1.0, null], "imacontour": [null, "-", "+", "-", "+", "-", "+", "+", "=", "-", "+", "-", "+", "-", "+", "-", "+", "-", "+", "-", "+"], "pitch": ["A4", "C5", "E5", "D#5", "E5", "D#5", "E5", "B4", "B4", "G#4", "E4", "G4", "A4", "B4", "C5", "C5", "B4", "G4", "E4", "G4", "A4"], "contour3": [null, "+", "+", "-", "+", "-", "+", "-", "=", "-", "-", "+", "+", "+", "+", "=", "-", "-", "-", "+", "+"], "contour5": [null, "++", "++", "-", "+", "-", "+", "--", "=", "--", "--", "++", "+", "+", "+", "=", "-", "--", "--", "++", "+"], "beatstrength": [1.0, 0.25, 0.5, 0.25, 1.0, 0.25, 0.5, 0.5, 1.0, 0.25, 0.5, 0.25, 1.0, 0.25, 0.5, 0.25, 1.0, 0.25, 0.5, 0.5, 1.0], "beat_str": ["1", "1", "2", "3", "1", "1", "2", "3", "1", "1", "2", "3", "1", "1", "2", "3", "1", "1", "2", "3", "1"], "beat_fraction_str": ["0", "1/2", "0", "1/2", "0", "1/2", "0", "0", "0", "1/2", "0", "1/2", "0", "1/2", "0", "1/2", "0", "1/2", "0", "0", "0"], "beat": [1.0, 1.5, 2.0, 3.5, 1.0, 1.5, 2.0, 3.0, 1.0, 1.5, 2.0, 3.5, 1.0, 1.5, 2.0, 3.5, 1.0, 1.5, 2.0, 3.0, 1.0], "timesignature": ["3/4", "3/4", "3/4", "3/4", "3/4", "3/4", "3/4", "3/4", "3/4", "3/4", "3/4", "3/4", "3/4", "3/4", "3/4", "3/4", "3/4", "3/4", "3/4", "3/4", "3/4"], "gpr2a_Frankland": [null, null, null, null, null, null, null, null, null, null, null, null, null, null, null, null, null, null, null, null, null], "gpr2b_Frankland": [null, null, 0.6666666666666667, null, null, null, null, null, null, null, 0.6666666666666667, null, null, null, 0.6666666666666667, null, null, null, null, null, null], "gpr3a_Frankland": [null, 0.5, null, null, null, null, 0.9, null, null, 0.25, null, null, null, null, null, null, 0.5, null, null, null, null], "gpr3d_Frankland": [null, null, null, null, null, 0.5, null, 0.5, null, null, null, null, null, null, null, null, null, 0.5, null, null, null], "gpr_Frankland_sum": [0, 0.5, 0.6666666666666667, 0, 0, 0.5, 0.9, 0.5, 0, 0.25, 0.6666666666666667, 0, 0, 0, 0.6666666666666667, 0, 0.5, 0.5, 0, 0, 0], "lbdm_spitch": [null, 0.3555555555555555, 0.07058823529411763, 0.0, 0.0, 0.08235294117647057, 1.0, 0.0, 0.35137254901960774, 0.14640522875816991, 0.12549019607843134, 0.04705882352941176, 0.06588235294117646, 0.08784313725490195, 0.0, 0.12549019607843134, 0.3555555555555555, 0.05490196078431372, 0.07058823529411763, null, null], "lbdm_sioi": [null, 0.16666666666666666, 1.0, 0.16666666666666666, 0.0, 0.1111111111111111, 0.2222222222222222, 0.2222222222222222, 0.1111111111111111, 0.16666666666666666, 1.0, 0.16666666666666666, 0.0, 0.16666666666666666, 1.0, 0.16666666666666666, 0.0, 0.1111111111111111, 0.2222222222222222, null, null],