{"id": "KB77110600020", "tunefamily": "", "year": -1, "tunefamily_full": "", "type": "", "freemeter": false, "origin": "", "features": {"scaledegree": [3, 5, 4, 2, 7, 5, 7, 2, 7, 2, 4, 3, 5, 4, 2, 7, 5, 7, 2, 7, 1], "scaledegreespecifier": ["M", "P", "P", "M", "M", "P", "M", "M", "M", "M", "P", "M", "P", "P", "M", "M", "P", "M", "M", "M", "P"], "tonic": ["G", "G", "G", "G", "G", "G", "G", "G", "G", "G", "G", "G", "G", "G", "G", "G", "G", "G", "G", "G", "G"], "mode": ["major", "major", "major", "major", "major", "major", "major", "major", "major", "major", "major", "major", "major", "major", "major", "major", "major", "major", "major", "major", "major"], "metriccontour": [null, "-", "+", "=", "-", "+", "-", "+", "-", "+", "-", "+", "-", "+", "=", "-", "+", "-", "+", "-", "+"], "imaweight": [0.515901, 0.332155, 0.639576, 1.0, 0.597173, 0.85159, 0.614841, 0.922261, 0.501767, 0.968198, 0.565371, 0.85159, 0.64311, 0.971731, 0.798587, 0.399293, 0.597173, 0.34629, 0.696113, 0.303887, 0.798587], "imaweight_spectral": [0.854545, 0.69697, 0.960606, 0.978788, 0.633333, 0.851515, 0.648485, 0.912121, 0.551515, 0.951515, 0.606061, 0.851515, 0.672727, 0.954545, 1.0, 0.657576, 0.827273, 0.612121, 0.924242, 0.575758, 1.0], "pitch40_hewlett": [158, 169, 163, 152, 141, 129, 141, 152, 141, 152, 163, 158, 169, 163, 152, 141, 129, 141, 152, 141, 146], "pitch40_sapp": [197, 208, 202, 191, 180, 168, 180, 191, 180, 191, 202, 197, 208, 202, 191, 180, 168, 180, 191, 180, 185], "octave": [4, 5, 5, 4, 4, 4, 4, 4, 4, 4, 5, 4, 5, 5, 4, 4, 4, 4, 4, 4, 4], "midipitch": [71, 74, 72, 69, 66, 62, 66, 69, 66, 69, 72, 71, 74, 72, 69, 66, 62, 66, 69, 66, 67], "diatonicpitch": [30, 32, 31, 29, 27, 25, 27, 29, 27, 29, 31, 30, 32, 31, 29, 27, 25, 27, 29, 27, 28], "diatonicinterval": [null, 2, -1, -2, -2, -2, 2, 2, -2, 2, 2, -1, 2, -1, -2, -2, -2, 2, 2, -2, 1], "chromaticinterval": [null, 3, -2, -3, -3, -4, 4, 3, -3, 3, 3, -1, 3, -2, -3, -3, -4, 4, 3, -3, 1], "pitchproximity": [null, null, 2, 3, 3, 4, 4, 3, 3, 3, 3, 1, 3, 2, 3, 3, 4, 4, 3, 3, 1], "pitchreversal": [null, null, 1.5, 0, 0, 0, 1.5, 0, 1.5, 1.5, 0, 1.5, 1.5, 1.5, 0, 0, 0, 1.5, 0, 1.5, 1.5], "nextisrest": [false, false, false, false, false, false, false, false, false, false, false, false, false, false, false, false, false, false, false, false, null], "restduration_frac": [null, null, null, null, null, null, null, null, null, null, null, null, null, null, null, null, null, null, null, null, null], "duration": [0.5, 0.5, 1.0, 0.5, 0.5, 0.5, 0.5, 0.5, 0.5, 0.5, 0.5, 0.5, 0.5, 1.0, 0.5, 0.5, 0.5, 0.5, 0.5, 0.5, 1.0], "duration_frac": ["1/2", "1/2", "1", "1/2", "1/2", "1/2", "1/2", "1/2", "1/2", "1/2", "1/2", "1/2", "1/2", "1", "1/2", "1/2", "1/2", "1/2", "1/2", "1/2", "1"], "duration_fullname": ["Eighth", "Eighth", "Quarter", "Eighth", "Eighth", "Eighth", "Eighth", "Eighth", "Eighth", "Eighth", "Eighth", "Eighth", "Eighth", "Quarter", "Eighth", "Eighth", "Eighth", "Eighth", "Eighth", "Eighth", "Quarter"], "durationcontour": [null, "=", "+", "-", "=", "=", "=", "=", "=", "=", "=", "=", "=", "+", "-", "=", "=", "=", "=", "=", "+"], "onsettick": [0, 1, 2, 4, 5, 6, 7, 8, 9, 10, 11, 12, 13, 14, 16, 17, 18, 19, 20, 21, 22], "beatfraction": ["1/2", "1/2", "1", "1/2", "1/2", "1/2", "1/2", "1/2", "1/2", "1/2", "1/2", "1/2", "1/2", "1", "1/2", "1/2", "1/2", "1/2", "1/2", "1/2", "1"], "phrasepos": [0.0, 0.045454545454545456, 0.09090909090909091, 0.18181818181818182, 0.22727272727272727, 0.2727272727272727, 0.3181818181818182, 0.36363636363636365, 0.4090909090909091, 0.45454545454545453, 0.5, 0.5454545454545454, 0.5909090909090909, 0.6363636363636364, 0.7272727272727273, 0.7727272727272727, 0.8181818181818182, 0.8636363636363636, 0.9090909090909091, 0.9545454545454546, 1.0], "phrase_ix": [0, 0, 0, 0, 0, 0, 0, 0, 0, 0, 0, 0, 0, 0, 0, 0, 0, 0, 0, 0, 0], "phrase_end": [false, false, false, false, false, false, false, false, false, false, false, false, false, false, false, false, false, false, false, false, true], "songpos": [0.0, 0.045454545454545456, 0.09090909090909091, 0.18181818181818182, 0.22727272727272727, 0.2727272727272727, 0.3181818181818182, 0.36363636363636365, 0.4090909090909091, 0.45454545454545453, 0.5, 0.5454545454545454, 0.5909090909090909, 0.6363636363636364, 0.7272727272727273, 0.7727272727272727, 0.8181818181818182, 0.8636363636363636, 0.9090909090909091, 0.9545454545454546, 1.0], "beatinsong": ["0", "1/2", "1", "2", "5/2", "3", "7/2", "4", "9/2", "5", "11/2", "6", "13/2", "7", "8", "17/2", "9", "19/2", "10", "21/2", "11"], "beatinphrase": ["0", "1/2", "1", "2", "5/2", "3", "7/2", "4", "9/2", "5", "11/2", "6", "13/2", "7", "8", "17/2", "9", "19/2", "10", "21/2", "11"], "beatinphrase_end": ["-9", "-17/2", "-8", "-7", "-13/2", "-6", "-11/2", "-5", "-9/2", "-4", "-7/2", "-3", "-5/2", "-2", "-1", "-1/2", "0", "1/2", "1", "3/2", "2"], "IOI_frac": ["1/2", "1/2", "1", "1/2", "1/2", "1/2", "1/2", "1/2", "1/2", "1/2", "1/2", "1/2", "1/2", "1", "1/2", "1/2", "1/2", "1/2", "1/2", "1/2", null], "IOI": [0.5, 0.5, 1.0, 0.5, 0.5, 0.5, 0.5, 0.5, 0.5, 0.5, 0.5, 0.5, 0.5, 1.0, 0.5, 0.5, 0.5, 0.5, 0.5, 0.5, null], "IOR_frac": [null, "1", "2", "1/2", "1", "1", "1", "1", "1", "1", "1", "1", "1", "2", "1/2", "1", "1", "1", "1", "1", null], "IOR": [null, 1.0, 2.0, 0.5, 1.0, 1.0, 1.0, 1.0, 1.0, 1.0, 1.0, 1.0, 1.0, 2.0, 0.5, 1.0, 1.0, 1.0, 1.0, 1.0, null], "imacontour": [null, "-", "+", "+", "-", "+", "-", "+", "-", "+", "-", "+", "-", "+", "-", "-", "+", "-", "+", "-", "+"], "pitch": ["B4", "D5", "C5", "A4", "F#4", "D4", "F#4", "A4", "F#4", "A4", "C5", "B4", "D5", "C5", "A4", "F#4", "D4", "F#4", "A4", "F#4", "G4"], "contour3": [null, "+", "-", "-", "-", "-", "+", "+", "-", "+", "+", "-", "+", "-", "-", "-", "-", "+", "+", "-", "+"], "contour5": [null, "++", "-", "--", "--", "--", "++", "++", "--", "++", "++", "-", "++", "-", "--", "--", "--", "++", "++", "--", "+"], "beatstrength": [1.0, 0.25, 0.5, 0.5, 0.25, 1.0, 0.25, 0.5, 0.25, 0.5, 0.25, 1.0, 0.25, 0.5, 0.5, 0.25, 1.0, 0.25, 0.5, 0.25, 0.5], "beat_str": ["1", "1", "2", "3", "3", "1", "1", "2", "2", "3", "3", "1", "1", "2", "3", "3", "1", "1", "2", "2", "3"], "beat_fraction_str": ["0", "1/2", "0", "0", "1/2", "0", "1/2", "0", "1/2", "0", "1/2", "0", "1/2", "0", "0", "1/2", "0", "1/2", "0", "1/2", "0"], "beat": [1.0, 1.5, 2.0, 3.0, 3.5, 1.0, 1.5, 2.0, 2.5, 3.0, 3.5, 1.0, 1.5, 2.0, 3.0, 3.5, 1.0, 1.5, 2.0, 2.5, 3.0], "timesignature": ["3/4", "3/4", "3/4", "3/4", "3/4", "3/4", "3/4", "3/4", "3/4", "3/4", "3/4", "3/4", "3/4", "3/4", "3/4", "3/4", "3/4", "3/4", "3/4", "3/4", "3/4"], "gpr2a_Frankland": [null, null, null, null, null, null, null, null, null, null, null, null, null, null, null, null, null, null, null, null, null], "gpr2b_Frankland": [null, null, 0.5, null, null, null, null, null, null, null, null, null, null, 0.5, null, null, null, null, null, null, null], "gpr3a_Frankland": [null, null, null, null, null, null, null, null, null, null, null, 0.5, null, null, null, null, null, null, null, null, null], "gpr3d_Frankland": [null, null, null, null, 0.0, 0.0, 0.0, 0.0, 0.0, 0.0, 0.0, null, null, null, null, 0.0, 0.0, 0.0, null, null, null], "gpr_Frankland_sum": [0, 0, 0.5, 0, 0, 0, 0, 0, 0, 0, 0, 0.5, 0, 0.5, 0, 0, 0, 0, 0, 0, 0], "lbdm_spitch": [null, 0.4, 0.30000000000000004, 0.23333333333333336, 0.3111111111111111, 0.3111111111111111, 0.23333333333333336, 0.0, 0.0, 0.7000000000000001, 0.46666666666666673, 1.0, 0.4, 0.30000000000000004, 0.23333333333333336, 0.3111111111111111, 0.3111111111111111, 0.23333333333333336, 0.7000000000000001, null, null], "lbdm_sioi": [null, 0.25, 1.0, 0.25, 0.0, 0.0, 0.0, 0.0, 0.0, 0.0, 0.0, 0.0, 0.25, 1.0, 0.25, 0.0, 0.0, 0.0, 0.0, null, null], "lbdm_srest": [null, 0.0, 0.0, 0.0, 0.0, 0.0, 0.0, 0.0, 0.0, 0.0, 0.0, 0.0, 0.0, 0.0, 0.0, 0.0, 0.0, 0.0, 0.0, null, null],