{"id": "KB77111400001", "tunefamily": "", "year": -1, "tunefamily_full": "", "type": "", "freemeter": false, "origin": "", "features": {"scaledegree": [5, 7, 1, 2, 4, 2, 7, 5, 5, 6, 7, 1, 3, 5, 1, 1, 2, 3, 1], "scaledegreespecifier": ["P", "M", "P", "M", "P", "M", "M", "P", "P", "M", "M", "P", "M", "P", "P", "P", "M", "M", "P"], "tonic": ["C", "C", "C", "C", "C", "C", "C", "C", "C", "C", "C", "C", "C", "C", "C", "C", "C", "C", "C"], "mode": ["major", "major", "major", "major", "major", "major", "major", "major", "major", "major", "major", "major", "major", "major", "major", "major", "major", "major", "major"], "metriccontour": [null, "-", "-", "+", "=", "+", "-", "+", "=", "-", "=", "+", "-", "=", "+", "-", "-", "=", "+"], "imaweight": [0.956835, 0.122302, 0.028777, 0.985612, 0.935252, 0.899281, 0.151079, 0.899281, 1.0, 0.122302, 0.122302, 0.964029, 0.899281, 0.928058, 0.870504, 0.935252, 0.122302, 0.122302, 0.935252], "imaweight_spectral": [0.970238, 0.125, 0.0238095, 0.970238, 0.952381, 0.89881, 0.172619, 0.89881, 0.952381, 0.154762, 0.154762, 0.922619, 0.922619, 1.0, 0.89881, 0.89881, 0.154762, 0.154762, 0.97619], "pitch40_hewlett": [146, 158, 163, 169, 180, 169, 158, 146, 146, 152, 158, 163, 175, 186, 163, 163, 169, 175, 163], "pitch40_sapp": [185, 197, 202, 208, 219, 208, 197, 185, 185, 191, 197, 202, 214, 225, 202, 202, 208, 214, 202], "octave": [4, 4, 5, 5, 5, 5, 4, 4, 4, 4, 4, 5, 5, 5, 5, 5, 5, 5, 5], "midipitch": [67, 71, 72, 74, 77, 74, 71, 67, 67, 69, 71, 72, 76, 79, 72, 72, 74, 76, 72], "diatonicpitch": [32, 34, 35, 36, 38, 36, 34, 32, 32, 33, 34, 35, 37, 39, 35, 35, 36, 37, 35], "diatonicinterval": [null, 2, 1, 1, 2, -2, -2, -2, 0, 1, 1, 1, 2, 2, -4, 0, 1, 1, -2], "chromaticinterval": [null, 4, 1, 2, 3, -3, -3, -4, 0, 2, 2, 1, 4, 3, -7, 0, 2, 2, -4], "pitchproximity": [null, null, 1, 2, 3, 3, 3, 4, 0, 2, 2, 1, 4, 3, 7, 0, 2, 2, 4], "pitchreversal": [null, null, 0, 0, 0, 1.5, 0, 0, 0, 0, 0, 0, 0, 0, 0, 1, 0, 0, 1.5], "nextisrest": [false, false, false, false, false, false, false, false, false, false, false, false, false, false, false, false, false, false, null], "restduration_frac": [null, null, null, null, null, null, null, null, null, null, null, null, null, null, null, null, null, null, null], "duration": [0.5, 0.25, 0.25, 1.0, 1.0, 0.5, 0.5, 1.0, 0.3333333333333333, 0.3333333333333333, 0.3333333333333333, 1.0, 1.0, 1.0, 1.0, 0.3333333333333333, 0.3333333333333333, 0.3333333333333333, 1.0], "duration_frac": ["1/2", "1/4", "1/4", "1", "1", "1/2", "1/2", "1", "1/3", "1/3", "1/3", "1", "1", "1", "1", "1/3", "1/3", "1/3", "1"], "duration_fullname": ["Eighth", "16th", "16th", "Quarter", "Quarter", "Eighth", "Eighth", "Quarter", "Eighth Triplet (1/3 QL)", "Eighth Triplet (1/3 QL)", "Eighth Triplet (1/3 QL)", "Quarter", "Quarter", "Quarter", "Quarter", "Eighth Triplet (1/3 QL)", "Eighth Triplet (1/3 QL)", "Eighth Triplet (1/3 QL)", "Quarter"], "durationcontour": [null, "-", "=", "+", "=", "-", "=", "+", "-", "=", "=", "+", "=", "=", "=", "-", "=", "=", "+"], "onsettick": [0, 6, 9, 12, 24, 36, 42, 48, 60, 64, 68, 72, 84, 96, 108, 120, 124, 128, 132], "beatfraction": ["1/2", "1/4", "1/4", "1", "1", "1/2", "1/2", "1", "1/3", "1/3", "1/3", "1", "1", "1", "1", "1/3", "1/3", "1/3", "1"], "phrasepos": [0.0, 0.045454545454545456, 0.06818181818181818, 0.09090909090909091, 0.18181818181818182, 0.2727272727272727, 0.3181818181818182, 0.36363636363636365, 0.45454545454545453, 0.48484848484848486, 0.5151515151515151, 0.5454545454545454, 0.6363636363636364, 0.7272727272727273, 0.8181818181818182, 0.9090909090909091, 0.9393939393939394, 0.9696969696969697, 1.0], "phrase_ix": [0, 0, 0, 0, 0, 0, 0, 0, 0, 0, 0, 0, 0, 0, 0, 0, 0, 0, 0], "phrase_end": [false, false, false, false, false, false, false, false, false, false, false, false, false, false, false, false, false, false, true], "songpos": [0.0, 0.045454545454545456, 0.06818181818181818, 0.09090909090909091, 0.18181818181818182, 0.2727272727272727, 0.3181818181818182, 0.36363636363636365, 0.45454545454545453, 0.48484848484848486, 0.5151515151515151, 0.5454545454545454, 0.6363636363636364, 0.7272727272727273, 0.8181818181818182, 0.9090909090909091, 0.9393939393939394, 0.9696969696969697, 1.0], "beatinsong": ["0", "1/2", "3/4", "1", "2", "3", "7/2", "4", "5", "16/3", "17/3", "6", "7", "8", "9", "10", "31/3", "32/3", "11"], "beatinphrase": ["0", "1/2", "3/4", "1", "2", "3", "7/2", "4", "5", "16/3", "17/3", "6", "7", "8", "9", "10", "31/3", "32/3", "11"], "beatinphrase_end": ["-9", "-17/2", "-33/4", "-8", "-7", "-6", "-11/2", "-5", "-4", "-11/3", "-10/3", "-3", "-2", "-1", "0", "1", "4/3", "5/3", "2"], "IOI_frac": ["1/2", "1/4", "1/4", "1", "1", "1/2", "1/2", "1", "1/3", "1/3", "1/3", "1", "1", "1", "1", "1/3", "1/3", "1/3", null], "IOI": [0.5, 0.25, 0.25, 1.0, 1.0, 0.5, 0.5, 1.0, 0.3333333333333333, 0.3333333333333333, 0.3333333333333333, 1.0, 1.0, 1.0, 1.0, 0.3333333333333333, 0.3333333333333333, 0.3333333333333333, null], "IOR_frac": [null, "1/2", "1", "4", "1", "1/2", "1", "2", "1/3", "1", "1", "3", "1", "1", "1", "1/3", "1", "1", null], "IOR": [null, 0.5, 1.0, 4.0, 1.0, 0.5, 1.0, 2.0, 0.3333333333333333, 1.0, 1.0, 3.0, 1.0, 1.0, 1.0, 0.3333333333333333, 1.0, 1.0, null], "imacontour": [null, "-", "-", "+", "-", "-", "-", "+", "+", "-", "=", "+", "-", "+", "-", "+", "-", "=", "+"], "pitch": ["G4", "B4", "C5", "D5", "F5", "D5", "B4", "G4", "G4", "A4", "B4", "C5", "E5", "G5", "C5", "C5", "D5", "E5", "C5"], "contour3": [null, "+", "+", "+", "+", "-", "-", "-", "=", "+", "+", "+", "+", "+", "-", "=", "+", "+", "-"], "contour5": [null, "++", "+", "+", "++", "--", "--", "--", "=", "+", "+", "+", "++", "++", "--", "=", "+", "+", "--"], "beatstrength": [1.0, 0.25, 0.125, 0.5, 0.5, 1.0, 0.25, 0.5, 0.5, 0.0625, 0.0625, 1.0, 0.5, 0.5, 1.0, 0.5, 0.0625, 0.0625, 0.5], "beat_str": ["1", "1", "1", "2", "3", "1", "1", "2", "3", "3", "3", "1", "2", "3", "1", "2", "2", "2", "3"], "beat_fraction_str": ["0", "1/2", "3/4", "0", "0", "0", "1/2", "0", "0", "1/3", "2/3", "0", "0", "0", "0", "0", "1/3", "2/3", "0"], "beat": [1.0, 1.5, 1.75, 2.0, 3.0, 1.0, 1.5, 2.0, 3.0, 3.3333333333333335, 3.6666666666666665, 1.0, 2.0, 3.0, 1.0, 2.0, 2.3333333333333335, 2.6666666666666665, 3.0], "timesignature": ["3/4", "3/4", "3/4", "3/4", "3/4", "3/4", "3/4", "3/4", "3/4", "3/4", "3/4", "3/4", "3/4", "3/4", "3/4", "3/4", "3/4", "3/4", "3/4"], "gpr2a_Frankland": [null, null, null, null, null, null, null, null, null, null, null, null, null, null, null, null, null, null, null], "gpr2b_Frankland": [null, null, null, null, null, null, null, 0.5833333333333334, null, null, null, null, null, null, null, null, null, null, null], "gpr3a_Frankland": [null, null, null, null, null, null, 0.625, null, null, null, null, 0.5, null, 0.7857142857142857, null, null, null, null, null], "gpr3d_Frankland": [null, null, 0.75, null, 0.5, null, null, null, null, null, 0.6666666666666667, null, 0.0, null, 0.6666666666666667, null, null, null, null], "gpr_Frankland_sum": [0, 0, 0.75, 0, 0.5, 0, 0.625, 0.5833333333333334, 0, 0, 0.6666666666666667, 0.5, 0, 0.7857142857142857, 0.6666666666666667, 0, 0, 0, 0], "lbdm_spitch": [null, 0.08081632653061223, 0.08816326530612244, 0.055102040816326525, 0.0, 0.04285714285714285, 0.3999999999999999, 0.0, 0.12857142857142856, 0.05142857142857143, 0.08081632653061223, 0.2775510204081632, 0.1714285714285714, 1.0, 0.0, 0.12857142857142856, 0.06428571428571428, null, null], "lbdm_sioi": [null, 0.09999999999999998, 0.17999999999999997, 0.7199999999999999, 0.3999999999999999, 0.19999999999999996, 0.19999999999999996, 1.0, 0.19999999999999998, 0.0, 0.19999999999999998, 0.6, 0.0, 0.0, 0.6, 0.19999999999999998, 0.0, null, null], "lbdm_srest": [null, 0.0, 0.0, 0.0, 0.0, 0.0, 0.0, 0.0, 0.0, 0.0, 0.0, 0.0, 0.0, 0.0, 0.0, 0.0, 0.0, null, null],