{"id": "KB7790100002", "tunefamily": "", "year": -1, "tunefamily_full": "", "type": "", "freemeter": false, "origin": "", "features": {"scaledegree": [5, 4, 5, 6, 5, 4, 4, 3, 5, 3, 4, 3, 3, 2, 5, 2, 2, 5, 5, 5, 1], "scaledegreespecifier": ["P", "A", "P", "M", "P", "P", "P", "M", "P", "M", "P", "M", "M", "M", "P", "M", "M", "P", "P", "P", "P"], "tonic": ["C", "C", "C", "C", "C", "C", "C", "C", "C", "C", "C", "C", "C", "C", "C", "C", "C", "C", "C", "C", "C"], "mode": ["major", "major", "major", "major", "major", "major", "major", "major", "major", "major", "major", "major", "major", "major", "major", "major", "major", "major", "major", "major", "major"], "metriccontour": [null, "-", "=", "+", "-", "=", "+", "-", "=", "+", "-", "-", "+", "-", "=", "+", "-", "+", "-", "=", "+"], "imaweight": [0.609053, 0.777778, 0.534979, 1.0, 0.45679, 0.925926, 0.584362, 0.81893, 0.588477, 1.0, 0.674897, 0.131687, 0.390947, 0.530864, 0.304527, 0.711934, 0.679012, 0.337449, 0.547325, 0.263374, 0.73251], "imaweight_spectral": [0.650177, 0.809187, 0.586572, 0.985866, 0.533569, 0.922261, 0.628975, 0.830389, 0.632509, 0.985866, 0.922261, 0.113074, 0.678445, 0.812721, 0.618375, 0.968198, 0.939929, 0.646643, 0.840989, 0.614841, 1.0], "pitch40_hewlett": [186, 181, 186, 192, 186, 180, 180, 175, 146, 175, 180, 175, 175, 169, 146, 169, 169, 146, 146, 146, 163], "pitch40_sapp": [225, 220, 225, 231, 225, 219, 219, 214, 185, 214, 219, 214, 214, 208, 185, 208, 208, 185, 185, 185, 202], "octave": [5, 5, 5, 5, 5, 5, 5, 5, 4, 5, 5, 5, 5, 5, 4, 5, 5, 4, 4, 4, 5], "midipitch": [79, 78, 79, 81, 79, 77, 77, 76, 67, 76, 77, 76, 76, 74, 67, 74, 74, 67, 67, 67, 72], "diatonicpitch": [39, 38, 39, 40, 39, 38, 38, 37, 32, 37, 38, 37, 37, 36, 32, 36, 36, 32, 32, 32, 35], "diatonicinterval": [null, -1, 1, 1, -1, -1, 0, -1, -5, 5, 1, -1, 0, -1, -4, 4, 0, -4, 0, 0, 3], "chromaticinterval": [null, -1, 1, 2, -2, -2, 0, -1, -9, 9, 1, -1, 0, -2, -7, 7, 0, -7, 0, 0, 5], "pitchproximity": [null, null, 1, 2, 2, 2, 0, 1, 9, 9, 1, 1, 0, 2, 7, 7, 0, 7, 0, 0, 5], "pitchreversal": [null, null, 1.5, 0, 1.5, 0, 0, 0, 0, 2.5, -1, 1.5, 0, 0, 0, 2.5, 1, 0, 1, 0, 0], "nextisrest": [false, false, false, false, false, false, false, false, false, false, false, false, false, false, false, false, false, false, false, false, null], "restduration_frac": [null, null, null, null, null, null, null, null, null, null, null, null, null, null, null, null, null, null, null, null, null], "duration": [1.0, 1.0, 1.0, 1.0, 1.0, 1.0, 1.0, 1.0, 1.0, 2.0, 0.5, 0.5, 1.0, 1.0, 1.0, 2.0, 1.0, 1.0, 1.0, 1.0, 3.0], "duration_frac": ["1", "1", "1", "1", "1", "1", "1", "1", "1", "2", "1/2", "1/2", "1", "1", "1", "2", "1", "1", "1", "1", "3"], "duration_fullname": ["Quarter", "Quarter", "Quarter", "Quarter", "Quarter", "Quarter", "Quarter", "Quarter", "Quarter", "Half", "Eighth", "Eighth", "Quarter", "Quarter", "Quarter", "Half", "Quarter", "Quarter", "Quarter", "Quarter", "Dotted Half"], "durationcontour": [null, "=", "=", "=", "=", "=", "=", "=", "=", "+", "-", "=", "+", "=", "=", "+", "-", "=", "=", "=", "+"], "onsettick": [0, 2, 4, 6, 8, 10, 12, 14, 16, 18, 22, 23, 24, 26, 28, 30, 34, 36, 38, 40, 42], "beatfraction": ["1", "1", "1", "1", "1", "1", "1", "1", "1", "2", "1/2", "1/2", "1", "1", "1", "2", "1", "1", "1", "1", "3"], "phrasepos": [0.0, 0.08695652173913043, 0.17391304347826086, 0.2608695652173913, 0.34782608695652173, 0.43478260869565216, 0.5217391304347826, 0.6086956521739131, 0.6956521739130435, 0.782608695652174, 0.9565217391304348, 1.0, 0.0, 0.1111111111111111, 0.2222222222222222, 0.3333333333333333, 0.5555555555555556, 0.6666666666666666, 0.7777777777777778, 0.8888888888888888, 1.0], "phrase_ix": [0, 0, 0, 0, 0, 0, 0, 0, 0, 0, 0, 0, 1, 1, 1, 1, 1, 1, 1, 1, 1], "phrase_end": [false, false, false, false, false, false, false, false, false, false, false, true, false, false, false, false, false, false, false, false, true], "songpos": [0.0, 0.047619047619047616, 0.09523809523809523, 0.14285714285714285, 0.19047619047619047, 0.23809523809523808, 0.2857142857142857, 0.3333333333333333, 0.38095238095238093, 0.42857142857142855, 0.5238095238095238, 0.5476190476190477, 0.5714285714285714, 0.6190476190476191, 0.6666666666666666, 0.7142857142857143, 0.8095238095238095, 0.8571428571428571, 0.9047619047619048, 0.9523809523809523, 1.0], "beatinsong": ["0", "1", "2", "3", "4", "5", "6", "7", "8", "9", "11", "23/2", "12", "13", "14", "15", "17", "18", "19", "20", "21"], "beatinphrase": ["0", "1", "2", "3", "4", "5", "6", "7", "8", "9", "11", "23/2", "0", "1", "2", "3", "5", "6", "7", "8", "9"], "beatinphrase_end": ["-9", "-8", "-7", "-6", "-5", "-4", "-3", "-2", "-1", "0", "2", "5/2", "-9", "-8", "-7", "-6", "-4", "-3", "-2", "-1", "0"], "IOI_frac": ["1", "1", "1", "1", "1", "1", "1", "1", "1", "2", "1/2", "1/2", "1", "1", "1", "2", "1", "1", "1", "1", null], "IOI": [1.0, 1.0, 1.0, 1.0, 1.0, 1.0, 1.0, 1.0, 1.0, 2.0, 0.5, 0.5, 1.0, 1.0, 1.0, 2.0, 1.0, 1.0, 1.0, 1.0, null], "IOR_frac": [null, "1", "1", "1", "1", "1", "1", "1", "1", "2", "1/4", "1", "2", "1", "1", "2", "1/2", "1", "1", "1", null], "IOR": [null, 1.0, 1.0, 1.0, 1.0, 1.0, 1.0, 1.0, 1.0, 2.0, 0.25, 1.0, 2.0, 1.0, 1.0, 2.0, 0.5, 1.0, 1.0, 1.0, null], "imacontour": [null, "+", "-", "+", "-", "+", "-", "+", "-", "+", "-", "-", "+", "+", "-", "+", "-", "-", "+", "-", "+"], "pitch": ["G5", "F#5", "G5", "A5", "G5", "F5", "F5", "E5", "G4", "E5", "F5", "E5", "E5", "D5", "G4", "D5", "D5", "G4", "G4", "G4", "C5"], "contour3": [null, "-", "+", "+", "-", "-", "=", "-", "-", "+", "+", "-", "=", "-", "-", "+", "=", "-", "=", "=", "+"], "contour5": [null, "-", "+", "+", "-", "-", "=", "-", "--", "++", "+", "-", "=", "-", "--", "++", "=", "--", "=", "=", "++"], "beatstrength": [1.0, 0.5, 0.5, 1.0, 0.5, 0.5, 1.0, 0.5, 0.5, 1.0, 0.5, 0.25, 1.0, 0.5, 0.5, 1.0, 0.5, 1.0, 0.5, 0.5, 1.0], "beat_str": ["1", "2", "3", "1", "2", "3", "1", "2", "3", "1", "3", "3", "1", "2", "3", "1", "3", "1", "2", "3", "1"], "beat_fraction_str": ["0", "0", "0", "0", "0", "0", "0", "0", "0", "0", "0", "1/2", "0", "0", "0", "0", "0", "0", "0", "0", "0"], "beat": [1.0, 2.0, 3.0, 1.0, 2.0, 3.0, 1.0, 2.0, 3.0, 1.0, 3.0, 3.5, 1.0, 2.0, 3.0, 1.0, 3.0, 1.0, 2.0, 3.0, 1.0], "timesignature": ["3/4", "3/4", "3/4", "3/4", "3/4", "3/4", "3/4", "3/4", "3/4", "3/4", "3/4", "3/4", "3/4", "3/4", "3/4", "3/4", "3/4", "3/4", "3/4", "3/4", "3/4"], "gpr2a_Frankland": [null, null, null, null, null, null, null, null, null, null, null, null, null, null, null, null, null, null, null, null, null], "gpr2b_Frankland": [null, null, null, null, null, null, null, null, null, 0.625, null, null, null, null, null, 0.5, null, null, null, null, null], "gpr3a_Frankland": [null, null, null, null, null, null, null, null, null, null, null, null, null, null, null, null, 1.0, null, null, null, null], "gpr3d_Frankland": [null, 0.0, 0.0, 0.0, 0.0, 0.0, 0.0, null, null, null, null, 0.5, null, null, null, null, null, 0.0, null, null, null], "gpr_Frankland_sum": [0, 0, 0, 0, 0, 0, 0, 0, 0, 0.625, 0, 0.5, 0, 0, 0, 0.5, 1.0, 0, 0, 0, 0], "lbdm_spitch": [null, 0.018367346938775512, 0.036734693877551024, 0.0, 0.09183673469387754, 0.0, 0.09183673469387754, 0.5510204081632653, 0.5510204081632653, 0.06122448979591836, 0.03061224489795918, 0.0, 0.17532467532467533, 0.2922077922077922, 0.5, 0.0, 1.0, 0.0, 0.0, null, null], "lbdm_sioi": [null, 0.0, 0.0, 0.0, 0.0, 0.0, 0.0, 0.0, 0.17857142857142855, 1.0, 0.1607142857142857, 0.08928571428571427, 0.17857142857142855, 0.0, 0.17857142857142855, 0.7142857142857142, 0.17857142857142855, 0.0, 0.0, null, null], "lbdm_srest": [null, 0.0, 0.0, 0.0, 0.0, 0.0, 0.0, 0.0, 0.0, 0.0, 0.0, 0.0, 0.0, 0.0, 0.0, 0.0, 0.0, 0.0, 0.0, null, null], "lbdm_rpitch": [null, 0.0, 0.2, 0.0, 0.0, 0.5, 0.3333333333333333, 0.6666666666666666, 0.0, 0.6666666666666666, 0.0, 0.3333333333333333, 0.5, 0.45454545454545453, 0.0, 0.7777777777777778, 0.7777777777777778, 0.7777777777777778, 0.0, 0.7142857142857143, null],