{"id": "KB77110400020", "tunefamily": "", "year": -1, "tunefamily_full": "", "type": "", "freemeter": false, "origin": "", "features": {"scaledegree": [5, 7, 2, 2, 1, 3, 3, 2, 4, 3, 5, 7, 2, 3, 2, 1, 3, 5, 2, 7, 1], "scaledegreespecifier": ["P", "M", "M", "M", "P", "M", "M", "M", "P", "M", "P", "M", "M", "M", "M", "P", "M", "P", "M", "M", "P"], "tonic": ["B-", "B-", "B-", "B-", "B-", "B-", "B-", "B-", "B-", "B-", "B-", "B-", "B-", "B-", "B-", "B-", "B-", "B-", "B-", "B-", "B-"], "mode": ["major", "major", "major", "major", "major", "major", "major", "major", "major", "major", "major", "major", "major", "major", "major", "major", "major", "major", "major", "major", "major"], "metriccontour": [null, "-", "+", "=", "-", "+", "-", "-", "+", "-", "+", "-", "+", "-", "+", "-", "+", "-", "+", "-", "+"], "imaweight": [0.399464, 0.155496, 0.442359, 0.380697, 0.227882, 0.455764, 0.970509, 0.705094, 0.903485, 0.686327, 0.927614, 0.613941, 0.970509, 0.659517, 0.903485, 0.689008, 0.938338, 0.571046, 1.0, 0.702413, 0.895442], "imaweight_spectral": [0.981627, 0.677165, 0.958005, 0.897638, 0.748031, 0.971129, 0.971129, 0.711286, 0.905512, 0.692913, 0.929134, 0.622047, 0.971129, 0.666667, 0.905512, 0.695538, 0.939633, 0.580052, 1.0, 0.708661, 0.897638], "pitch40_hewlett": [140, 152, 163, 163, 157, 169, 169, 163, 174, 169, 140, 152, 163, 169, 163, 157, 169, 180, 163, 152, 157], "pitch40_sapp": [179, 191, 202, 202, 196, 208, 208, 202, 213, 208, 179, 191, 202, 208, 202, 196, 208, 219, 202, 191, 196], "octave": [4, 4, 5, 5, 4, 5, 5, 5, 5, 5, 4, 4, 5, 5, 5, 4, 5, 5, 5, 4, 4], "midipitch": [65, 69, 72, 72, 70, 74, 74, 72, 75, 74, 65, 69, 72, 74, 72, 70, 74, 77, 72, 69, 70], "diatonicpitch": [25, 27, 29, 29, 28, 30, 30, 29, 31, 30, 25, 27, 29, 30, 29, 28, 30, 32, 29, 27, 28], "diatonicinterval": [null, 2, 2, 0, -1, 2, 0, -1, 2, -1, -5, 2, 2, 1, -1, -1, 2, 2, -3, -2, 1], "chromaticinterval": [null, 4, 3, 0, -2, 4, 0, -2, 3, -1, -9, 4, 3, 2, -2, -2, 4, 3, -5, -3, 1], "pitchproximity": [null, null, 3, 0, 2, 4, 0, 2, 3, 1, 9, 4, 3, 2, 2, 2, 4, 3, 5, 3, 1], "pitchreversal": [null, null, 0, 0, 0, 1.5, 0, 0, 1.5, 1.5, 0, 1, 0, 0, 1.5, 0, 1.5, 0, 1.5, 0, 1.5], "nextisrest": [false, false, false, false, false, false, false, false, false, false, false, false, false, false, false, false, false, false, false, false, null], "restduration_frac": [null, null, null, null, null, null, null, null, null, null, null, null, null, null, null, null, null, null, null, null, null], "duration": [0.25, 0.25, 0.5, 0.25, 0.25, 0.5, 0.25, 0.25, 0.25, 0.25, 0.25, 0.25, 0.25, 0.25, 0.25, 0.25, 0.25, 0.25, 0.25, 0.25, 0.5], "duration_frac": ["1/4", "1/4", "1/2", "1/4", "1/4", "1/2", "1/4", "1/4", "1/4", "1/4", "1/4", "1/4", "1/4", "1/4", "1/4", "1/4", "1/4", "1/4", "1/4", "1/4", "1/2"], "duration_fullname": ["16th", "16th", "Eighth", "16th", "16th", "Eighth", "16th", "16th", "16th", "16th", "16th", "16th", "16th", "16th", "16th", "16th", "16th", "16th", "16th", "16th", "Eighth"], "durationcontour": [null, "=", "+", "-", "=", "+", "-", "=", "=", "=", "=", "=", "=", "=", "=", "=", "=", "=", "=", "=", "+"], "onsettick": [0, 1, 2, 4, 5, 6, 8, 9, 10, 11, 12, 13, 14, 15, 16, 17, 18, 19, 20, 21, 22], "beatfraction": ["1/6", "1/6", "1/3", "1/6", "1/6", "1/3", "1/6", "1/6", "1/6", "1/6", "1/6", "1/6", "1/6", "1/6", "1/6", "1/6", "1/6", "1/6", "1/6", "1/6", "1/3"], "phrasepos": [0.0, 0.045454545454545456, 0.09090909090909091, 0.18181818181818182, 0.22727272727272727, 0.2727272727272727, 0.36363636363636365, 0.4090909090909091, 0.45454545454545453, 0.5, 0.5454545454545454, 0.5909090909090909, 0.6363636363636364, 0.6818181818181818, 0.7272727272727273, 0.7727272727272727, 0.8181818181818182, 0.8636363636363636, 0.9090909090909091, 0.9545454545454546, 1.0], "phrase_ix": [0, 0, 0, 0, 0, 0, 0, 0, 0, 0, 0, 0, 0, 0, 0, 0, 0, 0, 0, 0, 0], "phrase_end": [false, false, false, false, false, false, false, false, false, false, false, false, false, false, false, false, false, false, false, false, true], "songpos": [0.0, 0.045454545454545456, 0.09090909090909091, 0.18181818181818182, 0.22727272727272727, 0.2727272727272727, 0.36363636363636365, 0.4090909090909091, 0.45454545454545453, 0.5, 0.5454545454545454, 0.5909090909090909, 0.6363636363636364, 0.6818181818181818, 0.7272727272727273, 0.7727272727272727, 0.8181818181818182, 0.8636363636363636, 0.9090909090909091, 0.9545454545454546, 1.0], "beatinsong": ["0", "1/6", "1/3", "2/3", "5/6", "1", "4/3", "3/2", "5/3", "11/6", "2", "13/6", "7/3", "5/2", "8/3", "17/6", "3", "19/6", "10/3", "7/2", "11/3"], "beatinphrase": ["0", "1/6", "1/3", "2/3", "5/6", "1", "4/3", "3/2", "5/3", "11/6", "2", "13/6", "7/3", "5/2", "8/3", "17/6", "3", "19/6", "10/3", "7/2", "11/3"], "beatinphrase_end": ["-3", "-17/6", "-8/3", "-7/3", "-13/6", "-2", "-5/3", "-3/2", "-4/3", "-7/6", "-1", "-5/6", "-2/3", "-1/2", "-1/3", "-1/6", "0", "1/6", "1/3", "1/2", "2/3"], "IOI_frac": ["1/4", "1/4", "1/2", "1/4", "1/4", "1/2", "1/4", "1/4", "1/4", "1/4", "1/4", "1/4", "1/4", "1/4", "1/4", "1/4", "1/4", "1/4", "1/4", "1/4", null], "IOI": [0.25, 0.25, 0.5, 0.25, 0.25, 0.5, 0.25, 0.25, 0.25, 0.25, 0.25, 0.25, 0.25, 0.25, 0.25, 0.25, 0.25, 0.25, 0.25, 0.25, null], "IOR_frac": [null, "1", "2", "1/2", "1", "2", "1/2", "1", "1", "1", "1", "1", "1", "1", "1", "1", "1", "1", "1", "1", null], "IOR": [null, 1.0, 2.0, 0.5, 1.0, 2.0, 0.5, 1.0, 1.0, 1.0, 1.0, 1.0, 1.0, 1.0, 1.0, 1.0, 1.0, 1.0, 1.0, 1.0, null], "imacontour": [null, "-", "+", "-", "-", "+", "+", "-", "+", "-", "+", "-", "+", "-", "+", "-", "+", "-", "+", "-", "+"], "pitch": ["F4", "A4", "C5", "C5", "B-4", "D5", "D5", "C5", "E-5", "D5", "F4", "A4", "C5", "D5", "C5", "B-4", "D5", "F5", "C5", "A4", "B-4"], "contour3": [null, "+", "+", "=", "-", "+", "=", "-", "+", "-", "-", "+", "+", "+", "-", "-", "+", "+", "-", "-", "+"], "contour5": [null, "++", "++", "=", "-", "++", "=", "-", "++", "-", "--", "++", "++", "+", "-", "-", "++", "++", "--", "--", "+"], "beatstrength": [1.0, 0.25, 0.5, 0.5, 0.25, 1.0, 0.5, 0.25, 0.5, 0.25, 1.0, 0.25, 0.5, 0.25, 0.5, 0.25, 1.0, 0.25, 0.5, 0.25, 0.5], "beat_str": ["1", "1", "1", "1", "1", "1", "1", "1", "1", "1", "1", "1", "1", "1", "1", "1", "1", "1", "1", "1", "1"], "beat_fraction_str": ["0", "1/6", "1/3", "2/3", "5/6", "0", "1/3", "1/2", "2/3", "5/6", "0", "1/6", "1/3", "1/2", "2/3", "5/6", "0", "1/6", "1/3", "1/2", "2/3"], "beat": [1.0, 1.1666666666666667, 1.3333333333333333, 1.6666666666666667, 1.8333333333333333, 1.0, 1.3333333333333333, 1.5, 1.6666666666666667, 1.8333333333333333, 1.0, 1.1666666666666667, 1.3333333333333333, 1.5, 1.6666666666666667, 1.8333333333333333, 1.0, 1.1666666666666667, 1.3333333333333333, 1.5, 1.6666666666666667], "timesignature": ["3/8", "3/8", "3/8", "3/8", "3/8", "3/8", "3/8", "3/8", "3/8", "3/8", "3/8", "3/8", "3/8", "3/8", "3/8", "3/8", "3/8", "3/8", "3/8", "3/8", "3/8"], "gpr2a_Frankland": [null, null, null, null, null, null, null, null, null, null, null, null, null, null, null, null, null, null, null, null, null], "gpr2b_Frankland": [null, null, 0.5, null, null, 0.5, null, null, null, null, null, null, null, null, null, null, null, null, null, null, null], "gpr3a_Frankland": [null, null, null, null, 0.75, null, null, 0.5, null, 0.7222222222222222, null, null, null, null, null, 0.375, null, 0.4, null, null, null], "gpr3d_Frankland": [null, null, null, null, null, null, null, 0.0, 0.0, 0.0, 0.0, 0.0, 0.0, 0.0, 0.0, 0.0, 0.0, 0.0, null, null, null], "gpr_Frankland_sum": [0, 0, 0.5, 0, 0.75, 0.5, 0, 0.5, 0, 0.7222222222222222, 0, 0, 0, 0, 0, 0.375, 0, 0.4, 0, 0, 0], "lbdm_spitch": [null, 0.237037037037037, 0.0, 0.16666666666666666, 0.4074074074074074, 0.0, 0.14285714285714285, 0.15873015873015872, 0.1111111111111111, 1.0, 0.19753086419753085, 0.08465608465608465, 0.031746031746031744, 0.0, 0.05555555555555555, 0.16049382716049382, 0.1037037037037037, 0.2222222222222222, 0.17777777777777778, null, null],