{"id": "KB7748600020", "tunefamily": "", "year": -1, "tunefamily_full": "", "type": "", "freemeter": false, "origin": "", "features": {"scaledegree": [1, 4, 3, 7, 2, 4, 3, 1, 5, 1, 4, 3, 7, 2, 7, 1, 5], "scaledegreespecifier": ["P", "P", "M", "M", "M", "P", "M", "P", "P", "P", "P", "M", "M", "M", "M", "P", "P"], "tonic": ["G", "G", "G", "G", "G", "G", "G", "G", "G", "G", "G", "G", "G", "G", "G", "G", "G"], "mode": ["major", "major", "major", "major", "major", "major", "major", "major", "major", "major", "major", "major", "major", "major", "major", "major", "major"], "metriccontour": [null, "-", "+", "=", "+", "-", "-", "+", "=", "+", "-", "+", "=", "+", "-", "+", "="], "imaweight": [0.758824, 0.335294, 0.782353, 1.0, 0.758824, 0.382353, 0.0705882, 0.782353, 1.0, 0.758824, 0.382353, 0.782353, 1.0, 0.758824, 0.311765, 0.758824, 1.0], "imaweight_spectral": [0.747423, 0.376289, 0.768041, 0.979381, 0.747423, 0.396907, 0.0618557, 0.747423, 0.979381, 0.747423, 0.417526, 0.768041, 0.979381, 0.747423, 0.35567, 0.747423, 1.0], "pitch40_hewlett": [146, 163, 158, 141, 152, 163, 158, 146, 129, 146, 163, 158, 141, 152, 141, 146, 129], "pitch40_sapp": [185, 202, 197, 180, 191, 202, 197, 185, 168, 185, 202, 197, 180, 191, 180, 185, 168], "octave": [4, 5, 4, 4, 4, 5, 4, 4, 4, 4, 5, 4, 4, 4, 4, 4, 4], "midipitch": [67, 72, 71, 66, 69, 72, 71, 67, 62, 67, 72, 71, 66, 69, 66, 67, 62], "diatonicpitch": [28, 31, 30, 27, 29, 31, 30, 28, 25, 28, 31, 30, 27, 29, 27, 28, 25], "diatonicinterval": [null, 3, -1, -3, 2, 2, -1, -2, -3, 3, 3, -1, -3, 2, -2, 1, -3], "chromaticinterval": [null, 5, -1, -5, 3, 3, -1, -4, -5, 5, 5, -1, -5, 3, -3, 1, -5], "pitchproximity": [null, null, 1, 5, 3, 3, 1, 4, 5, 5, 5, 1, 5, 3, 3, 1, 5], "pitchreversal": [null, null, 0, 0, 1.5, 0, 1.5, 0, 0, 1.5, 0, 0, 0, 1.5, 1.5, 1.5, 0], "nextisrest": [false, false, false, false, false, false, false, false, false, false, false, false, false, false, false, false, null], "restduration_frac": [null, null, null, null, null, null, null, null, null, null, null, null, null, null, null, null, null], "duration": [0.5, 0.5, 1.0, 1.0, 0.5, 0.25, 0.25, 1.0, 1.0, 0.5, 0.5, 1.0, 1.0, 0.5, 0.5, 1.0, 1.0], "duration_frac": ["1/2", "1/2", "1", "1", "1/2", "1/4", "1/4", "1", "1", "1/2", "1/2", "1", "1", "1/2", "1/2", "1", "1"], "duration_fullname": ["Eighth", "Eighth", "Quarter", "Quarter", "Eighth", "16th", "16th", "Quarter", "Quarter", "Eighth", "Eighth", "Quarter", "Quarter", "Eighth", "Eighth", "Quarter", "Quarter"], "durationcontour": [null, "=", "+", "=", "-", "-", "=", "+", "=", "-", "=", "+", "=", "-", "=", "+", "="], "onsettick": [0, 2, 4, 8, 12, 14, 15, 16, 20, 24, 26, 28, 32, 36, 38, 40, 44], "beatfraction": ["1/2", "1/2", "1", "1", "1/2", "1/4", "1/4", "1", "1", "1/2", "1/2", "1", "1", "1/2", "1/2", "1", "1"], "phrasepos": [0.0, 0.1, 0.2, 0.4, 0.6, 0.7, 0.75, 0.8, 1.0, 0.0, 0.1, 0.2, 0.4, 0.6, 0.7, 0.8, 1.0], "phrase_ix": [0, 0, 0, 0, 0, 0, 0, 0, 0, 1, 1, 1, 1, 1, 1, 1, 1], "phrase_end": [false, false, false, false, false, false, false, false, true, false, false, false, false, false, false, false, true], "songpos": [0.0, 0.045454545454545456, 0.09090909090909091, 0.18181818181818182, 0.2727272727272727, 0.3181818181818182, 0.3409090909090909, 0.36363636363636365, 0.45454545454545453, 0.5454545454545454, 0.5909090909090909, 0.6363636363636364, 0.7272727272727273, 0.8181818181818182, 0.8636363636363636, 0.9090909090909091, 1.0], "beatinsong": ["0", "1/2", "1", "2", "3", "7/2", "15/4", "4", "5", "6", "13/2", "7", "8", "9", "19/2", "10", "11"], "beatinphrase": ["0", "1/2", "1", "2", "3", "7/2", "15/4", "4", "5", "0", "1/2", "1", "2", "3", "7/2", "4", "5"], "beatinphrase_end": ["-3", "-5/2", "-2", "-1", "0", "1/2", "3/4", "1", "2", "-3", "-5/2", "-2", "-1", "0", "1/2", "1", "2"], "IOI_frac": ["1/2", "1/2", "1", "1", "1/2", "1/4", "1/4", "1", "1", "1/2", "1/2", "1", "1", "1/2", "1/2", "1", null], "IOI": [0.5, 0.5, 1.0, 1.0, 0.5, 0.25, 0.25, 1.0, 1.0, 0.5, 0.5, 1.0, 1.0, 0.5, 0.5, 1.0, null], "IOR_frac": [null, "1", "2", "1", "1/2", "1/2", "1", "4", "1", "1/2", "1", "2", "1", "1/2", "1", "2", null], "IOR": [null, 1.0, 2.0, 1.0, 0.5, 0.5, 1.0, 4.0, 1.0, 0.5, 1.0, 2.0, 1.0, 0.5, 1.0, 2.0, null], "imacontour": [null, "-", "+", "+", "-", "-", "-", "+", "+", "-", "-", "+", "+", "-", "-", "+", "+"], "pitch": ["G4", "C5", "B4", "F#4", "A4", "C5", "B4", "G4", "D4", "G4", "C5", "B4", "F#4", "A4", "F#4", "G4", "D4"], "contour3": [null, "+", "-", "-", "+", "+", "-", "-", "-", "+", "+", "-", "-", "+", "-", "+", "-"], "contour5": [null, "++", "-", "--", "++", "++", "-", "--", "--", "++", "++", "-", "--", "++", "--", "+", "--"], "beatstrength": [1.0, 0.25, 0.5, 0.5, 1.0, 0.25, 0.125, 0.5, 0.5, 1.0, 0.25, 0.5, 0.5, 1.0, 0.25, 0.5, 0.5], "beat_str": ["1", "1", "2", "3", "1", "1", "1", "2", "3", "1", "1", "2", "3", "1", "1", "2", "3"], "beat_fraction_str": ["0", "1/2", "0", "0", "0", "1/2", "3/4", "0", "0", "0", "1/2", "0", "0", "0", "1/2", "0", "0"], "beat": [1.0, 1.5, 2.0, 3.0, 1.0, 1.5, 1.75, 2.0, 3.0, 1.0, 1.5, 2.0, 3.0, 1.0, 1.5, 2.0, 3.0], "timesignature": ["3/4", "3/4", "3/4", "3/4", "3/4", "3/4", "3/4", "3/4", "3/4", "3/4", "3/4", "3/4", "3/4", "3/4", "3/4", "3/4", "3/4"], "gpr2a_Frankland": [null, null, null, null, null, null, null, null, null, null, null, null, null, null, null, null, null], "gpr2b_Frankland": [null, null, null, null, null, null, null, null, null, null, null, null, null, null, null, null, null], "gpr3a_Frankland": [null, null, 0.6, null, null, null, null, null, null, null, null, 0.6, null, null, null, null, null], "gpr3d_Frankland": [null, 0.5, null, null, null, null, 0.75, null, 0.5, null, 0.5, null, 0.5, null, null, null, null], "gpr_Frankland_sum": [0, 0.5, 0.6, 0, 0, 0, 0.75, 0, 0.5, 0, 0.5, 0.6, 0.5, 0, 0, 0, 0], "lbdm_spitch": [null, 0.2857142857142857, 1.0, 0.17142857142857146, 0.2857142857142857, 0.21768707482993196, 0.5936920222634507, 0.12987012987012989, 0.0, 0.7142857142857143, 0.2857142857142857, 1.0, 0.17142857142857146, 0.2857142857142857, 0.23809523809523808, null, null], "lbdm_sioi": [null, 0.2777777777777778, 0.5555555555555556, 0.5555555555555556, 0.5555555555555556, 0.1388888888888889, 0.25, 1.0, 0.5555555555555556, 0.2777777777777778, 0.2777777777777778, 0.5555555555555556, 0.5555555555555556, 0.2777777777777778, 0.2777777777777778, null, null], "lbdm_srest": [null, 0.0, 0.0, 0.0, 0.0, 0.0, 0.0, 0.0, 0.0, 0.0, 0.0, 0.0, 0.0, 0.0, 0.0, null, null], "lbdm_rpitch": [null, 0.5, 0.5, 0.2, 0.0, 0.3333333333333333, 0.42857142857142855, 0.09090909090909091, 0.0, 0.0, 0.5, 0.5, 0.2, 0.0, 0.3333333333333333, 0.5, null], "lbdm_rioi": [null, 0.0, 0.3333333333333333, 0.0, 0.3333333333333333, 0.3333333333333333, 0.0, 0.6, 0.0, 0.3333333333333333, 0.0, 0.3333333333333333, 0.0, 0.3333333333333333, 0.0, 0.3333333333333333, null], "lbdm_rrest": [null, 0.0, 0.0, 0.0, 0.0, 0.0, 0.0, 0.0, 0.0, 0.0, 0.0, 0.0, 0.0, 0.0, 0.0, 0.0, null], "lbdm_boundarystrength": [null, 0.21031746031746032, 0.5277777777777778, 0.32063492063492066, 0.3492063492063492, 0.12386621315192745, 0.2734230055658627, 0.5324675324675324, 0.2777777777777778, 0.31746031746031744, 0.21031746031746032, 0.5277777777777778, 0.32063492063492066, 0.21031746031746032, 0.19841269841269843, null, null]}}
