{"id": "KB7730500000", "tunefamily": "", "year": -1, "tunefamily_full": "", "type": "", "freemeter": false, "origin": "", "features": {"scaledegree": [7, 2, 2, 7, 1, 3, 5, 5, 4, 4, 7, 2, 2, 1, 3, 1, 7, 7, 1, 6, 5], "scaledegreespecifier": ["M", "M", "M", "M", "P", "M", "P", "P", "P", "P", "M", "M", "M", "P", "M", "P", "M", "M", "P", "M", "P"], "tonic": ["C", "C", "C", "C", "C", "C", "C", "C", "C", "C", "C", "C", "C", "C", "C", "C", "C", "C", "C", "C", "C"], "mode": ["major", "major", "major", "major", "major", "major", "major", "major", "major", "major", "major", "major", "major", "major", "major", "major", "major", "major", "major", "major", "major"], "metriccontour": [null, "-", "+", "-", "+", "+", "-", "+", "-", "+", "+", "-", "+", "-", "+", "-", "+", "-", "+", "-", "+"], "imaweight": [0.661017, 0.264407, 0.532203, 0.264407, 0.661017, 0.644068, 0.305085, 0.525424, 0.308475, 0.657627, 0.969492, 0.579661, 0.810169, 0.549153, 0.928814, 0.450847, 0.945763, 0.535593, 0.776271, 0.566102, 1.0], "imaweight_spectral": [0.963303, 0.620795, 0.834862, 0.593272, 0.95107, 0.93578, 0.629969, 0.828746, 0.633028, 0.948012, 0.972477, 0.620795, 0.828746, 0.593272, 0.93578, 0.504587, 0.95107, 0.58104, 0.798165, 0.608563, 1.0], "pitch40_hewlett": [158, 169, 169, 158, 163, 175, 186, 186, 180, 180, 158, 169, 169, 163, 175, 163, 158, 158, 163, 152, 146], "pitch40_sapp": [197, 208, 208, 197, 202, 214, 225, 225, 219, 219, 197, 208, 208, 202, 214, 202, 197, 197, 202, 191, 185], "octave": [4, 5, 5, 4, 5, 5, 5, 5, 5, 5, 4, 5, 5, 5, 5, 5, 4, 4, 5, 4, 4], "midipitch": [71, 74, 74, 71, 72, 76, 79, 79, 77, 77, 71, 74, 74, 72, 76, 72, 71, 71, 72, 69, 67], "diatonicpitch": [34, 36, 36, 34, 35, 37, 39, 39, 38, 38, 34, 36, 36, 35, 37, 35, 34, 34, 35, 33, 32], "diatonicinterval": [null, 2, 0, -2, 1, 2, 2, 0, -1, 0, -4, 2, 0, -1, 2, -2, -1, 0, 1, -2, -1], "chromaticinterval": [null, 3, 0, -3, 1, 4, 3, 0, -2, 0, -6, 3, 0, -2, 4, -4, -1, 0, 1, -3, -2], "pitchproximity": [null, null, 0, 3, 1, 4, 3, 0, 2, 0, 6, 3, 0, 2, 4, 4, 1, 0, 1, 3, 2], "pitchreversal": [null, null, 0, 0, 1.5, 0, 0, 0, 0, 0, 0, null, 0, 0, 1.5, 1.5, 0, 0, 0, 1.5, 0], "nextisrest": [false, false, false, false, false, false, false, false, false, false, false, false, false, false, false, false, false, false, false, false, null], "restduration_frac": [null, null, null, null, null, null, null, null, null, null, null, null, null, null, null, null, null, null, null, null, null], "duration": [0.5, 0.5, 0.5, 0.5, 1.0, 0.5, 0.5, 0.5, 0.5, 1.0, 0.5, 0.5, 0.5, 0.5, 0.5, 0.5, 0.5, 0.5, 0.5, 0.5, 1.0], "duration_frac": ["1/2", "1/2", "1/2", "1/2", "1", "1/2", "1/2", "1/2", "1/2", "1", "1/2", "1/2", "1/2", "1/2", "1/2", "1/2", "1/2", "1/2", "1/2", "1/2", "1"], "duration_fullname": ["Eighth", "Eighth", "Eighth", "Eighth", "Quarter", "Eighth", "Eighth", "Eighth", "Eighth", "Quarter", "Eighth", "Eighth", "Eighth", "Eighth", "Eighth", "Eighth", "Eighth", "Eighth", "Eighth", "Eighth", "Quarter"], "durationcontour": [null, "=", "=", "=", "+", "-", "=", "=", "=", "+", "-", "=", "=", "=", "=", "=", "=", "=", "=", "=", "+"], "onsettick": [0, 1, 2, 3, 4, 6, 7, 8, 9, 10, 12, 13, 14, 15, 16, 17, 18, 19, 20, 21, 22], "beatfraction": ["1/2", "1/2", "1/2", "1/2", "1", "1/2", "1/2", "1/2", "1/2", "1", "1/2", "1/2", "1/2", "1/2", "1/2", "1/2", "1/2", "1/2", "1/2", "1/2", "1"], "phrasepos": [0.0, 0.1, 0.2, 0.3, 0.4, 0.6, 0.7, 0.8, 0.9, 1.0, 0.0, 0.1, 0.2, 0.3, 0.4, 0.5, 0.6, 0.7, 0.8, 0.9, 1.0], "phrase_ix": [0, 0, 0, 0, 0, 0, 0, 0, 0, 0, 1, 1, 1, 1, 1, 1, 1, 1, 1, 1, 1], "phrase_end": [false, false, false, false, false, false, false, false, false, true, false, false, false, false, false, false, false, false, false, false, true], "songpos": [0.0, 0.045454545454545456, 0.09090909090909091, 0.13636363636363635, 0.18181818181818182, 0.2727272727272727, 0.3181818181818182, 0.36363636363636365, 0.4090909090909091, 0.45454545454545453, 0.5454545454545454, 0.5909090909090909, 0.6363636363636364, 0.6818181818181818, 0.7272727272727273, 0.7727272727272727, 0.8181818181818182, 0.8636363636363636, 0.9090909090909091, 0.9545454545454546, 1.0], "beatinsong": ["0", "1/2", "1", "3/2", "2", "3", "7/2", "4", "9/2", "5", "6", "13/2", "7", "15/2", "8", "17/2", "9", "19/2", "10", "21/2", "11"], "beatinphrase": ["0", "1/2", "1", "3/2", "2", "3", "7/2", "4", "9/2", "5", "0", "1/2", "1", "3/2", "2", "5/2", "3", "7/2", "4", "9/2", "5"], "beatinphrase_end": ["-3", "-5/2", "-2", "-3/2", "-1", "0", "1/2", "1", "3/2", "2", "-3", "-5/2", "-2", "-3/2", "-1", "-1/2", "0", "1/2", "1", "3/2", "2"], "IOI_frac": ["1/2", "1/2", "1/2", "1/2", "1", "1/2", "1/2", "1/2", "1/2", "1", "1/2", "1/2", "1/2", "1/2", "1/2", "1/2", "1/2", "1/2", "1/2", "1/2", null], "IOI": [0.5, 0.5, 0.5, 0.5, 1.0, 0.5, 0.5, 0.5, 0.5, 1.0, 0.5, 0.5, 0.5, 0.5, 0.5, 0.5, 0.5, 0.5, 0.5, 0.5, null], "IOR_frac": [null, "1", "1", "1", "2", "1/2", "1", "1", "1", "2", "1/2", "1", "1", "1", "1", "1", "1", "1", "1", "1", null], "IOR": [null, 1.0, 1.0, 1.0, 2.0, 0.5, 1.0, 1.0, 1.0, 2.0, 0.5, 1.0, 1.0, 1.0, 1.0, 1.0, 1.0, 1.0, 1.0, 1.0, null], "imacontour": [null, "-", "+", "-", "+", "-", "-", "+", "-", "+", "+", "-", "+", "-", "+", "-", "+", "-", "+", "-", "+"], "pitch": ["B4", "D5", "D5", "B4", "C5", "E5", "G5", "G5", "F5", "F5", "B4", "D5", "D5", "C5", "E5", "C5", "B4", "B4", "C5", "A4", "G4"], "contour3": [null, "+", "=", "-", "+", "+", "+", "=", "-", "=", "-", "+", "=", "-", "+", "-", "-", "=", "+", "-", "-"], "contour5": [null, "++", "=", "--", "+", "++", "++", "=", "-", "=", "--", "++", "=", "-", "++", "--", "-", "=", "+", "--", "-"], "beatstrength": [1.0, 0.25, 0.5, 0.25, 0.5, 1.0, 0.25, 0.5, 0.25, 0.5, 1.0, 0.25, 0.5, 0.25, 0.5, 0.25, 1.0, 0.25, 0.5, 0.25, 0.5], "beat_str": ["1", "1", "2", "2", "3", "1", "1", "2", "2", "3", "1", "1", "2", "2", "3", "3", "1", "1", "2", "2", "3"], "beat_fraction_str": ["0", "1/2", "0", "1/2", "0", "0", "1/2", "0", "1/2", "0", "0", "1/2", "0", "1/2", "0", "1/2", "0", "1/2", "0", "1/2", "0"], "beat": [1.0, 1.5, 2.0, 2.5, 3.0, 1.0, 1.5, 2.0, 2.5, 3.0, 1.0, 1.5, 2.0, 2.5, 3.0, 3.5, 1.0, 1.5, 2.0, 2.5, 3.0], "timesignature": ["3/4", "3/4", "3/4", "3/4", "3/4", "3/4", "3/4", "3/4", "3/4", "3/4", "3/4", "3/4", "3/4", "3/4", "3/4", "3/4", "3/4", "3/4", "3/4", "3/4", "3/4"], "gpr2a_Frankland": [null, null, null, null, null, null, null, null, null, null, null, null, null, null, null, null, null, null, null, null, null], "gpr2b_Frankland": [null, null, null, null, 0.5, null, null, null, null, 0.5, null, null, null, null, null, null, null, null, null, null, null], "gpr3a_Frankland": [null, null, 0.8333333333333334, null, 0.5, null, null, 1.0, null, 0.75, null, null, null, null, null, null, null, null, 0.5, null, null], "gpr3d_Frankland": [null, 0.0, null, null, null, null, 0.0, null, null, null, null, 0.0, 0.0, 0.0, 0.0, 0.0, 0.0, 0.0, null, null, null], "gpr_Frankland_sum": [0, 0, 0.8333333333333334, 0, 1.0, 0, 0, 1.0, 0, 1.25, 0, 0, 0, 0, 0, 0, 0, 0, 0.5, 0, 0], "lbdm_spitch": [null, 0.0, 0.45629629629629626, 0.12416225749559082, 0.351793062904174, 0.34765432098765425, 0.0, 0.3259259259259259, 0.0, 1.0, 0.42666666666666664, 0.0, 0.24444444444444444, 0.16296296296296295, 0.2793650793650793, 0.12416225749559082, 0.0, 0.10864197530864196, 0.23280423280423276, null, null], "lbdm_sioi": [null, 0.0, 0.0, 0.25, 1.0, 0.25, 0.0, 0.0, 0.25, 1.0, 0.25, 0.0, 0.0, 0.0, 0.0, 0.0, 0.0, 0.0, 0.0, null, null], "lbdm_srest": [null, 0.0, 0.0, 0.0, 0.0, 0.0, 0.0, 0.0, 0.0, 0.0, 0.0, 0.0, 0.0, 0.0, 0.0, 0.0, 0.0, 0.0, 0.0, null, null], "lbdm_rpitch": [null, 0.6, 0.6, 0.3333333333333333, 0.42857142857142855, 0.1111111111111111, 0.6, 0.5, 0.5, 0.75, 0.2727272727272727, 0.6, 0.5, 0.25, 0.0, 0.42857142857142855, 0.3333333333333333, 0.3333333333333333, 0.3333333333333333, 0.14285714285714285, null], "lbdm_rioi": [null, 0.0, 0.0, 0.0, 0.3333333333333333, 0.3333333333333333, 0.0, 0.0, 0.0, 0.3333333333333333, 0.3333333333333333, 0.0, 0.0, 0.0, 0.0, 0.0, 0.0, 0.0, 0.0, 0.0, null],