{"id": "KB7727000020", "tunefamily": "", "year": -1, "tunefamily_full": "", "type": "", "freemeter": false, "origin": "", "features": {"scaledegree": [5, 2, 2, 3, 2, 1, 2, 1, 7, 1, 5, 1, 2, 3, 2, 1, 5, 7, 1], "scaledegreespecifier": ["P", "M", "M", "m", "M", "P", "M", "P", "M", "P", "P", "P", "M", "M", "M", "P", "P", "m", "P"], "tonic": ["G", "G", "G", "G", "G", "G", "G", "G", "G", "G", "G", "G", "G", "G", "G", "G", "G", "G", "G"], "mode": ["major", "major", "major", "major", "major", "major", "major", "major", "major", "major", "major", "major", "major", "major", "major", "major", "major", "major", "major"], "metriccontour": [null, "-", "+", "-", "=", "+", "+", "-", "+", "=", "+", "-", "+", "-", "=", "+", "+", "-", "="], "imaweight": [0.811321, 0.18239, 0.867925, 0.0566038, 0.0566038, 1.0, 0.811321, 0.232704, 0.811321, 0.918239, 0.811321, 0.257862, 0.867925, 0.0566038, 0.0566038, 0.974843, 0.786164, 0.786164, 0.786164], "imaweight_spectral": [0.842391, 0.201087, 0.842391, 0.0978261, 0.0978261, 0.978261, 0.842391, 0.244565, 0.842391, 0.956522, 0.842391, 0.266304, 0.842391, 0.0978261, 0.0978261, 0.956522, 0.842391, 0.842391, 1.0], "pitch40_hewlett": [129, 152, 152, 157, 152, 146, 152, 146, 141, 146, 129, 146, 152, 158, 152, 146, 169, 140, 146], "pitch40_sapp": [168, 191, 191, 196, 191, 185, 191, 185, 180, 185, 168, 185, 191, 197, 191, 185, 208, 179, 185], "octave": [4, 4, 4, 4, 4, 4, 4, 4, 4, 4, 4, 4, 4, 4, 4, 4, 5, 4, 4], "midipitch": [62, 69, 69, 70, 69, 67, 69, 67, 66, 67, 62, 67, 69, 71, 69, 67, 74, 65, 67], "diatonicpitch": [25, 29, 29, 30, 29, 28, 29, 28, 27, 28, 25, 28, 29, 30, 29, 28, 32, 27, 28], "diatonicinterval": [null, 4, 0, 1, -1, -1, 1, -1, -1, 1, -3, 3, 1, 1, -1, -1, 4, -5, 1], "chromaticinterval": [null, 7, 0, 1, -1, -2, 2, -2, -1, 1, -5, 5, 2, 2, -2, -2, 7, -9, 2], "pitchproximity": [null, null, 0, 1, 1, 2, 2, 2, 1, 1, 5, 5, 2, 2, 2, 2, 7, 9, 2], "pitchreversal": [null, null, 1, 0, 1.5, 0, 1.5, 1.5, 0, 1.5, 0, 1.5, 0, 0, 1.5, 0, 0, 2.5, 1], "nextisrest": [false, false, false, false, false, false, false, false, false, false, false, false, false, false, false, false, false, false, null], "restduration_frac": [null, null, null, null, null, null, null, null, null, null, null, null, null, null, null, null, null, null, null], "duration": [0.5, 0.5, 0.3333333333333333, 0.3333333333333333, 0.3333333333333333, 1.0, 0.5, 0.5, 1.0, 1.0, 0.5, 0.5, 0.3333333333333333, 0.3333333333333333, 0.3333333333333333, 1.0, 1.0, 1.0, 1.0], "duration_frac": ["1/2", "1/2", "1/3", "1/3", "1/3", "1", "1/2", "1/2", "1", "1", "1/2", "1/2", "1/3", "1/3", "1/3", "1", "1", "1", "1"], "duration_fullname": ["Eighth", "Eighth", "Eighth Triplet (1/3 QL)", "Eighth Triplet (1/3 QL)", "Eighth Triplet (1/3 QL)", "Quarter", "Eighth", "Eighth", "Quarter", "Quarter", "Eighth", "Eighth", "Eighth Triplet (1/3 QL)", "Eighth Triplet (1/3 QL)", "Eighth Triplet (1/3 QL)", "Quarter", "Quarter", "Quarter", "Quarter"], "durationcontour": [null, "=", "-", "=", "=", "+", "-", "=", "+", "=", "-", "=", "-", "=", "=", "+", "=", "=", "="], "onsettick": [0, 3, 6, 8, 10, 12, 18, 21, 24, 30, 36, 39, 42, 44, 46, 48, 54, 60, 66], "beatfraction": ["1/2", "1/2", "1/3", "1/3", "1/3", "1", "1/2", "1/2", "1", "1", "1/2", "1/2", "1/3", "1/3", "1/3", "1", "1", "1", "1"], "phrasepos": [0.0, 0.1, 0.2, 0.26666666666666666, 0.3333333333333333, 0.4, 0.6, 0.7, 0.8, 1.0, 0.0, 0.1, 0.2, 0.26666666666666666, 0.3333333333333333, 0.4, 0.6, 0.8, 1.0], "phrase_ix": [0, 0, 0, 0, 0, 0, 0, 0, 0, 0, 1, 1, 1, 1, 1, 1, 1, 1, 1], "phrase_end": [false, false, false, false, false, false, false, false, false, true, false, false, false, false, false, false, false, false, true], "songpos": [0.0, 0.045454545454545456, 0.09090909090909091, 0.12121212121212122, 0.15151515151515152, 0.18181818181818182, 0.2727272727272727, 0.3181818181818182, 0.36363636363636365, 0.45454545454545453, 0.5454545454545454, 0.5909090909090909, 0.6363636363636364, 0.6666666666666666, 0.696969696969697, 0.7272727272727273, 0.8181818181818182, 0.9090909090909091, 1.0], "beatinsong": ["0", "1/2", "1", "4/3", "5/3", "2", "3", "7/2", "4", "5", "6", "13/2", "7", "22/3", "23/3", "8", "9", "10", "11"], "beatinphrase": ["0", "1/2", "1", "4/3", "5/3", "2", "3", "7/2", "4", "5", "0", "1/2", "1", "4/3", "5/3", "2", "3", "4", "5"], "beatinphrase_end": ["-3", "-5/2", "-2", "-5/3", "-4/3", "-1", "0", "1/2", "1", "2", "-3", "-5/2", "-2", "-5/3", "-4/3", "-1", "0", "1", "2"], "IOI_frac": ["1/2", "1/2", "1/3", "1/3", "1/3", "1", "1/2", "1/2", "1", "1", "1/2", "1/2", "1/3", "1/3", "1/3", "1", "1", "1", null], "IOI": [0.5, 0.5, 0.3333333333333333, 0.3333333333333333, 0.3333333333333333, 1.0, 0.5, 0.5, 1.0, 1.0, 0.5, 0.5, 0.3333333333333333, 0.3333333333333333, 0.3333333333333333, 1.0, 1.0, 1.0, null], "IOR_frac": [null, "1", "2/3", "1", "1", "3", "1/2", "1", "2", "1", "1/2", "1", "2/3", "1", "1", "3", "1", "1", null], "IOR": [null, 1.0, 0.6666666666666666, 1.0, 1.0, 3.0, 0.5, 1.0, 2.0, 1.0, 0.5, 1.0, 0.6666666666666666, 1.0, 1.0, 3.0, 1.0, 1.0, null], "imacontour": [null, "-", "+", "-", "=", "+", "-", "-", "+", "+", "-", "-", "+", "-", "=", "+", "-", "=", "="], "pitch": ["D4", "A4", "A4", "B-4", "A4", "G4", "A4", "G4", "F#4", "G4", "D4", "G4", "A4", "B4", "A4", "G4", "D5", "F4", "G4"], "contour3": [null, "+", "=", "+", "-", "-", "+", "-", "-", "+", "-", "+", "+", "+", "-", "-", "+", "-", "+"], "contour5": [null, "++", "=", "+", "-", "-", "+", "-", "-", "+", "--", "++", "+", "+", "-", "-", "++", "--", "+"], "beatstrength": [1.0, 0.25, 0.5, 0.0625, 0.0625, 0.5, 1.0, 0.25, 0.5, 0.5, 1.0, 0.25, 0.5, 0.0625, 0.0625, 0.5, 1.0, 0.5, 0.5], "beat_str": ["1", "1", "2", "2", "2", "3", "1", "1", "2", "3", "1", "1", "2", "2", "2", "3", "1", "2", "3"], "beat_fraction_str": ["0", "1/2", "0", "1/3", "2/3", "0", "0", "1/2", "0", "0", "0", "1/2", "0", "1/3", "2/3", "0", "0", "0", "0"], "beat": [1.0, 1.5, 2.0, 2.3333333333333335, 2.6666666666666665, 3.0, 1.0, 1.5, 2.0, 3.0, 1.0, 1.5, 2.0, 2.3333333333333335, 2.6666666666666665, 3.0, 1.0, 2.0, 3.0], "timesignature": ["3/4", "3/4", "3/4", "3/4", "3/4", "3/4", "3/4", "3/4", "3/4", "3/4", "3/4", "3/4", "3/4", "3/4", "3/4", "3/4", "3/4", "3/4", "3/4"], "gpr2a_Frankland": [null, null, null, null, null, null, null, null, null, null, null, null, null, null, null, null, null, null, null], "gpr2b_Frankland": [null, null, null, null, null, 0.5833333333333334, null, null, null, null, null, null, null, null, null, null, null, null, null], "gpr3a_Frankland": [null, null, null, null, null, null, null, null, null, null, null, null, null, null, null, null, 0.5, null, null], "gpr3d_Frankland": [null, 0.33333333333333337, null, null, null, null, null, 0.5, null, 0.5, null, 0.33333333333333337, null, null, 0.6666666666666667, null, null, null, null], "gpr_Frankland_sum": [0, 0.33333333333333337, 0, 0, 0, 0.5833333333333334, 0, 0.5, 0, 0.5, 0, 0.33333333333333337, 0, 0, 0.6666666666666667, 0, 0.5, 0, 0], "lbdm_spitch": [null, 0.0, 0.057017543859649134, 0.03421052631578948, 0.06842105263157897, 0.0, 0.06842105263157897, 0.03421052631578948, 0.0855263157894737, 0.42763157894736853, 0.28508771929824567, 0.11403508771929827, 0.0, 0.0, 0.15550239234449764, 0.6772993088782563, 1.0, null, null], "lbdm_sioi": [null, 0.12, 0.08, 0.0, 0.19999999999999998, 1.0, 0.19999999999999996, 0.19999999999999996, 0.3999999999999999, 0.3999999999999999, 0.19999999999999996, 0.12, 0.08, 0.0, 0.19999999999999998, 0.6, 0.0, null, null], "lbdm_srest": [null, 0.0, 0.0, 0.0, 0.0, 0.0, 0.0, 0.0, 0.0, 0.0, 0.0, 0.0, 0.0, 0.0, 0.0, 0.0, 0.0, null, null], "lbdm_rpitch": [null, 0.7777777777777778, 0.3333333333333333, 0.0, 0.2, 0.0, 0.0, 0.2, 0.0, 0.5, 0.0, 0.3333333333333333, 0.0, 0.0, 0.0, 0.45454545454545453, 0.1111111111111111, 0.5384615384615384, null], "lbdm_rioi": [null, 0.0, 0.20000000000000004, 0.0, 0.0, 0.5000000000000001, 0.3333333333333333, 0.0, 0.3333333333333333, 0.0, 0.3333333333333333, 0.0, 0.20000000000000004, 0.0, 0.0, 0.5000000000000001, 0.0, 0.0, null],