{"id": "KB77115300020", "tunefamily": "", "year": -1, "tunefamily_full": "", "type": "", "freemeter": false, "origin": "", "features": {"scaledegree": [4, 3, 2, 5, 3, 1, 7, 6, 5, 5, 7, 2, 1, 3, 5], "scaledegreespecifier": ["P", "M", "M", "P", "M", "P", "M", "M", "P", "P", "M", "M", "P", "M", "P"], "tonic": ["C", "C", "C", "C", "C", "C", "C", "C", "C", "C", "C", "C", "C", "C", "C"], "mode": ["major", "major", "major", "major", "major", "major", "major", "major", "major", "major", "major", "major", "major", "major", "major"], "metriccontour": [null, "-", "+", "-", "+", "-", "=", "-", "+", "-", "+", "-", "+", "-", "="], "imaweight": [0.337079, 0.0449438, 0.337079, 0.640449, 0.393258, 0.752809, 1.0, 0.269663, 0.696629, 0.853933, 0.651685, 0.955056, 0.640449, 1.0, 0.595506], "imaweight_spectral": [0.790909, 0.0727273, 0.636364, 0.918182, 0.681818, 0.972727, 0.890909, 0.254545, 0.681818, 0.845455, 0.681818, 0.890909, 0.709091, 0.927273, 1.0], "pitch40_hewlett": [180, 175, 169, 186, 175, 163, 158, 152, 146, 146, 158, 169, 163, 175, 186], "pitch40_sapp": [219, 214, 208, 225, 214, 202, 197, 191, 185, 185, 197, 208, 202, 214, 225], "octave": [5, 5, 5, 5, 5, 5, 4, 4, 4, 4, 4, 5, 5, 5, 5], "midipitch": [77, 76, 74, 79, 76, 72, 71, 69, 67, 67, 71, 74, 72, 76, 79], "diatonicpitch": [38, 37, 36, 39, 37, 35, 34, 33, 32, 32, 34, 36, 35, 37, 39], "diatonicinterval": [null, -1, -1, 3, -2, -2, -1, -1, -1, 0, 2, 2, -1, 2, 2], "chromaticinterval": [null, -1, -2, 5, -3, -4, -1, -2, -2, 0, 4, 3, -2, 4, 3], "pitchproximity": [null, null, 2, 5, 3, 4, 1, 2, 2, 0, 4, 3, 2, 4, 3], "pitchreversal": [null, null, 0, 0, 1.5, 0, 0, 0, 0, 0, 0, 0, 1.5, 1.5, 0], "nextisrest": [false, false, false, false, false, false, false, false, false, false, false, false, false, false, null], "restduration_frac": [null, null, null, null, null, null, null, null, null, null, null, null, null, null, null], "duration": [0.75, 0.25, 0.5, 0.5, 0.5, 1.0, 0.25, 0.25, 0.5, 0.5, 0.5, 0.5, 0.5, 1.0, 0.5], "duration_frac": ["3/4", "1/4", "1/2", "1/2", "1/2", "1", "1/4", "1/4", "1/2", "1/2", "1/2", "1/2", "1/2", "1", "1/2"], "duration_fullname": ["Dotted Eighth", "16th", "Eighth", "Eighth", "Eighth", "Quarter", "16th", "16th", "Eighth", "Eighth", "Eighth", "Eighth", "Eighth", "Quarter", "Eighth"], "durationcontour": [null, "-", "+", "=", "=", "+", "-", "=", "+", "=", "=", "=", "=", "+", "-"], "onsettick": [0, 3, 4, 6, 8, 10, 14, 15, 16, 18, 20, 22, 24, 26, 30], "beatfraction": ["3/4", "1/4", "1/2", "1/2", "1/2", "1", "1/4", "1/4", "1/2", "1/2", "1/2", "1/2", "1/2", "1", "1/2"], "phrasepos": [0.0, 0.1, 0.13333333333333333, 0.2, 0.26666666666666666, 0.3333333333333333, 0.4666666666666667, 0.5, 0.5333333333333333, 0.6, 0.6666666666666666, 0.7333333333333333, 0.8, 0.8666666666666667, 1.0], "phrase_ix": [0, 0, 0, 0, 0, 0, 0, 0, 0, 0, 0, 0, 0, 0, 0], "phrase_end": [false, false, false, false, false, false, false, false, false, false, false, false, false, false, true], "songpos": [0.0, 0.1, 0.13333333333333333, 0.2, 0.26666666666666666, 0.3333333333333333, 0.4666666666666667, 0.5, 0.5333333333333333, 0.6, 0.6666666666666666, 0.7333333333333333, 0.8, 0.8666666666666667, 1.0], "beatinsong": ["0", "3/4", "1", "3/2", "2", "5/2", "7/2", "15/4", "4", "9/2", "5", "11/2", "6", "13/2", "15/2"], "beatinphrase": ["0", "3/4", "1", "3/2", "2", "5/2", "7/2", "15/4", "4", "9/2", "5", "11/2", "6", "13/2", "15/2"], "beatinphrase_end": ["-6", "-21/4", "-5", "-9/2", "-4", "-7/2", "-5/2", "-9/4", "-2", "-3/2", "-1", "-1/2", "0", "1/2", "3/2"], "IOI_frac": ["3/4", "1/4", "1/2", "1/2", "1/2", "1", "1/4", "1/4", "1/2", "1/2", "1/2", "1/2", "1/2", "1", null], "IOI": [0.75, 0.25, 0.5, 0.5, 0.5, 1.0, 0.25, 0.25, 0.5, 0.5, 0.5, 0.5, 0.5, 1.0, null], "IOR_frac": [null, "1/3", "2", "1", "1", "2", "1/4", "1", "2", "1", "1", "1", "1", "2", null], "IOR": [null, 0.3333333333333333, 2.0, 1.0, 1.0, 2.0, 0.25, 1.0, 2.0, 1.0, 1.0, 1.0, 1.0, 2.0, null], "imacontour": [null, "-", "+", "+", "-", "+", "+", "-", "+", "+", "-", "+", "-", "+", "-"], "pitch": ["F5", "E5", "D5", "G5", "E5", "C5", "B4", "A4", "G4", "G4", "B4", "D5", "C5", "E5", "G5"], "contour3": [null, "-", "-", "+", "-", "-", "-", "-", "-", "=", "+", "+", "-", "+", "+"], "contour5": [null, "-", "-", "++", "--", "--", "-", "-", "-", "=", "++", "++", "-", "++", "++"], "beatstrength": [1.0, 0.125, 0.5, 0.25, 1.0, 0.25, 0.25, 0.125, 1.0, 0.25, 0.5, 0.25, 1.0, 0.25, 0.25], "beat_str": ["1", "1", "2", "2", "1", "1", "2", "2", "1", "1", "2", "2", "1", "1", "2"], "beat_fraction_str": ["0", "3/4", "0", "1/2", "0", "1/2", "1/2", "3/4", "0", "1/2", "0", "1/2", "0", "1/2", "1/2"], "beat": [1.0, 1.75, 2.0, 2.5, 1.0, 1.5, 2.5, 2.75, 1.0, 1.5, 2.0, 2.5, 1.0, 1.5, 2.5], "timesignature": ["2/4", "2/4", "2/4", "2/4", "2/4", "2/4", "2/4", "2/4", "2/4", "2/4", "2/4", "2/4", "2/4", "2/4", "2/4"], "gpr2a_Frankland": [null, null, null, null, null, null, null, null, null, null, null, null, null, null, null], "gpr2b_Frankland": [null, null, null, null, null, 0.625, null, null, null, null, null, null, null, null, null], "gpr3a_Frankland": [null, null, 0.5, null, 0.5, null, null, null, null, 0.625, null, null, 0.375, null, null], "gpr3d_Frankland": [null, null, null, null, null, null, null, 0.5, null, 0.0, 0.0, null, null, null, null], "gpr_Frankland_sum": [0, 0, 0.5, 0, 0.5, 0.625, 0, 0.5, 0, 0.625, 0, 0, 0.375, 0, 0], "lbdm_spitch": [null, 0.3428571428571429, 0.8571428571428572, 0.30000000000000004, 0.6938775510204083, 0.20204081632653062, 0.1285714285714286, 0.32142857142857145, 0.0, 1.0, 0.2448979591836735, 0.2525510204081633, 0.46428571428571436, null, null], "lbdm_sioi": [null, 0.2232142857142857, 0.17857142857142855, 0.0, 0.17857142857142855, 1.0, 0.1607142857142857, 0.08928571428571427, 0.17857142857142855, 0.0, 0.0, 0.0, 0.17857142857142855, null, null], "lbdm_srest": [null, 0.0, 0.0, 0.0, 0.0, 0.0, 0.0, 0.0, 0.0, 0.0, 0.0, 0.0, 0.0, null, null], "lbdm_rpitch": [null, 0.2, 0.3333333333333333, 0.2, 0.1111111111111111, 0.42857142857142855, 0.2, 0.0, 0.5, 0.6666666666666666, 0.1111111111111111, 0.14285714285714285, 0.25, 0.1111111111111111, null], "lbdm_rioi": [null, 0.5, 0.3333333333333333, 0.0, 0.0, 0.3333333333333333, 0.6, 0.0, 0.3333333333333333, 0.0, 0.0, 0.0, 0.0, 0.3333333333333333, null], "lbdm_rrest": [null, 0.0, 0.0, 0.0, 0.0, 0.0, 0.0, 0.0, 0.0, 0.0, 0.0, 0.0, 0.0, 0.0, null], "lbdm_boundarystrength": [null, 0.1973214285714286, 0.3035714285714286, 0.07500000000000001, 0.2627551020408163, 0.5505102040816326, 0.11249999999999999, 0.125, 0.08928571428571427, 0.25, 0.06122448979591837, 0.06313775510204082, 0.20535714285714285, null, null]}}
