{"id": "KB77980a0020", "tunefamily": "", "year": -1, "tunefamily_full": "", "type": "", "freemeter": false, "origin": "", "features": {"scaledegree": [1, 3, 4, 2, 7, 5, 5, 5, 4, 2, 4, 2, 7, 5, 2, 1], "scaledegreespecifier": ["P", "M", "P", "M", "M", "P", "P", "P", "P", "M", "P", "M", "M", "P", "M", "P"], "tonic": ["G", "G", "G", "G", "G", "G", "G", "G", "G", "G", "G", "G", "G", "G", "G", "G"], "mode": ["major", "major", "major", "major", "major", "major", "major", "major", "major", "major", "major", "major", "major", "major", "major", "major"], "metriccontour": [null, "-", "+", "=", "-", "+", "-", "=", "+", "-", "+", "=", "-", "+", "-", "="], "imaweight": [1.0, 0.0310078, 1.0, 1.0, 0.0930233, 1.0, 1.0, 1.0, 1.0, 0.155039, 1.0, 1.0, 0.0930233, 1.0, 1.0, 1.0], "imaweight_spectral": [0.921569, 0.130719, 0.973856, 0.947712, 0.183007, 0.921569, 0.973856, 0.947712, 0.921569, 0.20915, 0.947712, 0.921569, 0.183007, 0.921569, 1.0, 0.973856], "pitch40_hewlett": [146, 158, 163, 152, 141, 129, 169, 169, 163, 152, 163, 152, 141, 129, 152, 146], "pitch40_sapp": [185, 197, 202, 191, 180, 168, 208, 208, 202, 191, 202, 191, 180, 168, 191, 185], "octave": [4, 4, 5, 4, 4, 4, 5, 5, 5, 4, 5, 4, 4, 4, 4, 4], "midipitch": [67, 71, 72, 69, 66, 62, 74, 74, 72, 69, 72, 69, 66, 62, 69, 67], "diatonicpitch": [28, 30, 31, 29, 27, 25, 32, 32, 31, 29, 31, 29, 27, 25, 29, 28], "diatonicinterval": [null, 2, 1, -2, -2, -2, 7, 0, -1, -2, 2, -2, -2, -2, 4, -1], "chromaticinterval": [null, 4, 1, -3, -3, -4, 12, 0, -2, -3, 3, -3, -3, -4, 7, -2], "pitchproximity": [null, null, 1, 3, 3, 4, null, 0, 2, 3, 3, 3, 3, 4, 7, 2], "pitchreversal": [null, null, 0, 1.5, 0, 0, 0, null, 0, 0, 1.5, 1.5, 0, 0, 0, 1], "nextisrest": [false, false, false, false, false, false, false, false, false, false, false, false, false, false, false, null], "restduration_frac": [null, null, null, null, null, null, null, null, null, null, null, null, null, null, null, null], "duration": [0.25, 0.25, 0.5, 0.25, 0.25, 0.5, 0.5, 0.5, 0.25, 0.25, 0.5, 0.25, 0.25, 0.5, 0.5, 0.5], "duration_frac": ["1/4", "1/4", "1/2", "1/4", "1/4", "1/2", "1/2", "1/2", "1/4", "1/4", "1/2", "1/4", "1/4", "1/2", "1/2", "1/2"], "duration_fullname": ["16th", "16th", "Eighth", "16th", "16th", "Eighth", "Eighth", "Eighth", "16th", "16th", "Eighth", "16th", "16th", "Eighth", "Eighth", "Eighth"], "durationcontour": [null, "=", "+", "-", "=", "+", "=", "=", "-", "=", "+", "-", "=", "+", "=", "="], "onsettick": [0, 1, 2, 4, 5, 6, 8, 10, 12, 13, 14, 16, 17, 18, 20, 22], "beatfraction": ["1/6", "1/6", "1/3", "1/6", "1/6", "1/3", "1/3", "1/3", "1/6", "1/6", "1/3", "1/6", "1/6", "1/3", "1/3", "1/3"], "phrasepos": [0.0, 0.045454545454545456, 0.09090909090909091, 0.18181818181818182, 0.22727272727272727, 0.2727272727272727, 0.36363636363636365, 0.45454545454545453, 0.5454545454545454, 0.5909090909090909, 0.6363636363636364, 0.7272727272727273, 0.7727272727272727, 0.8181818181818182, 0.9090909090909091, 1.0], "phrase_ix": [0, 0, 0, 0, 0, 0, 0, 0, 0, 0, 0, 0, 0, 0, 0, 0], "phrase_end": [false, false, false, false, false, false, false, false, false, false, false, false, false, false, false, true], "songpos": [0.0, 0.045454545454545456, 0.09090909090909091, 0.18181818181818182, 0.22727272727272727, 0.2727272727272727, 0.36363636363636365, 0.45454545454545453, 0.5454545454545454, 0.5909090909090909, 0.6363636363636364, 0.7272727272727273, 0.7727272727272727, 0.8181818181818182, 0.9090909090909091, 1.0], "beatinsong": ["0", "1/6", "1/3", "2/3", "5/6", "1", "4/3", "5/3", "2", "13/6", "7/3", "8/3", "17/6", "3", "10/3", "11/3"], "beatinphrase": ["0", "1/6", "1/3", "2/3", "5/6", "1", "4/3", "5/3", "2", "13/6", "7/3", "8/3", "17/6", "3", "10/3", "11/3"], "beatinphrase_end": ["-3", "-17/6", "-8/3", "-7/3", "-13/6", "-2", "-5/3", "-4/3", "-1", "-5/6", "-2/3", "-1/3", "-1/6", "0", "1/3", "2/3"], "IOI_frac": ["1/4", "1/4", "1/2", "1/4", "1/4", "1/2", "1/2", "1/2", "1/4", "1/4", "1/2", "1/4", "1/4", "1/2", "1/2", null], "IOI": [0.25, 0.25, 0.5, 0.25, 0.25, 0.5, 0.5, 0.5, 0.25, 0.25, 0.5, 0.25, 0.25, 0.5, 0.5, null], "IOR_frac": [null, "1", "2", "1/2", "1", "2", "1", "1", "1/2", "1", "2", "1/2", "1", "2", "1", null], "IOR": [null, 1.0, 2.0, 0.5, 1.0, 2.0, 1.0, 1.0, 0.5, 1.0, 2.0, 0.5, 1.0, 2.0, 1.0, null], "imacontour": [null, "-", "+", "=", "-", "+", "=", "=", "=", "-", "+", "=", "-", "+", "=", "="], "pitch": ["G4", "B4", "C5", "A4", "F#4", "D4", "D5", "D5", "C5", "A4", "C5", "A4", "F#4", "D4", "A4", "G4"], "contour3": [null, "+", "+", "-", "-", "-", "+", "=", "-", "-", "+", "-", "-", "-", "+", "-"], "contour5": [null, "++", "+", "--", "--", "--", "++", "=", "-", "--", "++", "--", "--", "--", "++", "-"], "beatstrength": [1.0, 0.25, 0.5, 0.5, 0.25, 1.0, 0.5, 0.5, 1.0, 0.25, 0.5, 0.5, 0.25, 1.0, 0.5, 0.5], "beat_str": ["1", "1", "1", "1", "1", "1", "1", "1", "1", "1", "1", "1", "1", "1", "1", "1"], "beat_fraction_str": ["0", "1/6", "1/3", "2/3", "5/6", "0", "1/3", "2/3", "0", "1/6", "1/3", "2/3", "5/6", "0", "1/3", "2/3"], "beat": [1.0, 1.1666666666666667, 1.3333333333333333, 1.6666666666666667, 1.8333333333333333, 1.0, 1.3333333333333333, 1.6666666666666667, 1.0, 1.1666666666666667, 1.3333333333333333, 1.6666666666666667, 1.8333333333333333, 1.0, 1.3333333333333333, 1.6666666666666667], "timesignature": ["3/8", "3/8", "3/8", "3/8", "3/8", "3/8", "3/8", "3/8", "3/8", "3/8", "3/8", "3/8", "3/8", "3/8", "3/8", "3/8"], "gpr2a_Frankland": [null, null, null, null, null, null, null, null, null, null, null, null, null, null, null, null], "gpr2b_Frankland": [null, null, 0.5, null, null, null, null, null, null, null, 0.5, null, null, null, null, null], "gpr3a_Frankland": [null, null, null, null, null, 0.8333333333333334, null, null, null, null, null, null, null, 0.5714285714285714, null, null], "gpr3d_Frankland": [null, null, null, null, 0.5, null, null, 0.5, null, null, null, null, 0.5, null, null, null], "gpr_Frankland_sum": [0, 0, 0.5, 0, 0.5, 0.8333333333333334, 0, 0.5, 0, 0, 0.5, 0, 0.5, 0.5714285714285714, 0, 0], "lbdm_spitch": [null, 0.04878048780487805, 0.06402439024390245, 0.021341463414634148, 0.14227642276422767, 1.0, 0.0, 0.08231707317073171, 0.027439024390243906, 0.0, 0.0, 0.021341463414634148, 0.08755472170106318, 0.30713798396725234, null, null], "lbdm_sioi": [null, 0.25, 1.0, 0.25, 0.25, 0.5, 0.0, 0.5, 0.25, 0.25, 1.0, 0.25, 0.25, 0.5, null, null], "lbdm_srest": [null, 0.0, 0.0, 0.0, 0.0, 0.0, 0.0, 0.0, 0.0, 0.0, 0.0, 0.0, 0.0, 0.0, null, null], "lbdm_rpitch": [null, 0.42857142857142855, 0.3333333333333333, 0.0, 0.1111111111111111, 0.4444444444444444, 0.8571428571428571, 0.5, 0.14285714285714285, 0.0, 0.0, 0.0, 0.1111111111111111, 0.23076923076923078, 0.45454545454545453, null], "lbdm_rioi": [null, 0.0, 0.3333333333333333, 0.3333333333333333, 0.0, 0.3333333333333333, 0.0, 0.0, 0.3333333333333333, 0.0, 0.3333333333333333, 0.3333333333333333, 0.0, 0.3333333333333333, 0.0, null], "lbdm_rrest": [null, 0.0, 0.0, 0.0, 0.0, 0.0, 0.0, 0.0, 0.0, 0.0, 0.0, 0.0, 0.0, 0.0, 0.0, null], "lbdm_boundarystrength": [null, 0.13719512195121952, 0.5160060975609756, 0.13033536585365854, 0.16056910569105692, 0.5, 0.0, 0.2705792682926829, 0.13185975609756098, 0.125, 0.5, 0.13033536585365854, 0.1468886804252658, 0.3267844959918131, null, null]}}
