{"id": "KB7758600020", "tunefamily": "", "year": -1, "tunefamily_full": "", "type": "", "freemeter": false, "origin": "", "features": {"scaledegree": [7, 2, 5, 7, 2, 1, 3, 5, 4, 3, 2, 4, 2, 4, 6, 2, 5, 3, 1], "scaledegreespecifier": ["M", "M", "P", "M", "M", "P", "M", "P", "P", "M", "M", "P", "M", "P", "M", "M", "P", "M", "P"], "tonic": ["G", "G", "G", "G", "G", "G", "G", "G", "G", "G", "G", "G", "G", "G", "G", "G", "G", "G", "G"], "mode": ["major", "major", "major", "major", "major", "major", "major", "major", "major", "major", "major", "major", "major", "major", "major", "major", "major", "major", "major"], "metriccontour": [null, "-", "-", "+", "-", "+", "-", "+", "=", "-", "+", "-", "-", "+", "-", "+", "-", "+", "="], "imaweight": [0.712919, 1.0, 0.287081, 0.789474, 0.440191, 0.789474, 0.363636, 0.942584, 0.712919, 0.325359, 0.712919, 0.942584, 0.363636, 0.789474, 0.440191, 0.789474, 0.287081, 1.0, 0.712919], "imaweight_spectral": [0.919679, 1.0, 0.417671, 0.839357, 0.53012, 0.839357, 0.481928, 0.951807, 0.903614, 0.562249, 0.903614, 0.951807, 0.481928, 0.839357, 0.53012, 0.839357, 0.417671, 1.0, 0.919679], "pitch40_hewlett": [141, 152, 129, 141, 152, 146, 158, 169, 163, 158, 152, 163, 152, 163, 175, 152, 169, 158, 146], "pitch40_sapp": [180, 191, 168, 180, 191, 185, 197, 208, 202, 197, 191, 202, 191, 202, 214, 191, 208, 197, 185], "octave": [4, 4, 4, 4, 4, 4, 4, 5, 5, 4, 4, 5, 4, 5, 5, 4, 5, 4, 4], "midipitch": [66, 69, 62, 66, 69, 67, 71, 74, 72, 71, 69, 72, 69, 72, 76, 69, 74, 71, 67], "diatonicpitch": [27, 29, 25, 27, 29, 28, 30, 32, 31, 30, 29, 31, 29, 31, 33, 29, 32, 30, 28], "diatonicinterval": [null, 2, -4, 2, 2, -1, 2, 2, -1, -1, -1, 2, -2, 2, 2, -4, 3, -2, -2], "chromaticinterval": [null, 3, -7, 4, 3, -2, 4, 3, -2, -1, -2, 3, -3, 3, 4, -7, 5, -3, -4], "pitchproximity": [null, null, 7, 4, 3, 2, 4, 3, 2, 1, 2, 3, 3, 3, 4, 7, 5, 3, 4], "pitchreversal": [null, null, 0, 1, 0, 1.5, 1.5, 0, 1.5, 0, 0, 1.5, 1.5, 1.5, 0, 0, 2.5, 1.5, 0], "nextisrest": [false, false, false, false, false, false, false, false, false, false, false, false, false, false, false, false, false, false, null], "restduration_frac": [null, null, null, null, null, null, null, null, null, null, null, null, null, null, null, null, null, null, null], "duration": [1.0, 0.5, 0.5, 0.5, 0.5, 0.5, 0.5, 1.0, 0.5, 0.5, 1.0, 0.5, 0.5, 0.5, 0.5, 0.5, 0.5, 1.0, 1.0], "duration_frac": ["1", "1/2", "1/2", "1/2", "1/2", "1/2", "1/2", "1", "1/2", "1/2", "1", "1/2", "1/2", "1/2", "1/2", "1/2", "1/2", "1", "1"], "duration_fullname": ["Quarter", "Eighth", "Eighth", "Eighth", "Eighth", "Eighth", "Eighth", "Quarter", "Eighth", "Eighth", "Quarter", "Eighth", "Eighth", "Eighth", "Eighth", "Eighth", "Eighth", "Quarter", "Quarter"], "durationcontour": [null, "-", "=", "=", "=", "=", "=", "+", "-", "=", "+", "-", "=", "=", "=", "=", "=", "+", "="], "onsettick": [0, 2, 3, 4, 5, 6, 7, 8, 10, 11, 12, 14, 15, 16, 17, 18, 19, 20, 22], "beatfraction": ["1", "1/2", "1/2", "1/2", "1/2", "1/2", "1/2", "1", "1/2", "1/2", "1", "1/2", "1/2", "1/2", "1/2", "1/2", "1/2", "1", "1"], "phrasepos": [0.0, 0.18181818181818182, 0.2727272727272727, 0.36363636363636365, 0.45454545454545453, 0.5454545454545454, 0.6363636363636364, 0.7272727272727273, 0.9090909090909091, 1.0, 0.0, 0.2, 0.3, 0.4, 0.5, 0.6, 0.7, 0.8, 1.0], "phrase_ix": [0, 0, 0, 0, 0, 0, 0, 0, 0, 0, 1, 1, 1, 1, 1, 1, 1, 1, 1], "phrase_end": [false, false, false, false, false, false, false, false, false, true, false, false, false, false, false, false, false, false, true], "songpos": [0.0, 0.09090909090909091, 0.13636363636363635, 0.18181818181818182, 0.22727272727272727, 0.2727272727272727, 0.3181818181818182, 0.36363636363636365, 0.45454545454545453, 0.5, 0.5454545454545454, 0.6363636363636364, 0.6818181818181818, 0.7272727272727273, 0.7727272727272727, 0.8181818181818182, 0.8636363636363636, 0.9090909090909091, 1.0], "beatinsong": ["0", "1", "3/2", "2", "5/2", "3", "7/2", "4", "5", "11/2", "6", "7", "15/2", "8", "17/2", "9", "19/2", "10", "11"], "beatinphrase": ["0", "1", "3/2", "2", "5/2", "3", "7/2", "4", "5", "11/2", "0", "1", "3/2", "2", "5/2", "3", "7/2", "4", "5"], "beatinphrase_end": ["-3", "-2", "-3/2", "-1", "-1/2", "0", "1/2", "1", "2", "5/2", "-3", "-2", "-3/2", "-1", "-1/2", "0", "1/2", "1", "2"], "IOI_frac": ["1", "1/2", "1/2", "1/2", "1/2", "1/2", "1/2", "1", "1/2", "1/2", "1", "1/2", "1/2", "1/2", "1/2", "1/2", "1/2", "1", null], "IOI": [1.0, 0.5, 0.5, 0.5, 0.5, 0.5, 0.5, 1.0, 0.5, 0.5, 1.0, 0.5, 0.5, 0.5, 0.5, 0.5, 0.5, 1.0, null], "IOR_frac": [null, "1/2", "1", "1", "1", "1", "1", "2", "1/2", "1", "2", "1/2", "1", "1", "1", "1", "1", "2", null], "IOR": [null, 0.5, 1.0, 1.0, 1.0, 1.0, 1.0, 2.0, 0.5, 1.0, 2.0, 0.5, 1.0, 1.0, 1.0, 1.0, 1.0, 2.0, null], "imacontour": [null, "+", "-", "+", "-", "+", "-", "+", "-", "-", "+", "+", "-", "+", "-", "+", "-", "+", "-"], "pitch": ["F#4", "A4", "D4", "F#4", "A4", "G4", "B4", "D5", "C5", "B4", "A4", "C5", "A4", "C5", "E5", "A4", "D5", "B4", "G4"], "contour3": [null, "+", "-", "+", "+", "-", "+", "+", "-", "-", "-", "+", "-", "+", "+", "-", "+", "-", "-"], "contour5": [null, "++", "--", "++", "++", "-", "++", "++", "-", "-", "-", "++", "--", "++", "++", "--", "++", "--", "--"], "beatstrength": [1.0, 0.5, 0.25, 0.5, 0.25, 1.0, 0.25, 0.5, 0.5, 0.25, 1.0, 0.5, 0.25, 0.5, 0.25, 1.0, 0.25, 0.5, 0.5], "beat_str": ["1", "2", "2", "3", "3", "1", "1", "2", "3", "3", "1", "2", "2", "3", "3", "1", "1", "2", "3"], "beat_fraction_str": ["0", "0", "1/2", "0", "1/2", "0", "1/2", "0", "0", "1/2", "0", "0", "1/2", "0", "1/2", "0", "1/2", "0", "0"], "beat": [1.0, 2.0, 2.5, 3.0, 3.5, 1.0, 1.5, 2.0, 3.0, 3.5, 1.0, 2.0, 2.5, 3.0, 3.5, 1.0, 1.5, 2.0, 3.0], "timesignature": ["3/4", "3/4", "3/4", "3/4", "3/4", "3/4", "3/4", "3/4", "3/4", "3/4", "3/4", "3/4", "3/4", "3/4", "3/4", "3/4", "3/4", "3/4", "3/4"], "gpr2a_Frankland": [null, null, null, null, null, null, null, null, null, null, null, null, null, null, null, null, null, null, null], "gpr2b_Frankland": [null, null, null, null, null, null, null, 0.5, null, null, 0.5, null, null, null, null, null, null, null, null], "gpr3a_Frankland": [null, 0.5, null, null, null, 0.375, null, null, null, null, null, null, null, null, 0.3571428571428571, null, null, null, null], "gpr3d_Frankland": [null, null, 0.0, 0.0, 0.0, null, null, null, null, null, null, null, 0.0, 0.0, 0.0, null, null, null, null], "gpr_Frankland_sum": [0, 0.5, 0, 0, 0, 0.375, 0, 0.5, 0, 0, 0.5, 0, 0, 0, 0.3571428571428571, 0, 0, 0, 0], "lbdm_spitch": [null, 1.0, 0.3463203463203463, 0.1929499072356215, 0.1989795918367347, 0.3658008658008658, 0.1929499072356215, 0.17365491651205936, 0.1012987012987013, 0.17365491651205936, 0.1085343228200371, 0.0, 0.0844155844155844, 0.3463203463203463, 0.6623376623376623, 0.43413729128014844, 0.23636363636363636, null, null], "lbdm_sioi": [null, 0.25, 0.0, 0.0, 0.0, 0.0, 0.25, 1.0, 0.25, 0.25, 1.0, 0.25, 0.0, 0.0, 0.0, 0.0, 0.25, null, null], "lbdm_srest": [null, 0.0, 0.0, 0.0, 0.0, 0.0, 0.0, 0.0, 0.0, 0.0, 0.0, 0.0, 0.0, 0.0, 0.0, 0.0, 0.0, null, null], "lbdm_rpitch": [null, 0.3333333333333333, 0.23076923076923078, 0.1111111111111111, 0.14285714285714285, 0.25, 0.1111111111111111, 0.14285714285714285, 0.2, 0.2, 0.14285714285714285, 0.0, 0.0, 0.1111111111111111, 0.23076923076923078, 0.14285714285714285, 0.2, 0.1111111111111111, null], "lbdm_rioi": [null, 0.3333333333333333, 0.0, 0.0, 0.0, 0.0, 0.0, 0.3333333333333333, 0.3333333333333333, 0.0, 0.3333333333333333, 0.3333333333333333, 0.0, 0.0, 0.0, 0.0, 0.0, 0.3333333333333333, null], "lbdm_rrest": [null, 0.0, 0.0, 0.0, 0.0, 0.0, 0.0, 0.0, 0.0, 0.0, 0.0, 0.0, 0.0, 0.0, 0.0, 0.0, 0.0, 0.0, null],