{"id": "KB7747900020", "tunefamily": "", "year": -1, "tunefamily_full": "", "type": "", "freemeter": false, "origin": "", "features": {"scaledegree": [2, 7, 1, 3, 1, 1, 1, 4, 4, 3, 2, 7, 1, 3, 1, 1, 7, 1], "scaledegreespecifier": ["M", "M", "P", "M", "P", "P", "P", "P", "P", "M", "M", "M", "P", "M", "P", "P", "M", "P"], "tonic": ["B-", "B-", "B-", "B-", "B-", "B-", "B-", "B-", "B-", "B-", "B-", "B-", "B-", "B-", "B-", "B-", "B-", "B-"], "mode": ["major", "major", "major", "major", "major", "major", "major", "major", "major", "major", "major", "major", "major", "major", "major", "major", "major", "major"], "metriccontour": [null, "-", "+", "=", "+", "-", "+", "-", "+", "-", "+", "-", "+", "=", "+", "-", "+", "="], "imaweight": [0.58547, 0.264957, 0.58547, 0.782051, 0.846154, 0.517094, 0.807692, 0.346154, 1.0, 0.363248, 0.807692, 0.517094, 0.846154, 0.782051, 0.58547, 0.264957, 0.568376, 0.74359], "imaweight_spectral": [0.803922, 0.509804, 0.803922, 1.0, 0.807843, 0.505882, 0.772549, 0.34902, 0.94902, 0.364706, 0.772549, 0.505882, 0.807843, 1.0, 0.803922, 0.509804, 0.788235, 0.980392], "pitch40_hewlett": [163, 152, 157, 169, 157, 157, 157, 174, 174, 169, 163, 152, 157, 169, 157, 157, 152, 157], "pitch40_sapp": [202, 191, 196, 208, 196, 196, 196, 213, 213, 208, 202, 191, 196, 208, 196, 196, 191, 196], "octave": [5, 4, 4, 5, 4, 4, 4, 5, 5, 5, 5, 4, 4, 5, 4, 4, 4, 4], "midipitch": [72, 69, 70, 74, 70, 70, 70, 75, 75, 74, 72, 69, 70, 74, 70, 70, 69, 70], "diatonicpitch": [29, 27, 28, 30, 28, 28, 28, 31, 31, 30, 29, 27, 28, 30, 28, 28, 27, 28], "diatonicinterval": [null, -2, 1, 2, -2, 0, 0, 3, 0, -1, -1, -2, 1, 2, -2, 0, -1, 1], "chromaticinterval": [null, -3, 1, 4, -4, 0, 0, 5, 0, -1, -2, -3, 1, 4, -4, 0, -1, 1], "pitchproximity": [null, null, 1, 4, 4, 0, 0, 5, 0, 1, 2, 3, 1, 4, 4, 0, 1, 1], "pitchreversal": [null, null, 1.5, 0, 1.5, 0, 0, 0, 0, 0, 0, 0, 1.5, 0, 1.5, 0, 0, 1.5], "nextisrest": [false, false, false, false, false, false, false, false, false, false, false, false, false, false, false, false, false, null], "restduration_frac": [null, null, null, null, null, null, null, null, null, null, null, null, null, null, null, null, null, null], "duration": [0.5, 0.5, 1.0, 1.0, 0.5, 0.5, 0.5, 0.5, 0.5, 0.5, 0.5, 0.5, 1.0, 1.0, 0.5, 0.5, 1.0, 1.0], "duration_frac": ["1/2", "1/2", "1", "1", "1/2", "1/2", "1/2", "1/2", "1/2", "1/2", "1/2", "1/2", "1", "1", "1/2", "1/2", "1", "1"], "duration_fullname": ["Eighth", "Eighth", "Quarter", "Quarter", "Eighth", "Eighth", "Eighth", "Eighth", "Eighth", "Eighth", "Eighth", "Eighth", "Quarter", "Quarter", "Eighth", "Eighth", "Quarter", "Quarter"], "durationcontour": [null, "=", "+", "=", "-", "=", "=", "=", "=", "=", "=", "=", "+", "=", "-", "=", "+", "="], "onsettick": [0, 1, 2, 4, 6, 7, 8, 9, 10, 11, 12, 13, 14, 16, 18, 19, 20, 22], "beatfraction": ["1/2", "1/2", "1", "1", "1/2", "1/2", "1/2", "1/2", "1/2", "1/2", "1/2", "1/2", "1", "1", "1/2", "1/2", "1", "1"], "phrasepos": [0.0, 0.045454545454545456, 0.09090909090909091, 0.18181818181818182, 0.2727272727272727, 0.3181818181818182, 0.36363636363636365, 0.4090909090909091, 0.45454545454545453, 0.5, 0.5454545454545454, 0.5909090909090909, 0.6363636363636364, 0.7272727272727273, 0.8181818181818182, 0.8636363636363636, 0.9090909090909091, 1.0], "phrase_ix": [0, 0, 0, 0, 0, 0, 0, 0, 0, 0, 0, 0, 0, 0, 0, 0, 0, 0], "phrase_end": [false, false, false, false, false, false, false, false, false, false, false, false, false, false, false, false, false, true], "songpos": [0.0, 0.045454545454545456, 0.09090909090909091, 0.18181818181818182, 0.2727272727272727, 0.3181818181818182, 0.36363636363636365, 0.4090909090909091, 0.45454545454545453, 0.5, 0.5454545454545454, 0.5909090909090909, 0.6363636363636364, 0.7272727272727273, 0.8181818181818182, 0.8636363636363636, 0.9090909090909091, 1.0], "beatinsong": ["0", "1/2", "1", "2", "3", "7/2", "4", "9/2", "5", "11/2", "6", "13/2", "7", "8", "9", "19/2", "10", "11"], "beatinphrase": ["0", "1/2", "1", "2", "3", "7/2", "4", "9/2", "5", "11/2", "6", "13/2", "7", "8", "9", "19/2", "10", "11"], "beatinphrase_end": ["-9", "-17/2", "-8", "-7", "-6", "-11/2", "-5", "-9/2", "-4", "-7/2", "-3", "-5/2", "-2", "-1", "0", "1/2", "1", "2"], "IOI_frac": ["1/2", "1/2", "1", "1", "1/2", "1/2", "1/2", "1/2", "1/2", "1/2", "1/2", "1/2", "1", "1", "1/2", "1/2", "1", null], "IOI": [0.5, 0.5, 1.0, 1.0, 0.5, 0.5, 0.5, 0.5, 0.5, 0.5, 0.5, 0.5, 1.0, 1.0, 0.5, 0.5, 1.0, null], "IOR_frac": [null, "1", "2", "1", "1/2", "1", "1", "1", "1", "1", "1", "1", "2", "1", "1/2", "1", "2", null], "IOR": [null, 1.0, 2.0, 1.0, 0.5, 1.0, 1.0, 1.0, 1.0, 1.0, 1.0, 1.0, 2.0, 1.0, 0.5, 1.0, 2.0, null], "imacontour": [null, "-", "+", "+", "+", "-", "+", "-", "+", "-", "+", "-", "+", "-", "-", "-", "+", "+"], "pitch": ["C5", "A4", "B-4", "D5", "B-4", "B-4", "B-4", "E-5", "E-5", "D5", "C5", "A4", "B-4", "D5", "B-4", "B-4", "A4", "B-4"], "contour3": [null, "-", "+", "+", "-", "=", "=", "+", "=", "-", "-", "-", "+", "+", "-", "=", "-", "+"], "contour5": [null, "--", "+", "++", "--", "=", "=", "++", "=", "-", "-", "--", "+", "++", "--", "=", "-", "+"], "beatstrength": [1.0, 0.25, 0.5, 0.5, 1.0, 0.25, 0.5, 0.25, 0.5, 0.25, 1.0, 0.25, 0.5, 0.5, 1.0, 0.25, 0.5, 0.5], "beat_str": ["1", "1", "2", "3", "1", "1", "2", "2", "3", "3", "1", "1", "2", "3", "1", "1", "2", "3"], "beat_fraction_str": ["0", "1/2", "0", "0", "0", "1/2", "0", "1/2", "0", "1/2", "0", "1/2", "0", "0", "0", "1/2", "0", "0"], "beat": [1.0, 1.5, 2.0, 3.0, 1.0, 1.5, 2.0, 2.5, 3.0, 3.5, 1.0, 1.5, 2.0, 3.0, 1.0, 1.5, 2.0, 3.0], "timesignature": ["3/4", "3/4", "3/4", "3/4", "3/4", "3/4", "3/4", "3/4", "3/4", "3/4", "3/4", "3/4", "3/4", "3/4", "3/4", "3/4", "3/4", "3/4"], "gpr2a_Frankland": [null, null, null, null, null, null, null, null, null, null, null, null, null, null, null, null, null, null], "gpr2b_Frankland": [null, null, null, null, null, null, null, null, null, null, null, null, null, null, null, null, null, null], "gpr3a_Frankland": [null, null, null, null, null, null, 1.0, null, null, null, 0.5, null, null, null, null, null, null, null], "gpr3d_Frankland": [null, 0.5, null, 0.5, null, 0.0, 0.0, 0.0, 0.0, 0.0, null, 0.5, null, 0.5, null, null, null, null], "gpr_Frankland_sum": [0, 0.5, 0, 0.5, 0, 0, 1.0, 0, 0, 0, 0.5, 0.5, 0, 0.5, 0, 0, 0, 0], "lbdm_spitch": [null, 0.10666666666666666, 0.23999999999999996, 0.3733333333333333, 0.0, 0.0, 1.0, 0.0, 0.07466666666666666, 0.096, 0.19999999999999996, 0.10666666666666666, 0.23999999999999996, 0.3733333333333333, 0.0, 0.04666666666666666, null, null], "lbdm_sioi": [null, 0.5, 1.0, 1.0, 0.5, 0.0, 0.0, 0.0, 0.0, 0.0, 0.0, 0.5, 1.0, 1.0, 0.5, 0.5, null, null], "lbdm_srest": [null, 0.0, 0.0, 0.0, 0.0, 0.0, 0.0, 0.0, 0.0, 0.0, 0.0, 0.0, 0.0, 0.0, 0.0, 0.0, null, null], "lbdm_rpitch": [null, 0.3333333333333333, 0.42857142857142855, 0.0, 0.6666666666666666, 0.0, 0.7142857142857143, 0.7142857142857143, 0.3333333333333333, 0.2, 0.14285714285714285, 0.3333333333333333, 0.42857142857142855, 0.0, 0.6666666666666666, 0.3333333333333333, 0.0, null], "lbdm_rioi": [null, 0.0, 0.3333333333333333, 0.0, 0.3333333333333333, 0.0, 0.0, 0.0, 0.0, 0.0, 0.0, 0.0, 0.3333333333333333, 0.0, 0.3333333333333333, 0.0, 0.3333333333333333, null], "lbdm_rrest": [null, 0.0, 0.0, 0.0, 0.0, 0.0, 0.0, 0.0, 0.0, 0.0, 0.0, 0.0, 0.0, 0.0, 0.0, 0.0, 0.0, null], "lbdm_boundarystrength": [null, 0.27666666666666667, 0.5599999999999999, 0.5933333333333333, 0.25, 0.0, 0.25, 0.0, 0.018666666666666665, 0.024, 0.04999999999999999, 0.27666666666666667, 0.5599999999999999, 0.5933333333333333, 0.25, 0.26166666666666666, null, null]}}
