{"id": "KB8350300001", "tunefamily": "", "year": -1, "tunefamily_full": "", "type": "", "freemeter": false, "origin": "", "features": {"scaledegree": [1, 2, 3, 4, 2, 3, 2, 1, 1, 7, 6, 7, 5, 7, 1, 2, 3, 2, 3, 1], "scaledegreespecifier": ["P", "M", "M", "P", "M", "M", "M", "P", "P", "M", "M", "M", "P", "M", "P", "M", "M", "M", "M", "P"], "tonic": ["C", "C", "C", "C", "C", "C", "C", "C", "C", "C", "C", "C", "C", "C", "C", "C", "C", "C", "C", "C"], "mode": ["major", "major", "major", "major", "major", "major", "major", "major", "major", "major", "major", "major", "major", "major", "major", "major", "major", "major", "major", "major"], "metriccontour": [null, "-", "-", "+", "-", "+", "-", "+", "-", "+", "-", "+", "-", "+", "-", "+", "=", "+", "-", "+"], "imaweight": [0.881159, 0.710145, 0.0231884, 0.892754, 0.617391, 1.0, 0.57971, 0.895652, 0.672464, 0.884058, 0.617391, 0.962319, 0.628986, 0.869565, 0.710145, 0.884058, 0.431884, 0.350725, 0.165217, 0.324638], "imaweight_spectral": [0.883853, 0.705382, 0.0226629, 0.883853, 0.626062, 1.0, 0.589235, 0.909348, 0.679887, 0.886686, 0.637394, 0.963173, 0.637394, 0.883853, 0.716714, 0.886686, 1.0, 0.92068, 0.728045, 0.883853], "pitch40_hewlett": [163, 169, 175, 180, 169, 175, 169, 163, 163, 158, 152, 158, 146, 158, 163, 169, 175, 169, 175, 163], "pitch40_sapp": [202, 208, 214, 219, 208, 214, 208, 202, 202, 197, 191, 197, 185, 197, 202, 208, 214, 208, 214, 202], "octave": [5, 5, 5, 5, 5, 5, 5, 5, 5, 4, 4, 4, 4, 4, 5, 5, 5, 5, 5, 5], "midipitch": [72, 74, 76, 77, 74, 76, 74, 72, 72, 71, 69, 71, 67, 71, 72, 74, 76, 74, 76, 72], "diatonicpitch": [35, 36, 37, 38, 36, 37, 36, 35, 35, 34, 33, 34, 32, 34, 35, 36, 37, 36, 37, 35], "diatonicinterval": [null, 1, 1, 1, -2, 1, -1, -1, 0, -1, -1, 1, -2, 2, 1, 1, 1, -1, 1, -2], "chromaticinterval": [null, 2, 2, 1, -3, 2, -2, -2, 0, -1, -2, 2, -4, 4, 1, 2, 2, -2, 2, -4], "pitchproximity": [null, null, 2, 1, 3, 2, 2, 2, 0, 1, 2, 2, 4, 4, 1, 2, 2, 2, 2, 4], "pitchreversal": [null, null, 0, 0, 1.5, 1.5, 1.5, 0, 0, 0, 0, 1.5, 1.5, 1.5, 0, 0, 0, 1.5, 1.5, 1.5], "nextisrest": [false, false, false, false, false, false, false, false, false, false, false, false, false, false, false, false, false, false, false, null], "restduration_frac": [null, null, null, null, null, null, null, null, null, null, null, null, null, null, null, null, null, null, null, null], "duration": [0.5, 0.25, 0.25, 0.5, 0.5, 0.5, 0.5, 0.5, 0.5, 0.5, 0.5, 0.5, 0.5, 0.5, 0.5, 1.0, 1.0, 0.5, 0.5, 2.0], "duration_frac": ["1/2", "1/4", "1/4", "1/2", "1/2", "1/2", "1/2", "1/2", "1/2", "1/2", "1/2", "1/2", "1/2", "1/2", "1/2", "1", "1", "1/2", "1/2", "2"], "duration_fullname": ["Eighth", "16th", "16th", "Eighth", "Eighth", "Eighth", "Eighth", "Eighth", "Eighth", "Eighth", "Eighth", "Eighth", "Eighth", "Eighth", "Eighth", "Quarter", "Quarter", "Eighth", "Eighth", "Half"], "durationcontour": [null, "-", "=", "+", "=", "=", "=", "=", "=", "=", "=", "=", "=", "=", "=", "+", "=", "-", "=", "+"], "onsettick": [0, 2, 3, 4, 6, 8, 10, 12, 14, 16, 18, 20, 22, 24, 26, 28, 32, 36, 38, 40], "beatfraction": ["1/2", "1/4", "1/4", "1/2", "1/2", "1/2", "1/2", "1/2", "1/2", "1/2", "1/2", "1/2", "1/2", "1/2", "1/2", "1", "1", "1/2", "1/2", "2"], "phrasepos": [0.0, 0.09090909090909091, 0.13636363636363635, 0.18181818181818182, 0.2727272727272727, 0.36363636363636365, 0.45454545454545453, 0.5454545454545454, 0.6363636363636364, 0.7272727272727273, 0.8181818181818182, 0.9090909090909091, 1.0, 0.0, 0.125, 0.25, 0.5, 0.75, 0.875, 1.0], "phrase_ix": [0, 0, 0, 0, 0, 0, 0, 0, 0, 0, 0, 0, 0, 1, 1, 1, 1, 1, 1, 1], "phrase_end": [false, false, false, false, false, false, false, false, false, false, false, false, true, false, false, false, false, false, false, true], "songpos": [0.0, 0.05, 0.075, 0.1, 0.15, 0.2, 0.25, 0.3, 0.35, 0.4, 0.45, 0.5, 0.55, 0.6, 0.65, 0.7, 0.8, 0.9, 0.95, 1.0], "beatinsong": ["0", "1/2", "3/4", "1", "3/2", "2", "5/2", "3", "7/2", "4", "9/2", "5", "11/2", "6", "13/2", "7", "8", "9", "19/2", "10"], "beatinphrase": ["0", "1/2", "3/4", "1", "3/2", "2", "5/2", "3", "7/2", "4", "9/2", "5", "11/2", "0", "1/2", "1", "2", "3", "7/2", "4"], "beatinphrase_end": ["-3", "-5/2", "-9/4", "-2", "-3/2", "-1", "-1/2", "0", "1/2", "1", "3/2", "2", "5/2", "-3", "-5/2", "-2", "-1", "0", "1/2", "1"], "IOI_frac": ["1/2", "1/4", "1/4", "1/2", "1/2", "1/2", "1/2", "1/2", "1/2", "1/2", "1/2", "1/2", "1/2", "1/2", "1/2", "1", "1", "1/2", "1/2", null], "IOI": [0.5, 0.25, 0.25, 0.5, 0.5, 0.5, 0.5, 0.5, 0.5, 0.5, 0.5, 0.5, 0.5, 0.5, 0.5, 1.0, 1.0, 0.5, 0.5, null], "IOR_frac": [null, "1/2", "1", "2", "1", "1", "1", "1", "1", "1", "1", "1", "1", "1", "1", "2", "1", "1/2", "1", null], "IOR": [null, 0.5, 1.0, 2.0, 1.0, 1.0, 1.0, 1.0, 1.0, 1.0, 1.0, 1.0, 1.0, 1.0, 1.0, 2.0, 1.0, 0.5, 1.0, null], "imacontour": [null, "-", "-", "+", "-", "+", "-", "+", "-", "+", "-", "+", "-", "+", "-", "+", "-", "-", "-", "+"], "pitch": ["C5", "D5", "E5", "F5", "D5", "E5", "D5", "C5", "C5", "B4", "A4", "B4", "G4", "B4", "C5", "D5", "E5", "D5", "E5", "C5"], "contour3": [null, "+", "+", "+", "-", "+", "-", "-", "=", "-", "-", "+", "-", "+", "+", "+", "+", "-", "+", "-"], "contour5": [null, "+", "+", "+", "--", "+", "-", "-", "=", "-", "-", "+", "--", "++", "+", "+", "+", "-", "+", "--"], "beatstrength": [1.0, 0.25, 0.125, 0.5, 0.25, 0.5, 0.25, 1.0, 0.25, 0.5, 0.25, 0.5, 0.25, 1.0, 0.25, 0.5, 0.5, 1.0, 0.25, 0.5], "beat_str": ["1", "1", "1", "2", "2", "3", "3", "1", "1", "2", "2", "3", "3", "1", "1", "2", "3", "1", "1", "2"], "beat_fraction_str": ["0", "1/2", "3/4", "0", "1/2", "0", "1/2", "0", "1/2", "0", "1/2", "0", "1/2", "0", "1/2", "0", "0", "0", "1/2", "0"], "beat": [1.0, 1.5, 1.75, 2.0, 2.5, 3.0, 3.5, 1.0, 1.5, 2.0, 2.5, 3.0, 3.5, 1.0, 1.5, 2.0, 3.0, 1.0, 1.5, 2.0], "timesignature": ["3/4", "3/4", "3/4", "3/4", "3/4", "3/4", "3/4", "3/4", "3/4", "3/4", "3/4", "3/4", "3/4", "3/4", "3/4", "3/4", "3/4", "3/4", "3/4", "3/4"], "gpr2a_Frankland": [null, null, null, null, null, null, null, null, null, null, null, null, null, null, null, null, null, null, null, null], "gpr2b_Frankland": [null, null, null, null, null, null, null, null, null, null, null, null, null, null, null, null, null, null, null, null], "gpr3a_Frankland": [null, null, null, 0.5, null, null, null, null, null, null, null, null, null, null, null, null, null, null, null, null], "gpr3d_Frankland": [null, null, 0.5, null, 0.0, 0.0, 0.0, 0.0, 0.0, 0.0, 0.0, 0.0, 0.0, null, 0.5, null, 0.5, null, null, null], "gpr_Frankland_sum": [0, 0, 0.5, 0.5, 0, 0, 0, 0, 0, 0, 0, 0, 0, 0, 0.5, 0, 0.5, 0, 0, 0], "lbdm_spitch": [null, 0.23333333333333336, 0.3111111111111111, 0.8333333333333333, 0.16666666666666666, 0.0, 0.5833333333333334, 0.0, 0.3111111111111111, 0.23333333333333336, 0.2916666666666667, 0.5833333333333334, 1.0, 0.3666666666666667, 0.23333333333333336, 0.0, 0.0, 0.2916666666666667, null, null], "lbdm_sioi": [null, 0.25, 0.25, 0.5, 0.0, 0.0, 0.0, 0.0, 0.0, 0.0, 0.0, 0.0, 0.0, 0.0, 0.5, 1.0, 1.0, 0.5, null, null], "lbdm_srest": [null, 0.0, 0.0, 0.0, 0.0, 0.0, 0.0, 0.0, 0.0, 0.0, 0.0, 0.0, 0.0, 0.0, 0.0, 0.0, 0.0, 0.0, null, null], "lbdm_rpitch": [null, 0.0, 0.2, 0.3333333333333333, 0.14285714285714285, 0.0, 0.0, 0.5, 0.3333333333333333, 0.2, 0.0, 0.25, 0.0, 0.42857142857142855, 0.2, 0.0, 0.0, 0.0, 0.25, null], "lbdm_rioi": [null, 0.3333333333333333, 0.0, 0.3333333333333333, 0.0, 0.0, 0.0, 0.0, 0.0, 0.0, 0.0, 0.0, 0.0, 0.0, 0.0, 0.3333333333333333, 0.0, 0.3333333333333333, 0.0, null], "lbdm_rrest": [null, 0.0, 0.0, 0.0, 0.0, 0.0, 0.0, 0.0, 0.0, 0.0, 0.0, 0.0, 0.0, 0.0, 0.0, 0.0, 0.0, 0.0, 0.0, null], "lbdm_boundarystrength": [null, 0.18333333333333335, 0.20277777777777778, 0.4583333333333333, 0.041666666666666664, 0.0, 0.14583333333333334, 0.0, 0.07777777777777778, 0.05833333333333334, 0.07291666666666667, 0.14583333333333334, 0.25, 0.09166666666666667, 0.30833333333333335, 0.5, 0.5, 0.3229166666666667, null, null]}}
