{"id": "KB8306400000", "tunefamily": "", "year": -1, "tunefamily_full": "", "type": "", "freemeter": false, "origin": "", "features": {"scaledegree": [4, 4, 3, 3, 1, 2, 3, 4, 5, 4, 5, 6, 4, 4, 3, 1, 2, 2, 1, 3, 1], "scaledegreespecifier": ["P", "P", "M", "M", "P", "M", "M", "P", "P", "P", "P", "M", "P", "P", "M", "P", "M", "M", "P", "M", "P"], "tonic": ["G", "G", "G", "G", "G", "G", "G", "G", "G", "G", "G", "G", "G", "G", "G", "G", "G", "G", "G", "G", "G"], "mode": ["major", "major", "major", "major", "major", "major", "major", "major", "major", "major", "major", "major", "major", "major", "major", "major", "major", "major", "major", "major", "major"], "metriccontour": [null, "-", "-", "+", "=", "+", "-", "=", "+", "-", "+", "-", "+", "-", "+", "=", "+", "-", "-", "+", "="], "imaweight": [0.745665, 0.0231214, 0.0231214, 0.768786, 0.797688, 0.820809, 0.0520231, 0.0520231, 0.982659, 0.32948, 1.0, 0.300578, 0.930636, 0.369942, 0.959538, 0.83815, 0.791908, 0.190751, 0.0231214, 0.791908, 0.83815], "imaweight_spectral": [0.900474, 0.0379147, 0.0189573, 0.881517, 1.0, 0.900474, 0.042654, 0.042654, 0.862559, 0.327014, 0.919431, 0.303318, 0.862559, 0.36019, 0.886256, 0.957346, 0.919431, 0.345972, 0.0379147, 0.881517, 0.957346], "pitch40_hewlett": [163, 163, 158, 158, 146, 152, 158, 163, 169, 163, 169, 175, 163, 163, 158, 146, 152, 152, 146, 158, 146], "pitch40_sapp": [202, 202, 197, 197, 185, 191, 197, 202, 208, 202, 208, 214, 202, 202, 197, 185, 191, 191, 185, 197, 185], "octave": [5, 5, 4, 4, 4, 4, 4, 5, 5, 5, 5, 5, 5, 5, 4, 4, 4, 4, 4, 4, 4], "midipitch": [72, 72, 71, 71, 67, 69, 71, 72, 74, 72, 74, 76, 72, 72, 71, 67, 69, 69, 67, 71, 67], "diatonicpitch": [31, 31, 30, 30, 28, 29, 30, 31, 32, 31, 32, 33, 31, 31, 30, 28, 29, 29, 28, 30, 28], "diatonicinterval": [null, 0, -1, 0, -2, 1, 1, 1, 1, -1, 1, 1, -2, 0, -1, -2, 1, 0, -1, 2, -2], "chromaticinterval": [null, 0, -1, 0, -4, 2, 2, 1, 2, -2, 2, 2, -4, 0, -1, -4, 2, 0, -2, 4, -4], "pitchproximity": [null, null, 1, 0, 4, 2, 2, 1, 2, 2, 2, 2, 4, 0, 1, 4, 2, 0, 2, 4, 4], "pitchreversal": [null, null, 0, 0, 0, 1.5, 0, 0, 0, 1.5, 1.5, 0, 1.5, 0, 0, 0, 1.5, 0, 0, 1.5, 1.5], "nextisrest": [false, false, false, false, false, false, false, false, false, false, false, false, false, false, false, false, false, false, false, false, null], "restduration_frac": [null, null, null, null, null, null, null, null, null, null, null, null, null, null, null, null, null, null, null, null, null], "duration": [0.75, 0.125, 0.125, 1.0, 1.0, 0.3333333333333333, 0.3333333333333333, 0.3333333333333333, 0.5, 0.5, 0.5, 0.5, 0.5, 0.5, 1.0, 1.0, 0.5, 0.25, 0.25, 1.0, 1.0], "duration_frac": ["3/4", "1/8", "1/8", "1", "1", "1/3", "1/3", "1/3", "1/2", "1/2", "1/2", "1/2", "1/2", "1/2", "1", "1", "1/2", "1/4", "1/4", "1", "1"], "duration_fullname": ["Dotted Eighth", "32nd", "32nd", "Quarter", "Quarter", "Eighth Triplet (1/3 QL)", "Eighth Triplet (1/3 QL)", "Eighth Triplet (1/3 QL)", "Eighth", "Eighth", "Eighth", "Eighth", "Eighth", "Eighth", "Quarter", "Quarter", "Eighth", "16th", "16th", "Quarter", "Quarter"], "durationcontour": [null, "-", "=", "+", "=", "-", "=", "=", "+", "=", "=", "=", "=", "=", "+", "=", "-", "-", "=", "+", "="], "onsettick": [0, 18, 21, 24, 48, 72, 80, 88, 96, 108, 120, 132, 144, 156, 168, 192, 216, 228, 234, 240, 264], "beatfraction": ["3/4", "1/8", "1/8", "1", "1", "1/3", "1/3", "1/3", "1/2", "1/2", "1/2", "1/2", "1/2", "1/2", "1", "1", "1/2", "1/4", "1/4", "1", "1"], "phrasepos": [0.0, 0.06818181818181818, 0.07954545454545454, 0.09090909090909091, 0.18181818181818182, 0.2727272727272727, 0.30303030303030304, 0.3333333333333333, 0.36363636363636365, 0.4090909090909091, 0.45454545454545453, 0.5, 0.5454545454545454, 0.5909090909090909, 0.6363636363636364, 0.7272727272727273, 0.8181818181818182, 0.8636363636363636, 0.8863636363636364, 0.9090909090909091, 1.0], "phrase_ix": [0, 0, 0, 0, 0, 0, 0, 0, 0, 0, 0, 0, 0, 0, 0, 0, 0, 0, 0, 0, 0], "phrase_end": [false, false, false, false, false, false, false, false, false, false, false, false, false, false, false, false, false, false, false, false, true], "songpos": [0.0, 0.06818181818181818, 0.07954545454545454, 0.09090909090909091, 0.18181818181818182, 0.2727272727272727, 0.30303030303030304, 0.3333333333333333, 0.36363636363636365, 0.4090909090909091, 0.45454545454545453, 0.5, 0.5454545454545454, 0.5909090909090909, 0.6363636363636364, 0.7272727272727273, 0.8181818181818182, 0.8636363636363636, 0.8863636363636364, 0.9090909090909091, 1.0], "beatinsong": ["0", "3/4", "7/8", "1", "2", "3", "10/3", "11/3", "4", "9/2", "5", "11/2", "6", "13/2", "7", "8", "9", "19/2", "39/4", "10", "11"], "beatinphrase": ["0", "3/4", "7/8", "1", "2", "3", "10/3", "11/3", "4", "9/2", "5", "11/2", "6", "13/2", "7", "8", "9", "19/2", "39/4", "10", "11"], "beatinphrase_end": ["-9", "-33/4", "-65/8", "-8", "-7", "-6", "-17/3", "-16/3", "-5", "-9/2", "-4", "-7/2", "-3", "-5/2", "-2", "-1", "0", "1/2", "3/4", "1", "2"], "IOI_frac": ["3/4", "1/8", "1/8", "1", "1", "1/3", "1/3", "1/3", "1/2", "1/2", "1/2", "1/2", "1/2", "1/2", "1", "1", "1/2", "1/4", "1/4", "1", null], "IOI": [0.75, 0.125, 0.125, 1.0, 1.0, 0.3333333333333333, 0.3333333333333333, 0.3333333333333333, 0.5, 0.5, 0.5, 0.5, 0.5, 0.5, 1.0, 1.0, 0.5, 0.25, 0.25, 1.0, null], "IOR_frac": [null, "1/6", "1", "8", "1", "1/3", "1", "1", "3/2", "1", "1", "1", "1", "1", "2", "1", "1/2", "1/2", "1", "4", null], "IOR": [null, 0.16666666666666666, 1.0, 8.0, 1.0, 0.3333333333333333, 1.0, 1.0, 1.5, 1.0, 1.0, 1.0, 1.0, 1.0, 2.0, 1.0, 0.5, 0.5, 1.0, 4.0, null], "imacontour": [null, "-", "=", "+", "+", "+", "-", "=", "+", "-", "+", "-", "+", "-", "+", "-", "-", "-", "-", "+", "+"], "pitch": ["C5", "C5", "B4", "B4", "G4", "A4", "B4", "C5", "D5", "C5", "D5", "E5", "C5", "C5", "B4", "G4", "A4", "A4", "G4", "B4", "G4"], "contour3": [null, "=", "-", "=", "-", "+", "+", "+", "+", "-", "+", "+", "-", "=", "-", "-", "+", "=", "-", "+", "-"], "contour5": [null, "=", "-", "=", "--", "+", "+", "+", "+", "-", "+", "+", "--", "=", "-", "--", "+", "=", "-", "++", "--"], "beatstrength": [1.0, 0.125, 0.0625, 0.5, 0.5, 1.0, 0.0625, 0.0625, 0.5, 0.25, 0.5, 0.25, 1.0, 0.25, 0.5, 0.5, 1.0, 0.25, 0.125, 0.5, 0.5], "beat_str": ["1", "1", "1", "2", "3", "1", "1", "1", "2", "2", "3", "3", "1", "1", "2", "3", "1", "1", "1", "2", "3"], "beat_fraction_str": ["0", "3/4", "7/8", "0", "0", "0", "1/3", "2/3", "0", "1/2", "0", "1/2", "0", "1/2", "0", "0", "0", "1/2", "3/4", "0", "0"], "beat": [1.0, 1.75, 1.875, 2.0, 3.0, 1.0, 1.3333333333333333, 1.6666666666666667, 2.0, 2.5, 3.0, 3.5, 1.0, 1.5, 2.0, 3.0, 1.0, 1.5, 1.75, 2.0, 3.0], "timesignature": ["3/4", "3/4", "3/4", "3/4", "3/4", "3/4", "3/4", "3/4", "3/4", "3/4", "3/4", "3/4", "3/4", "3/4", "3/4", "3/4", "3/4", "3/4", "3/4", "3/4", "3/4"], "gpr2a_Frankland": [null, null, null, null, null, null, null, null, null, null, null, null, null, null, null, null, null, null, null, null, null], "gpr2b_Frankland": [null, null, null, null, null, null, null, null, null, null, null, null, null, null, null, null, null, null, null, null, null], "gpr3a_Frankland": [null, 1.0, null, 0.75, null, null, null, null, null, null, null, 0.75, null, null, 0.625, null, null, null, null, null, null], "gpr3d_Frankland": [null, null, 0.875, null, 0.6666666666666667, null, null, 0.33333333333333337, null, 0.0, 0.0, 0.0, null, 0.5, null, null, null, null, null, null, null], "gpr_Frankland_sum": [0, 1.0, 0.875, 0.75, 0.6666666666666667, 0, 0, 0.33333333333333337, 0, 0, 0, 0.75, 0, 0.5, 0.625, 0, 0, 0, 0, 0, 0], "lbdm_spitch": [null, 0.18181818181818182, 0.0, 1.0, 0.13636363636363638, 0.1090909090909091, 0.1090909090909091, 0.1090909090909091, 0.0, 0.0, 0.13636363636363638, 1.0, 0.0, 0.20779220779220778, 0.7402597402597403, 0.4090909090909091, 0.0, 0.4090909090909091, 0.27272727272727276, null, null],