{"id": "KB8302800000", "tunefamily": "", "year": -1, "tunefamily_full": "", "type": "", "freemeter": false, "origin": "", "features": {"scaledegree": [1, 3, 4, 1, 3, 4, 5, 5, 3, 1, 1, 3, 4, 1, 3, 4, 5, 5, 3, 1], "scaledegreespecifier": ["P", "M", "P", "P", "M", "P", "P", "P", "M", "P", "P", "M", "P", "P", "M", "P", "P", "P", "M", "P"], "tonic": ["G", "G", "G", "G", "G", "G", "G", "G", "G", "G", "G", "G", "G", "G", "G", "G", "G", "G", "G", "G"], "mode": ["major", "major", "major", "major", "major", "major", "major", "major", "major", "major", "major", "major", "major", "major", "major", "major", "major", "major", "major", "major"], "metriccontour": [null, "-", "=", "+", "-", "=", "+", "-", "+", "-", "+", "-", "=", "+", "-", "=", "+", "-", "+", "-"], "imaweight": [0.834532, 1.0, 0.676259, 0.848921, 0.769784, 0.741007, 0.884892, 1.0, 0.741007, 0.741007, 0.964029, 1.0, 0.776978, 0.884892, 0.848921, 0.791367, 1.0, 0.913669, 0.71223, 0.647482], "imaweight_spectral": [0.834101, 0.940092, 0.732719, 0.843318, 0.792627, 0.774194, 0.866359, 0.940092, 1.0, 0.926267, 0.843318, 0.940092, 0.723502, 0.866359, 0.769585, 0.806452, 0.866359, 0.884793, 0.981567, 0.940092], "pitch40_hewlett": [146, 158, 163, 146, 158, 163, 169, 169, 158, 146, 146, 158, 163, 146, 158, 163, 169, 169, 158, 146], "pitch40_sapp": [185, 197, 202, 185, 197, 202, 208, 208, 197, 185, 185, 197, 202, 185, 197, 202, 208, 208, 197, 185], "octave": [4, 4, 5, 4, 4, 5, 5, 5, 4, 4, 4, 4, 5, 4, 4, 5, 5, 5, 4, 4], "midipitch": [67, 71, 72, 67, 71, 72, 74, 74, 71, 67, 67, 71, 72, 67, 71, 72, 74, 74, 71, 67], "diatonicpitch": [28, 30, 31, 28, 30, 31, 32, 32, 30, 28, 28, 30, 31, 28, 30, 31, 32, 32, 30, 28], "diatonicinterval": [null, 2, 1, -3, 2, 1, 1, 0, -2, -2, 0, 2, 1, -3, 2, 1, 1, 0, -2, -2], "chromaticinterval": [null, 4, 1, -5, 4, 1, 2, 0, -3, -4, 0, 4, 1, -5, 4, 1, 2, 0, -3, -4], "pitchproximity": [null, null, 1, 5, 4, 1, 2, 0, 3, 4, 0, 4, 1, 5, 4, 1, 2, 0, 3, 4], "pitchreversal": [null, null, 0, 0, 1.5, 0, 0, 0, 0, 0, 0, 0, 0, 0, 1.5, 0, 0, 0, 0, 0], "nextisrest": [false, false, false, false, false, false, false, false, false, false, false, false, false, false, false, false, false, false, false, null], "restduration_frac": [null, null, null, null, null, null, null, null, null, null, null, null, null, null, null, null, null, null, null, null], "duration": [0.5, 0.5, 0.5, 0.5, 0.5, 0.5, 0.5, 1.0, 0.5, 1.0, 0.5, 0.5, 0.5, 0.5, 0.5, 0.5, 0.5, 1.0, 0.5, 1.0], "duration_frac": ["1/2", "1/2", "1/2", "1/2", "1/2", "1/2", "1/2", "1", "1/2", "1", "1/2", "1/2", "1/2", "1/2", "1/2", "1/2", "1/2", "1", "1/2", "1"], "duration_fullname": ["Eighth", "Eighth", "Eighth", "Eighth", "Eighth", "Eighth", "Eighth", "Quarter", "Eighth", "Quarter", "Eighth", "Eighth", "Eighth", "Eighth", "Eighth", "Eighth", "Eighth", "Quarter", "Eighth", "Quarter"], "durationcontour": [null, "=", "=", "=", "=", "=", "=", "+", "-", "+", "-", "=", "=", "=", "=", "=", "=", "+", "-", "+"], "onsettick": [0, 1, 2, 3, 4, 5, 6, 7, 9, 10, 12, 13, 14, 15, 16, 17, 18, 19, 21, 22], "beatfraction": ["1/3", "1/3", "1/3", "1/3", "1/3", "1/3", "1/3", "2/3", "1/3", "2/3", "1/3", "1/3", "1/3", "1/3", "1/3", "1/3", "1/3", "2/3", "1/3", "2/3"], "phrasepos": [0.0, 0.1, 0.2, 0.3, 0.4, 0.5, 0.6, 0.7, 0.9, 1.0, 0.0, 0.1, 0.2, 0.3, 0.4, 0.5, 0.6, 0.7, 0.9, 1.0], "phrase_ix": [0, 0, 0, 0, 0, 0, 0, 0, 0, 0, 1, 1, 1, 1, 1, 1, 1, 1, 1, 1], "phrase_end": [false, false, false, false, false, false, false, false, false, true, false, false, false, false, false, false, false, false, false, true], "songpos": [0.0, 0.045454545454545456, 0.09090909090909091, 0.13636363636363635, 0.18181818181818182, 0.22727272727272727, 0.2727272727272727, 0.3181818181818182, 0.4090909090909091, 0.45454545454545453, 0.5454545454545454, 0.5909090909090909, 0.6363636363636364, 0.6818181818181818, 0.7272727272727273, 0.7727272727272727, 0.8181818181818182, 0.8636363636363636, 0.9545454545454546, 1.0], "beatinsong": ["0", "1/3", "2/3", "1", "4/3", "5/3", "2", "7/3", "3", "10/3", "4", "13/3", "14/3", "5", "16/3", "17/3", "6", "19/3", "7", "22/3"], "beatinphrase": ["0", "1/3", "2/3", "1", "4/3", "5/3", "2", "7/3", "3", "10/3", "0", "1/3", "2/3", "1", "4/3", "5/3", "2", "7/3", "3", "10/3"], "beatinphrase_end": ["-3", "-8/3", "-7/3", "-2", "-5/3", "-4/3", "-1", "-2/3", "0", "1/3", "-3", "-8/3", "-7/3", "-2", "-5/3", "-4/3", "-1", "-2/3", "0", "1/3"], "IOI_frac": ["1/2", "1/2", "1/2", "1/2", "1/2", "1/2", "1/2", "1", "1/2", "1", "1/2", "1/2", "1/2", "1/2", "1/2", "1/2", "1/2", "1", "1/2", null], "IOI": [0.5, 0.5, 0.5, 0.5, 0.5, 0.5, 0.5, 1.0, 0.5, 1.0, 0.5, 0.5, 0.5, 0.5, 0.5, 0.5, 0.5, 1.0, 0.5, null], "IOR_frac": [null, "1", "1", "1", "1", "1", "1", "2", "1/2", "2", "1/2", "1", "1", "1", "1", "1", "1", "2", "1/2", null], "IOR": [null, 1.0, 1.0, 1.0, 1.0, 1.0, 1.0, 2.0, 0.5, 2.0, 0.5, 1.0, 1.0, 1.0, 1.0, 1.0, 1.0, 2.0, 0.5, null], "imacontour": [null, "+", "-", "+", "-", "-", "+", "+", "-", "=", "+", "+", "-", "+", "-", "-", "+", "-", "-", "-"], "pitch": ["G4", "B4", "C5", "G4", "B4", "C5", "D5", "D5", "B4", "G4", "G4", "B4", "C5", "G4", "B4", "C5", "D5", "D5", "B4", "G4"], "contour3": [null, "+", "+", "-", "+", "+", "+", "=", "-", "-", "=", "+", "+", "-", "+", "+", "+", "=", "-", "-"], "contour5": [null, "++", "+", "--", "++", "+", "+", "=", "--", "--", "=", "++", "+", "--", "++", "+", "+", "=", "--", "--"], "beatstrength": [1.0, 0.5, 0.5, 1.0, 0.5, 0.5, 1.0, 0.5, 1.0, 0.5, 1.0, 0.5, 0.5, 1.0, 0.5, 0.5, 1.0, 0.5, 1.0, 0.5], "beat_str": ["1", "1", "1", "1", "1", "1", "1", "1", "1", "1", "1", "1", "1", "1", "1", "1", "1", "1", "1", "1"], "beat_fraction_str": ["0", "1/3", "2/3", "0", "1/3", "2/3", "0", "1/3", "0", "1/3", "0", "1/3", "2/3", "0", "1/3", "2/3", "0", "1/3", "0", "1/3"], "beat": [1.0, 1.3333333333333333, 1.6666666666666667, 1.0, 1.3333333333333333, 1.6666666666666667, 1.0, 1.3333333333333333, 1.0, 1.3333333333333333, 1.0, 1.3333333333333333, 1.6666666666666667, 1.0, 1.3333333333333333, 1.6666666666666667, 1.0, 1.3333333333333333, 1.0, 1.3333333333333333], "timesignature": ["3/8", "3/8", "3/8", "3/8", "3/8", "3/8", "3/8", "3/8", "3/8", "3/8", "3/8", "3/8", "3/8", "3/8", "3/8", "3/8", "3/8", "3/8", "3/8", "3/8"], "gpr2a_Frankland": [null, null, null, null, null, null, null, null, null, null, null, null, null, null, null, null, null, null, null, null], "gpr2b_Frankland": [null, null, null, null, null, null, null, 0.5, null, 0.5, null, null, null, null, null, null, null, 0.5, null, null], "gpr3a_Frankland": [null, null, 0.5, null, null, 0.75, null, null, 0.625, null, 0.875, null, 0.5, null, null, 0.75, null, null, null, null], "gpr3d_Frankland": [null, 0.0, 0.0, 0.0, 0.0, null, null, null, null, null, null, 0.0, 0.0, 0.0, 0.0, null, null, null, null, null], "gpr_Frankland_sum": [0, 0, 0.5, 0, 0, 0.75, 0, 0.5, 0.625, 0.5, 0.875, 0, 0.5, 0, 0, 0.75, 0, 0.5, 0, 0], "lbdm_spitch": [null, 0.21195652173913046, 0.674407114624506, 0.4743083003952569, 0.14347826086956522, 0.31956521739130433, 0.0, 0.4869565217391304, 0.7101449275362318, 0.0, 1.0, 0.21195652173913046, 0.674407114624506, 0.4743083003952569, 0.14347826086956522, 0.31956521739130433, 0.0, 0.4869565217391304, null, null], "lbdm_sioi": [null, 0.0, 0.0, 0.0, 0.0, 0.0, 0.25, 1.0, 0.5, 1.0, 0.25, 0.0, 0.0, 0.0, 0.0, 0.0, 0.25, 1.0, null, null], "lbdm_srest": [null, 0.0, 0.0, 0.0, 0.0, 0.0, 0.0, 0.0, 0.0, 0.0, 0.0, 0.0, 0.0, 0.0, 0.0, 0.0, 0.0, 0.0, null, null], "lbdm_rpitch": [null, 0.42857142857142855, 0.5, 0.09090909090909091, 0.42857142857142855, 0.2, 0.5, 0.6, 0.1111111111111111, 0.6666666666666666, 0.6666666666666666, 0.42857142857142855, 0.5, 0.09090909090909091, 0.42857142857142855, 0.2, 0.5, 0.6, 0.1111111111111111, null], "lbdm_rioi": [null, 0.0, 0.0, 0.0, 0.0, 0.0, 0.0, 0.3333333333333333, 0.3333333333333333, 0.3333333333333333, 0.3333333333333333, 0.0, 0.0, 0.0, 0.0, 0.0, 0.0, 0.3333333333333333, 0.3333333333333333, null],