{"id": "KB8301000001", "tunefamily": "", "year": -1, "tunefamily_full": "", "type": "", "freemeter": false, "origin": "", "features": {"scaledegree": [1, 3, 2, 2, 1, 3, 5, 4, 3, 4, 3, 2, 1, 3, 4, 3, 2, 1, 1], "scaledegreespecifier": ["P", "M", "M", "M", "P", "M", "P", "P", "M", "P", "M", "M", "P", "M", "P", "M", "M", "P", "P"], "tonic": ["G", "G", "G", "G", "G", "G", "G", "G", "G", "G", "G", "G", "G", "G", "G", "G", "G", "G", "G"], "mode": ["major", "major", "major", "major", "major", "major", "major", "major", "major", "major", "major", "major", "major", "major", "major", "major", "major", "major", "major"], "metriccontour": [null, "-", "=", "+", "-", "+", "-", "+", "-", "+", "-", "=", "+", "-", "+", "-", "=", "+", "-"], "imaweight": [0.405594, 0.377622, 0.405594, 0.573427, 0.573427, 0.398601, 0.482517, 0.888112, 0.881119, 0.51049, 0.769231, 0.482517, 0.825175, 0.972028, 0.566434, 0.538462, 0.482517, 1.0, 0.825175], "imaweight_spectral": [0.511364, 0.767045, 0.511364, 0.926136, 0.977273, 0.556818, 0.625, 0.977273, 0.880682, 0.556818, 0.789773, 0.534091, 0.835227, 0.954545, 0.602273, 0.602273, 0.534091, 1.0, 0.926136], "pitch40_hewlett": [146, 158, 152, 152, 146, 158, 169, 163, 158, 163, 158, 152, 146, 158, 163, 158, 152, 146, 146], "pitch40_sapp": [185, 197, 191, 191, 185, 197, 208, 202, 197, 202, 197, 191, 185, 197, 202, 197, 191, 185, 185], "octave": [4, 4, 4, 4, 4, 4, 5, 5, 4, 5, 4, 4, 4, 4, 5, 4, 4, 4, 4], "midipitch": [67, 71, 69, 69, 67, 71, 74, 72, 71, 72, 71, 69, 67, 71, 72, 71, 69, 67, 67], "diatonicpitch": [28, 30, 29, 29, 28, 30, 32, 31, 30, 31, 30, 29, 28, 30, 31, 30, 29, 28, 28], "diatonicinterval": [null, 2, -1, 0, -1, 2, 2, -1, -1, 1, -1, -1, -1, 2, 1, -1, -1, -1, 0], "chromaticinterval": [null, 4, -2, 0, -2, 4, 3, -2, -1, 1, -1, -2, -2, 4, 1, -1, -2, -2, 0], "pitchproximity": [null, null, 2, 0, 2, 4, 3, 2, 1, 1, 1, 2, 2, 4, 1, 1, 2, 2, 0], "pitchreversal": [null, null, 1.5, 0, 0, 1.5, 0, 1.5, 0, 1.5, 1.5, 0, 0, 1.5, 0, 1.5, 0, 0, 0], "nextisrest": [false, false, false, false, false, false, false, false, false, false, false, false, false, false, false, false, false, false, null], "restduration_frac": [null, null, null, null, null, null, null, null, null, null, null, null, null, null, null, null, null, null, null], "duration": [0.5, 0.5, 0.5, 1.0, 0.5, 1.0, 0.5, 1.0, 0.5, 0.5, 0.5, 0.5, 1.0, 0.5, 0.5, 0.5, 0.5, 1.0, 0.5], "duration_frac": ["1/2", "1/2", "1/2", "1", "1/2", "1", "1/2", "1", "1/2", "1/2", "1/2", "1/2", "1", "1/2", "1/2", "1/2", "1/2", "1", "1/2"], "duration_fullname": ["Eighth", "Eighth", "Eighth", "Quarter", "Eighth", "Quarter", "Eighth", "Quarter", "Eighth", "Eighth", "Eighth", "Eighth", "Quarter", "Eighth", "Eighth", "Eighth", "Eighth", "Quarter", "Eighth"], "durationcontour": [null, "=", "=", "+", "-", "+", "-", "+", "-", "=", "=", "=", "+", "-", "=", "=", "=", "+", "-"], "onsettick": [0, 1, 2, 3, 5, 6, 8, 9, 11, 12, 13, 14, 15, 17, 18, 19, 20, 21, 23], "beatfraction": ["1/3", "1/3", "1/3", "2/3", "1/3", "2/3", "1/3", "2/3", "1/3", "1/3", "1/3", "1/3", "2/3", "1/3", "1/3", "1/3", "1/3", "2/3", "1/3"], "phrasepos": [0.0, 0.043478260869565216, 0.08695652173913043, 0.13043478260869565, 0.21739130434782608, 0.2608695652173913, 0.34782608695652173, 0.391304347826087, 0.4782608695652174, 0.5217391304347826, 0.5652173913043478, 0.6086956521739131, 0.6521739130434783, 0.7391304347826086, 0.782608695652174, 0.8260869565217391, 0.8695652173913043, 0.9130434782608695, 1.0], "phrase_ix": [0, 0, 0, 0, 0, 0, 0, 0, 0, 0, 0, 0, 0, 0, 0, 0, 0, 0, 0], "phrase_end": [false, false, false, false, false, false, false, false, false, false, false, false, false, false, false, false, false, false, true], "songpos": [0.0, 0.043478260869565216, 0.08695652173913043, 0.13043478260869565, 0.21739130434782608, 0.2608695652173913, 0.34782608695652173, 0.391304347826087, 0.4782608695652174, 0.5217391304347826, 0.5652173913043478, 0.6086956521739131, 0.6521739130434783, 0.7391304347826086, 0.782608695652174, 0.8260869565217391, 0.8695652173913043, 0.9130434782608695, 1.0], "beatinsong": ["0", "1/3", "2/3", "1", "5/3", "2", "8/3", "3", "11/3", "4", "13/3", "14/3", "5", "17/3", "6", "19/3", "20/3", "7", "23/3"], "beatinphrase": ["0", "1/3", "2/3", "1", "5/3", "2", "8/3", "3", "11/3", "4", "13/3", "14/3", "5", "17/3", "6", "19/3", "20/3", "7", "23/3"], "beatinphrase_end": ["-7", "-20/3", "-19/3", "-6", "-16/3", "-5", "-13/3", "-4", "-10/3", "-3", "-8/3", "-7/3", "-2", "-4/3", "-1", "-2/3", "-1/3", "0", "2/3"], "IOI_frac": ["1/2", "1/2", "1/2", "1", "1/2", "1", "1/2", "1", "1/2", "1/2", "1/2", "1/2", "1", "1/2", "1/2", "1/2", "1/2", "1", null], "IOI": [0.5, 0.5, 0.5, 1.0, 0.5, 1.0, 0.5, 1.0, 0.5, 0.5, 0.5, 0.5, 1.0, 0.5, 0.5, 0.5, 0.5, 1.0, null], "IOR_frac": [null, "1", "1", "2", "1/2", "2", "1/2", "2", "1/2", "1", "1", "1", "2", "1/2", "1", "1", "1", "2", null], "IOR": [null, 1.0, 1.0, 2.0, 0.5, 2.0, 0.5, 2.0, 0.5, 1.0, 1.0, 1.0, 2.0, 0.5, 1.0, 1.0, 1.0, 2.0, null], "imacontour": [null, "-", "+", "+", "=", "-", "+", "+", "-", "-", "+", "-", "+", "+", "-", "-", "-", "+", "-"], "pitch": ["G4", "B4", "A4", "A4", "G4", "B4", "D5", "C5", "B4", "C5", "B4", "A4", "G4", "B4", "C5", "B4", "A4", "G4", "G4"], "contour3": [null, "+", "-", "=", "-", "+", "+", "-", "-", "+", "-", "-", "-", "+", "+", "-", "-", "-", "="], "contour5": [null, "++", "-", "=", "-", "++", "++", "-", "-", "+", "-", "-", "-", "++", "+", "-", "-", "-", "="], "beatstrength": [1.0, 0.5, 0.5, 1.0, 0.5, 1.0, 0.5, 1.0, 0.5, 1.0, 0.5, 0.5, 1.0, 0.5, 1.0, 0.5, 0.5, 1.0, 0.5], "beat_str": ["1", "1", "1", "1", "1", "1", "1", "1", "1", "1", "1", "1", "1", "1", "1", "1", "1", "1", "1"], "beat_fraction_str": ["0", "1/3", "2/3", "0", "2/3", "0", "2/3", "0", "2/3", "0", "1/3", "2/3", "0", "2/3", "0", "1/3", "2/3", "0", "2/3"], "beat": [1.0, 1.3333333333333333, 1.6666666666666667, 1.0, 1.6666666666666667, 1.0, 1.6666666666666667, 1.0, 1.6666666666666667, 1.0, 1.3333333333333333, 1.6666666666666667, 1.0, 1.6666666666666667, 1.0, 1.3333333333333333, 1.6666666666666667, 1.0, 1.6666666666666667], "timesignature": ["3/8", "3/8", "3/8", "3/8", "3/8", "3/8", "3/8", "3/8", "3/8", "3/8", "3/8", "3/8", "3/8", "3/8", "3/8", "3/8", "3/8", "3/8", "3/8"], "gpr2a_Frankland": [null, null, null, null, null, null, null, null, null, null, null, null, null, null, null, null, null, null, null], "gpr2b_Frankland": [null, null, null, 0.5, null, 0.5, null, 0.5, null, null, null, null, 0.5, null, null, null, null, null, null], "gpr3a_Frankland": [null, null, null, null, 0.375, null, null, null, null, null, null, null, 0.625, null, null, null, null, null, null], "gpr3d_Frankland": [null, null, null, null, null, null, null, null, null, 0.0, null, null, null, null, 0.0, null, null, null, null], "gpr_Frankland_sum": [0, 0, 0, 0.5, 0.375, 0.5, 0, 0.5, 0, 0, 0, 0, 1.125, 0, 0, 0, 0, 0, 0], "lbdm_spitch": [null, 0.5526315789473684, 0.0, 0.5526315789473684, 0.5321637426900584, 0.2807017543859649, 0.25263157894736843, 0.0736842105263158, 0.0, 0.0736842105263158, 0.1473684210526316, 0.18421052631578946, 1.0, 0.15789473684210525, 0.0736842105263158, 0.1473684210526316, 0.3684210526315789, null, null], "lbdm_sioi": [null, 0.0, 0.25, 1.0, 0.5, 1.0, 0.5, 1.0, 0.25, 0.0, 0.0, 0.25, 1.0, 0.25, 0.0, 0.0, 0.25, null, null], "lbdm_srest": [null, 0.0, 0.0, 0.0, 0.0, 0.0, 0.0, 0.0, 0.0, 0.0, 0.0, 0.0, 0.0, 0.0, 0.0, 0.0, 0.0, null, null], "lbdm_rpitch": [null, 0.25, 0.5, 0.5, 0.25, 0.1111111111111111, 0.14285714285714285, 0.2, 0.0, 0.0, 0.2, 0.0, 0.25, 0.42857142857142855, 0.0, 0.2, 0.0, 0.5, null], "lbdm_rioi": [null, 0.0, 0.0, 0.3333333333333333, 0.3333333333333333, 0.3333333333333333, 0.3333333333333333, 0.3333333333333333, 0.3333333333333333, 0.0, 0.0, 0.0, 0.3333333333333333, 0.3333333333333333, 0.0, 0.0, 0.0, 0.3333333333333333, null], "lbdm_rrest": [null, 0.0, 0.0, 0.0, 0.0, 0.0, 0.0, 0.0, 0.0, 0.0, 0.0, 0.0, 0.0, 0.0, 0.0, 0.0, 0.0, 0.0, null],