{"id": "KB8351100000", "tunefamily": "", "year": -1, "tunefamily_full": "", "type": "", "freemeter": false, "origin": "", "features": {"scaledegree": [5, 4, 5, 3, 1, 5, 4, 5, 6, 5, 4, 3, 4, 2, 2, 7, 6, 7, 1, 1], "scaledegreespecifier": ["P", "A", "P", "M", "P", "P", "A", "P", "M", "P", "P", "M", "P", "M", "M", "M", "M", "M", "P", "P"], "tonic": ["F", "F", "F", "F", "F", "F", "F", "F", "F", "F", "F", "F", "F", "F", "F", "F", "F", "F", "F", "F"], "mode": ["major", "major", "major", "major", "major", "major", "major", "major", "major", "major", "major", "major", "major", "major", "major", "major", "major", "major", "major", "major"], "metriccontour": [null, "-", "=", "+", "-", "+", "-", "=", "+", "-", "+", "-", "=", "+", "-", "+", "-", "=", "+", "-"], "imaweight": [0.34359, 0.728205, 0.34359, 1.0, 0.974359, 0.374359, 0.794872, 0.435897, 0.974359, 0.974359, 0.420513, 0.805128, 0.4, 0.974359, 1.0, 0.415385, 0.74359, 0.353846, 1.0, 0.974359], "imaweight_spectral": [0.465587, 0.769231, 0.465587, 0.983806, 0.935223, 0.461538, 0.793522, 0.510121, 0.935223, 0.935223, 0.497976, 0.801619, 0.481781, 0.935223, 0.955466, 0.493927, 0.753036, 0.445344, 0.97166, 1.0], "pitch40_hewlett": [163, 158, 163, 152, 180, 163, 158, 163, 169, 163, 157, 152, 157, 146, 186, 175, 169, 175, 180, 180], "pitch40_sapp": [202, 197, 202, 191, 219, 202, 197, 202, 208, 202, 196, 191, 196, 185, 225, 214, 208, 214, 219, 219], "octave": [5, 4, 5, 4, 5, 5, 4, 5, 5, 5, 4, 4, 4, 4, 5, 5, 5, 5, 5, 5], "midipitch": [72, 71, 72, 69, 77, 72, 71, 72, 74, 72, 70, 69, 70, 67, 79, 76, 74, 76, 77, 77], "diatonicpitch": [32, 31, 32, 30, 35, 32, 31, 32, 33, 32, 31, 30, 31, 29, 36, 34, 33, 34, 35, 35], "diatonicinterval": [null, -1, 1, -2, 5, -3, -1, 1, 1, -1, -1, -1, 1, -2, 7, -2, -1, 1, 1, 0], "chromaticinterval": [null, -1, 1, -3, 8, -5, -1, 1, 2, -2, -2, -1, 1, -3, 12, -3, -2, 2, 1, 0], "pitchproximity": [null, null, 1, 3, 8, 5, 1, 1, 2, 2, 2, 1, 1, 3, null, 3, 2, 2, 1, 0], "pitchreversal": [null, null, 1.5, 1.5, 0, 1, 0, 1.5, 0, 1.5, 0, 0, 1.5, 1.5, 0, null, 0, 1.5, 0, 0], "nextisrest": [false, false, false, false, false, false, false, false, false, false, false, false, false, false, false, false, false, false, false, null], "restduration_frac": [null, null, null, null, null, null, null, null, null, null, null, null, null, null, null, null, null, null, null, null], "duration": [0.5, 0.5, 0.5, 1.0, 0.5, 0.5, 0.5, 0.5, 1.0, 0.5, 0.5, 0.5, 0.5, 1.0, 0.5, 0.5, 0.5, 0.5, 1.0, 0.5], "duration_frac": ["1/2", "1/2", "1/2", "1", "1/2", "1/2", "1/2", "1/2", "1", "1/2", "1/2", "1/2", "1/2", "1", "1/2", "1/2", "1/2", "1/2", "1", "1/2"], "duration_fullname": ["Eighth", "Eighth", "Eighth", "Quarter", "Eighth", "Eighth", "Eighth", "Eighth", "Quarter", "Eighth", "Eighth", "Eighth", "Eighth", "Quarter", "Eighth", "Eighth", "Eighth", "Eighth", "Quarter", "Eighth"], "durationcontour": [null, "=", "=", "+", "-", "=", "=", "=", "+", "-", "=", "=", "=", "+", "-", "=", "=", "=", "+", "-"], "onsettick": [0, 1, 2, 3, 5, 6, 7, 8, 9, 11, 12, 13, 14, 15, 17, 18, 19, 20, 21, 23], "beatfraction": ["1/3", "1/3", "1/3", "2/3", "1/3", "1/3", "1/3", "1/3", "2/3", "1/3", "1/3", "1/3", "1/3", "2/3", "1/3", "1/3", "1/3", "1/3", "2/3", "1/3"], "phrasepos": [0.0, 0.09090909090909091, 0.18181818181818182, 0.2727272727272727, 0.45454545454545453, 0.5454545454545454, 0.6363636363636364, 0.7272727272727273, 0.8181818181818182, 1.0, 0.0, 0.09090909090909091, 0.18181818181818182, 0.2727272727272727, 0.45454545454545453, 0.5454545454545454, 0.6363636363636364, 0.7272727272727273, 0.8181818181818182, 1.0], "phrase_ix": [0, 0, 0, 0, 0, 0, 0, 0, 0, 0, 1, 1, 1, 1, 1, 1, 1, 1, 1, 1], "phrase_end": [false, false, false, false, false, false, false, false, false, true, false, false, false, false, false, false, false, false, false, true], "songpos": [0.0, 0.043478260869565216, 0.08695652173913043, 0.13043478260869565, 0.21739130434782608, 0.2608695652173913, 0.30434782608695654, 0.34782608695652173, 0.391304347826087, 0.4782608695652174, 0.5217391304347826, 0.5652173913043478, 0.6086956521739131, 0.6521739130434783, 0.7391304347826086, 0.782608695652174, 0.8260869565217391, 0.8695652173913043, 0.9130434782608695, 1.0], "beatinsong": ["0", "1/3", "2/3", "1", "5/3", "2", "7/3", "8/3", "3", "11/3", "4", "13/3", "14/3", "5", "17/3", "6", "19/3", "20/3", "7", "23/3"], "beatinphrase": ["0", "1/3", "2/3", "1", "5/3", "2", "7/3", "8/3", "3", "11/3", "0", "1/3", "2/3", "1", "5/3", "2", "7/3", "8/3", "3", "11/3"], "beatinphrase_end": ["-2", "-5/3", "-4/3", "-1", "-1/3", "0", "1/3", "2/3", "1", "5/3", "-2", "-5/3", "-4/3", "-1", "-1/3", "0", "1/3", "2/3", "1", "5/3"], "IOI_frac": ["1/2", "1/2", "1/2", "1", "1/2", "1/2", "1/2", "1/2", "1", "1/2", "1/2", "1/2", "1/2", "1", "1/2", "1/2", "1/2", "1/2", "1", null], "IOI": [0.5, 0.5, 0.5, 1.0, 0.5, 0.5, 0.5, 0.5, 1.0, 0.5, 0.5, 0.5, 0.5, 1.0, 0.5, 0.5, 0.5, 0.5, 1.0, null], "IOR_frac": [null, "1", "1", "2", "1/2", "1", "1", "1", "2", "1/2", "1", "1", "1", "2", "1/2", "1", "1", "1", "2", null], "IOR": [null, 1.0, 1.0, 2.0, 0.5, 1.0, 1.0, 1.0, 2.0, 0.5, 1.0, 1.0, 1.0, 2.0, 0.5, 1.0, 1.0, 1.0, 2.0, null], "imacontour": [null, "+", "-", "+", "-", "-", "+", "-", "+", "=", "-", "+", "-", "+", "+", "-", "+", "-", "+", "-"], "pitch": ["C5", "B4", "C5", "A4", "F5", "C5", "B4", "C5", "D5", "C5", "B-4", "A4", "B-4", "G4", "G5", "E5", "D5", "E5", "F5", "F5"], "contour3": [null, "-", "+", "-", "+", "-", "-", "+", "+", "-", "-", "-", "+", "-", "+", "-", "-", "+", "+", "="], "contour5": [null, "-", "+", "--", "++", "--", "-", "+", "+", "-", "-", "-", "+", "--", "++", "--", "-", "+", "+", "="], "beatstrength": [1.0, 0.25, 0.25, 0.5, 0.25, 1.0, 0.25, 0.25, 0.5, 0.25, 1.0, 0.25, 0.25, 0.5, 0.25, 1.0, 0.25, 0.25, 0.5, 0.25], "beat_str": ["1", "1", "1", "2", "2", "1", "1", "1", "2", "2", "1", "1", "1", "2", "2", "1", "1", "1", "2", "2"], "beat_fraction_str": ["0", "1/3", "2/3", "0", "2/3", "0", "1/3", "2/3", "0", "2/3", "0", "1/3", "2/3", "0", "2/3", "0", "1/3", "2/3", "0", "2/3"], "beat": [1.0, 1.3333333333333333, 1.6666666666666667, 2.0, 2.6666666666666665, 1.0, 1.3333333333333333, 1.6666666666666667, 2.0, 2.6666666666666665, 1.0, 1.3333333333333333, 1.6666666666666667, 2.0, 2.6666666666666665, 1.0, 1.3333333333333333, 1.6666666666666667, 2.0, 2.6666666666666665], "timesignature": ["6/8", "6/8", "6/8", "6/8", "6/8", "6/8", "6/8", "6/8", "6/8", "6/8", "6/8", "6/8", "6/8", "6/8", "6/8", "6/8", "6/8", "6/8", "6/8", "6/8"], "gpr2a_Frankland": [null, null, null, null, null, null, null, null, null, null, null, null, null, null, null, null, null, null, null, null], "gpr2b_Frankland": [null, null, null, 0.5, null, null, null, null, 0.5, null, null, null, null, 0.5, null, null, null, null, null, null], "gpr3a_Frankland": [null, null, null, 0.5, null, null, null, null, null, null, null, null, null, 0.75, null, null, null, null, null, null], "gpr3d_Frankland": [null, null, null, null, null, 0.0, null, null, null, null, 0.0, null, null, null, null, 0.0, null, null, null, null], "gpr_Frankland_sum": [0, 0, 0, 1.0, 0, 0, 0, 0, 0.5, 0, 0, 0, 0, 1.25, 0, 0, 0, 0, 0, 0], "lbdm_spitch": [null, 0.026234567901234563, 0.1695156695156695, 0.3680911680911681, 0.27546296296296297, 0.039351851851851846, 0.01574074074074074, 0.03148148148148148, 0.0, 0.03148148148148148, 0.01574074074074074, 0.026234567901234563, 0.2037037037037037, 1.0, 0.15873015873015872, 0.022486772486772482, 0.03148148148148148, 0.0419753086419753, null, null], "lbdm_sioi": [null, 0.0, 0.25, 1.0, 0.25, 0.0, 0.0, 0.25, 1.0, 0.25, 0.0, 0.0, 0.25, 1.0, 0.25, 0.0, 0.0, 0.25, null, null], "lbdm_srest": [null, 0.0, 0.0, 0.0, 0.0, 0.0, 0.0, 0.0, 0.0, 0.0, 0.0, 0.0, 0.0, 0.0, 0.0, 0.0, 0.0, 0.0, null, null], "lbdm_rpitch": [null, 0.0, 0.3333333333333333, 0.38461538461538464, 0.2, 0.5, 0.0, 0.2, 0.0, 0.0, 0.2, 0.0, 0.3333333333333333, 0.5294117647058824, 0.5294117647058824, 0.14285714285714285, 0.0, 0.2, 0.3333333333333333, null],