song_id,pattern,frequency,salience
NLB074547_02,10_10_10_10,6,0.2558449592810879
NLB074547_02,10_10_10,8,0.24675032286063484
NLB074547_02,10_10_10_10_10,4,0.2342825613788109
NLB074547_02,10_10,11,0.20819776058538106
NLB074547_02,8_1_8_10_10,2,0.14238943820247568
NLB074547_02,8_5_1_1_8_5,2,0.14238943820247568
NLB074547_02,10_10_10_10_10_10,2,0.14238943820247568
NLB074547_02,1_8,5,0.09313513886091121
NLB074547_02,8_10,5,0.07543387890598151
NLB074547_02,8_5,4,0.06530608189259501
