song_id,pattern,frequency,salience
NLB124573_01,2_4,5,0.22655385937045688
NLB124573_01,12_2_4,4,0.18689530823288683
NLB124573_01,7_7,4,0.1812430874963655
NLB124573_01,12_2,4,0.1812430874963655
NLB124573_01,4_2,4,0.1763469111887769
NLB124573_01,9_7,4,0.1763469111887769
NLB124573_01,4_4_2_12,3,0.15923312692192618
NLB124573_01,4_4,3,0.1451853498380102
