song_id,pattern,frequency,salience
NLB073990_01,8_8_8_8,4,0.18724513801006917
NLB073990_01,8_8_8_8_8,3,0.18292346090156866
NLB073990_01,3_1_3_5_1,2,0.160599047127014
NLB073990_01,8_8_8_8_8_8,2,0.1562605575303812
NLB073990_01,8_8_8,5,0.15202247238811356
NLB073990_01,1_3,6,0.12223753175633141
NLB073990_01,1_3_5_1,2,0.12056619464358079
NLB073990_01,8_8,6,0.11422168334865639
NLB073990_01,1_1,4,0.10175138301056004
NLB073990_01,3_3,3,0.07513912828814258
NLB073990_01,3_1,4,0.0730180916539453
