song_id,pattern,frequency,salience
NLB073287_02,5_5,12,0.22326240079491608
NLB073287_02,5_5_5_5,6,0.21816518725579262
NLB073287_02,5_5_5,8,0.21707495427126072
NLB073287_02,5_5_5_5_5,4,0.1783865725097186
NLB073287_02,3_3,8,0.14655103823891022
NLB073287_02,8_8,10,0.1392359302794773
NLB073287_02,8_8_8_8,4,0.1369507971698849
NLB073287_02,8_8_8,6,0.13342679443139005
NLB073287_02,5_3,7,0.09345930388731437
