song_id,pattern,frequency,salience
NLB072003_01,5_5,6,0.19486641930468768
NLB072003_01,5_5_5_5,3,0.19041750292976806
NLB072003_01,5_5_5,4,0.18946593295136072
NLB072003_01,1_1,5,0.16238868275390642
NLB072003_01,1_1_1,3,0.15676683154063542
NLB072003_01,5_5_5_5_5,2,0.15569819420214911
NLB072003_01,3_6_5_3_1_10,1,0.1285059242629073
NLB072003_01,3_3,4,0.12791171269914556
NLB072003_01,5_3,4,0.09322575375438463
NLB072003_01,6_5,3,0.07415656226887629
NLB072003_01,3_1,3,0.06991931531578847
