song_id,pattern,frequency,salience
NLB072015_01,5_5,7,0.2213447131557531
NLB072015_01,5_5_5_5,3,0.1853925270576089
NLB072015_01,5_5_5,4,0.18446606830116696
NLB072015_01,5_5_5_5_5,2,0.15158943499059113
NLB072015_01,5_1_5_3_3_12,1,0.12511474877265422
NLB072015_01,3_3_12_12_1,1,0.12511474877265422
NLB072015_01,3_3_12_12,1,0.12511474877265422
NLB072015_01,5_1,3,0.11219169326212952
NLB072015_01,3_3,3,0.0934021635066336
NLB072015_01,5_3,3,0.06807419673659298
NLB072015_01,3_5,2,0.04759457720396871
