song_id,pattern,frequency,salience
NLB073628_01,5_5,12,0.19942998644961848
NLB073628_01,5_5_5_5,6,0.19487688111966203
NLB073628_01,5_5_5,8,0.19390302637046114
NLB073628_01,5_5_5_5_5,4,0.15934448259868914
NLB073628_01,6_5_5_3_8_1,2,0.131515398219414
NLB073628_01,6_6_5_5_3_8,2,0.131515398219414
NLB073628_01,3_6_6_5_5_3,2,0.11680211729329011
NLB073628_01,3_3,6,0.09818045313307264
NLB073628_01,8_8,7,0.08706111603677578
NLB073628_01,6_5,4,0.05059548744964811
NLB073628_01,8_1,4,0.05045326435229595
