song_id,pattern,frequency,salience
NLB072708_01,3_5_3_1_8,2,0.18558612588208248
NLB072708_01,5_5,6,0.18127074363345627
NLB072708_01,5_5_5_5,3,0.1771322246288874
NLB072708_01,5_5_5,4,0.17624704493389096
NLB072708_01,5_5_5_5_5,2,0.14483525456112753
NLB072708_01,8_1_1_1_3,2,0.14161773208401737
NLB072708_01,1_1,4,0.12084716242230419
NLB072708_01,3_3,4,0.1189874138557918
NLB072708_01,5_3,4,0.08672146678296488
NLB072708_01,8_8,3,0.06782888797861118
NLB072708_01,3_1,3,0.06504110008722366
