song_id,pattern,frequency,salience
NLB073287_01,5_5,19,0.30074921897792006
NLB073287_01,5_5_5,12,0.2770240919812367
NLB073287_01,5_5_5_5,8,0.247480366521712
NLB073287_01,5_5_5_5_5,6,0.2276512204599937
NLB073287_01,5_5_5_5_5_5,4,0.169051111705594
NLB073287_01,3_3,8,0.12468248869254442
NLB073287_01,5_5_5_8,3,0.12299261980407176
NLB073287_01,5_3,7,0.07951317670739824
NLB073287_01,8_8,6,0.07107537078392763
