song_id,pattern,frequency,salience
NLB072627_01,5_5,12,0.22181913408862436
NLB072627_01,5_5_5_5,6,0.2167548711877171
NLB072627_01,5_5_5,8,0.21567168595042377
NLB072627_01,5_5_5_5_5,4,0.17723340296555845
NLB072627_01,6_6_6_5_5_3,2,0.14628006686306844
NLB072627_01,12_3_3_5_6,2,0.14628006686306844
NLB072627_01,6_6_6_5_5,2,0.14628006686306844
NLB072627_01,6_6,5,0.12970820472835567
NLB072627_01,5_3,6,0.07959012145221164
NLB072627_01,6_5,5,0.07034453177448854
NLB072627_01,8_8,5,0.06916792388385223
