song_id,pattern,frequency,salience
NLB070493_01,5_5_5_5,4,0.2261847352525967
NLB070493_01,5_5_5,5,0.21098852467915483
NLB070493_01,5_5_5_5_5,3,0.20806188286114713
NLB070493_01,5_5,7,0.20253565288990383
NLB070493_01,8_1_12_1_3,2,0.18266951634450562
NLB070493_01,3_5_3_1_8,2,0.17773480589347906
NLB070493_01,5_5_5_5_5_5,2,0.15450430061462
NLB070493_01,5_3,6,0.12457900335121028
NLB070493_01,3_3,4,0.11395358788222855
NLB070493_01,5_3_1,4,0.09960334866491505
NLB070493_01,3_1,4,0.08305266890080684
