song_id,pattern,frequency,salience
NLB073483_01,5_5_5_5,4,0.2341449060447531
NLB073483_01,5_5_5,5,0.21841389177899717
NLB073483_01,5_5_5_5_5,3,0.21538425199035813
NLB073483_01,5_5,7,0.20966353615180505
NLB073483_01,3_5_3_1_8,2,0.18398986731061165
NLB073483_01,5_5_5_5_5_5,2,0.15994180557993765
NLB073483_01,3_3,5,0.14745497799812624
NLB073483_01,1_1,4,0.11980773494388859
NLB073483_01,5_3,4,0.08597556035259526
NLB073483_01,3_1,4,0.08597556035259526
