song_id,pattern,frequency,salience
NLB073339_01,3_3_3,10,0.24094391197536041
NLB073339_01,3_3_3_3,7,0.22931977835587528
NLB073339_01,3_3,15,0.2064372794106513
NLB073339_01,3_3_3_3_3,5,0.2004419142383817
NLB073339_01,3_3_3_3_3_3,4,0.17172413420640636
NLB073339_01,8_8_8,10,0.16706664729319445
NLB073339_01,10_10_8_12_12,3,0.16591702406726036
NLB073339_01,8_8_8_8,6,0.1543312163222308
NLB073339_01,8_8,14,0.14644593186162694
NLB073339_01,10_8,6,0.062236595281009846
