song_id,pattern,frequency,salience
NLB075318_01,8_8_8,8,0.1635996546304055
NLB075318_01,8_8_8_8,5,0.15742553257738534
NLB075318_01,3_3_3,5,0.1474648793727002
NLB075318_01,8_8,11,0.14084602659777343
NLB075318_01,8_8_8_8_8,3,0.12303368112780333
NLB075318_01,3_3_3_3,3,0.12030048170291305
NLB075318_01,3_3,7,0.11792273579201697
NLB075318_01,10_8,7,0.08887820071633035
NLB075318_01,12_10,5,0.07808559017916802
NLB075318_01,1_12,5,0.07739257023616429
NLB075318_01,8_10,5,0.07172837506931201
