{"id": "deut3442", "tunefamily": "", "year": -1, "tunefamily_full": "", "type": "vocal", "freemeter": false, "origin": "", "features": {"scaledegree": [1, 3, 4, 5, 5, 4, 3, 4, 5, 2, 3, 5, 4, 3, 2, 1, 3, 2, 1], "scaledegreespecifier": ["P", "M", "P", "P", "P", "P", "M", "P", "P", "M", "M", "P", "P", "M", "M", "P", "M", "M", "P"], "tonic": ["G", "G", "G", "G", "G", "G", "G", "G", "G", "G", "G", "G", "G", "G", "G", "G", "G", "G", "G"], "mode": ["major", "major", "major", "major", "major", "major", "major", "major", "major", "major", "major", "major", "major", "major", "major", "major", "major", "major", "major"], "metriccontour": [null, "+", "-", "+", "-", "-", "+", "-", "+", "-", "+", "-", "+", "-", "+", "-", "+", "-", "+"], "imaweight": [0.432927, 0.384146, 0.213415, 0.506098, 0.396341, 0.420732, 0.359756, 0.335366, 0.695122, 0.926829, 0.780488, 0.628049, 0.817073, 0.597561, 0.70122, 0.847561, 0.597561, 0.628049, 1.0], "imaweight_spectral": [0.863415, 0.780488, 0.643902, 0.878049, 0.756098, 0.77561, 0.726829, 0.707317, 0.995122, 0.863415, 0.82439, 0.643902, 0.853659, 0.6, 0.780488, 0.8, 0.678049, 0.643902, 1.0], "pitch40_hewlett": [146, 158, 163, 169, 169, 163, 158, 163, 169, 152, 158, 169, 163, 158, 152, 146, 158, 152, 146], "pitch40_sapp": [185, 197, 202, 208, 208, 202, 197, 202, 208, 191, 197, 208, 202, 197, 191, 185, 197, 191, 185], "octave": [4, 4, 5, 5, 5, 5, 4, 5, 5, 4, 4, 5, 5, 4, 4, 4, 4, 4, 4], "midipitch": [67, 71, 72, 74, 74, 72, 71, 72, 74, 69, 71, 74, 72, 71, 69, 67, 71, 69, 67], "diatonicpitch": [28, 30, 31, 32, 32, 31, 30, 31, 32, 29, 30, 32, 31, 30, 29, 28, 30, 29, 28], "diatonicinterval": [null, 2, 1, 1, 0, -1, -1, 1, 1, -3, 1, 2, -1, -1, -1, -1, 2, -1, -1], "chromaticinterval": [null, 4, 1, 2, 0, -2, -1, 1, 2, -5, 2, 3, -2, -1, -2, -2, 4, -2, -2], "pitchproximity": [null, null, 1, 2, 0, 2, 1, 1, 2, 5, 2, 3, 2, 1, 2, 2, 4, 2, 2], "pitchreversal": [null, null, 0, 0, 0, 0, 0, 1.5, 0, 0, 0, 0, 1.5, 0, 0, 0, 1.5, 1.5, 0], "nextisrest": [false, false, false, false, false, false, false, false, true, false, false, false, false, false, false, false, false, false, true], "restduration_frac": [null, null, null, null, null, null, null, null, "1/2", null, null, null, null, null, null, null, null, null, "1/2"], "duration": [0.5, 0.5, 0.5, 1.0, 0.5, 0.5, 0.5, 0.5, 1.0, 0.5, 0.5, 0.5, 0.5, 0.5, 0.5, 0.5, 0.5, 0.5, 1.0], "duration_frac": ["1/2", "1/2", "1/2", "1", "1/2", "1/2", "1/2", "1/2", "1", "1/2", "1/2", "1/2", "1/2", "1/2", "1/2", "1/2", "1/2", "1/2", "1"], "duration_fullname": ["Eighth", "Eighth", "Eighth", "Quarter", "Eighth", "Eighth", "Eighth", "Eighth", "Quarter", "Eighth", "Eighth", "Eighth", "Eighth", "Eighth", "Eighth", "Eighth", "Eighth", "Eighth", "Quarter"], "durationcontour": [null, "=", "=", "+", "-", "=", "=", "=", "+", "-", "=", "=", "=", "=", "=", "=", "=", "=", "+"], "onsettick": [0, 1, 2, 3, 5, 6, 7, 8, 9, 12, 13, 14, 15, 16, 17, 18, 19, 20, 21], "beatfraction": ["1/2", "1/2", "1/2", "1", "1/2", "1/2", "1/2", "1/2", "1", "1/2", "1/2", "1/2", "1/2", "1/2", "1/2", "1/2", "1/2", "1/2", "1"], "phrasepos": [0.0, 0.1111111111111111, 0.2222222222222222, 0.3333333333333333, 0.5555555555555556, 0.6666666666666666, 0.7777777777777778, 0.8888888888888888, 1.0, 0.0, 0.1111111111111111, 0.2222222222222222, 0.3333333333333333, 0.4444444444444444, 0.5555555555555556, 0.6666666666666666, 0.7777777777777778, 0.8888888888888888, 1.0], "phrase_ix": [0, 0, 0, 0, 0, 0, 0, 0, 0, 1, 1, 1, 1, 1, 1, 1, 1, 1, 1], "phrase_end": [false, false, false, false, false, false, false, false, true, false, false, false, false, false, false, false, false, false, true], "songpos": [0.0, 0.047619047619047616, 0.09523809523809523, 0.14285714285714285, 0.23809523809523808, 0.2857142857142857, 0.3333333333333333, 0.38095238095238093, 0.42857142857142855, 0.5714285714285714, 0.6190476190476191, 0.6666666666666666, 0.7142857142857143, 0.7619047619047619, 0.8095238095238095, 0.8571428571428571, 0.9047619047619048, 0.9523809523809523, 1.0], "beatinsong": ["-3/2", "-1", "-1/2", "0", "1", "3/2", "2", "5/2", "3", "9/2", "5", "11/2", "6", "13/2", "7", "15/2", "8", "17/2", "9"], "beatinphrase": ["-3/2", "-1", "-1/2", "0", "1", "3/2", "2", "5/2", "3", "-3/2", "-1", "-1/2", "0", "1/2", "1", "3/2", "2", "5/2", "3"], "beatinphrase_end": ["-9/2", "-4", "-7/2", "-3", "-2", "-3/2", "-1", "-1/2", "0", "-9/2", "-4", "-7/2", "-3", "-5/2", "-2", "-3/2", "-1", "-1/2", "0"], "IOI_frac": ["1/2", "1/2", "1/2", "1", "1/2", "1/2", "1/2", "1/2", "3/2", "1/2", "1/2", "1/2", "1/2", "1/2", "1/2", "1/2", "1/2", "1/2", "3/2"], "IOI": [0.5, 0.5, 0.5, 1.0, 0.5, 0.5, 0.5, 0.5, 1.5, 0.5, 0.5, 0.5, 0.5, 0.5, 0.5, 0.5, 0.5, 0.5, 1.5], "IOR_frac": [null, "1", "1", "2", "1/2", "1", "1", "1", "3", "1/3", "1", "1", "1", "1", "1", "1", "1", "1", "3"], "IOR": [null, 1.0, 1.0, 2.0, 0.5, 1.0, 1.0, 1.0, 3.0, 0.3333333333333333, 1.0, 1.0, 1.0, 1.0, 1.0, 1.0, 1.0, 1.0, 3.0], "imacontour": [null, "-", "-", "+", "-", "+", "-", "-", "+", "+", "-", "-", "+", "-", "+", "+", "-", "+", "+"], "pitch": ["G4", "B4", "C5", "D5", "D5", "C5", "B4", "C5", "D5", "A4", "B4", "D5", "C5", "B4", "A4", "G4", "B4", "A4", "G4"], "contour3": [null, "+", "+", "+", "=", "-", "-", "+", "+", "-", "+", "+", "-", "-", "-", "-", "+", "-", "-"], "contour5": [null, "++", "+", "+", "=", "-", "-", "+", "+", "--", "+", "++", "-", "-", "-", "-", "++", "-", "-"], "beatstrength": [0.25, 0.5, 0.25, 1.0, 0.5, 0.25, 0.5, 0.25, 1.0, 0.25, 0.5, 0.25, 1.0, 0.25, 0.5, 0.25, 0.5, 0.25, 1.0], "beat_str": ["2", "3", "3", "1", "2", "2", "3", "3", "1", "2", "3", "3", "1", "1", "2", "2", "3", "3", "1"], "beat_fraction_str": ["1/2", "0", "1/2", "0", "0", "1/2", "0", "1/2", "0", "1/2", "0", "1/2", "0", "1/2", "0", "1/2", "0", "1/2", "0"], "beat": [2.5, 3.0, 3.5, 1.0, 2.0, 2.5, 3.0, 3.5, 1.0, 2.5, 3.0, 3.5, 1.0, 1.5, 2.0, 2.5, 3.0, 3.5, 1.0], "timesignature": ["3/4", "3/4", "3/4", "3/4", "3/4", "3/4", "3/4", "3/4", "3/4", "3/4", "3/4", "3/4", "3/4", "3/4", "3/4", "3/4", "3/4", "3/4", "3/4"], "gpr2a_Frankland": [null, null, null, null, null, null, null, null, 0.125, null, null, null, null, null, null, null, null, null, 0.125], "gpr2b_Frankland": [null, null, null, 0.5, null, null, null, null, null, null, null, null, null, null, null, null, null, null, null], "gpr3a_Frankland": [null, null, 0.75, null, 0.75, null, null, null, 0.6, null, 0.33333333333333337, null, null, null, null, 0.5, null, null, null], "gpr3d_Frankland": [null, null, null, null, null, 0.0, null, null, null, null, 0.0, 0.0, 0.0, 0.0, 0.0, 0.0, null, null, null], "gpr_Frankland_sum": [0, 0, 0.75, 0.5, 0.75, 0, 0, 0, 0.725, 0, 0.33333333333333337, 0, 0, 0, 0, 0.5, 0, 0, 0.125], "lbdm_spitch": [null, 0.18857142857142858, 0.42, 0.0, 0.42, 0.06000000000000001, 0.06000000000000001, 0.32, 1.0, 0.2857142857142857, 0.2571428571428572, 0.20571428571428574, 0.12000000000000002, 0.12000000000000002, 0.15000000000000002, 0.6000000000000001, 0.15000000000000002, null, null], "lbdm_sioi": [null, 0.0, 0.1111111111111111, 0.4444444444444444, 0.1111111111111111, 0.0, 0.0, 0.16666666666666666, 1.0, 0.16666666666666666, 0.0, 0.0, 0.0, 0.0, 0.0, 0.0, 0.0, null, null], "lbdm_srest": [null, 0.0, 0.0, 0.0, 0.0, 0.0, 0.0, 0.0, 1.0, 0.0, 0.0, 0.0, 0.0, 0.0, 0.0, 0.0, 0.0, null, null], "lbdm_rpitch": [null, 0.42857142857142855, 0.2, 0.5, 0.5, 0.2, 0.0, 0.2, 0.3333333333333333, 0.3333333333333333, 0.14285714285714285, 0.14285714285714285, 0.2, 0.2, 0.0, 0.25, 0.25, 0.0, null], "lbdm_rioi": [null, 0.0, 0.0, 0.3333333333333333, 0.3333333333333333, 0.0, 0.0, 0.0, 0.5, 0.5, 0.0, 0.0, 0.0, 0.0, 0.0, 0.0, 0.0, 0.0, null], "lbdm_rrest": [null, 0.0, 0.0, 0.0, 0.0, 0.0, 0.0, 0.0, 1.0, 1.0, 0.0, 0.0, 0.0, 0.0, 0.0, 0.0, 0.0, 0.0, null],