{"id": "deut1635", "tunefamily": "", "year": -1, "tunefamily_full": "", "type": "vocal", "freemeter": false, "origin": "", "features": {"scaledegree": [1, 3, 3, 3, 2, 3, 2, 1, 1, 2, 3, 4, 5, 5, 4, 3, 1, 2, 1], "scaledegreespecifier": ["P", "M", "M", "M", "M", "M", "M", "P", "P", "M", "M", "P", "P", "P", "P", "M", "P", "M", "P"], "tonic": ["G", "G", "G", "G", "G", "G", "G", "G", "G", "G", "G", "G", "G", "G", "G", "G", "G", "G", "G"], "mode": ["major", "major", "major", "major", "major", "major", "major", "major", "major", "major", "major", "major", "major", "major", "major", "major", "major", "major", "major"], "metriccontour": [null, "+", "-", "+", "-", "+", "-", "-", "+", "-", "+", "-", "+", "-", "-", "+", "-", "+", "+"], "imaweight": [0.298343, 0.911602, 0.281768, 0.78453, 0.447514, 0.812155, 1.0, 0.40884, 0.883978, 0.491713, 0.845304, 0.469613, 1.0, 0.801105, 0.41989, 0.712707, 0.292818, 0.861878, 0.685083], "imaweight_spectral": [0.54955, 0.995495, 0.463964, 0.945946, 0.599099, 0.896396, 1.0, 0.518018, 0.905405, 0.585586, 0.873874, 0.567568, 1.0, 0.927928, 0.617117, 0.896396, 0.513514, 0.977477, 0.905405], "pitch40_hewlett": [146, 158, 158, 158, 152, 158, 152, 146, 146, 152, 158, 163, 169, 169, 163, 158, 146, 152, 146], "pitch40_sapp": [185, 197, 197, 197, 191, 197, 191, 185, 185, 191, 197, 202, 208, 208, 202, 197, 185, 191, 185], "octave": [4, 4, 4, 4, 4, 4, 4, 4, 4, 4, 4, 5, 5, 5, 5, 4, 4, 4, 4], "midipitch": [67, 71, 71, 71, 69, 71, 69, 67, 67, 69, 71, 72, 74, 74, 72, 71, 67, 69, 67], "diatonicpitch": [28, 30, 30, 30, 29, 30, 29, 28, 28, 29, 30, 31, 32, 32, 31, 30, 28, 29, 28], "diatonicinterval": [null, 2, 0, 0, -1, 1, -1, -1, 0, 1, 1, 1, 1, 0, -1, -1, -2, 1, -1], "chromaticinterval": [null, 4, 0, 0, -2, 2, -2, -2, 0, 2, 2, 1, 2, 0, -2, -1, -4, 2, -2], "pitchproximity": [null, null, 0, 0, 2, 2, 2, 2, 0, 2, 2, 1, 2, 0, 2, 1, 4, 2, 2], "pitchreversal": [null, null, 0, 0, 0, 1.5, 1.5, 0, 0, 0, 0, 0, 0, 0, 0, 0, 0, 1.5, 1.5], "nextisrest": [false, false, false, false, false, false, false, false, false, false, false, false, false, false, false, false, false, false, true], "restduration_frac": [null, null, null, null, null, null, null, null, null, null, null, null, null, null, null, null, null, null, "1"], "duration": [1.0, 1.0, 1.0, 1.0, 1.0, 2.0, 1.0, 1.0, 1.0, 1.0, 1.0, 1.0, 2.0, 1.0, 1.0, 1.0, 1.0, 2.0, 2.0], "duration_frac": ["1", "1", "1", "1", "1", "2", "1", "1", "1", "1", "1", "1", "2", "1", "1", "1", "1", "2", "2"], "duration_fullname": ["Quarter", "Quarter", "Quarter", "Quarter", "Quarter", "Half", "Quarter", "Quarter", "Quarter", "Quarter", "Quarter", "Quarter", "Half", "Quarter", "Quarter", "Quarter", "Quarter", "Half", "Half"], "durationcontour": [null, "=", "=", "=", "=", "+", "-", "=", "=", "=", "=", "=", "+", "-", "=", "=", "=", "+", "="], "onsettick": [0, 1, 2, 3, 4, 5, 7, 8, 9, 10, 11, 12, 13, 15, 16, 17, 18, 19, 21], "beatfraction": ["1", "1", "1", "1", "1", "2", "1", "1", "1", "1", "1", "1", "2", "1", "1", "1", "1", "2", "2"], "phrasepos": [0.0, 0.14285714285714285, 0.2857142857142857, 0.42857142857142855, 0.5714285714285714, 0.7142857142857143, 1.0, 0.0, 0.14285714285714285, 0.2857142857142857, 0.42857142857142855, 0.5714285714285714, 0.7142857142857143, 1.0, 0.0, 0.2, 0.4, 0.6, 1.0], "phrase_ix": [0, 0, 0, 0, 0, 0, 0, 1, 1, 1, 1, 1, 1, 1, 2, 2, 2, 2, 2], "phrase_end": [false, false, false, false, false, false, true, false, false, false, false, false, false, true, false, false, false, false, true], "songpos": [0.0, 0.047619047619047616, 0.09523809523809523, 0.14285714285714285, 0.19047619047619047, 0.23809523809523808, 0.3333333333333333, 0.38095238095238093, 0.42857142857142855, 0.47619047619047616, 0.5238095238095238, 0.5714285714285714, 0.6190476190476191, 0.7142857142857143, 0.7619047619047619, 0.8095238095238095, 0.8571428571428571, 0.9047619047619048, 1.0], "beatinsong": ["-1", "0", "1", "2", "3", "4", "6", "7", "8", "9", "10", "11", "12", "14", "15", "16", "17", "18", "20"], "beatinphrase": ["-1", "0", "1", "2", "3", "4", "6", "-1", "0", "1", "2", "3", "4", "6", "-1", "0", "1", "2", "4"], "beatinphrase_end": ["-5", "-4", "-3", "-2", "-1", "0", "2", "-5", "-4", "-3", "-2", "-1", "0", "2", "-5", "-4", "-3", "-2", "0"], "IOI_frac": ["1", "1", "1", "1", "1", "2", "1", "1", "1", "1", "1", "1", "2", "1", "1", "1", "1", "2", "3"], "IOI": [1.0, 1.0, 1.0, 1.0, 1.0, 2.0, 1.0, 1.0, 1.0, 1.0, 1.0, 1.0, 2.0, 1.0, 1.0, 1.0, 1.0, 2.0, 3.0], "IOR_frac": [null, "1", "1", "1", "1", "2", "1/2", "1", "1", "1", "1", "1", "2", "1/2", "1", "1", "1", "2", "3/2"], "IOR": [null, 1.0, 1.0, 1.0, 1.0, 2.0, 0.5, 1.0, 1.0, 1.0, 1.0, 1.0, 2.0, 0.5, 1.0, 1.0, 1.0, 2.0, 1.5], "imacontour": [null, "+", "-", "+", "-", "+", "+", "-", "+", "-", "+", "-", "+", "-", "-", "+", "-", "+", "-"], "pitch": ["G4", "B4", "B4", "B4", "A4", "B4", "A4", "G4", "G4", "A4", "B4", "C5", "D5", "D5", "C5", "B4", "G4", "A4", "G4"], "contour3": [null, "+", "=", "=", "-", "+", "-", "-", "=", "+", "+", "+", "+", "=", "-", "-", "-", "+", "-"], "contour5": [null, "++", "=", "=", "-", "+", "-", "-", "=", "+", "+", "+", "+", "=", "-", "-", "--", "+", "-"], "beatstrength": [0.25, 1.0, 0.25, 0.5, 0.25, 1.0, 0.5, 0.25, 1.0, 0.25, 0.5, 0.25, 1.0, 0.5, 0.25, 1.0, 0.25, 0.5, 1.0], "beat_str": ["4", "1", "2", "3", "4", "1", "3", "4", "1", "2", "3", "4", "1", "3", "4", "1", "2", "3", "1"], "beat_fraction_str": ["0", "0", "0", "0", "0", "0", "0", "0", "0", "0", "0", "0", "0", "0", "0", "0", "0", "0", "0"], "beat": [4.0, 1.0, 2.0, 3.0, 4.0, 1.0, 3.0, 4.0, 1.0, 2.0, 3.0, 4.0, 1.0, 3.0, 4.0, 1.0, 2.0, 3.0, 1.0], "timesignature": ["4/4", "4/4", "4/4", "4/4", "4/4", "4/4", "4/4", "4/4", "4/4", "4/4", "4/4", "4/4", "4/4", "4/4", "4/4", "4/4", "4/4", "4/4", "4/4"], "gpr2a_Frankland": [null, null, null, null, null, null, null, null, null, null, null, null, null, null, null, null, null, null, 0.25], "gpr2b_Frankland": [null, null, null, null, null, 0.5, null, null, null, null, null, null, 0.5, null, null, null, null, null, null], "gpr3a_Frankland": [null, null, null, null, null, null, null, null, null, null, null, 0.75, null, 0.75, null, 0.625, null, null, null], "gpr3d_Frankland": [null, 0.0, 0.0, null, null, null, null, 0.0, 0.0, 0.0, null, null, null, null, 0.0, null, null, null, null], "gpr_Frankland_sum": [0, 0, 0, 0, 0, 0.5, 0, 0, 0, 0, 0, 0.75, 0.5, 0.75, 0, 0.625, 0, 0, 0.25], "lbdm_spitch": [null, 0.0, 0.0, 0.3684210526315789, 0.0, 0.0, 0.3684210526315789, 0.0, 0.3684210526315789, 0.1473684210526316, 0.1473684210526316, 0.5157894736842105, 0.0, 0.5157894736842105, 0.23157894736842105, 1.0, 0.18421052631578946, null, null], "lbdm_sioi": [null, 0.0, 0.0, 0.0, 0.25, 1.0, 0.25, 0.0, 0.0, 0.0, 0.0, 0.25, 1.0, 0.25, 0.0, 0.0, 0.25, null, null], "lbdm_srest": [null, 0.0, 0.0, 0.0, 0.0, 0.0, 0.0, 0.0, 0.0, 0.0, 0.0, 0.0, 0.0, 0.0, 0.0, 0.0, 0.0, null, null], "lbdm_rpitch": [null, 0.6666666666666666, 0.0, 0.5, 0.0, 0.0, 0.0, 0.5, 0.5, 0.0, 0.2, 0.2, 0.5, 0.5, 0.2, 0.42857142857142855, 0.25, 0.0, null], "lbdm_rioi": [null, 0.0, 0.0, 0.0, 0.0, 0.3333333333333333, 0.3333333333333333, 0.0, 0.0, 0.0, 0.0, 0.0, 0.3333333333333333, 0.3333333333333333, 0.0, 0.0, 0.0, 0.3333333333333333, null], "lbdm_rrest": [null, 0.0, 0.0, 0.0, 0.0, 0.0, 0.0, 0.0, 0.0, 0.0, 0.0, 0.0, 0.0, 0.0, 0.0, 0.0, 0.0, 0.0, null], "lbdm_boundarystrength": [null, 0.0, 0.0, 0.09210526315789473, 0.125, 0.5, 0.21710526315789475, 0.0, 0.09210526315789473, 0.0368421052631579, 0.0368421052631579, 0.2539473684210526, 0.5, 0.2539473684210526, 0.05789473684210526, 0.25, 0.17105263157894737, null, null]}}
