{"id": "deut3187", "tunefamily": "", "year": -1, "tunefamily_full": "", "type": "vocal", "freemeter": false, "origin": "", "features": {"scaledegree": [5, 1, 3, 3, 5, 5, 6, 5, 3, 3, 2, 3, 4, 4, 5, 2, 4, 3], "scaledegreespecifier": ["P", "P", "M", "M", "P", "P", "M", "P", "M", "M", "M", "M", "P", "P", "P", "M", "P", "M"], "tonic": ["G", "G", "G", "G", "G", "G", "G", "G", "G", "G", "G", "G", "G", "G", "G", "G", "G", "G"], "mode": ["major", "major", "major", "major", "major", "major", "major", "major", "major", "major", "major", "major", "major", "major", "major", "major", "major", "major"], "metriccontour": [null, "+", "-", "+", "-", "=", "-", "+", "-", "-", "+", "-", "+", "-", "+", "=", "-", "+"], "imaweight": [0.170543, 0.844961, 0.20155, 0.906977, 0.837209, 0.914729, 0.124031, 0.837209, 1.0, 0.348837, 0.930233, 0.356589, 0.96124, 0.0930233, 0.945736, 0.899225, 0.162791, 0.937984], "imaweight_spectral": [0.304636, 0.854305, 0.364238, 0.960265, 0.966887, 0.97351, 0.10596, 0.933775, 0.940397, 0.384106, 0.880795, 0.390728, 0.907285, 0.0794702, 1.0, 0.960265, 0.304636, 0.993377], "pitch40_hewlett": [129, 146, 158, 158, 169, 169, 175, 169, 158, 158, 152, 158, 163, 163, 169, 152, 163, 158], "pitch40_sapp": [168, 185, 197, 197, 208, 208, 214, 208, 197, 197, 191, 197, 202, 202, 208, 191, 202, 197], "octave": [4, 4, 4, 4, 5, 5, 5, 5, 4, 4, 4, 4, 5, 5, 5, 4, 5, 4], "midipitch": [62, 67, 71, 71, 74, 74, 76, 74, 71, 71, 69, 71, 72, 72, 74, 69, 72, 71], "diatonicpitch": [25, 28, 30, 30, 32, 32, 33, 32, 30, 30, 29, 30, 31, 31, 32, 29, 31, 30], "diatonicinterval": [null, 3, 2, 0, 2, 0, 1, -1, -2, 0, -1, 1, 1, 0, 1, -3, 2, -1], "chromaticinterval": [null, 5, 4, 0, 3, 0, 2, -2, -3, 0, -2, 2, 1, 0, 2, -5, 3, -1], "pitchproximity": [null, null, 4, 0, 3, 0, 2, 2, 3, 0, 2, 2, 1, 0, 2, 5, 3, 1], "pitchreversal": [null, null, 0, 0, 0, 0, 0, 1.5, 0, 0, 0, 1.5, 0, 0, 0, 0, 1.5, 1.5], "nextisrest": [false, false, false, false, false, false, false, false, false, false, false, false, false, false, false, false, false, true], "restduration_frac": [null, null, null, null, null, null, null, null, null, null, null, null, null, null, null, null, null, "1/2"], "duration": [0.5, 0.5, 0.5, 1.0, 1.0, 0.75, 0.25, 1.0, 0.5, 0.5, 0.5, 0.5, 0.75, 0.25, 1.0, 0.5, 0.5, 1.0], "duration_frac": ["1/2", "1/2", "1/2", "1", "1", "3/4", "1/4", "1", "1/2", "1/2", "1/2", "1/2", "3/4", "1/4", "1", "1/2", "1/2", "1"], "duration_fullname": ["Eighth", "Eighth", "Eighth", "Quarter", "Quarter", "Dotted Eighth", "16th", "Quarter", "Eighth", "Eighth", "Eighth", "Eighth", "Dotted Eighth", "16th", "Quarter", "Eighth", "Eighth", "Quarter"], "durationcontour": [null, "=", "=", "+", "=", "-", "-", "+", "-", "=", "=", "=", "+", "-", "+", "-", "=", "+"], "onsettick": [0, 2, 4, 6, 10, 14, 17, 18, 22, 24, 26, 28, 30, 33, 34, 38, 40, 42], "beatfraction": ["1/2", "1/2", "1/2", "1", "1", "3/4", "1/4", "1", "1/2", "1/2", "1/2", "1/2", "3/4", "1/4", "1", "1/2", "1/2", "1"], "phrasepos": [0.0, 0.09090909090909091, 0.18181818181818182, 0.2727272727272727, 0.45454545454545453, 0.6363636363636364, 0.7727272727272727, 0.8181818181818182, 1.0, 0.0, 0.1111111111111111, 0.2222222222222222, 0.3333333333333333, 0.5, 0.5555555555555556, 0.7777777777777778, 0.8888888888888888, 1.0], "phrase_ix": [0, 0, 0, 0, 0, 0, 0, 0, 0, 1, 1, 1, 1, 1, 1, 1, 1, 1], "phrase_end": [false, false, false, false, false, false, false, false, true, false, false, false, false, false, false, false, false, true], "songpos": [0.0, 0.047619047619047616, 0.09523809523809523, 0.14285714285714285, 0.23809523809523808, 0.3333333333333333, 0.40476190476190477, 0.42857142857142855, 0.5238095238095238, 0.5714285714285714, 0.6190476190476191, 0.6666666666666666, 0.7142857142857143, 0.7857142857142857, 0.8095238095238095, 0.9047619047619048, 0.9523809523809523, 1.0], "beatinsong": ["-3/2", "-1", "-1/2", "0", "1", "2", "11/4", "3", "4", "9/2", "5", "11/2", "6", "27/4", "7", "8", "17/2", "9"], "beatinphrase": ["-3/2", "-1", "-1/2", "0", "1", "2", "11/4", "3", "4", "-3/2", "-1", "-1/2", "0", "3/4", "1", "2", "5/2", "3"], "beatinphrase_end": ["-9/2", "-4", "-7/2", "-3", "-2", "-1", "-1/4", "0", "1", "-9/2", "-4", "-7/2", "-3", "-9/4", "-2", "-1", "-1/2", "0"], "IOI_frac": ["1/2", "1/2", "1/2", "1", "1", "3/4", "1/4", "1", "1/2", "1/2", "1/2", "1/2", "3/4", "1/4", "1", "1/2", "1/2", "3/2"], "IOI": [0.5, 0.5, 0.5, 1.0, 1.0, 0.75, 0.25, 1.0, 0.5, 0.5, 0.5, 0.5, 0.75, 0.25, 1.0, 0.5, 0.5, 1.5], "IOR_frac": [null, "1", "1", "2", "1", "3/4", "1/3", "4", "1/2", "1", "1", "1", "3/2", "1/3", "4", "1/2", "1", "3"], "IOR": [null, 1.0, 1.0, 2.0, 1.0, 0.75, 0.3333333333333333, 4.0, 0.5, 1.0, 1.0, 1.0, 1.5, 0.3333333333333333, 4.0, 0.5, 1.0, 3.0], "imacontour": [null, "+", "-", "+", "-", "+", "-", "+", "+", "-", "+", "-", "+", "-", "+", "-", "-", "+"], "pitch": ["D4", "G4", "B4", "B4", "D5", "D5", "E5", "D5", "B4", "B4", "A4", "B4", "C5", "C5", "D5", "A4", "C5", "B4"], "contour3": [null, "+", "+", "=", "+", "=", "+", "-", "-", "=", "-", "+", "+", "=", "+", "-", "+", "-"], "contour5": [null, "++", "++", "=", "++", "=", "+", "-", "--", "=", "-", "+", "+", "=", "+", "--", "++", "-"], "beatstrength": [0.25, 0.5, 0.25, 1.0, 0.5, 0.5, 0.125, 1.0, 0.5, 0.25, 0.5, 0.25, 1.0, 0.125, 0.5, 0.5, 0.25, 1.0], "beat_str": ["2", "3", "3", "1", "2", "3", "3", "1", "2", "2", "3", "3", "1", "1", "2", "3", "3", "1"], "beat_fraction_str": ["1/2", "0", "1/2", "0", "0", "0", "3/4", "0", "0", "1/2", "0", "1/2", "0", "3/4", "0", "0", "1/2", "0"], "beat": [2.5, 3.0, 3.5, 1.0, 2.0, 3.0, 3.75, 1.0, 2.0, 2.5, 3.0, 3.5, 1.0, 1.75, 2.0, 3.0, 3.5, 1.0], "timesignature": ["3/4", "3/4", "3/4", "3/4", "3/4", "3/4", "3/4", "3/4", "3/4", "3/4", "3/4", "3/4", "3/4", "3/4", "3/4", "3/4", "3/4", "3/4"], "gpr2a_Frankland": [null, null, null, null, null, null, null, null, null, null, null, null, null, null, null, null, null, 0.125], "gpr2b_Frankland": [null, null, null, null, null, null, null, 0.625, null, null, null, null, 0.5, null, 0.625, null, null, null], "gpr3a_Frankland": [null, null, null, 1.0, null, null, null, 0.6666666666666667, null, null, null, null, null, null, 0.5, null, null, null], "gpr3d_Frankland": [null, null, 0.5, null, null, null, null, null, null, 0.0, null, null, null, null, null, null, null, null], "gpr_Frankland_sum": [0, 0, 0.5, 1.0, 0, 0, 0, 1.2916666666666667, 0, 0, 0, 0, 0.5, 0, 1.125, 0, 0, 0.125], "lbdm_spitch": [null, 0.8417508417508418, 0.0, 1.0, 0.0, 0.2777777777777778, 0.07936507936507937, 0.6190476190476192, 0.0, 0.2777777777777778, 0.11111111111111113, 0.14814814814814817, 0.0, 0.46296296296296297, 0.7407407407407408, 0.44444444444444453, null, null], "lbdm_sioi": [null, 0.0, 0.17857142857142855, 0.3571428571428571, 0.1530612244897959, 0.5165816326530611, 0.29464285714285715, 1.0, 0.17857142857142855, 0.0, 0.0, 0.10714285714285715, 0.5624999999999999, 0.29464285714285715, 1.0, 0.17857142857142855, null, null], "lbdm_srest": [null, 0.0, 0.0, 0.0, 0.0, 0.0, 0.0, 0.0, 0.0, 0.0, 0.0, 0.0, 0.0, 0.0, 0.0, 0.0, null, null], "lbdm_rpitch": [null, 0.09090909090909091, 0.6666666666666666, 0.6, 0.6, 0.5, 0.0, 0.14285714285714285, 0.6, 0.5, 0.0, 0.2, 0.3333333333333333, 0.5, 0.3333333333333333, 0.2, 0.3333333333333333, null], "lbdm_rioi": [null, 0.0, 0.0, 0.3333333333333333, 0.0, 0.14285714285714285, 0.5, 0.6, 0.3333333333333333, 0.0, 0.0, 0.0, 0.2, 0.5, 0.6, 0.3333333333333333, 0.0, null], "lbdm_rrest": [null, 0.0, 0.0, 0.0, 0.0, 0.0, 0.0, 0.0, 0.0, 0.0, 0.0, 0.0, 0.0, 0.0, 0.0, 0.0, 0.0, null], "lbdm_boundarystrength": [null, 0.21043771043771045, 0.08928571428571427, 0.42857142857142855, 0.07653061224489795, 0.32773526077097503, 0.16716269841269843, 0.6547619047619048, 0.08928571428571427, 0.06944444444444445, 0.027777777777777783, 0.09060846560846561, 0.28124999999999994, 0.2630621693121693, 0.6851851851851852, 0.2003968253968254, null, null]}}
