{"id": "deut1681", "tunefamily": "", "year": -1, "tunefamily_full": "", "type": "vocal", "freemeter": false, "origin": "", "features": {"scaledegree": [1, 1, 1, 7, 3, 2, 1, 7, 6, 5, 6, 7, 1, 1, 1, 7, 6, 5], "scaledegreespecifier": ["P", "P", "P", "M", "M", "M", "P", "M", "M", "P", "M", "M", "P", "P", "P", "M", "M", "P"], "tonic": ["C", "C", "C", "C", "C", "C", "C", "C", "C", "C", "C", "C", "C", "C", "C", "C", "C", "C"], "mode": ["major", "major", "major", "major", "major", "major", "major", "major", "major", "major", "major", "major", "major", "major", "major", "major", "major", "major"], "metriccontour": [null, "+", "-", "+", "-", "+", "-", "=", "+", "-", "+", "-", "+", "-", "+", "-", "=", "+"], "imaweight": [0.866667, 0.644444, 0.644444, 1.0, 0.944444, 0.722222, 0.833333, 0.722222, 0.988889, 1.0, 0.688889, 0.688889, 0.922222, 0.922222, 0.722222, 0.688889, 0.722222, 0.922222], "imaweight_spectral": [1.0, 0.647482, 0.647482, 0.942446, 0.791367, 0.582734, 0.719424, 0.582734, 0.820144, 0.942446, 0.676259, 0.676259, 0.942446, 0.827338, 0.582734, 0.676259, 0.582734, 0.827338], "pitch40_hewlett": [123, 123, 123, 118, 135, 129, 123, 118, 112, 106, 112, 118, 123, 123, 123, 118, 112, 106], "pitch40_sapp": [162, 162, 162, 157, 174, 168, 162, 157, 151, 145, 151, 157, 162, 162, 162, 157, 151, 145], "octave": [4, 4, 4, 3, 4, 4, 4, 3, 3, 3, 3, 3, 4, 4, 4, 3, 3, 3], "midipitch": [60, 60, 60, 59, 64, 62, 60, 59, 57, 55, 57, 59, 60, 60, 60, 59, 57, 55], "diatonicpitch": [28, 28, 28, 27, 30, 29, 28, 27, 26, 25, 26, 27, 28, 28, 28, 27, 26, 25], "diatonicinterval": [null, 0, 0, -1, 3, -1, -1, -1, -1, -1, 1, 1, 1, 0, 0, -1, -1, -1], "chromaticinterval": [null, 0, 0, -1, 5, -2, -2, -1, -2, -2, 2, 2, 1, 0, 0, -1, -2, -2], "pitchproximity": [null, null, 0, 1, 5, 2, 2, 1, 2, 2, 2, 2, 1, 0, 0, 1, 2, 2], "pitchreversal": [null, null, 0, 0, 0, 0, 0, 0, 0, 0, 1.5, 0, 0, 0, 0, 0, 0, 0], "nextisrest": [false, false, false, false, false, false, false, false, false, false, false, false, false, false, false, false, false, null], "restduration_frac": [null, null, null, null, null, null, null, null, null, null, null, null, null, null, null, null, null, null], "duration": [1.0, 2.0, 1.0, 2.0, 1.0, 1.0, 1.0, 1.0, 2.0, 1.0, 2.0, 1.0, 2.0, 1.0, 1.0, 1.0, 1.0, 2.0], "duration_frac": ["1", "2", "1", "2", "1", "1", "1", "1", "2", "1", "2", "1", "2", "1", "1", "1", "1", "2"], "duration_fullname": ["Quarter", "Half", "Quarter", "Half", "Quarter", "Quarter", "Quarter", "Quarter", "Half", "Quarter", "Half", "Quarter", "Half", "Quarter", "Quarter", "Quarter", "Quarter", "Half"], "durationcontour": [null, "+", "-", "+", "-", "=", "=", "=", "+", "-", "+", "-", "+", "-", "=", "=", "=", "+"], "onsettick": [0, 1, 3, 4, 6, 7, 8, 9, 10, 12, 13, 15, 16, 18, 19, 20, 21, 22], "beatfraction": ["1", "2", "1", "2", "1", "1", "1", "1", "2", "1", "2", "1", "2", "1", "1", "1", "1", "2"], "phrasepos": [0.0, 0.1, 0.3, 0.4, 0.6, 0.7, 0.8, 0.9, 1.0, 0.0, 0.1, 0.3, 0.4, 0.6, 0.7, 0.8, 0.9, 1.0], "phrase_ix": [0, 0, 0, 0, 0, 0, 0, 0, 0, 1, 1, 1, 1, 1, 1, 1, 1, 1], "phrase_end": [false, false, false, false, false, false, false, false, true, false, false, false, false, false, false, false, false, true], "songpos": [0.0, 0.045454545454545456, 0.13636363636363635, 0.18181818181818182, 0.2727272727272727, 0.3181818181818182, 0.36363636363636365, 0.4090909090909091, 0.45454545454545453, 0.5454545454545454, 0.5909090909090909, 0.6818181818181818, 0.7272727272727273, 0.8181818181818182, 0.8636363636363636, 0.9090909090909091, 0.9545454545454546, 1.0], "beatinsong": ["-1", "0", "2", "3", "5", "6", "7", "8", "9", "11", "12", "14", "15", "17", "18", "19", "20", "21"], "beatinphrase": ["-1", "0", "2", "3", "5", "6", "7", "8", "9", "-1", "0", "2", "3", "5", "6", "7", "8", "9"], "beatinphrase_end": ["-10", "-9", "-7", "-6", "-4", "-3", "-2", "-1", "0", "-10", "-9", "-7", "-6", "-4", "-3", "-2", "-1", "0"], "IOI_frac": ["1", "2", "1", "2", "1", "1", "1", "1", "2", "1", "2", "1", "2", "1", "1", "1", "1", null], "IOI": [1.0, 2.0, 1.0, 2.0, 1.0, 1.0, 1.0, 1.0, 2.0, 1.0, 2.0, 1.0, 2.0, 1.0, 1.0, 1.0, 1.0, null], "IOR_frac": [null, "2", "1/2", "2", "1/2", "1", "1", "1", "2", "1/2", "2", "1/2", "2", "1/2", "1", "1", "1", null], "IOR": [null, 2.0, 0.5, 2.0, 0.5, 1.0, 1.0, 1.0, 2.0, 0.5, 2.0, 0.5, 2.0, 0.5, 1.0, 1.0, 1.0, null], "imacontour": [null, "-", "=", "+", "-", "-", "+", "-", "+", "+", "-", "=", "+", "=", "-", "-", "+", "+"], "pitch": ["C4", "C4", "C4", "B3", "E4", "D4", "C4", "B3", "A3", "G3", "A3", "B3", "C4", "C4", "C4", "B3", "A3", "G3"], "contour3": [null, "=", "=", "-", "+", "-", "-", "-", "-", "-", "+", "+", "+", "=", "=", "-", "-", "-"], "contour5": [null, "=", "=", "-", "++", "-", "-", "-", "-", "-", "+", "+", "+", "=", "=", "-", "-", "-"], "beatstrength": [0.5, 1.0, 0.5, 1.0, 0.5, 1.0, 0.5, 0.5, 1.0, 0.5, 1.0, 0.5, 1.0, 0.5, 1.0, 0.5, 0.5, 1.0], "beat_str": ["3", "1", "3", "1", "3", "1", "2", "3", "1", "3", "1", "3", "1", "3", "1", "2", "3", "1"], "beat_fraction_str": ["0", "0", "0", "0", "0", "0", "0", "0", "0", "0", "0", "0", "0", "0", "0", "0", "0", "0"], "beat": [3.0, 1.0, 3.0, 1.0, 3.0, 1.0, 2.0, 3.0, 1.0, 3.0, 1.0, 3.0, 1.0, 3.0, 1.0, 2.0, 3.0, 1.0], "timesignature": ["3/4", "3/4", "3/4", "3/4", "3/4", "3/4", "3/4", "3/4", "3/4", "3/4", "3/4", "3/4", "3/4", "3/4", "3/4", "3/4", "3/4", "3/4"], "gpr2a_Frankland": [null, null, null, null, null, null, null, null, null, null, null, null, null, null, null, null, null, null], "gpr2b_Frankland": [null, 0.5, null, 0.5, null, null, null, null, 0.5, null, 0.5, null, 0.5, null, null, null, null, null], "gpr3a_Frankland": [null, null, null, 0.7, null, null, null, null, null, null, null, null, null, null, null, null, null, null], "gpr3d_Frankland": [null, null, null, null, null, 0.0, null, null, null, null, null, null, null, null, 0.0, null, null, null], "gpr_Frankland_sum": [0, 0.5, 0, 1.2, 0, 0, 0, 0, 0.5, 0, 0.5, 0, 0.5, 0, 0, 0, 0, 0], "lbdm_spitch": [null, 0.0, 0.2, 1.0, 0.16, 0.09600000000000002, 0.09600000000000002, 0.09600000000000002, 0.0, 0.0, 0.09600000000000002, 0.128, 0.0, 0.0, 0.128, 0.09600000000000002, null, null], "lbdm_sioi": [null, 1.0, 0.5, 1.0, 0.25, 0.0, 0.0, 0.25, 1.0, 0.5, 1.0, 0.5, 1.0, 0.25, 0.0, 0.0, null, null], "lbdm_srest": [null, 0.0, 0.0, 0.0, 0.0, 0.0, 0.0, 0.0, 0.0, 0.0, 0.0, 0.0, 0.0, 0.0, 0.0, 0.0, null, null], "lbdm_rpitch": [null, 0.0, 0.3333333333333333, 0.5, 0.3333333333333333, 0.0, 0.2, 0.2, 0.0, 0.0, 0.0, 0.2, 0.3333333333333333, 0.0, 0.3333333333333333, 0.2, 0.0, null], "lbdm_rioi": [null, 0.3333333333333333, 0.3333333333333333, 0.3333333333333333, 0.3333333333333333, 0.0, 0.0, 0.0, 0.3333333333333333, 0.3333333333333333, 0.3333333333333333, 0.3333333333333333, 0.3333333333333333, 0.3333333333333333, 0.0, 0.0, 0.0, null], "lbdm_rrest": [null, 0.0, 0.0, 0.0, 0.0, 0.0, 0.0, 0.0, 0.0, 0.0, 0.0, 0.0, 0.0, 0.0, 0.0, 0.0, 0.0, null], "lbdm_boundarystrength": [null, 0.5, 0.3, 0.75, 0.165, 0.024000000000000004, 0.024000000000000004, 0.149, 0.5, 0.25, 0.524, 0.28200000000000003, 0.5, 0.125, 0.032, 0.024000000000000004, null, null]}}
