{"id": "deut530", "tunefamily": "", "year": -1, "tunefamily_full": "", "type": "vocal", "freemeter": false, "origin": "", "features": {"scaledegree": [1, 3, 5, 5, 5, 6, 4, 3, 3, 3, 3, 2, 3, 5, 4, 3, 3, 2], "scaledegreespecifier": ["P", "M", "P", "P", "P", "M", "P", "M", "M", "M", "M", "M", "M", "P", "P", "M", "M", "M"], "tonic": ["F", "F", "F", "F", "F", "F", "F", "F", "F", "F", "F", "F", "F", "F", "F", "F", "F", "F"], "mode": ["major", "major", "major", "major", "major", "major", "major", "major", "major", "major", "major", "major", "major", "major", "major", "major", "major", "major"], "metriccontour": [null, "-", "+", "-", "+", "-", "-", "+", "-", "+", "-", "+", "-", "+", "-", "+", "+", "-"], "imaweight": [0.754601, 0.0490798, 0.944785, 0.601227, 1.0, 0.576687, 0.196319, 0.877301, 0.748466, 0.846626, 0.754601, 1.0, 0.128834, 0.460123, 0.177914, 0.337423, 0.374233, 0.576687], "imaweight_spectral": [0.72549, 0.122549, 0.838235, 0.583333, 0.941176, 0.544118, 0.240196, 0.784314, 0.720588, 0.779412, 0.705882, 0.921569, 0.161765, 0.803922, 0.181373, 0.745098, 0.779412, 1.0], "pitch40_hewlett": [140, 152, 163, 163, 163, 169, 157, 152, 152, 152, 152, 146, 152, 163, 157, 152, 152, 146], "pitch40_sapp": [179, 191, 202, 202, 202, 208, 196, 191, 191, 191, 191, 185, 191, 202, 196, 191, 191, 185], "octave": [4, 4, 5, 5, 5, 5, 4, 4, 4, 4, 4, 4, 4, 5, 4, 4, 4, 4], "midipitch": [65, 69, 72, 72, 72, 74, 70, 69, 69, 69, 69, 67, 69, 72, 70, 69, 69, 67], "diatonicpitch": [28, 30, 32, 32, 32, 33, 31, 30, 30, 30, 30, 29, 30, 32, 31, 30, 30, 29], "diatonicinterval": [null, 2, 2, 0, 0, 1, -2, -1, 0, 0, 0, -1, 1, 2, -1, -1, 0, -1], "chromaticinterval": [null, 4, 3, 0, 0, 2, -4, -1, 0, 0, 0, -2, 2, 3, -2, -1, 0, -2], "pitchproximity": [null, null, 3, 0, 0, 2, 4, 1, 0, 0, 0, 2, 2, 3, 2, 1, 0, 2], "pitchreversal": [null, null, 0, 0, 0, 0, 1.5, 0, 0, 0, 0, 0, 1.5, 0, 1.5, 0, 0, 0], "nextisrest": [false, false, false, false, false, false, false, false, false, false, false, false, false, false, false, false, false, null], "restduration_frac": [null, null, null, null, null, null, null, null, null, null, null, null, null, null, null, null, null, null], "duration": [0.5, 0.5, 1.0, 1.0, 1.0, 0.5, 0.5, 1.0, 1.0, 1.0, 1.0, 1.5, 0.5, 0.5, 0.5, 1.0, 2.0, 1.0], "duration_frac": ["1/2", "1/2", "1", "1", "1", "1/2", "1/2", "1", "1", "1", "1", "3/2", "1/2", "1/2", "1/2", "1", "2", "1"], "duration_fullname": ["Eighth", "Eighth", "Quarter", "Quarter", "Quarter", "Eighth", "Eighth", "Quarter", "Quarter", "Quarter", "Quarter", "Dotted Quarter", "Eighth", "Eighth", "Eighth", "Quarter", "Half", "Quarter"], "durationcontour": [null, "=", "+", "=", "=", "-", "=", "+", "=", "=", "=", "+", "-", "=", "=", "+", "+", "-"], "onsettick": [0, 1, 2, 4, 6, 8, 9, 10, 12, 14, 16, 18, 21, 22, 23, 24, 26, 30], "beatfraction": ["1/2", "1/2", "1", "1", "1", "1/2", "1/2", "1", "1", "1", "1", "3/2", "1/2", "1/2", "1/2", "1", "2", "1"], "phrasepos": [0.0, 0.07142857142857142, 0.14285714285714285, 0.2857142857142857, 0.42857142857142855, 0.5714285714285714, 0.6428571428571429, 0.7142857142857143, 0.8571428571428571, 1.0, 0.0, 0.14285714285714285, 0.35714285714285715, 0.42857142857142855, 0.5, 0.5714285714285714, 0.7142857142857143, 1.0], "phrase_ix": [0, 0, 0, 0, 0, 0, 0, 0, 0, 0, 1, 1, 1, 1, 1, 1, 1, 1], "phrase_end": [false, false, false, false, false, false, false, false, false, true, false, false, false, false, false, false, false, true], "songpos": [0.0, 0.03333333333333333, 0.06666666666666667, 0.13333333333333333, 0.2, 0.26666666666666666, 0.3, 0.3333333333333333, 0.4, 0.4666666666666667, 0.5333333333333333, 0.6, 0.7, 0.7333333333333333, 0.7666666666666667, 0.8, 0.8666666666666667, 1.0], "beatinsong": ["-1", "-1/2", "0", "1", "2", "3", "7/2", "4", "5", "6", "7", "8", "19/2", "10", "21/2", "11", "12", "14"], "beatinphrase": ["-1", "-1/2", "0", "1", "2", "3", "7/2", "4", "5", "6", "-1", "0", "3/2", "2", "5/2", "3", "4", "6"], "beatinphrase_end": ["-5", "-9/2", "-4", "-3", "-2", "-1", "-1/2", "0", "1", "2", "-5", "-4", "-5/2", "-2", "-3/2", "-1", "0", "2"], "IOI_frac": ["1/2", "1/2", "1", "1", "1", "1/2", "1/2", "1", "1", "1", "1", "3/2", "1/2", "1/2", "1/2", "1", "2", null], "IOI": [0.5, 0.5, 1.0, 1.0, 1.0, 0.5, 0.5, 1.0, 1.0, 1.0, 1.0, 1.5, 0.5, 0.5, 0.5, 1.0, 2.0, null], "IOR_frac": [null, "1", "2", "1", "1", "1/2", "1", "2", "1", "1", "1", "3/2", "1/3", "1", "1", "2", "2", null], "IOR": [null, 1.0, 2.0, 1.0, 1.0, 0.5, 1.0, 2.0, 1.0, 1.0, 1.0, 1.5, 0.3333333333333333, 1.0, 1.0, 2.0, 2.0, null], "imacontour": [null, "-", "+", "-", "+", "-", "-", "+", "-", "+", "-", "+", "-", "+", "-", "+", "+", "+"], "pitch": ["F4", "A4", "C5", "C5", "C5", "D5", "B-4", "A4", "A4", "A4", "A4", "G4", "A4", "C5", "B-4", "A4", "A4", "G4"], "contour3": [null, "+", "+", "=", "=", "+", "-", "-", "=", "=", "=", "-", "+", "+", "-", "-", "=", "-"], "contour5": [null, "++", "++", "=", "=", "+", "--", "-", "=", "=", "=", "-", "+", "++", "-", "-", "=", "-"], "beatstrength": [0.25, 0.125, 1.0, 0.25, 0.5, 0.25, 0.125, 1.0, 0.25, 0.5, 0.25, 1.0, 0.125, 0.5, 0.125, 0.25, 1.0, 0.5], "beat_str": ["4", "4", "1", "2", "3", "4", "4", "1", "2", "3", "4", "1", "2", "3", "3", "4", "1", "3"], "beat_fraction_str": ["0", "1/2", "0", "0", "0", "0", "1/2", "0", "0", "0", "0", "0", "1/2", "0", "1/2", "0", "0", "0"], "beat": [4.0, 4.5, 1.0, 2.0, 3.0, 4.0, 4.5, 1.0, 2.0, 3.0, 4.0, 1.0, 2.5, 3.0, 3.5, 4.0, 1.0, 3.0], "timesignature": ["4/4", "4/4", "4/4", "4/4", "4/4", "4/4", "4/4", "4/4", "4/4", "4/4", "4/4", "4/4", "4/4", "4/4", "4/4", "4/4", "4/4", "4/4"], "gpr2a_Frankland": [null, null, null, null, null, null, null, null, null, null, null, null, null, null, null, null, null, null], "gpr2b_Frankland": [null, null, null, null, null, null, null, null, null, null, null, 0.5, null, null, null, null, null, null], "gpr3a_Frankland": [null, null, null, null, null, 0.625, null, null, null, null, null, null, 0.33333333333333337, null, null, null, null, null], "gpr3d_Frankland": [null, 0.5, null, null, 0.5, null, 0.5, null, 0.0, null, null, null, null, null, null, null, null, null], "gpr_Frankland_sum": [0, 0.5, 0, 0, 0.5, 0.625, 0.5, 0, 0, 0, 0, 0.5, 0.33333333333333337, 0, 0, 0, 0, 0], "lbdm_spitch": [null, 0.7859649122807015, 0.0, 0.0, 0.5526315789473684, 1.0, 0.2807017543859649, 0.0, 0.0, 0.0, 0.3684210526315789, 0.10526315789473684, 0.3157894736842105, 0.25263157894736843, 0.19649122807017544, 0.0, null, null], "lbdm_sioi": [null, 0.15873015873015875, 0.3174603174603175, 0.0, 0.3174603174603175, 0.15873015873015875, 0.15873015873015875, 0.3174603174603175, 0.0, 0.0, 0.19047619047619052, 1.0, 0.23809523809523814, 0.0, 0.15873015873015875, 0.634920634920635, null, null], "lbdm_srest": [null, 0.0, 0.0, 0.0, 0.0, 0.0, 0.0, 0.0, 0.0, 0.0, 0.0, 0.0, 0.0, 0.0, 0.0, 0.0, null, null], "lbdm_rpitch": [null, 0.1111111111111111, 0.6, 0.0, 0.5, 0.25, 0.42857142857142855, 0.3333333333333333, 0.0, 0.0, 0.5, 0.0, 0.14285714285714285, 0.14285714285714285, 0.2, 0.3333333333333333, 0.5, null], "lbdm_rioi": [null, 0.0, 0.3333333333333333, 0.0, 0.0, 0.3333333333333333, 0.0, 0.3333333333333333, 0.0, 0.0, 0.0, 0.2, 0.5, 0.0, 0.0, 0.3333333333333333, 0.3333333333333333, null], "lbdm_rrest": [null, 0.0, 0.0, 0.0, 0.0, 0.0, 0.0, 0.0, 0.0, 0.0, 0.0, 0.0, 0.0, 0.0, 0.0, 0.0, 0.0, null], "lbdm_boundarystrength": [null, 0.27585630743525474, 0.15873015873015875, 0.0, 0.29688805346700087, 0.32936507936507936, 0.14954051796157058, 0.15873015873015875, 0.0, 0.0, 0.18734335839598998, 0.5263157894736842, 0.1979949874686717, 0.06315789473684211, 0.12848788638262323, 0.3174603174603175, null, null]}}
