{"id": "deut196", "tunefamily": "", "year": -1, "tunefamily_full": "", "type": "vocal", "freemeter": false, "origin": "", "features": {"scaledegree": [5, 1, 1, 2, 2, 3, 3, 2, 2, 1, 7, 1, 5, 5], "scaledegreespecifier": ["P", "P", "P", "M", "M", "m", "m", "M", "M", "P", "M", "P", "P", "P"], "tonic": ["C", "C", "C", "C", "C", "C", "C", "C", "C", "C", "C", "C", "C", "C"], "mode": ["minor", "minor", "minor", "minor", "minor", "minor", "minor", "minor", "minor", "minor", "minor", "minor", "minor", "minor"], "metriccontour": [null, "+", "-", "+", "-", "+", "-", "+", "-", "+", "-", "+", "-", "+"], "imaweight": [0.582192, 0.945205, 0.664384, 0.917808, 0.582192, 1.0, 0.582192, 0.917808, 0.719178, 0.917808, 0.472603, 0.390411, 0.191781, 0.390411], "imaweight_spectral": [0.577922, 0.922078, 0.655844, 0.896104, 0.577922, 0.974026, 0.577922, 0.896104, 0.707792, 0.896104, 1.0, 0.896104, 0.707792, 0.896104], "pitch40_hewlett": [106, 123, 123, 129, 129, 134, 134, 129, 129, 123, 118, 123, 106, 106], "pitch40_sapp": [145, 162, 162, 168, 168, 173, 173, 168, 168, 162, 157, 162, 145, 145], "octave": [3, 4, 4, 4, 4, 4, 4, 4, 4, 4, 3, 4, 3, 3], "midipitch": [55, 60, 60, 62, 62, 63, 63, 62, 62, 60, 59, 60, 55, 55], "diatonicpitch": [25, 28, 28, 29, 29, 30, 30, 29, 29, 28, 27, 28, 25, 25], "diatonicinterval": [null, 3, 0, 1, 0, 1, 0, -1, 0, -1, -1, 1, -3, 0], "chromaticinterval": [null, 5, 0, 2, 0, 1, 0, -1, 0, -2, -1, 1, -5, 0], "pitchproximity": [null, null, 0, 2, 0, 1, 0, 1, 0, 2, 1, 1, 5, 0], "pitchreversal": [null, null, 0, 0, 0, 0, 0, 0, 0, 0, 0, 1.5, 0, 0], "nextisrest": [false, false, false, false, false, false, false, false, false, false, false, false, false, null], "restduration_frac": [null, null, null, null, null, null, null, null, null, null, null, null, null, null], "duration": [0.5, 0.5, 0.5, 0.5, 0.5, 0.5, 0.5, 0.5, 0.5, 1.0, 1.0, 0.5, 0.5, 0.5], "duration_frac": ["1/2", "1/2", "1/2", "1/2", "1/2", "1/2", "1/2", "1/2", "1/2", "1", "1", "1/2", "1/2", "1/2"], "duration_fullname": ["Eighth", "Eighth", "Eighth", "Eighth", "Eighth", "Eighth", "Eighth", "Eighth", "Eighth", "Quarter", "Quarter", "Eighth", "Eighth", "Eighth"], "durationcontour": [null, "=", "=", "=", "=", "=", "=", "=", "=", "+", "=", "-", "=", "="], "onsettick": [0, 1, 2, 3, 4, 5, 6, 7, 8, 9, 11, 13, 14, 15], "beatfraction": ["1/2", "1/2", "1/2", "1/2", "1/2", "1/2", "1/2", "1/2", "1/2", "1", "1", "1/2", "1/2", "1/2"], "phrasepos": [0.0, 0.14285714285714285, 0.2857142857142857, 0.42857142857142855, 0.5714285714285714, 0.7142857142857143, 0.8571428571428571, 1.0, 0.0, 0.14285714285714285, 0.42857142857142855, 0.7142857142857143, 0.8571428571428571, 1.0], "phrase_ix": [0, 0, 0, 0, 0, 0, 0, 0, 1, 1, 1, 1, 1, 1], "phrase_end": [false, false, false, false, false, false, false, true, false, false, false, false, false, true], "songpos": [0.0, 0.06666666666666667, 0.13333333333333333, 0.2, 0.26666666666666666, 0.3333333333333333, 0.4, 0.4666666666666667, 0.5333333333333333, 0.6, 0.7333333333333333, 0.8666666666666667, 0.9333333333333333, 1.0], "beatinsong": ["-1/2", "0", "1/2", "1", "3/2", "2", "5/2", "3", "7/2", "4", "5", "6", "13/2", "7"], "beatinphrase": ["-1/2", "0", "1/2", "1", "3/2", "2", "5/2", "3", "-1/2", "0", "1", "2", "5/2", "3"], "beatinphrase_end": ["-5/2", "-2", "-3/2", "-1", "-1/2", "0", "1/2", "1", "-5/2", "-2", "-1", "0", "1/2", "1"], "IOI_frac": ["1/2", "1/2", "1/2", "1/2", "1/2", "1/2", "1/2", "1/2", "1/2", "1", "1", "1/2", "1/2", null], "IOI": [0.5, 0.5, 0.5, 0.5, 0.5, 0.5, 0.5, 0.5, 0.5, 1.0, 1.0, 0.5, 0.5, null], "IOR_frac": [null, "1", "1", "1", "1", "1", "1", "1", "1", "2", "1", "1/2", "1", null], "IOR": [null, 1.0, 1.0, 1.0, 1.0, 1.0, 1.0, 1.0, 1.0, 2.0, 1.0, 0.5, 1.0, null], "imacontour": [null, "+", "-", "+", "-", "+", "-", "+", "-", "+", "-", "-", "-", "+"], "pitch": ["G3", "C4", "C4", "D4", "D4", "E-4", "E-4", "D4", "D4", "C4", "B3", "C4", "G3", "G3"], "contour3": [null, "+", "=", "+", "=", "+", "=", "-", "=", "-", "-", "+", "-", "="], "contour5": [null, "++", "=", "+", "=", "+", "=", "-", "=", "-", "-", "+", "--", "="], "beatstrength": [0.25, 1.0, 0.25, 0.5, 0.25, 1.0, 0.25, 0.5, 0.25, 1.0, 0.5, 1.0, 0.25, 0.5], "beat_str": ["2", "1", "1", "2", "2", "1", "1", "2", "2", "1", "2", "1", "1", "2"], "beat_fraction_str": ["1/2", "0", "1/2", "0", "1/2", "0", "1/2", "0", "1/2", "0", "0", "0", "1/2", "0"], "beat": [2.5, 1.0, 1.5, 2.0, 2.5, 1.0, 1.5, 2.0, 2.5, 1.0, 2.0, 1.0, 1.5, 2.0], "timesignature": ["2/4", "2/4", "2/4", "2/4", "2/4", "2/4", "2/4", "2/4", "2/4", "2/4", "2/4", "2/4", "2/4", "2/4"], "gpr2a_Frankland": [null, null, null, null, null, null, null, null, null, null, null, null, null, null], "gpr2b_Frankland": [null, null, null, null, null, null, null, null, null, null, null, null, null, null], "gpr3a_Frankland": [null, null, 1.0, null, 1.0, null, 1.0, null, 0.75, null, null, 0.9, null, null], "gpr3d_Frankland": [null, 0.0, 0.0, 0.0, 0.0, 0.0, 0.0, null, 0.5, null, 0.5, null, null, null], "gpr_Frankland_sum": [0, 0, 1.0, 0, 1.0, 0, 1.0, 0, 1.25, 0, 0.5, 0.9, 0, 0], "lbdm_spitch": [null, 0.0, 0.3294117647058823, 0.0, 0.10980392156862744, 0.0, 0.10980392156862744, 0.0, 0.23058823529411762, 0.03294117647058823, 0.08235294117647057, 1.0, null, null], "lbdm_sioi": [null, 0.0, 0.0, 0.0, 0.0, 0.0, 0.0, 0.0, 0.5, 1.0, 1.0, 0.5, null, null], "lbdm_srest": [null, 0.0, 0.0, 0.0, 0.0, 0.0, 0.0, 0.0, 0.0, 0.0, 0.0, 0.0, null, null], "lbdm_rpitch": [null, 0.7142857142857143, 0.5, 0.5, 0.3333333333333333, 0.3333333333333333, 0.3333333333333333, 0.3333333333333333, 0.5, 0.2, 0.0, 0.5, 0.7142857142857143, null], "lbdm_rioi": [null, 0.0, 0.0, 0.0, 0.0, 0.0, 0.0, 0.0, 0.0, 0.3333333333333333, 0.0, 0.3333333333333333, 0.0, null], "lbdm_rrest": [null, 0.0, 0.0, 0.0, 0.0, 0.0, 0.0, 0.0, 0.0, 0.0, 0.0, 0.0, 0.0, null], "lbdm_boundarystrength": [null, 0.0, 0.08235294117647057, 0.0, 0.02745098039215686, 0.0, 0.02745098039215686, 0.0, 0.3076470588235294, 0.508235294117647, 0.5205882352941177, 0.5, null, null]}}
