{"id": "deut4060", "tunefamily": "", "year": -1, "tunefamily_full": "", "type": "vocal", "freemeter": false, "origin": "", "features": {"scaledegree": [1, 1, 1, 2, 5, 5, 3, 2, 5, 3, 1, 2, 7, 1, 1], "scaledegreespecifier": ["P", "P", "P", "M", "P", "P", "M", "M", "P", "M", "P", "M", "M", "P", "P"], "tonic": ["F", "F", "F", "F", "F", "F", "F", "F", "F", "F", "F", "F", "F", "F", "F"], "mode": ["major", "major", "major", "major", "major", "major", "major", "major", "major", "major", "major", "major", "major", "major", "major"], "metriccontour": [null, "-", "=", "+", "-", "+", "-", "+", "-", "+", "-", "+", "-", "+", "="], "imaweight": [0.935484, 0.532258, 0.548387, 1.0, 0.532258, 0.854839, 0.467742, 0.919355, 0.532258, 0.790323, 0.403226, 0.854839, 0.467742, 0.790323, 0.854839], "imaweight_spectral": [0.783784, 0.445946, 0.459459, 0.837838, 0.567568, 0.837838, 0.513514, 0.945946, 0.621622, 0.783784, 0.459459, 0.891892, 0.621622, 0.783784, 1.0], "pitch40_hewlett": [140, 140, 140, 146, 163, 163, 152, 146, 163, 152, 140, 146, 135, 140, 140], "pitch40_sapp": [179, 179, 179, 185, 202, 202, 191, 185, 202, 191, 179, 185, 174, 179, 179], "octave": [4, 4, 4, 4, 5, 5, 4, 4, 5, 4, 4, 4, 4, 4, 4], "midipitch": [65, 65, 65, 67, 72, 72, 69, 67, 72, 69, 65, 67, 64, 65, 65], "diatonicpitch": [28, 28, 28, 29, 32, 32, 30, 29, 32, 30, 28, 29, 27, 28, 28], "diatonicinterval": [null, 0, 0, 1, 3, 0, -2, -1, 3, -2, -2, 1, -2, 1, 0], "chromaticinterval": [null, 0, 0, 2, 5, 0, -3, -2, 5, -3, -4, 2, -3, 1, 0], "pitchproximity": [null, null, 0, 2, 5, 0, 3, 2, 5, 3, 4, 2, 3, 1, 0], "pitchreversal": [null, null, 0, 0, 0, 0, 0, 0, 0, 1.5, 0, 1.5, 1.5, 1.5, 0], "nextisrest": [false, false, false, false, false, false, false, false, false, false, false, false, false, false, true], "restduration_frac": [null, null, null, null, null, null, null, null, null, null, null, null, null, null, "2"], "duration": [2.0, 2.0, 2.0, 4.0, 2.0, 4.0, 2.0, 4.0, 2.0, 4.0, 2.0, 4.0, 2.0, 6.0, 4.0], "duration_frac": ["2", "2", "2", "4", "2", "4", "2", "4", "2", "4", "2", "4", "2", "6", "4"], "duration_fullname": ["Half", "Half", "Half", "Whole", "Half", "Whole", "Half", "Whole", "Half", "Whole", "Half", "Whole", "Half", "Dotted Whole", "Whole"], "durationcontour": [null, "=", "=", "+", "-", "+", "-", "+", "-", "+", "-", "+", "-", "+", "-"], "onsettick": [0, 2, 4, 6, 10, 12, 16, 18, 22, 24, 28, 30, 34, 36, 42], "beatfraction": ["1", "1", "1", "2", "1", "2", "1", "2", "1", "2", "1", "2", "1", "3", "2"], "phrasepos": [0.0, 0.1111111111111111, 0.2222222222222222, 0.3333333333333333, 0.5555555555555556, 0.6666666666666666, 0.8888888888888888, 1.0, 0.0, 0.1, 0.3, 0.4, 0.6, 0.7, 1.0], "phrase_ix": [0, 0, 0, 0, 0, 0, 0, 0, 1, 1, 1, 1, 1, 1, 1], "phrase_end": [false, false, false, false, false, false, false, true, false, false, false, false, false, false, true], "songpos": [0.0, 0.047619047619047616, 0.09523809523809523, 0.14285714285714285, 0.23809523809523808, 0.2857142857142857, 0.38095238095238093, 0.42857142857142855, 0.5238095238095238, 0.5714285714285714, 0.6666666666666666, 0.7142857142857143, 0.8095238095238095, 0.8571428571428571, 1.0], "beatinsong": ["0", "1", "2", "3", "5", "6", "8", "9", "11", "12", "14", "15", "17", "18", "21"], "beatinphrase": ["0", "1", "2", "3", "5", "6", "8", "9", "-1", "0", "2", "3", "5", "6", "9"], "beatinphrase_end": ["-9", "-8", "-7", "-6", "-4", "-3", "-1", "0", "-10", "-9", "-7", "-6", "-4", "-3", "0"], "IOI_frac": ["2", "2", "2", "4", "2", "4", "2", "4", "2", "4", "2", "4", "2", "6", "6"], "IOI": [2.0, 2.0, 2.0, 4.0, 2.0, 4.0, 2.0, 4.0, 2.0, 4.0, 2.0, 4.0, 2.0, 6.0, 6.0], "IOR_frac": [null, "1", "1", "2", "1/2", "2", "1/2", "2", "1/2", "2", "1/2", "2", "1/2", "3", "1"], "IOR": [null, 1.0, 1.0, 2.0, 0.5, 2.0, 0.5, 2.0, 0.5, 2.0, 0.5, 2.0, 0.5, 3.0, 1.0], "imacontour": [null, "-", "+", "+", "-", "+", "-", "+", "-", "+", "-", "+", "-", "+", "+"], "pitch": ["F4", "F4", "F4", "G4", "C5", "C5", "A4", "G4", "C5", "A4", "F4", "G4", "E4", "F4", "F4"], "contour3": [null, "=", "=", "+", "+", "=", "-", "-", "+", "-", "-", "+", "-", "+", "="], "contour5": [null, "=", "=", "+", "++", "=", "--", "-", "++", "--", "--", "+", "--", "+", "="], "beatstrength": [1.0, 0.5, 0.5, 1.0, 0.5, 1.0, 0.5, 1.0, 0.5, 1.0, 0.5, 1.0, 0.5, 1.0, 1.0], "beat_str": ["1", "2", "3", "1", "3", "1", "3", "1", "3", "1", "3", "1", "3", "1", "1"], "beat_fraction_str": ["0", "0", "0", "0", "0", "0", "0", "0", "0", "0", "0", "0", "0", "0", "0"], "beat": [1.0, 2.0, 3.0, 1.0, 3.0, 1.0, 3.0, 1.0, 3.0, 1.0, 3.0, 1.0, 3.0, 1.0, 1.0], "timesignature": ["3/2", "3/2", "3/2", "3/2", "3/2", "3/2", "3/2", "3/2", "3/2", "3/2", "3/2", "3/2", "3/2", "3/2", "3/2"], "gpr2a_Frankland": [null, null, null, null, null, null, null, null, null, null, null, null, null, null, 0.5], "gpr2b_Frankland": [null, null, null, 0.5, null, 0.5, null, 0.5, null, 0.5, null, 0.5, null, null, null], "gpr3a_Frankland": [null, null, null, 0.8, null, 0.6666666666666667, null, 0.5, null, 0.375, null, 0.5, null, null, null], "gpr3d_Frankland": [null, null, null, null, null, null, null, null, null, null, null, null, null, null, null], "gpr_Frankland_sum": [0, 0, 0, 1.3, 0, 1.1666666666666667, 0, 1.0, 0, 0.875, 0, 1.0, 0, 0, 0.5], "lbdm_spitch": [null, 0.0, 0.3181818181818182, 1.0, 0.0, 0.4254545454545455, 0.1818181818181818, 0.509090909090909, 0.1781818181818182, 0.27575757575757576, 0.15, 0.2727272727272727, 0.12727272727272726, null, null], "lbdm_sioi": [null, 0.0, 0.25, 1.0, 0.5, 1.0, 0.5, 1.0, 0.5, 1.0, 0.5, 1.0, 0.5, null, null], "lbdm_srest": [null, 0.0, 0.0, 0.0, 0.0, 0.0, 0.0, 0.0, 0.0, 0.0, 0.0, 0.0, 0.0, null, null], "lbdm_rpitch": [null, 0.0, 0.5, 0.3333333333333333, 0.7142857142857143, 0.6, 0.14285714285714285, 0.3333333333333333, 0.2, 0.1111111111111111, 0.25, 0.14285714285714285, 0.3333333333333333, 0.3333333333333333, null], "lbdm_rioi": [null, 0.0, 0.0, 0.3333333333333333, 0.3333333333333333, 0.3333333333333333, 0.3333333333333333, 0.3333333333333333, 0.3333333333333333, 0.3333333333333333, 0.3333333333333333, 0.3333333333333333, 0.3333333333333333, 0.3333333333333333, null], "lbdm_rrest": [null, 0.0, 0.0, 0.0, 0.0, 0.0, 0.0, 0.0, 0.0, 0.0, 0.0, 0.0, 0.0, 0.0, null], "lbdm_boundarystrength": [null, 0.0, 0.20454545454545453, 0.75, 0.25, 0.6063636363636363, 0.29545454545454547, 0.6272727272727272, 0.29454545454545455, 0.568939393939394, 0.2875, 0.5681818181818181, 0.2818181818181818, null, null]}}
