{"id": "deut1528", "tunefamily": "", "year": -1, "tunefamily_full": "", "type": "vocal", "freemeter": false, "origin": "", "features": {"scaledegree": [5, 3, 2, 1, 1, 2, 3, 4, 2, 5, 5, 3, 2, 1, 1, 7, 1], "scaledegreespecifier": ["P", "M", "M", "P", "P", "M", "M", "P", "M", "P", "P", "M", "M", "P", "P", "M", "P"], "tonic": ["C", "C", "C", "C", "C", "C", "C", "C", "C", "C", "C", "C", "C", "C", "C", "C", "C"], "mode": ["major", "major", "major", "major", "major", "major", "major", "major", "major", "major", "major", "major", "major", "major", "major", "major", "major"], "metriccontour": [null, "-", "-", "+", "-", "+", "-", "+", "-", "+", "-", "-", "+", "-", "+", "-", "+"], "imaweight": [0.30597, 0.283582, 0.208955, 0.402985, 0.432836, 0.828358, 0.410448, 0.634328, 0.485075, 0.776119, 0.820896, 0.514925, 0.783582, 0.485075, 0.69403, 0.455224, 1.0], "imaweight_spectral": [0.928144, 0.904192, 0.586826, 0.904192, 0.586826, 0.928144, 0.568862, 0.772455, 0.628743, 0.886228, 0.856287, 0.586826, 0.850299, 0.562874, 0.754491, 0.562874, 1.0], "pitch40_hewlett": [146, 135, 129, 123, 123, 129, 135, 140, 129, 146, 146, 135, 129, 123, 123, 118, 123], "pitch40_sapp": [185, 174, 168, 162, 162, 168, 174, 179, 168, 185, 185, 174, 168, 162, 162, 157, 162], "octave": [4, 4, 4, 4, 4, 4, 4, 4, 4, 4, 4, 4, 4, 4, 4, 3, 4], "midipitch": [67, 64, 62, 60, 60, 62, 64, 65, 62, 67, 67, 64, 62, 60, 60, 59, 60], "diatonicpitch": [32, 30, 29, 28, 28, 29, 30, 31, 29, 32, 32, 30, 29, 28, 28, 27, 28], "diatonicinterval": [null, -2, -1, -1, 0, 1, 1, 1, -2, 3, 0, -2, -1, -1, 0, -1, 1], "chromaticinterval": [null, -3, -2, -2, 0, 2, 2, 1, -3, 5, 0, -3, -2, -2, 0, -1, 1], "pitchproximity": [null, null, 2, 2, 0, 2, 2, 1, 3, 5, 0, 3, 2, 2, 0, 1, 1], "pitchreversal": [null, null, 0, 0, 0, 0, 0, 0, 1.5, 1.5, 0, 0, 0, 0, 0, 0, 1.5], "nextisrest": [false, false, false, true, false, false, false, false, false, false, false, false, false, false, false, false, true], "restduration_frac": [null, null, null, "1", null, null, null, null, null, null, null, null, null, null, null, null, "2"], "duration": [2.0, 1.0, 1.0, 2.0, 1.0, 1.0, 1.0, 1.0, 1.0, 2.0, 1.0, 1.0, 1.0, 1.0, 1.0, 1.0, 2.0], "duration_frac": ["2", "1", "1", "2", "1", "1", "1", "1", "1", "2", "1", "1", "1", "1", "1", "1", "2"], "duration_fullname": ["Half", "Quarter", "Quarter", "Half", "Quarter", "Quarter", "Quarter", "Quarter", "Quarter", "Half", "Quarter", "Quarter", "Quarter", "Quarter", "Quarter", "Quarter", "Half"], "durationcontour": [null, "-", "=", "+", "-", "=", "=", "=", "=", "+", "-", "=", "=", "=", "=", "=", "+"], "onsettick": [0, 2, 3, 4, 7, 8, 9, 10, 11, 12, 14, 15, 16, 17, 18, 19, 20], "beatfraction": ["2", "1", "1", "2", "1", "1", "1", "1", "1", "2", "1", "1", "1", "1", "1", "1", "2"], "phrasepos": [0.0, 0.5, 0.75, 1.0, 0.0, 0.14285714285714285, 0.2857142857142857, 0.42857142857142855, 0.5714285714285714, 0.7142857142857143, 1.0, 0.0, 0.2, 0.4, 0.6, 0.8, 1.0], "phrase_ix": [0, 0, 0, 0, 1, 1, 1, 1, 1, 1, 1, 2, 2, 2, 2, 2, 2], "phrase_end": [false, false, false, true, false, false, false, false, false, false, true, false, false, false, false, false, true], "songpos": [0.0, 0.1, 0.15, 0.2, 0.35, 0.4, 0.45, 0.5, 0.55, 0.6, 0.7, 0.75, 0.8, 0.85, 0.9, 0.95, 1.0], "beatinsong": ["0", "2", "3", "4", "7", "8", "9", "10", "11", "12", "14", "15", "16", "17", "18", "19", "20"], "beatinphrase": ["0", "2", "3", "4", "-1", "0", "1", "2", "3", "4", "6", "-1", "0", "1", "2", "3", "4"], "beatinphrase_end": ["-4", "-2", "-1", "0", "-5", "-4", "-3", "-2", "-1", "0", "2", "-5", "-4", "-3", "-2", "-1", "0"], "IOI_frac": ["2", "1", "1", "3", "1", "1", "1", "1", "1", "2", "1", "1", "1", "1", "1", "1", "4"], "IOI": [2.0, 1.0, 1.0, 3.0, 1.0, 1.0, 1.0, 1.0, 1.0, 2.0, 1.0, 1.0, 1.0, 1.0, 1.0, 1.0, 4.0], "IOR_frac": [null, "1/2", "1", "3", "1/3", "1", "1", "1", "1", "2", "1/2", "1", "1", "1", "1", "1", "4"], "IOR": [null, 0.5, 1.0, 3.0, 0.3333333333333333, 1.0, 1.0, 1.0, 1.0, 2.0, 0.5, 1.0, 1.0, 1.0, 1.0, 1.0, 4.0], "imacontour": [null, "-", "-", "+", "+", "+", "-", "+", "-", "+", "+", "-", "+", "-", "+", "-", "+"], "pitch": ["G4", "E4", "D4", "C4", "C4", "D4", "E4", "F4", "D4", "G4", "G4", "E4", "D4", "C4", "C4", "B3", "C4"], "contour3": [null, "-", "-", "-", "=", "+", "+", "+", "-", "+", "=", "-", "-", "-", "=", "-", "+"], "contour5": [null, "--", "-", "-", "=", "+", "+", "+", "--", "++", "=", "--", "-", "-", "=", "-", "+"], "beatstrength": [1.0, 0.5, 0.25, 1.0, 0.25, 1.0, 0.25, 0.5, 0.25, 1.0, 0.5, 0.25, 1.0, 0.25, 0.5, 0.25, 1.0], "beat_str": ["1", "3", "4", "1", "4", "1", "2", "3", "4", "1", "3", "4", "1", "2", "3", "4", "1"], "beat_fraction_str": ["0", "0", "0", "0", "0", "0", "0", "0", "0", "0", "0", "0", "0", "0", "0", "0", "0"], "beat": [1.0, 3.0, 4.0, 1.0, 4.0, 1.0, 2.0, 3.0, 4.0, 1.0, 3.0, 4.0, 1.0, 2.0, 3.0, 4.0, 1.0], "timesignature": ["4/4", "4/4", "4/4", "4/4", "4/4", "4/4", "4/4", "4/4", "4/4", "4/4", "4/4", "4/4", "4/4", "4/4", "4/4", "4/4", "4/4"], "gpr2a_Frankland": [null, null, null, 0.25, null, null, null, null, null, null, null, null, null, null, null, null, 0.5], "gpr2b_Frankland": [null, null, null, null, null, null, null, null, null, 0.5, null, null, null, null, null, null, null], "gpr3a_Frankland": [null, null, null, null, null, null, null, null, 0.7, null, 0.6666666666666667, null, null, null, null, null, null], "gpr3d_Frankland": [null, null, null, null, null, 0.0, 0.0, null, null, null, null, 0.0, 0.0, 0.0, null, null, null], "gpr_Frankland_sum": [0, 0, 0, 0.25, 0, 0, 0, 0, 0.7, 0.5, 0.6666666666666667, 0, 0, 0, 0, 0, 0.5], "lbdm_spitch": [null, 0.062499999999999986, 0.21874999999999997, 0.0, 0.21874999999999997, 0.0875, 0.11666666666666665, 0.35, 1.0, 0.0, 0.48749999999999993, 0.062499999999999986, 0.21874999999999997, 0.0, 0.07291666666666666, null, null], "lbdm_sioi": [null, 0.1111111111111111, 0.16666666666666666, 1.0, 0.16666666666666666, 0.0, 0.0, 0.0, 0.1111111111111111, 0.4444444444444444, 0.1111111111111111, 0.0, 0.0, 0.0, 0.0, null, null], "lbdm_srest": [null, 0.0, 0.0, 1.0, 0.0, 0.0, 0.0, 0.0, 0.0, 0.0, 0.0, 0.0, 0.0, 0.0, 0.0, null, null], "lbdm_rpitch": [null, 0.14285714285714285, 0.0, 0.5, 0.5, 0.0, 0.2, 0.3333333333333333, 0.2, 0.7142857142857143, 0.6, 0.14285714285714285, 0.0, 0.5, 0.3333333333333333, 0.0, null], "lbdm_rioi": [null, 0.3333333333333333, 0.0, 0.5, 0.5, 0.0, 0.0, 0.0, 0.0, 0.3333333333333333, 0.3333333333333333, 0.0, 0.0, 0.0, 0.0, 0.0, null], "lbdm_rrest": [null, 0.0, 0.0, 1.0, 1.0, 0.0, 0.0, 0.0, 0.0, 0.0, 0.0, 0.0, 0.0, 0.0, 0.0, 0.0, null], "lbdm_boundarystrength": [null, 0.07118055555555555, 0.13802083333333331, 0.75, 0.13802083333333331, 0.021875, 0.029166666666666664, 0.0875, 0.3055555555555556, 0.2222222222222222, 0.17743055555555554, 0.015624999999999997, 0.05468749999999999, 0.0, 0.018229166666666664, null, null]}}
