{"id": "deut3506", "tunefamily": "", "year": -1, "tunefamily_full": "", "type": "vocal", "freemeter": false, "origin": "", "features": {"scaledegree": [5, 1, 3, 1, 5, 6, 7, 1, 5, 1, 3, 2, 5, 1, 7, 6, 5], "scaledegreespecifier": ["P", "P", "M", "P", "P", "M", "M", "P", "P", "P", "M", "M", "P", "P", "M", "M", "P"], "tonic": ["G", "G", "G", "G", "G", "G", "G", "G", "G", "G", "G", "G", "G", "G", "G", "G", "G"], "mode": ["major", "major", "major", "major", "major", "major", "major", "major", "major", "major", "major", "major", "major", "major", "major", "major", "major"], "metriccontour": [null, "+", "-", "+", "-", "+", "-", "+", "-", "+", "-", "+", "-", "+", "-", "=", "+"], "imaweight": [0.716216, 0.662162, 0.662162, 0.716216, 0.716216, 0.662162, 0.662162, 0.77027, 0.77027, 0.716216, 0.716216, 0.837838, 1.0, 0.878378, 0.608108, 0.878378, 1.0], "imaweight_spectral": [1.0, 0.755814, 0.755814, 0.953488, 0.906977, 0.755814, 0.755814, 0.953488, 0.953488, 0.802326, 0.802326, 0.906977, 0.860465, 0.755814, 0.523256, 0.755814, 0.860465], "pitch40_hewlett": [129, 146, 158, 146, 129, 135, 141, 146, 129, 146, 158, 152, 129, 146, 141, 135, 129], "pitch40_sapp": [168, 185, 197, 185, 168, 174, 180, 185, 168, 185, 197, 191, 168, 185, 180, 174, 168], "octave": [4, 4, 4, 4, 4, 4, 4, 4, 4, 4, 4, 4, 4, 4, 4, 4, 4], "midipitch": [62, 67, 71, 67, 62, 64, 66, 67, 62, 67, 71, 69, 62, 67, 66, 64, 62], "diatonicpitch": [25, 28, 30, 28, 25, 26, 27, 28, 25, 28, 30, 29, 25, 28, 27, 26, 25], "diatonicinterval": [null, 3, 2, -2, -3, 1, 1, 1, -3, 3, 2, -1, -4, 3, -1, -1, -1], "chromaticinterval": [null, 5, 4, -4, -5, 2, 2, 1, -5, 5, 4, -2, -7, 5, -1, -2, -2], "pitchproximity": [null, null, 4, 4, 5, 2, 2, 1, 5, 5, 4, 2, 7, 5, 1, 2, 2], "pitchreversal": [null, null, 0, 1.5, 0, 0, 0, 0, 0, 1.5, 0, 1.5, 0, 2.5, 0, 0, 0], "nextisrest": [false, false, false, false, false, false, false, false, false, false, false, false, false, false, false, false, null], "restduration_frac": [null, null, null, null, null, null, null, null, null, null, null, null, null, null, null, null, null], "duration": [1.0, 2.0, 1.0, 2.0, 1.0, 2.0, 1.0, 2.0, 1.0, 2.0, 1.0, 2.0, 1.0, 1.0, 1.0, 1.0, 2.0], "duration_frac": ["1", "2", "1", "2", "1", "2", "1", "2", "1", "2", "1", "2", "1", "1", "1", "1", "2"], "duration_fullname": ["Quarter", "Half", "Quarter", "Half", "Quarter", "Half", "Quarter", "Half", "Quarter", "Half", "Quarter", "Half", "Quarter", "Quarter", "Quarter", "Quarter", "Half"], "durationcontour": [null, "+", "-", "+", "-", "+", "-", "+", "-", "+", "-", "+", "-", "=", "=", "=", "+"], "onsettick": [0, 1, 3, 4, 6, 7, 9, 10, 12, 13, 15, 16, 18, 19, 20, 21, 22], "beatfraction": ["1", "2", "1", "2", "1", "2", "1", "2", "1", "2", "1", "2", "1", "1", "1", "1", "2"], "phrasepos": [0.0, 0.1, 0.3, 0.4, 0.6, 0.7, 0.9, 1.0, 0.0, 0.1, 0.3, 0.4, 0.6, 0.7, 0.8, 0.9, 1.0], "phrase_ix": [0, 0, 0, 0, 0, 0, 0, 0, 1, 1, 1, 1, 1, 1, 1, 1, 1], "phrase_end": [false, false, false, false, false, false, false, true, false, false, false, false, false, false, false, false, true], "songpos": [0.0, 0.045454545454545456, 0.13636363636363635, 0.18181818181818182, 0.2727272727272727, 0.3181818181818182, 0.4090909090909091, 0.45454545454545453, 0.5454545454545454, 0.5909090909090909, 0.6818181818181818, 0.7272727272727273, 0.8181818181818182, 0.8636363636363636, 0.9090909090909091, 0.9545454545454546, 1.0], "beatinsong": ["-1", "0", "2", "3", "5", "6", "8", "9", "11", "12", "14", "15", "17", "18", "19", "20", "21"], "beatinphrase": ["-1", "0", "2", "3", "5", "6", "8", "9", "-1", "0", "2", "3", "5", "6", "7", "8", "9"], "beatinphrase_end": ["-10", "-9", "-7", "-6", "-4", "-3", "-1", "0", "-10", "-9", "-7", "-6", "-4", "-3", "-2", "-1", "0"], "IOI_frac": ["1", "2", "1", "2", "1", "2", "1", "2", "1", "2", "1", "2", "1", "1", "1", "1", null], "IOI": [1.0, 2.0, 1.0, 2.0, 1.0, 2.0, 1.0, 2.0, 1.0, 2.0, 1.0, 2.0, 1.0, 1.0, 1.0, 1.0, null], "IOR_frac": [null, "2", "1/2", "2", "1/2", "2", "1/2", "2", "1/2", "2", "1/2", "2", "1/2", "1", "1", "1", null], "IOR": [null, 2.0, 0.5, 2.0, 0.5, 2.0, 0.5, 2.0, 0.5, 2.0, 0.5, 2.0, 0.5, 1.0, 1.0, 1.0, null], "imacontour": [null, "-", "=", "+", "=", "-", "=", "+", "=", "-", "=", "+", "+", "-", "-", "+", "+"], "pitch": ["D4", "G4", "B4", "G4", "D4", "E4", "F#4", "G4", "D4", "G4", "B4", "A4", "D4", "G4", "F#4", "E4", "D4"], "contour3": [null, "+", "+", "-", "-", "+", "+", "+", "-", "+", "+", "-", "-", "+", "-", "-", "-"], "contour5": [null, "++", "++", "--", "--", "+", "+", "+", "--", "++", "++", "-", "--", "++", "-", "-", "-"], "beatstrength": [0.5, 1.0, 0.5, 1.0, 0.5, 1.0, 0.5, 1.0, 0.5, 1.0, 0.5, 1.0, 0.5, 1.0, 0.5, 0.5, 1.0], "beat_str": ["3", "1", "3", "1", "3", "1", "3", "1", "3", "1", "3", "1", "3", "1", "2", "3", "1"], "beat_fraction_str": ["0", "0", "0", "0", "0", "0", "0", "0", "0", "0", "0", "0", "0", "0", "0", "0", "0"], "beat": [3.0, 1.0, 3.0, 1.0, 3.0, 1.0, 3.0, 1.0, 3.0, 1.0, 3.0, 1.0, 3.0, 1.0, 2.0, 3.0, 1.0], "timesignature": ["3/4", "3/4", "3/4", "3/4", "3/4", "3/4", "3/4", "3/4", "3/4", "3/4", "3/4", "3/4", "3/4", "3/4", "3/4", "3/4", "3/4"], "gpr2a_Frankland": [null, null, null, null, null, null, null, null, null, null, null, null, null, null, null, null, null], "gpr2b_Frankland": [null, 0.5, null, 0.5, null, 0.5, null, 0.5, null, 0.5, null, 0.5, null, null, null, null, null], "gpr3a_Frankland": [null, null, null, 0.4, null, null, null, null, null, null, null, 0.5, null, null, null, null, null], "gpr3d_Frankland": [null, null, null, null, null, null, null, null, null, null, null, null, null, 0.0, null, null, null], "gpr_Frankland_sum": [0, 0.5, 0, 0.9, 0, 0.5, 0, 0.5, 0, 0.5, 0, 1.0, 0, 0, 0, 0, 0], "lbdm_spitch": [null, 0.08695652173913045, 0.08695652173913045, 0.5072463768115942, 0.15942028985507245, 0.09565217391304348, 0.1673913043478261, 0.5978260869565217, 0.10869565217391305, 0.3260869565217392, 0.3369565217391305, 1.0, 0.7686335403726707, 0.1673913043478261, 0.09565217391304348, null, null], "lbdm_sioi": [null, 1.0, 0.5, 1.0, 0.5, 1.0, 0.5, 1.0, 0.5, 1.0, 0.5, 1.0, 0.25, 0.0, 0.0, null, null], "lbdm_srest": [null, 0.0, 0.0, 0.0, 0.0, 0.0, 0.0, 0.0, 0.0, 0.0, 0.0, 0.0, 0.0, 0.0, 0.0, null, null], "lbdm_rpitch": [null, 0.09090909090909091, 0.0, 0.09090909090909091, 0.3333333333333333, 0.0, 0.2, 0.5, 0.0, 0.09090909090909091, 0.25, 0.45454545454545453, 0.14285714285714285, 0.5, 0.2, 0.0, null], "lbdm_rioi": [null, 0.3333333333333333, 0.3333333333333333, 0.3333333333333333, 0.3333333333333333, 0.3333333333333333, 0.3333333333333333, 0.3333333333333333, 0.3333333333333333, 0.3333333333333333, 0.3333333333333333, 0.3333333333333333, 0.3333333333333333, 0.0, 0.0, 0.0, null], "lbdm_rrest": [null, 0.0, 0.0, 0.0, 0.0, 0.0, 0.0, 0.0, 0.0, 0.0, 0.0, 0.0, 0.0, 0.0, 0.0, 0.0, null], "lbdm_boundarystrength": [null, 0.5217391304347826, 0.2717391304347826, 0.6268115942028986, 0.2898550724637681, 0.5239130434782608, 0.29184782608695653, 0.6494565217391304, 0.27717391304347827, 0.5815217391304348, 0.3342391304347826, 0.75, 0.3171583850931677, 0.04184782608695652, 0.02391304347826087, null, null]}}
