{"id": "deut5127", "tunefamily": "", "year": -1, "tunefamily_full": "", "type": "vocal", "freemeter": false, "origin": "", "features": {"scaledegree": [1, 3, 5, 5, 5, 5, 6, 5, 3, 5, 1, 5, 7, 5, 1], "scaledegreespecifier": ["P", "M", "P", "P", "P", "P", "M", "P", "M", "P", "P", "P", "M", "P", "P"], "tonic": ["G", "G", "G", "G", "G", "G", "G", "G", "G", "G", "G", "G", "G", "G", "G"], "mode": ["major", "major", "major", "major", "major", "major", "major", "major", "major", "major", "major", "major", "major", "major", "major"], "metriccontour": [null, "-", "+", "-", "+", "-", "+", "-", "+", "-", "+", "-", "+", "-", "+"], "imaweight": [0.975207, 0.107438, 0.876033, 0.809917, 1.0, 0.272727, 0.876033, 0.264463, 0.950413, 0.867769, 0.801653, 0.809917, 0.909091, 0.239669, 0.140496], "imaweight_spectral": [1.0, 0.210145, 0.884058, 0.855072, 0.905797, 0.268116, 0.797101, 0.26087, 0.862319, 0.905797, 0.847826, 0.92029, 0.971014, 1.0, 0.855072], "pitch40_hewlett": [146, 158, 169, 169, 169, 169, 175, 169, 158, 169, 146, 169, 141, 169, 146], "pitch40_sapp": [185, 197, 208, 208, 208, 208, 214, 208, 197, 208, 185, 208, 180, 208, 185], "octave": [4, 4, 5, 5, 5, 5, 5, 5, 4, 5, 4, 5, 4, 5, 4], "midipitch": [67, 71, 74, 74, 74, 74, 76, 74, 71, 74, 67, 74, 66, 74, 67], "diatonicpitch": [28, 30, 32, 32, 32, 32, 33, 32, 30, 32, 28, 32, 27, 32, 28], "diatonicinterval": [null, 2, 2, 0, 0, 0, 1, -1, -2, 2, -4, 4, -5, 5, -4], "chromaticinterval": [null, 4, 3, 0, 0, 0, 2, -2, -3, 3, -7, 7, -8, 8, -7], "pitchproximity": [null, null, 3, 0, 0, 0, 2, 2, 3, 3, 7, 7, 8, 8, 7], "pitchreversal": [null, null, 0, 0, 0, 0, 0, 1.5, 0, 1.5, 0, 2.5, 2.5, 2.5, 2.5], "nextisrest": [false, false, false, false, false, false, false, false, false, false, false, false, true, false, true], "restduration_frac": [null, null, null, null, null, null, null, null, null, null, null, null, "1/2", null, "1/2"], "duration": [0.25, 0.25, 0.5, 0.5, 0.25, 0.25, 0.25, 0.25, 0.5, 0.5, 0.5, 0.5, 1.0, 0.5, 1.0], "duration_frac": ["1/4", "1/4", "1/2", "1/2", "1/4", "1/4", "1/4", "1/4", "1/2", "1/2", "1/2", "1/2", "1", "1/2", "1"], "duration_fullname": ["16th", "16th", "Eighth", "Eighth", "16th", "16th", "16th", "16th", "Eighth", "Eighth", "Eighth", "Eighth", "Quarter", "Eighth", "Quarter"], "durationcontour": [null, "=", "+", "=", "-", "=", "=", "=", "+", "=", "=", "=", "+", "-", "+"], "onsettick": [0, 1, 2, 4, 6, 7, 8, 9, 10, 12, 14, 16, 18, 24, 26], "beatfraction": ["1/4", "1/4", "1/2", "1/2", "1/4", "1/4", "1/4", "1/4", "1/2", "1/2", "1/2", "1/2", "1", "1/2", "1"], "phrasepos": [0.0, 0.038461538461538464, 0.07692307692307693, 0.15384615384615385, 0.23076923076923078, 0.2692307692307692, 0.3076923076923077, 0.34615384615384615, 0.38461538461538464, 0.46153846153846156, 0.5384615384615384, 0.6153846153846154, 0.6923076923076923, 0.9230769230769231, 1.0], "phrase_ix": [0, 0, 0, 0, 0, 0, 0, 0, 0, 0, 0, 0, 0, 0, 0], "phrase_end": [false, false, false, false, false, false, false, false, false, false, false, false, false, false, true], "songpos": [0.0, 0.038461538461538464, 0.07692307692307693, 0.15384615384615385, 0.23076923076923078, 0.2692307692307692, 0.3076923076923077, 0.34615384615384615, 0.38461538461538464, 0.46153846153846156, 0.5384615384615384, 0.6153846153846154, 0.6923076923076923, 0.9230769230769231, 1.0], "beatinsong": ["-1/2", "-1/4", "0", "1/2", "1", "5/4", "3/2", "7/4", "2", "5/2", "3", "7/2", "4", "11/2", "6"], "beatinphrase": ["-1/2", "-1/4", "0", "1/2", "1", "5/4", "3/2", "7/4", "2", "5/2", "3", "7/2", "4", "11/2", "6"], "beatinphrase_end": ["-13/2", "-25/4", "-6", "-11/2", "-5", "-19/4", "-9/2", "-17/4", "-4", "-7/2", "-3", "-5/2", "-2", "-1/2", "0"], "IOI_frac": ["1/4", "1/4", "1/2", "1/2", "1/4", "1/4", "1/4", "1/4", "1/2", "1/2", "1/2", "1/2", "3/2", "1/2", "3/2"], "IOI": [0.25, 0.25, 0.5, 0.5, 0.25, 0.25, 0.25, 0.25, 0.5, 0.5, 0.5, 0.5, 1.5, 0.5, 1.5], "IOR_frac": [null, "1", "2", "1", "1/2", "1", "1", "1", "2", "1", "1", "1", "3", "1/3", "3"], "IOR": [null, 1.0, 2.0, 1.0, 0.5, 1.0, 1.0, 1.0, 2.0, 1.0, 1.0, 1.0, 3.0, 0.3333333333333333, 3.0], "imacontour": [null, "-", "+", "-", "+", "-", "+", "-", "+", "-", "-", "+", "+", "-", "-"], "pitch": ["G4", "B4", "D5", "D5", "D5", "D5", "E5", "D5", "B4", "D5", "G4", "D5", "F#4", "D5", "G4"], "contour3": [null, "+", "+", "=", "=", "=", "+", "-", "-", "+", "-", "+", "-", "+", "-"], "contour5": [null, "++", "++", "=", "=", "=", "+", "-", "--", "++", "--", "++", "--", "++", "--"], "beatstrength": [0.25, 0.125, 1.0, 0.25, 0.5, 0.125, 0.25, 0.125, 1.0, 0.25, 0.5, 0.25, 1.0, 0.25, 1.0], "beat_str": ["2", "2", "1", "1", "2", "2", "2", "2", "1", "1", "2", "2", "1", "2", "1"], "beat_fraction_str": ["1/2", "3/4", "0", "1/2", "0", "1/4", "1/2", "3/4", "0", "1/2", "0", "1/2", "0", "1/2", "0"], "beat": [2.5, 2.75, 1.0, 1.5, 2.0, 2.25, 2.5, 2.75, 1.0, 1.5, 2.0, 2.5, 1.0, 2.5, 1.0], "timesignature": ["2/4", "2/4", "2/4", "2/4", "2/4", "2/4", "2/4", "2/4", "2/4", "2/4", "2/4", "2/4", "2/4", "2/4", "2/4"], "gpr2a_Frankland": [null, null, null, null, null, null, null, null, null, null, null, null, 0.125, null, 0.125], "gpr2b_Frankland": [null, null, null, null, null, null, null, null, null, null, null, null, null, null, null], "gpr3a_Frankland": [null, null, null, null, null, null, null, null, null, null, null, null, null, null, null], "gpr3d_Frankland": [null, 0.5, null, 0.5, null, 0.0, null, 0.5, null, 0.0, null, null, null, null, null], "gpr_Frankland_sum": [0, 0.5, 0, 0.5, 0, 0, 0, 0.5, 0, 0, 0, 0, 0.125, 0, 0.125], "lbdm_spitch": [null, 0.9142857142857141, 0.0, 0.0, 0.0, 0.4285714285714286, 0.12244897959183675, 0.1836734693877551, 0.4285714285714286, 1.0, 0.17647058823529413, 0.2016806722689076, 0.2016806722689076, null, null], "lbdm_sioi": [null, 0.05555555555555555, 0.1111111111111111, 0.1111111111111111, 0.05555555555555555, 0.0, 0.0, 0.05555555555555555, 0.1111111111111111, 0.0, 0.0, 0.16666666666666666, 1.0, null, null], "lbdm_srest": [null, 0.0, 0.0, 0.0, 0.0, 0.0, 0.0, 0.0, 0.0, 0.0, 0.0, 0.0, 1.0, null, null], "lbdm_rpitch": [null, 0.1111111111111111, 0.6, 0.0, 0.0, 0.5, 0.0, 0.14285714285714285, 0.0, 0.3333333333333333, 0.0, 0.058823529411764705, 0.0, 0.058823529411764705, null], "lbdm_rioi": [null, 0.0, 0.3333333333333333, 0.0, 0.3333333333333333, 0.0, 0.0, 0.0, 0.3333333333333333, 0.0, 0.0, 0.0, 0.5, 0.5, null], "lbdm_rrest": [null, 0.0, 0.0, 0.0, 0.0, 0.0, 0.0, 0.0, 0.0, 0.0, 0.0, 0.0, 1.0, 1.0, null], "lbdm_boundarystrength": [null, 0.2563492063492063, 0.05555555555555555, 0.05555555555555555, 0.027777777777777776, 0.10714285714285715, 0.030612244897959186, 0.07369614512471656, 0.1626984126984127, 0.25, 0.04411764705882353, 0.13375350140056022, 0.8004201680672269, null, null]}}
