{"id": "deut4193", "tunefamily": "", "year": -1, "tunefamily_full": "", "type": "vocal", "freemeter": false, "origin": "", "features": {"scaledegree": [1, 1, 1, 1, 1, 4, 4, 1, 5, 4, 3, 2, 1], "scaledegreespecifier": ["P", "P", "P", "P", "P", "P", "P", "P", "P", "P", "m", "M", "P"], "tonic": ["D", "D", "D", "D", "D", "D", "D", "D", "D", "D", "D", "D", "D"], "mode": ["major", "major", "major", "major", "major", "major", "major", "major", "major", "major", "major", "major", "major"], "metriccontour": [null, "+", "-", "+", "-", "+", "-", "+", "-", "+", "-", "+", "-"], "imaweight": [0.377778, 1.0, 0.322222, 0.822222, 0.455556, 0.922222, 0.766667, 0.766667, 0.455556, 0.722222, 0.266667, 0.9, 0.688889], "imaweight_spectral": [0.490909, 0.963636, 0.409091, 0.854545, 0.518182, 0.9, 1.0, 0.854545, 0.6, 0.818182, 0.445455, 0.963636, 0.936364], "pitch40_hewlett": [169, 169, 169, 169, 169, 146, 146, 129, 152, 146, 140, 135, 129], "pitch40_sapp": [208, 208, 208, 208, 208, 185, 185, 168, 191, 185, 179, 174, 168], "octave": [5, 5, 5, 5, 5, 4, 4, 4, 4, 4, 4, 4, 4], "midipitch": [74, 74, 74, 74, 74, 67, 67, 62, 69, 67, 65, 64, 62], "diatonicpitch": [35, 35, 35, 35, 35, 31, 31, 28, 32, 31, 30, 29, 28], "diatonicinterval": [null, 0, 0, 0, 0, -4, 0, -3, 4, -1, -1, -1, -1], "chromaticinterval": [null, 0, 0, 0, 0, -7, 0, -5, 7, -2, -2, -1, -2], "pitchproximity": [null, null, 0, 0, 0, 7, 0, 5, 7, 2, 2, 1, 2], "pitchreversal": [null, null, 0, 0, 0, 0, 1, 0, 1.5, 1, 0, 0, 0], "nextisrest": [false, false, false, false, false, false, true, false, false, false, false, false, null], "restduration_frac": [null, null, null, null, null, null, "2", null, null, null, null, null, null], "duration": [2.0, 2.0, 2.0, 2.0, 2.0, 4.0, 2.0, 2.0, 2.0, 2.0, 2.0, 4.0, 2.0], "duration_frac": ["2", "2", "2", "2", "2", "4", "2", "2", "2", "2", "2", "4", "2"], "duration_fullname": ["Half", "Half", "Half", "Half", "Half", "Whole", "Half", "Half", "Half", "Half", "Half", "Whole", "Half"], "durationcontour": [null, "=", "=", "=", "=", "+", "-", "=", "=", "=", "=", "+", "-"], "onsettick": [0, 2, 4, 6, 8, 10, 14, 18, 20, 22, 24, 26, 30], "beatfraction": ["1", "1", "1", "1", "1", "2", "1", "1", "1", "1", "1", "2", "1"], "phrasepos": [0.0, 0.14285714285714285, 0.2857142857142857, 0.42857142857142855, 0.5714285714285714, 0.7142857142857143, 1.0, 0.0, 0.16666666666666666, 0.3333333333333333, 0.5, 0.6666666666666666, 1.0], "phrase_ix": [0, 0, 0, 0, 0, 0, 0, 1, 1, 1, 1, 1, 1], "phrase_end": [false, false, false, false, false, false, true, false, false, false, false, false, true], "songpos": [0.0, 0.06666666666666667, 0.13333333333333333, 0.2, 0.26666666666666666, 0.3333333333333333, 0.4666666666666667, 0.6, 0.6666666666666666, 0.7333333333333333, 0.8, 0.8666666666666667, 1.0], "beatinsong": ["-1", "0", "1", "2", "3", "4", "6", "8", "9", "10", "11", "12", "14"], "beatinphrase": ["-1", "0", "1", "2", "3", "4", "6", "0", "1", "2", "3", "4", "6"], "beatinphrase_end": ["-5", "-4", "-3", "-2", "-1", "0", "2", "-4", "-3", "-2", "-1", "0", "2"], "IOI_frac": ["2", "2", "2", "2", "2", "4", "4", "2", "2", "2", "2", "4", null], "IOI": [2.0, 2.0, 2.0, 2.0, 2.0, 4.0, 4.0, 2.0, 2.0, 2.0, 2.0, 4.0, null], "IOR_frac": [null, "1", "1", "1", "1", "2", "1", "1/2", "1", "1", "1", "2", null], "IOR": [null, 1.0, 1.0, 1.0, 1.0, 2.0, 1.0, 0.5, 1.0, 1.0, 1.0, 2.0, null], "imacontour": [null, "+", "-", "+", "-", "+", "-", "=", "-", "+", "-", "+", "-"], "pitch": ["D5", "D5", "D5", "D5", "D5", "G4", "G4", "D4", "A4", "G4", "F4", "E4", "D4"], "contour3": [null, "=", "=", "=", "=", "-", "=", "-", "+", "-", "-", "-", "-"], "contour5": [null, "=", "=", "=", "=", "--", "=", "--", "++", "-", "-", "-", "-"], "beatstrength": [0.25, 1.0, 0.25, 0.5, 0.25, 1.0, 0.5, 1.0, 0.25, 0.5, 0.25, 1.0, 0.5], "beat_str": ["4", "1", "2", "3", "4", "1", "3", "1", "2", "3", "4", "1", "3"], "beat_fraction_str": ["0", "0", "0", "0", "0", "0", "0", "0", "0", "0", "0", "0", "0"], "beat": [4.0, 1.0, 2.0, 3.0, 4.0, 1.0, 3.0, 1.0, 2.0, 3.0, 4.0, 1.0, 3.0], "timesignature": ["4/2", "4/2", "4/2", "4/2", "4/2", "4/2", "4/2", "4/2", "4/2", "4/2", "4/2", "4/2", "4/2"], "gpr2a_Frankland": [null, null, null, null, null, null, 0.5, null, null, null, null, null, null], "gpr2b_Frankland": [null, null, null, null, null, null, null, null, null, null, null, null, null], "gpr3a_Frankland": [null, null, null, null, 1.0, null, null, 0.5, null, null, null, null, null], "gpr3d_Frankland": [null, 0.0, 0.0, null, 0.5, null, 0.5, null, 0.0, null, null, null, null], "gpr_Frankland_sum": [0, 0, 0, 0, 1.5, 0, 1.0, 0.5, 0, 0, 0, 0, 0], "lbdm_spitch": [null, 0.0, 0.0, 0.0, 1.0, 0.0, 0.39358600583090386, 0.38404452690166974, 0.08348794063079777, 0.036734693877551024, 0.036734693877551024, null, null], "lbdm_sioi": [null, 0.0, 0.0, 0.0, 0.5, 1.0, 1.0, 0.5, 0.0, 0.0, 0.5, null, null], "lbdm_srest": [null, 0.0, 0.0, 0.0, 0.0, 0.0, 1.0, 0.0, 0.0, 0.0, 0.0, null, null], "lbdm_rpitch": [null, 0.0, 0.0, 0.0, 0.7777777777777778, 0.7777777777777778, 0.7142857142857143, 0.14285714285714285, 0.45454545454545453, 0.0, 0.2, 0.2, null], "lbdm_rioi": [null, 0.0, 0.0, 0.0, 0.0, 0.3333333333333333, 0.0, 0.3333333333333333, 0.0, 0.0, 0.0, 0.3333333333333333, null], "lbdm_rrest": [null, 0.0, 0.0, 0.0, 0.0, 0.0, 1.0, 1.0, 0.0, 0.0, 0.0, 0.0, null], "lbdm_boundarystrength": [null, 0.0, 0.0, 0.0, 0.5, 0.5, 0.8483965014577259, 0.3460111317254174, 0.020871985157699443, 0.009183673469387756, 0.25918367346938775, null, null]}}
