{"id": "deut3445", "tunefamily": "", "year": -1, "tunefamily_full": "", "type": "vocal", "freemeter": true, "origin": "", "features": {"scaledegree": [5, 1, 5, 1, 3, 5, 4, 3, 2, 5, 1, 5, 3, 6, 5, 2, 4, 3], "scaledegreespecifier": ["P", "P", "P", "P", "M", "P", "P", "M", "M", "P", "P", "P", "M", "M", "P", "M", "P", "M"], "tonic": ["G", "G", "G", "G", "G", "G", "G", "G", "G", "G", "G", "G", "G", "G", "G", "G", "G", "G"], "mode": ["major", "major", "major", "major", "major", "major", "major", "major", "major", "major", "major", "major", "major", "major", "major", "major", "major", "major"], "metriccontour": [null, null, null, null, null, null, null, null, null, null, null, null, null, null, null, null, null, null], "imaweight": [0.333333, 0.62963, 0.222222, 1.0, 0.62963, 0.777778, 0.802469, 0.320988, 0.925926, 0.481481, 1.0, 0.320988, 0.802469, 0.777778, 0.62963, 0.938272, 0.271605, 0.617284], "imaweight_spectral": [0.346457, 0.76378, 0.307087, 0.968504, 0.834646, 0.897638, 0.88189, 0.377953, 0.96063, 0.440945, 0.968504, 0.338583, 0.84252, 0.897638, 0.80315, 1.0, 0.346457, 0.834646], "pitch40_hewlett": [129, 146, 129, 146, 158, 169, 163, 158, 152, 169, 186, 169, 158, 175, 169, 152, 163, 158], "pitch40_sapp": [168, 185, 168, 185, 197, 208, 202, 197, 191, 208, 225, 208, 197, 214, 208, 191, 202, 197], "octave": [4, 4, 4, 4, 4, 5, 5, 4, 4, 5, 5, 5, 4, 5, 5, 4, 5, 4], "midipitch": [62, 67, 62, 67, 71, 74, 72, 71, 69, 74, 79, 74, 71, 76, 74, 69, 72, 71], "diatonicpitch": [25, 28, 25, 28, 30, 32, 31, 30, 29, 32, 35, 32, 30, 33, 32, 29, 31, 30], "diatonicinterval": [null, 3, -3, 3, 2, 2, -1, -1, -1, 3, 3, -3, -2, 3, -1, -3, 2, -1], "chromaticinterval": [null, 5, -5, 5, 4, 3, -2, -1, -2, 5, 5, -5, -3, 5, -2, -5, 3, -1], "pitchproximity": [null, null, 5, 5, 4, 3, 2, 1, 2, 5, 5, 5, 3, 5, 2, 5, 3, 1], "pitchreversal": [null, null, 1.5, 1.5, 0, 0, 1.5, 0, 0, 0, 0, 1.5, 0, 1.5, 0, 0, 1.5, 1.5], "nextisrest": [false, false, false, false, false, false, false, false, true, false, false, false, false, false, false, false, false, null], "restduration_frac": [null, null, null, null, null, null, null, null, "1/2", null, null, null, null, null, null, null, null, null], "duration": [0.5, 0.5, 0.5, 1.0, 1.0, 1.0, 0.5, 0.5, 1.0, 0.5, 0.5, 0.5, 1.0, 1.0, 1.0, 0.5, 0.5, 1.5], "duration_frac": ["1/2", "1/2", "1/2", "1", "1", "1", "1/2", "1/2", "1", "1/2", "1/2", "1/2", "1", "1", "1", "1/2", "1/2", "3/2"], "duration_fullname": ["Eighth", "Eighth", "Eighth", "Quarter", "Quarter", "Quarter", "Eighth", "Eighth", "Quarter", "Eighth", "Eighth", "Eighth", "Quarter", "Quarter", "Quarter", "Eighth", "Eighth", "Dotted Quarter"], "durationcontour": [null, "=", "=", "+", "=", "=", "-", "=", "+", "-", "=", "=", "+", "=", "=", "-", "=", "+"], "onsettick": [0, 1, 2, 3, 5, 7, 9, 10, 11, 14, 15, 16, 17, 19, 21, 23, 24, 25], "beatfraction": [null, null, null, null, null, null, null, null, null, null, null, null, null, null, null, null, null, null], "phrasepos": [0.0, 0.09090909090909091, 0.18181818181818182, 0.2727272727272727, 0.45454545454545453, 0.6363636363636364, 0.8181818181818182, 0.9090909090909091, 1.0, 0.0, 0.09090909090909091, 0.18181818181818182, 0.2727272727272727, 0.45454545454545453, 0.6363636363636364, 0.8181818181818182, 0.9090909090909091, 1.0], "phrase_ix": [0, 0, 0, 0, 0, 0, 0, 0, 0, 1, 1, 1, 1, 1, 1, 1, 1, 1], "phrase_end": [false, false, false, false, false, false, false, false, true, false, false, false, false, false, false, false, false, true], "songpos": [0.0, 0.04, 0.08, 0.12, 0.2, 0.28, 0.36, 0.4, 0.44, 0.56, 0.6, 0.64, 0.68, 0.76, 0.84, 0.92, 0.96, 1.0], "beatinsong": [null, null, null, null, null, null, null, null, null, null, null, null, null, null, null, null, null, null], "beatinphrase": [null, null, null, null, null, null, null, null, null, null, null, null, null, null, null, null, null, null], "beatinphrase_end": [null, null, null, null, null, null, null, null, null, null, null, null, null, null, null, null, null, null], "IOI_frac": ["1/2", "1/2", "1/2", "1", "1", "1", "1/2", "1/2", "3/2", "1/2", "1/2", "1/2", "1", "1", "1", "1/2", "1/2", null], "IOI": [0.5, 0.5, 0.5, 1.0, 1.0, 1.0, 0.5, 0.5, 1.5, 0.5, 0.5, 0.5, 1.0, 1.0, 1.0, 0.5, 0.5, null], "IOR_frac": [null, "1", "1", "2", "1", "1", "1/2", "1", "3", "1/3", "1", "1", "2", "1", "1", "1/2", "1", null], "IOR": [null, 1.0, 1.0, 2.0, 1.0, 1.0, 0.5, 1.0, 3.0, 0.3333333333333333, 1.0, 1.0, 2.0, 1.0, 1.0, 0.5, 1.0, null], "imacontour": [null, "+", "-", "+", "-", "+", "+", "-", "+", "-", "+", "-", "+", "-", "-", "+", "-", "+"], "pitch": ["D4", "G4", "D4", "G4", "B4", "D5", "C5", "B4", "A4", "D5", "G5", "D5", "B4", "E5", "D5", "A4", "C5", "B4"], "contour3": [null, "+", "-", "+", "+", "+", "-", "-", "-", "+", "+", "-", "-", "+", "-", "-", "+", "-"], "contour5": [null, "++", "--", "++", "++", "++", "-", "-", "-", "++", "++", "--", "--", "++", "-", "--", "++", "-"], "beatstrength": [null, null, null, null, null, null, null, null, null, null, null, null, null, null, null, null, null, null], "beat_str": [null, null, null, null, null, null, null, null, null, null, null, null, null, null, null, null, null, null], "beat_fraction_str": [null, null, null, null, null, null, null, null, null, null, null, null, null, null, null, null, null, null], "beat": [null, null, null, null, null, null, null, null, null, null, null, null, null, null, null, null, null, null], "timesignature": [null, null, null, null, null, null, null, null, null, null, null, null, null, null, null, null, null, null], "gpr2a_Frankland": [null, null, null, null, null, null, null, null, 0.125, null, null, null, null, null, null, null, null, null], "gpr2b_Frankland": [null, null, null, null, null, null, null, null, null, null, null, null, null, null, null, null, null, null], "gpr3a_Frankland": [null, null, null, null, null, null, null, null, null, null, null, null, 0.5, null, 0.5, null, null, null], "gpr3d_Frankland": [null, null, 0.5, null, null, 0.5, null, null, null, null, null, 0.5, null, null, 0.5, null, null, null], "gpr_Frankland_sum": [0, 0, 0.5, 0, 0, 0.5, 0, 0, 0.125, 0, 0, 0.5, 0.5, 0, 1.0, 0, 0, 0], "lbdm_spitch": [null, 0.0, 0.17045454545454547, 0.30303030303030304, 0.2857142857142857, 0.2571428571428572, 0.15000000000000002, 0.4, 0.625, 0.0, 0.375, 0.45000000000000007, 1.0, 0.5, 1.0, 0.6000000000000001, null, null], "lbdm_sioi": [null, 0.0, 0.1111111111111111, 0.2222222222222222, 0.0, 0.2222222222222222, 0.1111111111111111, 0.16666666666666666, 1.0, 0.16666666666666666, 0.0, 0.1111111111111111, 0.2222222222222222, 0.0, 0.2222222222222222, 0.1111111111111111, null, null], "lbdm_srest": [null, 0.0, 0.0, 0.0, 0.0, 0.0, 0.0, 0.0, 1.0, 0.0, 0.0, 0.0, 0.0, 0.0, 0.0, 0.0, null, null], "lbdm_rpitch": [null, 0.0, 0.0, 0.09090909090909091, 0.1111111111111111, 0.14285714285714285, 0.2, 0.2, 0.3333333333333333, 0.0, 0.0, 0.2, 0.2, 0.3333333333333333, 0.3333333333333333, 0.2, 0.3333333333333333, null], "lbdm_rioi": [null, 0.0, 0.0, 0.3333333333333333, 0.0, 0.0, 0.3333333333333333, 0.0, 0.5, 0.5, 0.0, 0.0, 0.3333333333333333, 0.0, 0.0, 0.3333333333333333, 0.0, null], "lbdm_rrest": [null, 0.0, 0.0, 0.0, 0.0, 0.0, 0.0, 0.0, 1.0, 1.0, 0.0, 0.0, 0.0, 0.0, 0.0, 0.0, 0.0, null], "lbdm_boundarystrength": [null, 0.0, 0.09816919191919192, 0.18686868686868685, 0.07142857142857142, 0.17539682539682538, 0.09305555555555556, 0.18333333333333335, 0.90625, 0.08333333333333333, 0.09375, 0.16805555555555557, 0.3611111111111111, 0.125, 0.3611111111111111, 0.20555555555555557, null, null]}}
