{"id": "deut4397", "tunefamily": "", "year": -1, "tunefamily_full": "", "type": "vocal", "freemeter": false, "origin": "", "features": {"scaledegree": [1, 4, 3, 1, 7, 7, 3, 4, 5, 3, 6, 5, 4, 1, 4, 1, 4, 2, 1], "scaledegreespecifier": ["P", "P", "m", "P", "m", "m", "m", "P", "P", "m", "m", "P", "P", "P", "P", "P", "P", "M", "P"], "tonic": ["D", "D", "D", "D", "D", "D", "D", "D", "D", "D", "D", "D", "D", "D", "D", "D", "D", "D", "D"], "mode": ["minor", "minor", "minor", "minor", "minor", "minor", "minor", "minor", "minor", "minor", "minor", "minor", "minor", "minor", "minor", "minor", "minor", "minor", "minor"], "metriccontour": [null, "+", "-", "-", "+", "-", "+", "-", "+", "-", "+", "-", "-", "+", "-", "+", "-", "+", "+"], "imaweight": [0.934694, 0.934694, 0.934694, 0.0653061, 0.934694, 0.934694, 0.934694, 0.934694, 0.934694, 0.95102, 0.983673, 0.934694, 0.130612, 0.934694, 0.983673, 0.95102, 0.0979592, 0.95102, 1.0], "imaweight_spectral": [1.0, 0.923372, 0.908046, 0.091954, 0.984674, 0.923372, 0.923372, 0.984674, 0.938697, 0.938697, 0.969349, 0.938697, 0.153257, 0.908046, 0.969349, 0.938697, 0.122605, 0.923372, 1.0], "pitch40_hewlett": [129, 146, 140, 129, 123, 123, 140, 146, 152, 140, 157, 152, 146, 129, 146, 129, 146, 135, 129], "pitch40_sapp": [168, 185, 179, 168, 162, 162, 179, 185, 191, 179, 196, 191, 185, 168, 185, 168, 185, 174, 168], "octave": [4, 4, 4, 4, 4, 4, 4, 4, 4, 4, 4, 4, 4, 4, 4, 4, 4, 4, 4], "midipitch": [62, 67, 65, 62, 60, 60, 65, 67, 69, 65, 70, 69, 67, 62, 67, 62, 67, 64, 62], "diatonicpitch": [28, 31, 30, 28, 27, 27, 30, 31, 32, 30, 33, 32, 31, 28, 31, 28, 31, 29, 28], "diatonicinterval": [null, 3, -1, -2, -1, 0, 3, 1, 1, -2, 3, -1, -1, -3, 3, -3, 3, -2, -1], "chromaticinterval": [null, 5, -2, -3, -2, 0, 5, 2, 2, -4, 5, -1, -2, -5, 5, -5, 5, -3, -2], "pitchproximity": [null, null, 2, 3, 2, 0, 5, 2, 2, 4, 5, 1, 2, 5, 5, 5, 5, 3, 2], "pitchreversal": [null, null, 0, 0, 0, 0, 0, 0, 0, 1.5, 1.5, 0, 0, 0, 1.5, 1.5, 1.5, 1.5, 0], "nextisrest": [false, false, false, false, false, false, false, false, false, false, false, false, false, false, false, false, false, false, null], "restduration_frac": [null, null, null, null, null, null, null, null, null, null, null, null, null, null, null, null, null, null, null], "duration": [2.0, 2.0, 1.0, 1.0, 2.0, 2.0, 2.0, 2.0, 2.0, 2.0, 2.0, 1.0, 1.0, 2.0, 2.0, 1.0, 1.0, 2.0, 2.0], "duration_frac": ["2", "2", "1", "1", "2", "2", "2", "2", "2", "2", "2", "1", "1", "2", "2", "1", "1", "2", "2"], "duration_fullname": ["Half", "Half", "Quarter", "Quarter", "Half", "Half", "Half", "Half", "Half", "Half", "Half", "Quarter", "Quarter", "Half", "Half", "Quarter", "Quarter", "Half", "Half"], "durationcontour": [null, "=", "-", "=", "+", "=", "=", "=", "=", "=", "=", "-", "=", "+", "=", "-", "=", "+", "="], "onsettick": [0, 2, 4, 5, 6, 8, 10, 12, 14, 16, 18, 20, 21, 22, 24, 26, 27, 28, 30], "beatfraction": ["1", "1", "1/2", "1/2", "1", "1", "1", "1", "1", "1", "1", "1/2", "1/2", "1", "1", "1/2", "1/2", "1", "1"], "phrasepos": [0.0, 0.14285714285714285, 0.2857142857142857, 0.35714285714285715, 0.42857142857142855, 0.5714285714285714, 0.7142857142857143, 0.8571428571428571, 1.0, 0.0, 0.14285714285714285, 0.2857142857142857, 0.35714285714285715, 0.42857142857142855, 0.5714285714285714, 0.7142857142857143, 0.7857142857142857, 0.8571428571428571, 1.0], "phrase_ix": [0, 0, 0, 0, 0, 0, 0, 0, 0, 1, 1, 1, 1, 1, 1, 1, 1, 1, 1], "phrase_end": [false, false, false, false, false, false, false, false, true, false, false, false, false, false, false, false, false, false, true], "songpos": [0.0, 0.06666666666666667, 0.13333333333333333, 0.16666666666666666, 0.2, 0.26666666666666666, 0.3333333333333333, 0.4, 0.4666666666666667, 0.5333333333333333, 0.6, 0.6666666666666666, 0.7, 0.7333333333333333, 0.8, 0.8666666666666667, 0.9, 0.9333333333333333, 1.0], "beatinsong": ["-1", "0", "1", "3/2", "2", "3", "4", "5", "6", "7", "8", "9", "19/2", "10", "11", "12", "25/2", "13", "14"], "beatinphrase": ["-1", "0", "1", "3/2", "2", "3", "4", "5", "6", "-1", "0", "1", "3/2", "2", "3", "4", "9/2", "5", "6"], "beatinphrase_end": ["-5", "-4", "-3", "-5/2", "-2", "-1", "0", "1", "2", "-5", "-4", "-3", "-5/2", "-2", "-1", "0", "1/2", "1", "2"], "IOI_frac": ["2", "2", "1", "1", "2", "2", "2", "2", "2", "2", "2", "1", "1", "2", "2", "1", "1", "2", null], "IOI": [2.0, 2.0, 1.0, 1.0, 2.0, 2.0, 2.0, 2.0, 2.0, 2.0, 2.0, 1.0, 1.0, 2.0, 2.0, 1.0, 1.0, 2.0, null], "IOR_frac": [null, "1", "1/2", "1", "2", "1", "1", "1", "1", "1", "1", "1/2", "1", "2", "1", "1/2", "1", "2", null], "IOR": [null, 1.0, 0.5, 1.0, 2.0, 1.0, 1.0, 1.0, 1.0, 1.0, 1.0, 0.5, 1.0, 2.0, 1.0, 0.5, 1.0, 2.0, null], "imacontour": [null, "=", "=", "-", "+", "=", "=", "=", "=", "+", "+", "-", "-", "+", "+", "-", "-", "+", "+"], "pitch": ["D4", "G4", "F4", "D4", "C4", "C4", "F4", "G4", "A4", "F4", "B-4", "A4", "G4", "D4", "G4", "D4", "G4", "E4", "D4"], "contour3": [null, "+", "-", "-", "-", "=", "+", "+", "+", "-", "+", "-", "-", "-", "+", "-", "+", "-", "-"], "contour5": [null, "++", "-", "--", "-", "=", "++", "+", "+", "--", "++", "-", "-", "--", "++", "--", "++", "--", "-"], "beatstrength": [0.25, 1.0, 0.25, 0.125, 0.5, 0.25, 1.0, 0.25, 0.5, 0.25, 1.0, 0.25, 0.125, 0.5, 0.25, 1.0, 0.125, 0.25, 0.5], "beat_str": ["4", "1", "2", "2", "3", "4", "1", "2", "3", "4", "1", "2", "2", "3", "4", "1", "1", "2", "3"], "beat_fraction_str": ["0", "0", "0", "1/2", "0", "0", "0", "0", "0", "0", "0", "0", "1/2", "0", "0", "0", "1/2", "0", "0"], "beat": [4.0, 1.0, 2.0, 2.5, 3.0, 4.0, 1.0, 2.0, 3.0, 4.0, 1.0, 2.0, 2.5, 3.0, 4.0, 1.0, 1.5, 2.0, 3.0], "timesignature": ["4/2", "4/2", "4/2", "4/2", "4/2", "4/2", "4/2", "4/2", "4/2", "4/2", "4/2", "4/2", "4/2", "4/2", "4/2", "4/2", "4/2", "4/2", "4/2"], "gpr2a_Frankland": [null, null, null, null, null, null, null, null, null, null, null, null, null, null, null, null, null, null, null], "gpr2b_Frankland": [null, null, null, null, null, null, null, null, null, null, null, null, null, null, null, null, null, null, null], "gpr3a_Frankland": [null, null, 0.33333333333333337, null, null, 0.8, null, null, null, 0.5, null, null, null, null, null, null, null, null, null], "gpr3d_Frankland": [null, 0.5, null, 0.5, null, 0.0, 0.0, 0.0, 0.0, null, 0.5, null, 0.5, null, 0.5, null, null, null, null], "gpr_Frankland_sum": [0, 0.5, 0.33333333333333337, 0.5, 0, 0.8, 0, 0, 0, 0.5, 0.5, 0, 0.5, 0, 0.5, 0, 0, 0, 0], "lbdm_spitch": [null, 0.1818181818181818, 0.16363636363636364, 0.24545454545454543, 0.0, 1.0, 0.12727272727272726, 0.09545454545454546, 0.2603305785123967, 0.5640495867768595, 0.13363636363636364, 0.20363636363636364, 0.3181818181818182, 0.0, 0.0, 0.19090909090909092, 0.19636363636363635, null, null], "lbdm_sioi": [null, 1.0, 0.5, 0.5, 1.0, 0.0, 0.0, 0.0, 0.0, 0.0, 1.0, 0.5, 0.5, 1.0, 1.0, 0.5, 0.5, null, null], "lbdm_srest": [null, 0.0, 0.0, 0.0, 0.0, 0.0, 0.0, 0.0, 0.0, 0.0, 0.0, 0.0, 0.0, 0.0, 0.0, 0.0, 0.0, null, null], "lbdm_rpitch": [null, 0.3333333333333333, 0.14285714285714285, 0.14285714285714285, 0.5, 0.7142857142857143, 0.3333333333333333, 0.0, 0.25, 0.09090909090909091, 0.5, 0.2, 0.3333333333333333, 0.0, 0.0, 0.0, 0.2, 0.14285714285714285, null], "lbdm_rioi": [null, 0.0, 0.3333333333333333, 0.0, 0.3333333333333333, 0.0, 0.0, 0.0, 0.0, 0.0, 0.0, 0.3333333333333333, 0.0, 0.3333333333333333, 0.0, 0.3333333333333333, 0.0, 0.3333333333333333, null], "lbdm_rrest": [null, 0.0, 0.0, 0.0, 0.0, 0.0, 0.0, 0.0, 0.0, 0.0, 0.0, 0.0, 0.0, 0.0, 0.0, 0.0, 0.0, 0.0, null], "lbdm_boundarystrength": [null, 0.5454545454545454, 0.2909090909090909, 0.31136363636363634, 0.5, 0.25, 0.031818181818181815, 0.023863636363636365, 0.06508264462809918, 0.14101239669421486, 0.5334090909090909, 0.3009090909090909, 0.32954545454545453, 0.5, 0.5, 0.29772727272727273, 0.2990909090909091, null, null]}}
