{"id": "deut4735", "tunefamily": "", "year": -1, "tunefamily_full": "", "type": "vocal", "freemeter": false, "origin": "", "features": {"scaledegree": [5, 1, 1, 1, 1, 7, 6, 5, 3, 6, 6, 6, 6, 5, 4, 3, 2, 3, 4, 6, 5], "scaledegreespecifier": ["P", "P", "P", "P", "P", "M", "M", "P", "M", "M", "M", "M", "M", "P", "P", "M", "M", "M", "A", "M", "P"], "tonic": ["D", "D", "D", "D", "D", "D", "D", "D", "D", "D", "D", "D", "D", "D", "D", "D", "D", "D", "D", "D", "D"], "mode": ["major", "major", "major", "major", "major", "major", "major", "major", "major", "major", "major", "major", "major", "major", "major", "major", "major", "major", "major", "major", "major"], "metriccontour": [null, "+", "-", "+", "-", "+", "-", "+", "-", "+", "-", "+", "-", "+", "-", "+", "-", "+", "-", "+", "-"], "imaweight": [0.528926, 1.0, 0.528926, 1.0, 0.528926, 1.0, 0.528926, 1.0, 0.528926, 1.0, 0.528926, 1.0, 0.528926, 1.0, 0.528926, 1.0, 0.528926, 1.0, 1.0, 1.0, 1.0], "imaweight_spectral": [0.528926, 1.0, 0.528926, 1.0, 0.528926, 1.0, 0.528926, 1.0, 0.528926, 1.0, 0.528926, 1.0, 0.528926, 1.0, 0.528926, 1.0, 0.528926, 1.0, 1.0, 1.0, 1.0], "pitch40_hewlett": [152, 169, 169, 169, 169, 164, 158, 152, 141, 158, 158, 158, 158, 152, 146, 141, 135, 141, 147, 158, 152], "pitch40_sapp": [191, 208, 208, 208, 208, 203, 197, 191, 180, 197, 197, 197, 197, 191, 185, 180, 174, 180, 186, 197, 191], "octave": [4, 5, 5, 5, 5, 5, 4, 4, 4, 4, 4, 4, 4, 4, 4, 4, 4, 4, 4, 4, 4], "midipitch": [69, 74, 74, 74, 74, 73, 71, 69, 66, 71, 71, 71, 71, 69, 67, 66, 64, 66, 68, 71, 69], "diatonicpitch": [32, 35, 35, 35, 35, 34, 33, 32, 30, 33, 33, 33, 33, 32, 31, 30, 29, 30, 31, 33, 32], "diatonicinterval": [null, 3, 0, 0, 0, -1, -1, -1, -2, 3, 0, 0, 0, -1, -1, -1, -1, 1, 1, 2, -1], "chromaticinterval": [null, 5, 0, 0, 0, -1, -2, -2, -3, 5, 0, 0, 0, -2, -2, -1, -2, 2, 2, 3, -2], "pitchproximity": [null, null, 0, 0, 0, 1, 2, 2, 3, 5, 0, 0, 0, 2, 2, 1, 2, 2, 2, 3, 2], "pitchreversal": [null, null, 0, 0, 0, 0, 0, 0, 0, 1.5, 0, 0, 0, 0, 0, 0, 0, 1.5, 0, 0, 1.5], "nextisrest": [false, false, false, false, false, false, false, false, false, false, false, false, false, false, false, false, false, false, false, false, null], "restduration_frac": [null, null, null, null, null, null, null, null, null, null, null, null, null, null, null, null, null, null, null, null, null], "duration": [0.5, 1.0, 0.5, 1.0, 0.5, 1.0, 0.5, 1.0, 0.5, 1.0, 0.5, 1.0, 0.5, 1.0, 0.5, 1.0, 0.5, 1.5, 1.5, 1.5, 1.0], "duration_frac": ["1/2", "1", "1/2", "1", "1/2", "1", "1/2", "1", "1/2", "1", "1/2", "1", "1/2", "1", "1/2", "1", "1/2", "3/2", "3/2", "3/2", "1"], "duration_fullname": ["Eighth", "Quarter", "Eighth", "Quarter", "Eighth", "Quarter", "Eighth", "Quarter", "Eighth", "Quarter", "Eighth", "Quarter", "Eighth", "Quarter", "Eighth", "Quarter", "Eighth", "Dotted Quarter", "Dotted Quarter", "Dotted Quarter", "Quarter"], "durationcontour": [null, "+", "-", "+", "-", "+", "-", "+", "-", "+", "-", "+", "-", "+", "-", "+", "-", "+", "=", "=", "-"], "onsettick": [0, 1, 3, 4, 6, 7, 9, 10, 12, 13, 15, 16, 18, 19, 21, 22, 24, 25, 28, 31, 34], "beatfraction": ["1/3", "2/3", "1/3", "2/3", "1/3", "2/3", "1/3", "2/3", "1/3", "2/3", "1/3", "2/3", "1/3", "2/3", "1/3", "2/3", "1/3", "1", "1", "1", "2/3"], "phrasepos": [0.0, 0.1, 0.3, 0.4, 0.6, 0.7, 0.9, 1.0, 0.0, 0.1, 0.3, 0.4, 0.6, 0.7, 0.9, 1.0, 0.0, 0.1, 0.4, 0.7, 1.0], "phrase_ix": [0, 0, 0, 0, 0, 0, 0, 0, 1, 1, 1, 1, 1, 1, 1, 1, 2, 2, 2, 2, 2], "phrase_end": [false, false, false, false, false, false, false, true, false, false, false, false, false, false, false, true, false, false, false, false, true], "songpos": [0.0, 0.029411764705882353, 0.08823529411764706, 0.11764705882352941, 0.17647058823529413, 0.20588235294117646, 0.2647058823529412, 0.29411764705882354, 0.35294117647058826, 0.38235294117647056, 0.4411764705882353, 0.47058823529411764, 0.5294117647058824, 0.5588235294117647, 0.6176470588235294, 0.6470588235294118, 0.7058823529411765, 0.7352941176470589, 0.8235294117647058, 0.9117647058823529, 1.0], "beatinsong": ["-1/3", "0", "2/3", "1", "5/3", "2", "8/3", "3", "11/3", "4", "14/3", "5", "17/3", "6", "20/3", "7", "23/3", "8", "9", "10", "11"], "beatinphrase": ["-1/3", "0", "2/3", "1", "5/3", "2", "8/3", "3", "-1/3", "0", "2/3", "1", "5/3", "2", "8/3", "3", "-1/3", "0", "1", "2", "3"], "beatinphrase_end": ["-7/3", "-2", "-4/3", "-1", "-1/3", "0", "2/3", "1", "-7/3", "-2", "-4/3", "-1", "-1/3", "0", "2/3", "1", "-7/3", "-2", "-1", "0", "1"], "IOI_frac": ["1/2", "1", "1/2", "1", "1/2", "1", "1/2", "1", "1/2", "1", "1/2", "1", "1/2", "1", "1/2", "1", "1/2", "3/2", "3/2", "3/2", null], "IOI": [0.5, 1.0, 0.5, 1.0, 0.5, 1.0, 0.5, 1.0, 0.5, 1.0, 0.5, 1.0, 0.5, 1.0, 0.5, 1.0, 0.5, 1.5, 1.5, 1.5, null], "IOR_frac": [null, "2", "1/2", "2", "1/2", "2", "1/2", "2", "1/2", "2", "1/2", "2", "1/2", "2", "1/2", "2", "1/2", "3", "1", "1", null], "IOR": [null, 2.0, 0.5, 2.0, 0.5, 2.0, 0.5, 2.0, 0.5, 2.0, 0.5, 2.0, 0.5, 2.0, 0.5, 2.0, 0.5, 3.0, 1.0, 1.0, null], "imacontour": [null, "+", "-", "+", "-", "+", "-", "+", "-", "+", "-", "+", "-", "+", "-", "+", "-", "+", "=", "=", "="], "pitch": ["A4", "D5", "D5", "D5", "D5", "C#5", "B4", "A4", "F#4", "B4", "B4", "B4", "B4", "A4", "G4", "F#4", "E4", "F#4", "G#4", "B4", "A4"], "contour3": [null, "+", "=", "=", "=", "-", "-", "-", "-", "+", "=", "=", "=", "-", "-", "-", "-", "+", "+", "+", "-"], "contour5": [null, "++", "=", "=", "=", "-", "-", "-", "--", "++", "=", "=", "=", "-", "-", "-", "-", "+", "+", "++", "-"], "beatstrength": [0.25, 1.0, 0.25, 0.5, 0.25, 1.0, 0.25, 0.5, 0.25, 1.0, 0.25, 0.5, 0.25, 1.0, 0.25, 0.5, 0.25, 1.0, 0.5, 1.0, 0.5], "beat_str": ["2", "1", "1", "2", "2", "1", "1", "2", "2", "1", "1", "2", "2", "1", "1", "2", "2", "1", "2", "1", "2"], "beat_fraction_str": ["2/3", "0", "2/3", "0", "2/3", "0", "2/3", "0", "2/3", "0", "2/3", "0", "2/3", "0", "2/3", "0", "2/3", "0", "0", "0", "0"], "beat": [2.6666666666666665, 1.0, 1.6666666666666667, 2.0, 2.6666666666666665, 1.0, 1.6666666666666667, 2.0, 2.6666666666666665, 1.0, 1.6666666666666667, 2.0, 2.6666666666666665, 1.0, 1.6666666666666667, 2.0, 2.6666666666666665, 1.0, 2.0, 1.0, 2.0], "timesignature": ["6/8", "6/8", "6/8", "6/8", "6/8", "6/8", "6/8", "6/8", "6/8", "6/8", "6/8", "6/8", "6/8", "6/8", "6/8", "6/8", "6/8", "6/8", "6/8", "6/8", "6/8"], "gpr2a_Frankland": [null, null, null, null, null, null, null, null, null, null, null, null, null, null, null, null, null, null, null, null, null], "gpr2b_Frankland": [null, 0.5, null, 0.5, null, 0.5, null, 0.5, null, 0.5, null, 0.5, null, 0.5, null, 0.5, null, null, null, null, null], "gpr3a_Frankland": [null, null, null, null, null, null, null, null, 0.7, null, null, null, null, null, null, null, null, null, 0.33333333333333337, null, null], "gpr3d_Frankland": [null, null, null, null, null, null, null, null, null, null, null, null, null, null, null, null, null, null, null, null, null], "gpr_Frankland_sum": [0, 0.5, 0, 0.5, 0, 0.5, 0, 0.5, 0.7, 0.5, 0, 0.5, 0, 0.5, 0, 0.5, 0, 0, 0.33333333333333337, 0, 0], "lbdm_spitch": [null, 0.0, 0.0, 0.0, 0.11666666666666665, 0.0875, 0.062499999999999986, 0.22499999999999995, 1.0, 0.0, 0.0, 0.0, 0.21874999999999997, 0.0875, 0.0875, 0.0875, 0.0, 0.062499999999999986, 0.18749999999999997, null, null], "lbdm_sioi": [null, 0.8888888888888888, 0.4444444444444444, 0.8888888888888888, 0.4444444444444444, 0.8888888888888888, 0.4444444444444444, 0.8888888888888888, 0.4444444444444444, 0.8888888888888888, 0.4444444444444444, 0.8888888888888888, 0.4444444444444444, 0.8888888888888888, 0.4444444444444444, 0.8888888888888888, 0.5555555555555555, 1.0, 0.0, null, null], "lbdm_srest": [null, 0.0, 0.0, 0.0, 0.0, 0.0, 0.0, 0.0, 0.0, 0.0, 0.0, 0.0, 0.0, 0.0, 0.0, 0.0, 0.0, 0.0, 0.0, null, null], "lbdm_rpitch": [null, 0.7142857142857143, 0.0, 0.0, 0.3333333333333333, 0.2, 0.0, 0.14285714285714285, 0.2, 0.7142857142857143, 0.0, 0.0, 0.5, 0.0, 0.2, 0.2, 0.0, 0.0, 0.14285714285714285, 0.14285714285714285, null],