{"id": "deut1684", "tunefamily": "", "year": -1, "tunefamily_full": "", "type": "vocal", "freemeter": false, "origin": "", "features": {"scaledegree": [5, 1, 5, 1, 3, 2, 3, 1, 7, 6, 6, 6, 1, 7, 6, 5, 5, 1], "scaledegreespecifier": ["P", "P", "P", "P", "M", "M", "M", "P", "M", "M", "M", "M", "P", "M", "M", "P", "P", "P"], "tonic": ["G", "G", "G", "G", "G", "G", "G", "G", "G", "G", "G", "G", "G", "G", "G", "G", "G", "G"], "mode": ["major", "major", "major", "major", "major", "major", "major", "major", "major", "major", "major", "major", "major", "major", "major", "major", "major", "major"], "metriccontour": [null, "+", "-", "+", "-", "+", "-", "+", "-", "+", "-", "=", "+", "-", "=", "+", "-", "+"], "imaweight": [0.446154, 0.407692, 0.407692, 0.446154, 0.5, 0.515385, 0.546154, 0.653846, 0.946154, 0.946154, 0.761538, 0.876923, 0.876923, 0.7, 1.0, 0.946154, 0.638462, 0.569231], "imaweight_spectral": [0.884892, 0.913669, 0.848921, 0.884892, 0.935252, 0.94964, 0.978417, 0.964029, 0.884892, 0.884892, 0.71223, 0.820144, 0.820144, 0.654676, 0.935252, 0.884892, 0.94964, 1.0], "pitch40_hewlett": [129, 146, 129, 146, 158, 152, 158, 146, 141, 135, 135, 135, 146, 141, 135, 129, 129, 146], "pitch40_sapp": [168, 185, 168, 185, 197, 191, 197, 185, 180, 174, 174, 174, 185, 180, 174, 168, 168, 185], "octave": [4, 4, 4, 4, 4, 4, 4, 4, 4, 4, 4, 4, 4, 4, 4, 4, 4, 4], "midipitch": [62, 67, 62, 67, 71, 69, 71, 67, 66, 64, 64, 64, 67, 66, 64, 62, 62, 67], "diatonicpitch": [25, 28, 25, 28, 30, 29, 30, 28, 27, 26, 26, 26, 28, 27, 26, 25, 25, 28], "diatonicinterval": [null, 3, -3, 3, 2, -1, 1, -2, -1, -1, 0, 0, 2, -1, -1, -1, 0, 3], "chromaticinterval": [null, 5, -5, 5, 4, -2, 2, -4, -1, -2, 0, 0, 3, -1, -2, -2, 0, 5], "pitchproximity": [null, null, 5, 5, 4, 2, 2, 4, 1, 2, 0, 0, 3, 1, 2, 2, 0, 5], "pitchreversal": [null, null, 1.5, 1.5, 0, 1.5, 1.5, 1.5, 0, 0, 0, 0, 0, 1.5, 0, 0, 0, 0], "nextisrest": [false, false, false, false, false, false, false, false, false, false, false, false, false, false, false, false, false, null], "restduration_frac": [null, null, null, null, null, null, null, null, null, null, null, null, null, null, null, null, null, null], "duration": [0.5, 1.0, 0.5, 1.0, 0.5, 1.0, 0.5, 1.0, 0.5, 0.5, 0.5, 0.5, 0.5, 0.5, 0.5, 1.0, 0.5, 1.0], "duration_frac": ["1/2", "1", "1/2", "1", "1/2", "1", "1/2", "1", "1/2", "1/2", "1/2", "1/2", "1/2", "1/2", "1/2", "1", "1/2", "1"], "duration_fullname": ["Eighth", "Quarter", "Eighth", "Quarter", "Eighth", "Quarter", "Eighth", "Quarter", "Eighth", "Eighth", "Eighth", "Eighth", "Eighth", "Eighth", "Eighth", "Quarter", "Eighth", "Quarter"], "durationcontour": [null, "+", "-", "+", "-", "+", "-", "+", "-", "=", "=", "=", "=", "=", "=", "+", "-", "+"], "onsettick": [0, 1, 3, 4, 6, 7, 9, 10, 12, 13, 14, 15, 16, 17, 18, 19, 21, 22], "beatfraction": ["1/3", "2/3", "1/3", "2/3", "1/3", "2/3", "1/3", "2/3", "1/3", "1/3", "1/3", "1/3", "1/3", "1/3", "1/3", "2/3", "1/3", "2/3"], "phrasepos": [0.0, 0.1, 0.3, 0.4, 0.6, 0.7, 0.9, 1.0, 0.0, 0.1, 0.2, 0.3, 0.4, 0.5, 0.6, 0.7, 0.9, 1.0], "phrase_ix": [0, 0, 0, 0, 0, 0, 0, 0, 1, 1, 1, 1, 1, 1, 1, 1, 1, 1], "phrase_end": [false, false, false, false, false, false, false, true, false, false, false, false, false, false, false, false, false, true], "songpos": [0.0, 0.045454545454545456, 0.13636363636363635, 0.18181818181818182, 0.2727272727272727, 0.3181818181818182, 0.4090909090909091, 0.45454545454545453, 0.5454545454545454, 0.5909090909090909, 0.6363636363636364, 0.6818181818181818, 0.7272727272727273, 0.7727272727272727, 0.8181818181818182, 0.8636363636363636, 0.9545454545454546, 1.0], "beatinsong": ["-1/3", "0", "2/3", "1", "5/3", "2", "8/3", "3", "11/3", "4", "13/3", "14/3", "5", "16/3", "17/3", "6", "20/3", "7"], "beatinphrase": ["-1/3", "0", "2/3", "1", "5/3", "2", "8/3", "3", "-1/3", "0", "1/3", "2/3", "1", "4/3", "5/3", "2", "8/3", "3"], "beatinphrase_end": ["-10/3", "-3", "-7/3", "-2", "-4/3", "-1", "-1/3", "0", "-10/3", "-3", "-8/3", "-7/3", "-2", "-5/3", "-4/3", "-1", "-1/3", "0"], "IOI_frac": ["1/2", "1", "1/2", "1", "1/2", "1", "1/2", "1", "1/2", "1/2", "1/2", "1/2", "1/2", "1/2", "1/2", "1", "1/2", null], "IOI": [0.5, 1.0, 0.5, 1.0, 0.5, 1.0, 0.5, 1.0, 0.5, 0.5, 0.5, 0.5, 0.5, 0.5, 0.5, 1.0, 0.5, null], "IOR_frac": [null, "2", "1/2", "2", "1/2", "2", "1/2", "2", "1/2", "1", "1", "1", "1", "1", "1", "2", "1/2", null], "IOR": [null, 2.0, 0.5, 2.0, 0.5, 2.0, 0.5, 2.0, 0.5, 1.0, 1.0, 1.0, 1.0, 1.0, 1.0, 2.0, 0.5, null], "imacontour": [null, "-", "=", "+", "+", "+", "+", "+", "+", "=", "-", "+", "=", "-", "+", "-", "-", "-"], "pitch": ["D4", "G4", "D4", "G4", "B4", "A4", "B4", "G4", "F#4", "E4", "E4", "E4", "G4", "F#4", "E4", "D4", "D4", "G4"], "contour3": [null, "+", "-", "+", "+", "-", "+", "-", "-", "-", "=", "=", "+", "-", "-", "-", "=", "+"], "contour5": [null, "++", "--", "++", "++", "-", "+", "--", "-", "-", "=", "=", "++", "-", "-", "-", "=", "++"], "beatstrength": [0.5, 1.0, 0.5, 1.0, 0.5, 1.0, 0.5, 1.0, 0.5, 1.0, 0.5, 0.5, 1.0, 0.5, 0.5, 1.0, 0.5, 1.0], "beat_str": ["1", "1", "1", "1", "1", "1", "1", "1", "1", "1", "1", "1", "1", "1", "1", "1", "1", "1"], "beat_fraction_str": ["2/3", "0", "2/3", "0", "2/3", "0", "2/3", "0", "2/3", "0", "1/3", "2/3", "0", "1/3", "2/3", "0", "2/3", "0"], "beat": [1.6666666666666667, 1.0, 1.6666666666666667, 1.0, 1.6666666666666667, 1.0, 1.6666666666666667, 1.0, 1.6666666666666667, 1.0, 1.3333333333333333, 1.6666666666666667, 1.0, 1.3333333333333333, 1.6666666666666667, 1.0, 1.6666666666666667, 1.0], "timesignature": ["3/8", "3/8", "3/8", "3/8", "3/8", "3/8", "3/8", "3/8", "3/8", "3/8", "3/8", "3/8", "3/8", "3/8", "3/8", "3/8", "3/8", "3/8"], "gpr2a_Frankland": [null, null, null, null, null, null, null, null, null, null, null, null, null, null, null, null, null, null], "gpr2b_Frankland": [null, 0.5, null, 0.5, null, 0.5, null, 0.5, null, null, null, null, null, null, null, 0.5, null, null], "gpr3a_Frankland": [null, null, null, null, null, null, 0.625, null, 0.75, null, null, 0.8333333333333334, null, null, null, null, null, null], "gpr3d_Frankland": [null, null, null, null, null, null, null, null, null, 0.0, 0.0, 0.0, 0.0, null, null, null, null, null], "gpr_Frankland_sum": [0, 0.5, 0, 0.5, 0, 0.5, 0.625, 0.5, 0.75, 0, 0, 0.8333333333333334, 0, 0, 0, 0.5, 0, 0], "lbdm_spitch": [null, 0.0, 0.16233766233766236, 0.48701298701298706, 0.17857142857142858, 0.17857142857142858, 0.9693877551020409, 0.22448979591836735, 0.5, 0.0, 0.0, 1.0, 0.1904761904761905, 0.14285714285714288, 0.35714285714285715, 0.0, null, null], "lbdm_sioi": [null, 1.0, 0.5, 1.0, 0.5, 1.0, 0.5, 1.0, 0.25, 0.0, 0.0, 0.0, 0.0, 0.0, 0.25, 1.0, null, null], "lbdm_srest": [null, 0.0, 0.0, 0.0, 0.0, 0.0, 0.0, 0.0, 0.0, 0.0, 0.0, 0.0, 0.0, 0.0, 0.0, 0.0, null, null], "lbdm_rpitch": [null, 0.0, 0.0, 0.09090909090909091, 0.25, 0.0, 0.25, 0.42857142857142855, 0.2, 0.5, 0.0, 0.6, 0.3333333333333333, 0.2, 0.0, 0.5, 0.7142857142857143, null], "lbdm_rioi": [null, 0.3333333333333333, 0.3333333333333333, 0.3333333333333333, 0.3333333333333333, 0.3333333333333333, 0.3333333333333333, 0.3333333333333333, 0.3333333333333333, 0.0, 0.0, 0.0, 0.0, 0.0, 0.0, 0.3333333333333333, 0.3333333333333333, null], "lbdm_rrest": [null, 0.0, 0.0, 0.0, 0.0, 0.0, 0.0, 0.0, 0.0, 0.0, 0.0, 0.0, 0.0, 0.0, 0.0, 0.0, 0.0, null], "lbdm_boundarystrength": [null, 0.5, 0.2905844155844156, 0.6217532467532467, 0.29464285714285715, 0.5446428571428571, 0.4923469387755102, 0.5561224489795918, 0.25, 0.0, 0.0, 0.25, 0.04761904761904762, 0.03571428571428572, 0.2142857142857143, 0.5, null, null]}}
