{"id": "deut4104", "tunefamily": "", "year": -1, "tunefamily_full": "", "type": "vocal", "freemeter": false, "origin": "", "features": {"scaledegree": [1, 4, 4, 4, 4, 5, 6, 7, 7, 7, 7, 7, 1, 7, 6, 5, 4, 4, 4, 4, 1], "scaledegreespecifier": ["P", "P", "P", "P", "P", "P", "M", "m", "m", "m", "m", "m", "P", "m", "M", "P", "P", "P", "P", "P", "P"], "tonic": ["D", "D", "D", "D", "D", "D", "D", "D", "D", "D", "D", "D", "D", "D", "D", "D", "D", "D", "D", "D", "D"], "mode": ["major", "major", "major", "major", "major", "major", "major", "major", "major", "major", "major", "major", "major", "major", "major", "major", "major", "major", "major", "major", "major"], "metriccontour": [null, "+", "-", "=", "+", "-", "=", "+", "-", "+", "-", "=", "+", "-", "+", "-", "+", "-", "+", "-", "-"], "imaweight": [0.364017, 1.0, 0.32636, 0.849372, 0.410042, 0.76569, 0.393305, 0.983264, 0.715481, 0.343096, 0.656904, 0.288703, 0.778243, 0.665272, 0.32636, 0.606695, 0.728033, 0.606695, 0.305439, 0.577406, 0.0], "imaweight_spectral": [0.422053, 1.0, 0.387833, 0.863118, 0.463878, 0.787072, 0.448669, 0.984791, 0.86692, 0.528517, 0.813688, 0.479087, 0.923954, 0.86692, 0.558935, 0.813688, 0.939163, 0.908745, 0.555133, 0.787072, 0.0], "pitch40_hewlett": [129, 146, 146, 146, 146, 152, 158, 163, 163, 163, 163, 163, 169, 163, 158, 152, 146, 146, 146, 146, 129], "pitch40_sapp": [168, 185, 185, 185, 185, 191, 197, 202, 202, 202, 202, 202, 208, 202, 197, 191, 185, 185, 185, 185, 168], "octave": [4, 4, 4, 4, 4, 4, 4, 5, 5, 5, 5, 5, 5, 5, 4, 4, 4, 4, 4, 4, 4], "midipitch": [62, 67, 67, 67, 67, 69, 71, 72, 72, 72, 72, 72, 74, 72, 71, 69, 67, 67, 67, 67, 62], "diatonicpitch": [28, 31, 31, 31, 31, 32, 33, 34, 34, 34, 34, 34, 35, 34, 33, 32, 31, 31, 31, 31, 28], "diatonicinterval": [null, 3, 0, 0, 0, 1, 1, 1, 0, 0, 0, 0, 1, -1, -1, -1, -1, 0, 0, 0, -3], "chromaticinterval": [null, 5, 0, 0, 0, 2, 2, 1, 0, 0, 0, 0, 2, -2, -1, -2, -2, 0, 0, 0, -5], "pitchproximity": [null, null, 0, 0, 0, 2, 2, 1, 0, 0, 0, 0, 2, 2, 1, 2, 2, 0, 0, 0, 5], "pitchreversal": [null, null, 0, 0, 0, 0, 0, 0, 0, 0, 0, 0, 0, 1.5, 0, 0, 0, 0, 0, 0, 0], "nextisrest": [false, false, false, false, false, false, false, false, false, false, false, false, false, false, false, false, false, false, false, false, true], "restduration_frac": [null, null, null, null, null, null, null, null, null, null, null, null, null, null, null, null, null, null, null, null, "8"], "duration": [4.0, 4.0, 4.0, 4.0, 4.0, 4.0, 4.0, 8.0, 4.0, 4.0, 4.0, 4.0, 8.0, 4.0, 4.0, 8.0, 8.0, 4.0, 4.0, 6.0, 2.0], "duration_frac": ["4", "4", "4", "4", "4", "4", "4", "8", "4", "4", "4", "4", "8", "4", "4", "8", "8", "4", "4", "6", "2"], "duration_fullname": ["Whole", "Whole", "Whole", "Whole", "Whole", "Whole", "Whole", "Breve", "Whole", "Whole", "Whole", "Whole", "Breve", "Whole", "Whole", "Breve", "Breve", "Whole", "Whole", "Dotted Whole", "Half"], "durationcontour": [null, "=", "=", "=", "=", "=", "=", "+", "-", "=", "=", "=", "+", "-", "=", "+", "=", "-", "=", "+", "-"], "onsettick": [0, 4, 8, 12, 16, 20, 24, 28, 36, 40, 44, 48, 52, 60, 64, 68, 76, 84, 88, 92, 98], "beatfraction": ["1", "1", "1", "1", "1", "1", "1", "2", "1", "1", "1", "1", "2", "1", "1", "2", "2", "1", "1", "3/2", "1/2"], "phrasepos": [0.0, 0.07692307692307693, 0.15384615384615385, 0.23076923076923078, 0.3076923076923077, 0.38461538461538464, 0.46153846153846156, 0.5384615384615384, 0.6923076923076923, 0.7692307692307693, 0.8461538461538461, 0.9230769230769231, 1.0, 0.0, 0.10526315789473684, 0.21052631578947367, 0.42105263157894735, 0.631578947368421, 0.7368421052631579, 0.8421052631578947, 1.0], "phrase_ix": [0, 0, 0, 0, 0, 0, 0, 0, 0, 0, 0, 0, 0, 1, 1, 1, 1, 1, 1, 1, 1], "phrase_end": [false, false, false, false, false, false, false, false, false, false, false, false, true, false, false, false, false, false, false, false, true], "songpos": [0.0, 0.04081632653061224, 0.08163265306122448, 0.12244897959183673, 0.16326530612244897, 0.20408163265306123, 0.24489795918367346, 0.2857142857142857, 0.3673469387755102, 0.40816326530612246, 0.4489795918367347, 0.4897959183673469, 0.5306122448979592, 0.6122448979591837, 0.6530612244897959, 0.6938775510204082, 0.7755102040816326, 0.8571428571428571, 0.8979591836734694, 0.9387755102040817, 1.0], "beatinsong": ["-1", "0", "1", "2", "3", "4", "5", "6", "8", "9", "10", "11", "12", "14", "15", "16", "18", "20", "21", "22", "47/2"], "beatinphrase": ["-1", "0", "1", "2", "3", "4", "5", "6", "8", "9", "10", "11", "12", "-1", "0", "1", "3", "5", "6", "7", "17/2"], "beatinphrase_end": ["-13", "-12", "-11", "-10", "-9", "-8", "-7", "-6", "-4", "-3", "-2", "-1", "0", "-7", "-6", "-5", "-3", "-1", "0", "1", "5/2"], "IOI_frac": ["4", "4", "4", "4", "4", "4", "4", "8", "4", "4", "4", "4", "8", "4", "4", "8", "8", "4", "4", "6", "10"], "IOI": [4.0, 4.0, 4.0, 4.0, 4.0, 4.0, 4.0, 8.0, 4.0, 4.0, 4.0, 4.0, 8.0, 4.0, 4.0, 8.0, 8.0, 4.0, 4.0, 6.0, 10.0], "IOR_frac": [null, "1", "1", "1", "1", "1", "1", "2", "1/2", "1", "1", "1", "2", "1/2", "1", "2", "1", "1/2", "1", "3/2", "5/3"], "IOR": [null, 1.0, 1.0, 1.0, 1.0, 1.0, 1.0, 2.0, 0.5, 1.0, 1.0, 1.0, 2.0, 0.5, 1.0, 2.0, 1.0, 0.5, 1.0, 1.5, 1.6666666666666667], "imacontour": [null, "+", "-", "+", "-", "+", "-", "+", "-", "-", "+", "-", "+", "-", "-", "+", "+", "-", "-", "+", "-"], "pitch": ["D4", "G4", "G4", "G4", "G4", "A4", "B4", "C5", "C5", "C5", "C5", "C5", "D5", "C5", "B4", "A4", "G4", "G4", "G4", "G4", "D4"], "contour3": [null, "+", "=", "=", "=", "+", "+", "+", "=", "=", "=", "=", "+", "-", "-", "-", "-", "=", "=", "=", "-"], "contour5": [null, "++", "=", "=", "=", "+", "+", "+", "=", "=", "=", "=", "+", "-", "-", "-", "-", "=", "=", "=", "--"], "beatstrength": [0.5, 1.0, 0.5, 0.5, 1.0, 0.5, 0.5, 1.0, 0.5, 1.0, 0.5, 0.5, 1.0, 0.5, 1.0, 0.5, 1.0, 0.5, 1.0, 0.5, 0.25], "beat_str": ["3", "1", "2", "3", "1", "2", "3", "1", "3", "1", "2", "3", "1", "3", "1", "2", "1", "3", "1", "2", "3"], "beat_fraction_str": ["0", "0", "0", "0", "0", "0", "0", "0", "0", "0", "0", "0", "0", "0", "0", "0", "0", "0", "0", "0", "1/2"], "beat": [3.0, 1.0, 2.0, 3.0, 1.0, 2.0, 3.0, 1.0, 3.0, 1.0, 2.0, 3.0, 1.0, 3.0, 1.0, 2.0, 1.0, 3.0, 1.0, 2.0, 3.5], "timesignature": ["3/1", "3/1", "3/1", "3/1", "3/1", "3/1", "3/1", "3/1", "3/1", "3/1", "3/1", "3/1", "3/1", "3/1", "3/1", "3/1", "3/1", "3/1", "3/1", "3/1", "3/1"], "gpr2a_Frankland": [null, null, null, null, null, null, null, null, null, null, null, null, null, null, null, null, null, null, null, null, 1.0], "gpr2b_Frankland": [null, null, null, null, null, null, null, 0.5, null, null, null, null, 0.5, null, null, null, null, null, null, null, null], "gpr3a_Frankland": [null, null, null, null, null, null, null, null, null, null, null, null, null, null, null, null, null, null, null, null, null], "gpr3d_Frankland": [null, 0.0, 0.0, 0.0, 0.0, null, null, null, null, 0.0, null, null, null, null, 0.5, null, 0.5, null, null, null, null], "gpr_Frankland_sum": [0, 0, 0, 0, 0, 0, 0, 0.5, 0, 0, 0, 0, 0.5, 0, 0.5, 0, 0.5, 0, 0, 0, 1.0], "lbdm_spitch": [null, 0.0, 0.0, 0.0, 1.0, 0.4, 0.5333333333333333, 0.0, 0.0, 0.0, 0.0, 1.0, 0.4, 0.4, 0.4, 1.0, 0.0, 0.0, 0.0, null, null], "lbdm_sioi": [null, 0.0, 0.0, 0.0, 0.0, 0.0, 0.0, 0.0, 0.0, 0.0, 0.0, 0.0, 0.0, 0.0, 0.0, 0.0, 0.0, 0.0, 0.0, null, null], "lbdm_srest": [null, 0.0, 0.0, 0.0, 0.0, 0.0, 0.0, 0.0, 0.0, 0.0, 0.0, 0.0, 0.0, 0.0, 0.0, 0.0, 0.0, 0.0, 0.0, null, null], "lbdm_rpitch": [null, 0.7142857142857143, 0.0, 0.0, 0.5, 0.0, 0.2, 0.3333333333333333, 0.0, 0.0, 0.0, 0.5, 0.0, 0.2, 0.2, 0.0, 0.5, 0.0, 0.0, 0.7142857142857143, null], "lbdm_rioi": [null, 0.0, 0.0, 0.0, 0.0, 0.0, 0.0, 0.0, 0.0, 0.0, 0.0, 0.0, 0.0, 0.0, 0.0, 0.0, 0.0, 0.0, 0.0, 0.0, null], "lbdm_rrest": [null, 0.0, 0.0, 0.0, 0.0, 0.0, 0.0, 0.0, 0.0, 0.0, 0.0, 0.0, 0.0, 0.0, 0.0, 0.0, 0.0, 0.0, 0.0, 0.0, null], "lbdm_boundarystrength": [null, 0.0, 0.0, 0.0, 0.25, 0.1, 0.13333333333333333, 0.0, 0.0, 0.0, 0.0, 0.25, 0.1, 0.1, 0.1, 0.25, 0.0, 0.0, 0.0, null, null]}}
