{"id": "deut0828", "tunefamily": "", "year": -1, "tunefamily_full": "", "type": "vocal", "freemeter": false, "origin": "", "features": {"scaledegree": [1, 1, 1, 5, 5, 6, 7, 1, 1, 5, 5, 4, 5, 3, 2, 1], "scaledegreespecifier": ["P", "P", "P", "P", "P", "M", "M", "P", "P", "P", "P", "P", "P", "M", "M", "P"], "tonic": ["F", "F", "F", "F", "F", "F", "F", "F", "F", "F", "F", "F", "F", "F", "F", "F"], "mode": ["major", "major", "major", "major", "major", "major", "major", "major", "major", "major", "major", "major", "major", "major", "major", "major"], "metriccontour": [null, "+", "-", "+", "-", "+", "-", "+", "-", "+", "-", "+", "-", "+", "-", "+"], "imaweight": [0.645161, 0.790323, 0.580645, 0.854839, 0.645161, 0.790323, 0.580645, 0.919355, 0.709677, 0.854839, 0.645161, 1.0, 0.790323, 0.854839, 0.532258, 0.935484], "imaweight_spectral": [0.871429, 0.757143, 0.571429, 1.0, 0.757143, 0.757143, 0.571429, 1.0, 0.814286, 0.814286, 0.628571, 0.942857, 0.7, 0.757143, 0.471429, 0.885714], "pitch40_hewlett": [140, 140, 140, 163, 163, 169, 175, 180, 180, 163, 163, 157, 163, 152, 146, 140], "pitch40_sapp": [179, 179, 179, 202, 202, 208, 214, 219, 219, 202, 202, 196, 202, 191, 185, 179], "octave": [4, 4, 4, 5, 5, 5, 5, 5, 5, 5, 5, 4, 5, 4, 4, 4], "midipitch": [65, 65, 65, 72, 72, 74, 76, 77, 77, 72, 72, 70, 72, 69, 67, 65], "diatonicpitch": [28, 28, 28, 32, 32, 33, 34, 35, 35, 32, 32, 31, 32, 30, 29, 28], "diatonicinterval": [null, 0, 0, 4, 0, 1, 1, 1, 0, -3, 0, -1, 1, -2, -1, -1], "chromaticinterval": [null, 0, 0, 7, 0, 2, 2, 1, 0, -5, 0, -2, 2, -3, -2, -2], "pitchproximity": [null, null, 0, 7, 0, 2, 2, 1, 0, 5, 0, 2, 2, 3, 2, 2], "pitchreversal": [null, null, 0, 0, 1, 0, 0, 0, 0, 0, 0, 0, 1.5, 1.5, 0, 0], "nextisrest": [false, false, false, false, false, false, false, false, false, false, false, false, false, false, false, null], "restduration_frac": [null, null, null, null, null, null, null, null, null, null, null, null, null, null, null, null], "duration": [1.0, 2.0, 1.0, 2.0, 1.0, 2.0, 1.0, 2.0, 1.0, 2.0, 1.0, 2.0, 1.0, 1.0, 2.0, 2.0], "duration_frac": ["1", "2", "1", "2", "1", "2", "1", "2", "1", "2", "1", "2", "1", "1", "2", "2"], "duration_fullname": ["Quarter", "Half", "Quarter", "Half", "Quarter", "Half", "Quarter", "Half", "Quarter", "Half", "Quarter", "Half", "Quarter", "Quarter", "Half", "Half"], "durationcontour": [null, "+", "-", "+", "-", "+", "-", "+", "-", "+", "-", "+", "-", "=", "+", "="], "onsettick": [0, 1, 3, 4, 6, 7, 9, 10, 12, 13, 15, 16, 18, 19, 20, 22], "beatfraction": ["1/3", "2/3", "1/3", "2/3", "1/3", "2/3", "1/3", "2/3", "1/3", "2/3", "1/3", "2/3", "1/3", "1/3", "2/3", "2/3"], "phrasepos": [0.0, 0.1, 0.3, 0.4, 0.6, 0.7, 0.9, 1.0, 0.0, 0.1, 0.3, 0.4, 0.6, 0.7, 0.8, 1.0], "phrase_ix": [0, 0, 0, 0, 0, 0, 0, 0, 1, 1, 1, 1, 1, 1, 1, 1], "phrase_end": [false, false, false, false, false, false, false, true, false, false, false, false, false, false, false, true], "songpos": [0.0, 0.045454545454545456, 0.13636363636363635, 0.18181818181818182, 0.2727272727272727, 0.3181818181818182, 0.4090909090909091, 0.45454545454545453, 0.5454545454545454, 0.5909090909090909, 0.6818181818181818, 0.7272727272727273, 0.8181818181818182, 0.8636363636363636, 0.9090909090909091, 1.0], "beatinsong": ["-1/3", "0", "2/3", "1", "5/3", "2", "8/3", "3", "11/3", "4", "14/3", "5", "17/3", "6", "19/3", "7"], "beatinphrase": ["-1/3", "0", "2/3", "1", "5/3", "2", "8/3", "3", "-1/3", "0", "2/3", "1", "5/3", "2", "7/3", "3"], "beatinphrase_end": ["-7/3", "-2", "-4/3", "-1", "-1/3", "0", "2/3", "1", "-7/3", "-2", "-4/3", "-1", "-1/3", "0", "1/3", "1"], "IOI_frac": ["1", "2", "1", "2", "1", "2", "1", "2", "1", "2", "1", "2", "1", "1", "2", null], "IOI": [1.0, 2.0, 1.0, 2.0, 1.0, 2.0, 1.0, 2.0, 1.0, 2.0, 1.0, 2.0, 1.0, 1.0, 2.0, null], "IOR_frac": [null, "2", "1/2", "2", "1/2", "2", "1/2", "2", "1/2", "2", "1/2", "2", "1/2", "1", "2", null], "IOR": [null, 2.0, 0.5, 2.0, 0.5, 2.0, 0.5, 2.0, 0.5, 2.0, 0.5, 2.0, 0.5, 1.0, 2.0, null], "imacontour": [null, "+", "-", "+", "-", "+", "-", "+", "-", "+", "-", "+", "-", "+", "-", "+"], "pitch": ["F4", "F4", "F4", "C5", "C5", "D5", "E5", "F5", "F5", "C5", "C5", "B-4", "C5", "A4", "G4", "F4"], "contour3": [null, "=", "=", "+", "=", "+", "+", "+", "=", "-", "=", "-", "+", "-", "-", "-"], "contour5": [null, "=", "=", "++", "=", "+", "+", "+", "=", "--", "=", "-", "+", "--", "-", "-"], "beatstrength": [0.25, 1.0, 0.25, 0.5, 0.25, 1.0, 0.25, 0.5, 0.25, 1.0, 0.25, 0.5, 0.25, 1.0, 0.25, 0.5], "beat_str": ["2", "1", "1", "2", "2", "1", "1", "2", "2", "1", "1", "2", "2", "1", "1", "2"], "beat_fraction_str": ["2/3", "0", "2/3", "0", "2/3", "0", "2/3", "0", "2/3", "0", "2/3", "0", "2/3", "0", "1/3", "0"], "beat": [2.6666666666666665, 1.0, 1.6666666666666667, 2.0, 2.6666666666666665, 1.0, 1.6666666666666667, 2.0, 2.6666666666666665, 1.0, 1.6666666666666667, 2.0, 2.6666666666666665, 1.0, 1.3333333333333333, 2.0], "timesignature": ["6/4", "6/4", "6/4", "6/4", "6/4", "6/4", "6/4", "6/4", "6/4", "6/4", "6/4", "6/4", "6/4", "6/4", "6/4", "6/4"], "gpr2a_Frankland": [null, null, null, null, null, null, null, null, null, null, null, null, null, null, null, null], "gpr2b_Frankland": [null, 0.5, null, 0.5, null, 0.5, null, 0.5, null, 0.5, null, 0.5, null, null, null, null], "gpr3a_Frankland": [null, null, 1.0, null, null, null, null, null, 1.0, null, null, null, 0.33333333333333337, null, null, null], "gpr3d_Frankland": [null, null, null, null, null, null, null, null, null, null, null, null, null, null, null, null], "gpr_Frankland_sum": [0, 0.5, 1.0, 0.5, 0, 0.5, 0, 0.5, 1.0, 0.5, 0, 0.5, 0.33333333333333337, 0, 0, 0], "lbdm_spitch": [null, 0.0, 1.0, 0.0, 0.09183673469387754, 0.036734693877551024, 0.04897959183673469, 0.0, 0.6559766763848397, 0.0, 0.09183673469387754, 0.026239067055393583, 0.07871720116618075, 0.026239067055393583, null, null], "lbdm_sioi": [null, 1.0, 0.5, 1.0, 0.5, 1.0, 0.5, 1.0, 0.5, 1.0, 0.5, 1.0, 0.25, 0.25, null, null], "lbdm_srest": [null, 0.0, 0.0, 0.0, 0.0, 0.0, 0.0, 0.0, 0.0, 0.0, 0.0, 0.0, 0.0, 0.0, null, null], "lbdm_rpitch": [null, 0.0, 0.7777777777777778, 0.7777777777777778, 0.5, 0.0, 0.2, 0.3333333333333333, 0.7142857142857143, 0.7142857142857143, 0.5, 0.0, 0.14285714285714285, 0.14285714285714285, 0.0, null], "lbdm_rioi": [null, 0.3333333333333333, 0.3333333333333333, 0.3333333333333333, 0.3333333333333333, 0.3333333333333333, 0.3333333333333333, 0.3333333333333333, 0.3333333333333333, 0.3333333333333333, 0.3333333333333333, 0.3333333333333333, 0.3333333333333333, 0.0, 0.3333333333333333, null], "lbdm_rrest": [null, 0.0, 0.0, 0.0, 0.0, 0.0, 0.0, 0.0, 0.0, 0.0, 0.0, 0.0, 0.0, 0.0, 0.0, null], "lbdm_boundarystrength": [null, 0.5, 0.5, 0.5, 0.2729591836734694, 0.5091836734693878, 0.26224489795918365, 0.5, 0.4139941690962099, 0.5, 0.2729591836734694, 0.5065597667638484, 0.1446793002915452, 0.1315597667638484, null, null]}}
