{"id": "deut3507", "tunefamily": "", "year": -1, "tunefamily_full": "", "type": "vocal", "freemeter": false, "origin": "", "features": {"scaledegree": [4, 4, 7, 1, 5, 4, 5, 5, 7, 1, 3, 2, 1, 7, 6, 5, 6, 7, 1, 5], "scaledegreespecifier": ["P", "P", "m", "P", "P", "P", "P", "P", "M", "P", "m", "M", "P", "m", "M", "P", "M", "m", "P", "P"], "tonic": ["A", "A", "A", "A", "A", "A", "A", "A", "A", "A", "A", "A", "A", "A", "A", "A", "A", "A", "A", "A"], "mode": ["major", "major", "major", "major", "major", "major", "major", "major", "major", "major", "major", "major", "major", "major", "major", "major", "major", "major", "major", "major"], "metriccontour": [null, "-", "=", "+", "-", "=", "+", "-", "=", "+", "-", "-", "+", "-", "-", "+", "+", "-", "=", "+"], "imaweight": [0.695431, 0.80203, 0.604061, 0.964467, 0.532995, 0.883249, 0.659898, 0.822335, 0.705584, 1.0, 0.807107, 0.121827, 0.598985, 0.639594, 0.0812183, 0.456853, 0.817259, 0.436548, 0.766497, 0.538071], "imaweight_spectral": [0.782946, 0.864341, 0.682171, 0.972868, 0.643411, 0.895349, 0.755814, 0.848837, 0.75969, 1.0, 0.945736, 0.108527, 0.786822, 0.817829, 0.0775194, 0.678295, 0.968992, 0.678295, 0.930233, 0.771318], "pitch40_hewlett": [129, 129, 146, 152, 135, 129, 135, 135, 147, 152, 163, 158, 152, 146, 141, 135, 141, 146, 152, 135], "pitch40_sapp": [168, 168, 185, 191, 174, 168, 174, 174, 186, 191, 202, 197, 191, 185, 180, 174, 180, 185, 191, 174], "octave": [4, 4, 4, 4, 4, 4, 4, 4, 4, 4, 5, 4, 4, 4, 4, 4, 4, 4, 4, 4], "midipitch": [62, 62, 67, 69, 64, 62, 64, 64, 68, 69, 72, 71, 69, 67, 66, 64, 66, 67, 69, 64], "diatonicpitch": [24, 24, 27, 28, 25, 24, 25, 25, 27, 28, 30, 29, 28, 27, 26, 25, 26, 27, 28, 25], "diatonicinterval": [null, 0, 3, 1, -3, -1, 1, 0, 2, 1, 2, -1, -1, -1, -1, -1, 1, 1, 1, -3], "chromaticinterval": [null, 0, 5, 2, -5, -2, 2, 0, 4, 1, 3, -1, -2, -2, -1, -2, 2, 1, 2, -5], "pitchproximity": [null, null, 5, 2, 5, 2, 2, 0, 4, 1, 3, 1, 2, 2, 1, 2, 2, 1, 2, 5], "pitchreversal": [null, null, 0, 0, 0, 0, 1.5, 0, 0, 0, 0, 1.5, 0, 0, 0, 0, 1.5, 0, 0, 0], "nextisrest": [false, false, false, false, false, false, false, false, false, false, false, false, false, false, false, false, false, false, false, true], "restduration_frac": [null, null, null, null, null, null, null, null, null, null, null, null, null, null, null, null, null, null, null, "1"], "duration": [1.0, 1.0, 1.0, 1.0, 1.0, 1.0, 1.0, 1.0, 1.0, 2.0, 0.5, 0.5, 1.0, 0.5, 0.5, 1.0, 1.0, 1.0, 1.0, 2.0], "duration_frac": ["1", "1", "1", "1", "1", "1", "1", "1", "1", "2", "1/2", "1/2", "1", "1/2", "1/2", "1", "1", "1", "1", "2"], "duration_fullname": ["Quarter", "Quarter", "Quarter", "Quarter", "Quarter", "Quarter", "Quarter", "Quarter", "Quarter", "Half", "Eighth", "Eighth", "Quarter", "Eighth", "Eighth", "Quarter", "Quarter", "Quarter", "Quarter", "Half"], "durationcontour": [null, "=", "=", "=", "=", "=", "=", "=", "=", "+", "-", "=", "+", "-", "=", "+", "=", "=", "=", "+"], "onsettick": [0, 2, 4, 6, 8, 10, 12, 14, 16, 18, 22, 23, 24, 26, 27, 28, 30, 32, 34, 36], "beatfraction": ["1", "1", "1", "1", "1", "1", "1", "1", "1", "2", "1/2", "1/2", "1", "1/2", "1/2", "1", "1", "1", "1", "2"], "phrasepos": [0.0, 0.1111111111111111, 0.2222222222222222, 0.3333333333333333, 0.4444444444444444, 0.5555555555555556, 0.6666666666666666, 0.7777777777777778, 0.8888888888888888, 1.0, 0.0, 0.07142857142857142, 0.14285714285714285, 0.2857142857142857, 0.35714285714285715, 0.42857142857142855, 0.5714285714285714, 0.7142857142857143, 0.8571428571428571, 1.0], "phrase_ix": [0, 0, 0, 0, 0, 0, 0, 0, 0, 0, 1, 1, 1, 1, 1, 1, 1, 1, 1, 1], "phrase_end": [false, false, false, false, false, false, false, false, false, true, false, false, false, false, false, false, false, false, false, true], "songpos": [0.0, 0.05555555555555555, 0.1111111111111111, 0.16666666666666666, 0.2222222222222222, 0.2777777777777778, 0.3333333333333333, 0.3888888888888889, 0.4444444444444444, 0.5, 0.6111111111111112, 0.6388888888888888, 0.6666666666666666, 0.7222222222222222, 0.75, 0.7777777777777778, 0.8333333333333334, 0.8888888888888888, 0.9444444444444444, 1.0], "beatinsong": ["0", "1", "2", "3", "4", "5", "6", "7", "8", "9", "11", "23/2", "12", "13", "27/2", "14", "15", "16", "17", "18"], "beatinphrase": ["0", "1", "2", "3", "4", "5", "6", "7", "8", "9", "-1", "-1/2", "0", "1", "3/2", "2", "3", "4", "5", "6"], "beatinphrase_end": ["-9", "-8", "-7", "-6", "-5", "-4", "-3", "-2", "-1", "0", "-7", "-13/2", "-6", "-5", "-9/2", "-4", "-3", "-2", "-1", "0"], "IOI_frac": ["1", "1", "1", "1", "1", "1", "1", "1", "1", "2", "1/2", "1/2", "1", "1/2", "1/2", "1", "1", "1", "1", "3"], "IOI": [1.0, 1.0, 1.0, 1.0, 1.0, 1.0, 1.0, 1.0, 1.0, 2.0, 0.5, 0.5, 1.0, 0.5, 0.5, 1.0, 1.0, 1.0, 1.0, 3.0], "IOR_frac": [null, "1", "1", "1", "1", "1", "1", "1", "1", "2", "1/4", "1", "2", "1/2", "1", "2", "1", "1", "1", "3"], "IOR": [null, 1.0, 1.0, 1.0, 1.0, 1.0, 1.0, 1.0, 1.0, 2.0, 0.25, 1.0, 2.0, 0.5, 1.0, 2.0, 1.0, 1.0, 1.0, 3.0], "imacontour": [null, "+", "-", "+", "-", "+", "-", "+", "-", "+", "-", "-", "+", "+", "-", "+", "+", "-", "+", "-"], "pitch": ["D4", "D4", "G4", "A4", "E4", "D4", "E4", "E4", "G#4", "A4", "C5", "B4", "A4", "G4", "F#4", "E4", "F#4", "G4", "A4", "E4"], "contour3": [null, "=", "+", "+", "-", "-", "+", "=", "+", "+", "+", "-", "-", "-", "-", "-", "+", "+", "+", "-"], "contour5": [null, "=", "++", "+", "--", "-", "+", "=", "++", "+", "++", "-", "-", "-", "-", "-", "+", "+", "+", "--"], "beatstrength": [1.0, 0.5, 0.5, 1.0, 0.5, 0.5, 1.0, 0.5, 0.5, 1.0, 0.5, 0.25, 1.0, 0.5, 0.25, 0.5, 1.0, 0.5, 0.5, 1.0], "beat_str": ["1", "2", "3", "1", "2", "3", "1", "2", "3", "1", "3", "3", "1", "2", "2", "3", "1", "2", "3", "1"], "beat_fraction_str": ["0", "0", "0", "0", "0", "0", "0", "0", "0", "0", "0", "1/2", "0", "0", "1/2", "0", "0", "0", "0", "0"], "beat": [1.0, 2.0, 3.0, 1.0, 2.0, 3.0, 1.0, 2.0, 3.0, 1.0, 3.0, 3.5, 1.0, 2.0, 2.5, 3.0, 1.0, 2.0, 3.0, 1.0], "timesignature": ["3/4", "3/4", "3/4", "3/4", "3/4", "3/4", "3/4", "3/4", "3/4", "3/4", "3/4", "3/4", "3/4", "3/4", "3/4", "3/4", "3/4", "3/4", "3/4", "3/4"], "gpr2a_Frankland": [null, null, null, null, null, null, null, null, null, null, null, null, null, null, null, null, null, null, null, 0.25], "gpr2b_Frankland": [null, null, null, null, null, null, null, null, null, 0.625, null, null, 0.5, null, null, null, null, null, null, null], "gpr3a_Frankland": [null, 0.8, null, 0.6, null, null, null, 0.875, null, 0.6666666666666667, null, null, null, null, null, null, null, null, null, null], "gpr3d_Frankland": [null, 0.0, 0.0, 0.0, 0.0, 0.0, 0.0, null, null, null, null, null, null, null, 0.5, null, 0.0, null, null, null], "gpr_Frankland_sum": [0, 0.8, 0, 0.6, 0, 0, 0, 0.875, 0, 1.2916666666666667, 0, 0, 0.5, 0, 0.5, 0, 0, 0, 0, 0.25], "lbdm_spitch": [null, 1.0, 0.2545454545454545, 0.6363636363636364, 0.12727272727272726, 0.19090909090909092, 0.0, 0.8363636363636363, 0.14545454545454545, 0.38181818181818183, 0.10181818181818182, 0.07636363636363637, 0.07636363636363637, 0.07636363636363637, 0.07636363636363637, 0.07636363636363637, 0.07636363636363637, 0.20363636363636364, null, null], "lbdm_sioi": [null, 0.0, 0.0, 0.0, 0.0, 0.0, 0.0, 0.0, 0.17857142857142855, 1.0, 0.1607142857142857, 0.08928571428571427, 0.3571428571428571, 0.08928571428571427, 0.08928571428571427, 0.17857142857142855, 0.0, 0.0, null, null], "lbdm_srest": [null, 0.0, 0.0, 0.0, 0.0, 0.0, 0.0, 0.0, 0.0, 0.0, 0.0, 0.0, 0.0, 0.0, 0.0, 0.0, 0.0, 0.0, null, null], "lbdm_rpitch": [null, 0.7142857142857143, 0.3333333333333333, 0.3333333333333333, 0.3333333333333333, 0.0, 0.5, 0.6666666666666666, 0.42857142857142855, 0.3333333333333333, 0.3333333333333333, 0.2, 0.0, 0.2, 0.2, 0.0, 0.2, 0.2, 0.3333333333333333, null], "lbdm_rioi": [null, 0.0, 0.0, 0.0, 0.0, 0.0, 0.0, 0.0, 0.0, 0.3333333333333333, 0.6, 0.0, 0.3333333333333333, 0.3333333333333333, 0.0, 0.3333333333333333, 0.0, 0.0, 0.0, null],