{"id": "deut1457", "tunefamily": "", "year": -1, "tunefamily_full": "", "type": "vocal", "freemeter": false, "origin": "", "features": {"scaledegree": [5, 5, 4, 6, 2, 4, 4, 3, 5, 1, 3, 3, 2, 2, 4, 7, 7, 2, 1, 1, 1], "scaledegreespecifier": ["P", "P", "P", "M", "M", "P", "P", "M", "P", "P", "M", "M", "M", "M", "P", "M", "M", "M", "P", "P", "P"], "tonic": ["G", "G", "G", "G", "G", "G", "G", "G", "G", "G", "G", "G", "G", "G", "G", "G", "G", "G", "G", "G", "G"], "mode": ["major", "major", "major", "major", "major", "major", "major", "major", "major", "major", "major", "major", "major", "major", "major", "major", "major", "major", "major", "major", "major"], "metriccontour": [null, "+", "-", "=", "+", "-", "+", "-", "=", "+", "-", "+", "-", "=", "+", "-", "=", "+", "-", "=", "+"], "imaweight": [0.661017, 0.264407, 0.532203, 0.264407, 0.661017, 0.644068, 0.305085, 0.525424, 0.308475, 0.657627, 0.969492, 0.579661, 0.810169, 0.549153, 0.928814, 0.450847, 0.945763, 0.535593, 0.776271, 0.566102, 1.0], "imaweight_spectral": [0.963303, 0.620795, 0.834862, 0.593272, 0.95107, 0.93578, 0.629969, 0.828746, 0.633028, 0.948012, 0.972477, 0.620795, 0.828746, 0.593272, 0.93578, 0.504587, 0.95107, 0.58104, 0.798165, 0.608563, 1.0], "pitch40_hewlett": [169, 169, 163, 175, 152, 163, 163, 158, 169, 146, 158, 158, 152, 152, 163, 141, 141, 152, 146, 146, 146], "pitch40_sapp": [208, 208, 202, 214, 191, 202, 202, 197, 208, 185, 197, 197, 191, 191, 202, 180, 180, 191, 185, 185, 185], "octave": [5, 5, 5, 5, 4, 5, 5, 4, 5, 4, 4, 4, 4, 4, 5, 4, 4, 4, 4, 4, 4], "midipitch": [74, 74, 72, 76, 69, 72, 72, 71, 74, 67, 71, 71, 69, 69, 72, 66, 66, 69, 67, 67, 67], "diatonicpitch": [32, 32, 31, 33, 29, 31, 31, 30, 32, 28, 30, 30, 29, 29, 31, 27, 27, 29, 28, 28, 28], "diatonicinterval": [null, 0, -1, 2, -4, 2, 0, -1, 2, -4, 2, 0, -1, 0, 2, -4, 0, 2, -1, 0, 0], "chromaticinterval": [null, 0, -2, 4, -7, 3, 0, -1, 3, -7, 4, 0, -2, 0, 3, -6, 0, 3, -2, 0, 0], "pitchproximity": [null, null, 2, 4, 7, 3, 0, 1, 3, 7, 4, 0, 2, 0, 3, 6, 0, 3, 2, 0, 0], "pitchreversal": [null, null, 0, 1.5, 0, 1, 0, 0, 1.5, 0, 1, 0, 0, 0, 0, 0, null, 0, 1.5, 0, 0], "nextisrest": [false, false, false, false, false, false, false, false, false, false, false, false, false, false, false, false, false, false, false, false, null], "restduration_frac": [null, null, null, null, null, null, null, null, null, null, null, null, null, null, null, null, null, null, null, null, null], "duration": [0.5, 0.5, 0.5, 0.5, 1.0, 0.5, 0.5, 0.5, 0.5, 1.0, 0.5, 0.5, 0.5, 0.5, 0.5, 0.5, 0.5, 0.5, 0.5, 0.5, 1.0], "duration_frac": ["1/2", "1/2", "1/2", "1/2", "1", "1/2", "1/2", "1/2", "1/2", "1", "1/2", "1/2", "1/2", "1/2", "1/2", "1/2", "1/2", "1/2", "1/2", "1/2", "1"], "duration_fullname": ["Eighth", "Eighth", "Eighth", "Eighth", "Quarter", "Eighth", "Eighth", "Eighth", "Eighth", "Quarter", "Eighth", "Eighth", "Eighth", "Eighth", "Eighth", "Eighth", "Eighth", "Eighth", "Eighth", "Eighth", "Quarter"], "durationcontour": [null, "=", "=", "=", "+", "-", "=", "=", "=", "+", "-", "=", "=", "=", "=", "=", "=", "=", "=", "=", "+"], "onsettick": [0, 1, 2, 3, 4, 6, 7, 8, 9, 10, 12, 13, 14, 15, 16, 17, 18, 19, 20, 21, 22], "beatfraction": ["1/3", "1/3", "1/3", "1/3", "2/3", "1/3", "1/3", "1/3", "1/3", "2/3", "1/3", "1/3", "1/3", "1/3", "1/3", "1/3", "1/3", "1/3", "1/3", "1/3", "2/3"], "phrasepos": [0.0, 0.1, 0.2, 0.3, 0.4, 0.6, 0.7, 0.8, 0.9, 1.0, 0.0, 0.1, 0.2, 0.3, 0.4, 0.5, 0.6, 0.7, 0.8, 0.9, 1.0], "phrase_ix": [0, 0, 0, 0, 0, 0, 0, 0, 0, 0, 1, 1, 1, 1, 1, 1, 1, 1, 1, 1, 1], "phrase_end": [false, false, false, false, false, false, false, false, false, true, false, false, false, false, false, false, false, false, false, false, true], "songpos": [0.0, 0.045454545454545456, 0.09090909090909091, 0.13636363636363635, 0.18181818181818182, 0.2727272727272727, 0.3181818181818182, 0.36363636363636365, 0.4090909090909091, 0.45454545454545453, 0.5454545454545454, 0.5909090909090909, 0.6363636363636364, 0.6818181818181818, 0.7272727272727273, 0.7727272727272727, 0.8181818181818182, 0.8636363636363636, 0.9090909090909091, 0.9545454545454546, 1.0], "beatinsong": ["-1/3", "0", "1/3", "2/3", "1", "5/3", "2", "7/3", "8/3", "3", "11/3", "4", "13/3", "14/3", "5", "16/3", "17/3", "6", "19/3", "20/3", "7"], "beatinphrase": ["-1/3", "0", "1/3", "2/3", "1", "5/3", "2", "7/3", "8/3", "3", "-1/3", "0", "1/3", "2/3", "1", "4/3", "5/3", "2", "7/3", "8/3", "3"], "beatinphrase_end": ["-10/3", "-3", "-8/3", "-7/3", "-2", "-4/3", "-1", "-2/3", "-1/3", "0", "-10/3", "-3", "-8/3", "-7/3", "-2", "-5/3", "-4/3", "-1", "-2/3", "-1/3", "0"], "IOI_frac": ["1/2", "1/2", "1/2", "1/2", "1", "1/2", "1/2", "1/2", "1/2", "1", "1/2", "1/2", "1/2", "1/2", "1/2", "1/2", "1/2", "1/2", "1/2", "1/2", null], "IOI": [0.5, 0.5, 0.5, 0.5, 1.0, 0.5, 0.5, 0.5, 0.5, 1.0, 0.5, 0.5, 0.5, 0.5, 0.5, 0.5, 0.5, 0.5, 0.5, 0.5, null], "IOR_frac": [null, "1", "1", "1", "2", "1/2", "1", "1", "1", "2", "1/2", "1", "1", "1", "1", "1", "1", "1", "1", "1", null], "IOR": [null, 1.0, 1.0, 1.0, 2.0, 0.5, 1.0, 1.0, 1.0, 2.0, 0.5, 1.0, 1.0, 1.0, 1.0, 1.0, 1.0, 1.0, 1.0, 1.0, null], "imacontour": [null, "-", "+", "-", "+", "-", "-", "+", "-", "+", "+", "-", "+", "-", "+", "-", "+", "-", "+", "-", "+"], "pitch": ["D5", "D5", "C5", "E5", "A4", "C5", "C5", "B4", "D5", "G4", "B4", "B4", "A4", "A4", "C5", "F#4", "F#4", "A4", "G4", "G4", "G4"], "contour3": [null, "=", "-", "+", "-", "+", "=", "-", "+", "-", "+", "=", "-", "=", "+", "-", "=", "+", "-", "=", "="], "contour5": [null, "=", "-", "++", "--", "++", "=", "-", "++", "--", "++", "=", "-", "=", "++", "--", "=", "++", "-", "=", "="], "beatstrength": [0.5, 1.0, 0.5, 0.5, 1.0, 0.5, 1.0, 0.5, 0.5, 1.0, 0.5, 1.0, 0.5, 0.5, 1.0, 0.5, 0.5, 1.0, 0.5, 0.5, 1.0], "beat_str": ["1", "1", "1", "1", "1", "1", "1", "1", "1", "1", "1", "1", "1", "1", "1", "1", "1", "1", "1", "1", "1"], "beat_fraction_str": ["2/3", "0", "1/3", "2/3", "0", "2/3", "0", "1/3", "2/3", "0", "2/3", "0", "1/3", "2/3", "0", "1/3", "2/3", "0", "1/3", "2/3", "0"], "beat": [1.6666666666666667, 1.0, 1.3333333333333333, 1.6666666666666667, 1.0, 1.6666666666666667, 1.0, 1.3333333333333333, 1.6666666666666667, 1.0, 1.6666666666666667, 1.0, 1.3333333333333333, 1.6666666666666667, 1.0, 1.3333333333333333, 1.6666666666666667, 1.0, 1.3333333333333333, 1.6666666666666667, 1.0], "timesignature": ["3/8", "3/8", "3/8", "3/8", "3/8", "3/8", "3/8", "3/8", "3/8", "3/8", "3/8", "3/8", "3/8", "3/8", "3/8", "3/8", "3/8", "3/8", "3/8", "3/8", "3/8"], "gpr2a_Frankland": [null, null, null, null, null, null, null, null, null, null, null, null, null, null, null, null, null, null, null, null, null], "gpr2b_Frankland": [null, null, null, null, 0.5, null, null, null, null, 0.5, null, null, null, null, null, null, null, null, null, null, null], "gpr3a_Frankland": [null, null, null, 0.5, null, null, null, null, 0.5, null, null, 1.0, null, null, 0.75, null, 0.6666666666666667, null, null, null, null], "gpr3d_Frankland": [null, 0.0, null, null, null, null, 0.0, null, null, null, null, 0.0, 0.0, 0.0, 0.0, 0.0, 0.0, 0.0, null, null, null], "gpr_Frankland_sum": [0, 0, 0, 0.5, 0.5, 0, 0, 0, 0.5, 0.5, 0, 1.0, 0, 0, 0.75, 0, 0.6666666666666667, 0, 0, 0, 0], "lbdm_spitch": [null, 0.24444444444444444, 0.31339031339031337, 0.6434947768281102, 0.45629629629629626, 0.0, 0.10864197530864196, 0.3259259259259259, 0.6434947768281102, 0.5849952516619182, 0.0, 0.3259259259259259, 0.0, 0.42666666666666664, 1.0, 0.0, 0.36317460317460315, 0.2095238095238095, 0.0, null, null], "lbdm_sioi": [null, 0.0, 0.0, 0.25, 1.0, 0.25, 0.0, 0.0, 0.25, 1.0, 0.25, 0.0, 0.0, 0.0, 0.0, 0.0, 0.0, 0.0, 0.0, null, null], "lbdm_srest": [null, 0.0, 0.0, 0.0, 0.0, 0.0, 0.0, 0.0, 0.0, 0.0, 0.0, 0.0, 0.0, 0.0, 0.0, 0.0, 0.0, 0.0, 0.0, null, null],