{"id": "deut3452", "tunefamily": "", "year": -1, "tunefamily_full": "", "type": "vocal", "freemeter": true, "origin": "", "features": {"scaledegree": [5, 5, 6, 7, 1, 5, 1, 2, 3, 2, 4, 3, 2, 1, 5, 6, 7, 6, 5], "scaledegreespecifier": ["P", "P", "M", "M", "P", "P", "P", "M", "M", "M", "P", "M", "M", "P", "P", "M", "m", "M", "P"], "tonic": ["G", "G", "G", "G", "G", "G", "G", "G", "G", "G", "G", "G", "G", "G", "G", "G", "G", "G", "G"], "mode": ["major", "major", "major", "major", "major", "major", "major", "major", "major", "major", "major", "major", "major", "major", "major", "major", "major", "major", "major"], "metriccontour": [null, null, null, null, null, null, null, null, null, null, null, null, null, null, null, null, null, null, null], "imaweight": [1.0, 0.4, 0.106667, 0.466667, 1.0, 0.88, 0.466667, 0.386667, 0.466667, 0.88, 0.88, 0.533333, 0.466667, 0.88, 0.946667, 0.173333, 0.346667, 0.293333, 0.893333], "imaweight_spectral": [1.0, 0.550847, 0.169492, 0.59322, 1.0, 0.923729, 0.59322, 0.347458, 0.59322, 0.923729, 0.957627, 0.669492, 0.627119, 0.957627, 0.966102, 0.177966, 0.516949, 0.516949, 1.0], "pitch40_hewlett": [129, 129, 135, 141, 146, 129, 146, 152, 158, 152, 163, 158, 152, 146, 129, 135, 140, 135, 129], "pitch40_sapp": [168, 168, 174, 180, 185, 168, 185, 191, 197, 191, 202, 197, 191, 185, 168, 174, 179, 174, 168], "octave": [4, 4, 4, 4, 4, 4, 4, 4, 4, 4, 5, 4, 4, 4, 4, 4, 4, 4, 4], "midipitch": [62, 62, 64, 66, 67, 62, 67, 69, 71, 69, 72, 71, 69, 67, 62, 64, 65, 64, 62], "diatonicpitch": [25, 25, 26, 27, 28, 25, 28, 29, 30, 29, 31, 30, 29, 28, 25, 26, 27, 26, 25], "diatonicinterval": [null, 0, 1, 1, 1, -3, 3, 1, 1, -1, 2, -1, -1, -1, -3, 1, 1, -1, -1], "chromaticinterval": [null, 0, 2, 2, 1, -5, 5, 2, 2, -2, 3, -1, -2, -2, -5, 2, 1, -1, -2], "pitchproximity": [null, null, 2, 2, 1, 5, 5, 2, 2, 2, 3, 1, 2, 2, 5, 2, 1, 1, 2], "pitchreversal": [null, null, 0, 0, 0, 0, 1.5, 0, 0, 1.5, 1.5, 1.5, 0, 0, 0, 0, 0, 1.5, 0], "nextisrest": [false, false, false, false, false, false, false, false, false, false, false, false, false, false, false, false, false, false, true], "restduration_frac": [null, null, null, null, null, null, null, null, null, null, null, null, null, null, null, null, null, null, "1"], "duration": [1.0, 0.5, 0.5, 1.0, 3.0, 1.0, 0.5, 0.5, 1.0, 3.0, 1.0, 1.0, 1.0, 3.0, 0.5, 0.5, 1.0, 1.0, 2.0], "duration_frac": ["1", "1/2", "1/2", "1", "3", "1", "1/2", "1/2", "1", "3", "1", "1", "1", "3", "1/2", "1/2", "1", "1", "2"], "duration_fullname": ["Quarter", "Eighth", "Eighth", "Quarter", "Dotted Half", "Quarter", "Eighth", "Eighth", "Quarter", "Dotted Half", "Quarter", "Quarter", "Quarter", "Dotted Half", "Eighth", "Eighth", "Quarter", "Quarter", "Half"], "durationcontour": [null, "-", "=", "+", "+", "-", "-", "=", "+", "+", "-", "=", "=", "+", "-", "=", "+", "=", "+"], "onsettick": [0, 2, 3, 4, 6, 12, 14, 15, 16, 18, 24, 26, 28, 30, 36, 37, 38, 40, 42], "beatfraction": [null, null, null, null, null, null, null, null, null, null, null, null, null, null, null, null, null, null, null], "phrasepos": [0.0, 0.1111111111111111, 0.16666666666666666, 0.2222222222222222, 0.3333333333333333, 0.6666666666666666, 0.7777777777777778, 0.8333333333333334, 0.8888888888888888, 1.0, 0.0, 0.1111111111111111, 0.2222222222222222, 0.3333333333333333, 0.6666666666666666, 0.7222222222222222, 0.7777777777777778, 0.8888888888888888, 1.0], "phrase_ix": [0, 0, 0, 0, 0, 0, 0, 0, 0, 0, 1, 1, 1, 1, 1, 1, 1, 1, 1], "phrase_end": [false, false, false, false, false, false, false, false, false, true, false, false, false, false, false, false, false, false, true], "songpos": [0.0, 0.047619047619047616, 0.07142857142857142, 0.09523809523809523, 0.14285714285714285, 0.2857142857142857, 0.3333333333333333, 0.35714285714285715, 0.38095238095238093, 0.42857142857142855, 0.5714285714285714, 0.6190476190476191, 0.6666666666666666, 0.7142857142857143, 0.8571428571428571, 0.8809523809523809, 0.9047619047619048, 0.9523809523809523, 1.0], "beatinsong": [null, null, null, null, null, null, null, null, null, null, null, null, null, null, null, null, null, null, null], "beatinphrase": [null, null, null, null, null, null, null, null, null, null, null, null, null, null, null, null, null, null, null], "beatinphrase_end": [null, null, null, null, null, null, null, null, null, null, null, null, null, null, null, null, null, null, null], "IOI_frac": ["1", "1/2", "1/2", "1", "3", "1", "1/2", "1/2", "1", "3", "1", "1", "1", "3", "1/2", "1/2", "1", "1", "3"], "IOI": [1.0, 0.5, 0.5, 1.0, 3.0, 1.0, 0.5, 0.5, 1.0, 3.0, 1.0, 1.0, 1.0, 3.0, 0.5, 0.5, 1.0, 1.0, 3.0], "IOR_frac": [null, "1/2", "1", "2", "3", "1/3", "1/2", "1", "2", "3", "1/3", "1", "1", "3", "1/6", "1", "2", "1", "3"], "IOR": [null, 0.5, 1.0, 2.0, 3.0, 0.3333333333333333, 0.5, 1.0, 2.0, 3.0, 0.3333333333333333, 1.0, 1.0, 3.0, 0.16666666666666666, 1.0, 2.0, 1.0, 3.0], "imacontour": [null, "-", "-", "+", "+", "-", "-", "-", "+", "+", "=", "-", "-", "+", "+", "-", "+", "-", "+"], "pitch": ["D4", "D4", "E4", "F#4", "G4", "D4", "G4", "A4", "B4", "A4", "C5", "B4", "A4", "G4", "D4", "E4", "F4", "E4", "D4"], "contour3": [null, "=", "+", "+", "+", "-", "+", "+", "+", "-", "+", "-", "-", "-", "-", "+", "+", "-", "-"], "contour5": [null, "=", "+", "+", "+", "--", "++", "+", "+", "-", "++", "-", "-", "-", "--", "+", "+", "-", "-"], "beatstrength": [null, null, null, null, null, null, null, null, null, null, null, null, null, null, null, null, null, null, null], "beat_str": [null, null, null, null, null, null, null, null, null, null, null, null, null, null, null, null, null, null, null], "beat_fraction_str": [null, null, null, null, null, null, null, null, null, null, null, null, null, null, null, null, null, null, null], "beat": [null, null, null, null, null, null, null, null, null, null, null, null, null, null, null, null, null, null, null], "timesignature": [null, null, null, null, null, null, null, null, null, null, null, null, null, null, null, null, null, null, null], "gpr2a_Frankland": [null, null, null, null, null, null, null, null, null, null, null, null, null, null, null, null, null, null, 0.25], "gpr2b_Frankland": [null, null, null, null, 0.6666666666666667, null, null, null, null, 0.6666666666666667, null, null, null, 0.75, null, null, null, null, null], "gpr3a_Frankland": [null, null, null, null, null, null, null, null, null, 0.5, null, null, null, 0.6, null, null, null, null, null], "gpr3d_Frankland": [null, null, null, null, null, null, null, null, null, null, null, null, null, null, null, 0.5, null, null, null], "gpr_Frankland_sum": [0, 0, 0, 0, 0.6666666666666667, 0, 0, 0, 0, 1.1666666666666667, 0, 0, 0, 1.35, 0, 0.5, 0, 0, 0.25], "lbdm_spitch": [null, 0.30000000000000004, 0.12000000000000002, 0.21, 0.7500000000000001, 0.5, 0.2, 0.0, 0.08571428571428572, 0.42857142857142855, 0.16, 0.12000000000000002, 0.2, 1.0, 0.32, 0.06000000000000001, 0.06000000000000001, null, null], "lbdm_sioi": [null, 0.045751633986928095, 0.045751633986928095, 0.2287581699346405, 0.8235294117647058, 0.2287581699346405, 0.045751633986928095, 0.045751633986928095, 0.2287581699346405, 0.8235294117647058, 0.1372549019607843, 0.0, 0.1372549019607843, 1.0, 0.09803921568627451, 0.045751633986928095, 0.09150326797385619, null, null], "lbdm_srest": [null, 0.0, 0.0, 0.0, 0.0, 0.0, 0.0, 0.0, 0.0, 0.0, 0.0, 0.0, 0.0, 0.0, 0.0, 0.0, 0.0, null, null], "lbdm_rpitch": [null, 0.5, 0.0, 0.2, 0.5, 0.0, 0.3333333333333333, 0.0, 0.0, 0.14285714285714285, 0.3333333333333333, 0.2, 0.0, 0.3333333333333333, 0.3333333333333333, 0.2, 0.0, 0.2, null], "lbdm_rioi": [null, 0.3333333333333333, 0.0, 0.3333333333333333, 0.5, 0.5, 0.3333333333333333, 0.0, 0.3333333333333333, 0.5, 0.5, 0.0, 0.0, 0.5, 0.7142857142857143, 0.0, 0.3333333333333333, 0.0, null], "lbdm_rrest": [null, 0.0, 0.0, 0.0, 0.0, 0.0, 0.0, 0.0, 0.0, 0.0, 0.0, 0.0, 0.0, 0.0, 0.0, 0.0, 0.0, 0.0, null],