{"id": "deut5123", "tunefamily": "", "year": -1, "tunefamily_full": "", "type": "vocal", "freemeter": false, "origin": "", "features": {"scaledegree": [5, 1, 1, 1, 2, 3, 4, 6, 5, 3, 5, 2, 3, 1], "scaledegreespecifier": ["P", "P", "P", "P", "M", "M", "P", "M", "P", "M", "P", "M", "M", "P"], "tonic": ["D", "D", "D", "D", "D", "D", "D", "D", "D", "D", "D", "D", "D", "D"], "mode": ["major", "major", "major", "major", "major", "major", "major", "major", "major", "major", "major", "major", "major", "major"], "metriccontour": [null, "+", "-", "+", "-", "+", "-", "+", "-", "+", "-", "+", "-", "+"], "imaweight": [0.942149, 0.842975, 0.768595, 1.0, 0.231405, 0.876033, 0.264463, 0.909091, 0.867769, 0.801653, 0.809917, 0.909091, 0.239669, 0.140496], "imaweight_spectral": [1.0, 0.880597, 0.813433, 0.902985, 0.208955, 0.791045, 0.238806, 0.820896, 0.902985, 0.843284, 0.880597, 0.970149, 1.0, 0.850746], "pitch40_hewlett": [112, 129, 129, 129, 135, 141, 146, 158, 152, 141, 152, 135, 141, 129], "pitch40_sapp": [151, 168, 168, 168, 174, 180, 185, 197, 191, 180, 191, 174, 180, 168], "octave": [3, 4, 4, 4, 4, 4, 4, 4, 4, 4, 4, 4, 4, 4], "midipitch": [57, 62, 62, 62, 64, 66, 67, 71, 69, 66, 69, 64, 66, 62], "diatonicpitch": [25, 28, 28, 28, 29, 30, 31, 33, 32, 30, 32, 29, 30, 28], "diatonicinterval": [null, 3, 0, 0, 1, 1, 1, 2, -1, -2, 2, -3, 1, -2], "chromaticinterval": [null, 5, 0, 0, 2, 2, 1, 4, -2, -3, 3, -5, 2, -4], "pitchproximity": [null, null, 0, 0, 2, 2, 1, 4, 2, 3, 3, 5, 2, 4], "pitchreversal": [null, null, 0, 0, 0, 0, 0, 0, 1.5, 0, 1.5, 1.5, 0, 1.5], "nextisrest": [false, false, false, false, false, false, false, false, false, false, false, true, false, true], "restduration_frac": [null, null, null, null, null, null, null, null, null, null, null, "1/2", null, "1/2"], "duration": [0.5, 0.5, 0.5, 0.25, 0.25, 0.25, 0.25, 0.5, 0.5, 0.5, 0.5, 1.0, 0.5, 1.0], "duration_frac": ["1/2", "1/2", "1/2", "1/4", "1/4", "1/4", "1/4", "1/2", "1/2", "1/2", "1/2", "1", "1/2", "1"], "duration_fullname": ["Eighth", "Eighth", "Eighth", "16th", "16th", "16th", "16th", "Eighth", "Eighth", "Eighth", "Eighth", "Quarter", "Eighth", "Quarter"], "durationcontour": [null, "=", "=", "-", "=", "=", "=", "+", "=", "=", "=", "+", "-", "+"], "onsettick": [0, 2, 4, 6, 7, 8, 9, 10, 12, 14, 16, 18, 24, 26], "beatfraction": ["1/2", "1/2", "1/2", "1/4", "1/4", "1/4", "1/4", "1/2", "1/2", "1/2", "1/2", "1", "1/2", "1"], "phrasepos": [0.0, 0.07692307692307693, 0.15384615384615385, 0.23076923076923078, 0.2692307692307692, 0.3076923076923077, 0.34615384615384615, 0.38461538461538464, 0.46153846153846156, 0.5384615384615384, 0.6153846153846154, 0.6923076923076923, 0.9230769230769231, 1.0], "phrase_ix": [0, 0, 0, 0, 0, 0, 0, 0, 0, 0, 0, 0, 0, 0], "phrase_end": [false, false, false, false, false, false, false, false, false, false, false, false, false, true], "songpos": [0.0, 0.07692307692307693, 0.15384615384615385, 0.23076923076923078, 0.2692307692307692, 0.3076923076923077, 0.34615384615384615, 0.38461538461538464, 0.46153846153846156, 0.5384615384615384, 0.6153846153846154, 0.6923076923076923, 0.9230769230769231, 1.0], "beatinsong": ["-1/2", "0", "1/2", "1", "5/4", "3/2", "7/4", "2", "5/2", "3", "7/2", "4", "11/2", "6"], "beatinphrase": ["-1/2", "0", "1/2", "1", "5/4", "3/2", "7/4", "2", "5/2", "3", "7/2", "4", "11/2", "6"], "beatinphrase_end": ["-13/2", "-6", "-11/2", "-5", "-19/4", "-9/2", "-17/4", "-4", "-7/2", "-3", "-5/2", "-2", "-1/2", "0"], "IOI_frac": ["1/2", "1/2", "1/2", "1/4", "1/4", "1/4", "1/4", "1/2", "1/2", "1/2", "1/2", "3/2", "1/2", "3/2"], "IOI": [0.5, 0.5, 0.5, 0.25, 0.25, 0.25, 0.25, 0.5, 0.5, 0.5, 0.5, 1.5, 0.5, 1.5], "IOR_frac": [null, "1", "1", "1/2", "1", "1", "1", "2", "1", "1", "1", "3", "1/3", "3"], "IOR": [null, 1.0, 1.0, 0.5, 1.0, 1.0, 1.0, 2.0, 1.0, 1.0, 1.0, 3.0, 0.3333333333333333, 3.0], "imacontour": [null, "-", "-", "+", "-", "+", "-", "+", "-", "-", "+", "+", "-", "-"], "pitch": ["A3", "D4", "D4", "D4", "E4", "F#4", "G4", "B4", "A4", "F#4", "A4", "E4", "F#4", "D4"], "contour3": [null, "+", "=", "=", "+", "+", "+", "+", "-", "-", "+", "-", "+", "-"], "contour5": [null, "++", "=", "=", "+", "+", "+", "++", "-", "--", "++", "--", "+", "--"], "beatstrength": [0.25, 1.0, 0.25, 0.5, 0.125, 0.25, 0.125, 1.0, 0.25, 0.5, 0.25, 1.0, 0.25, 1.0], "beat_str": ["2", "1", "1", "2", "2", "2", "2", "1", "1", "2", "2", "1", "2", "1"], "beat_fraction_str": ["1/2", "0", "1/2", "0", "1/4", "1/2", "3/4", "0", "1/2", "0", "1/2", "0", "1/2", "0"], "beat": [2.5, 1.0, 1.5, 2.0, 2.25, 2.5, 2.75, 1.0, 1.5, 2.0, 2.5, 1.0, 2.5, 1.0], "timesignature": ["2/4", "2/4", "2/4", "2/4", "2/4", "2/4", "2/4", "2/4", "2/4", "2/4", "2/4", "2/4", "2/4", "2/4"], "gpr2a_Frankland": [null, null, null, null, null, null, null, null, null, null, null, 0.125, null, 0.125], "gpr2b_Frankland": [null, null, null, null, null, null, null, null, null, null, null, null, null, null], "gpr3a_Frankland": [null, null, null, null, null, null, 0.625, null, null, null, 0.5, null, null, null], "gpr3d_Frankland": [null, null, 0.5, null, 0.0, null, 0.5, null, 0.0, null, null, null, null, null], "gpr_Frankland_sum": [0, 0, 0.5, 0, 0, 0, 1.125, 0, 0, 0, 0.5, 0.125, 0, 0.125], "lbdm_spitch": [null, 0.0, 0.0, 0.3684210526315789, 0.1473684210526316, 0.23157894736842105, 1.0, 0.28947368421052627, 0.15789473684210525, 0.2210526315789474, 0.9824561403508771, 0.4298245614035087, null, null], "lbdm_sioi": [null, 0.0, 0.1111111111111111, 0.05555555555555555, 0.0, 0.0, 0.05555555555555555, 0.1111111111111111, 0.0, 0.0, 0.16666666666666666, 1.0, null, null], "lbdm_srest": [null, 0.0, 0.0, 0.0, 0.0, 0.0, 0.0, 0.0, 0.0, 0.0, 0.0, 1.0, null, null], "lbdm_rpitch": [null, 0.7142857142857143, 0.0, 0.5, 0.0, 0.2, 0.42857142857142855, 0.25, 0.14285714285714285, 0.0, 0.2, 0.3333333333333333, 0.25, null], "lbdm_rioi": [null, 0.0, 0.0, 0.3333333333333333, 0.0, 0.0, 0.0, 0.3333333333333333, 0.0, 0.0, 0.0, 0.5, 0.5, null], "lbdm_rrest": [null, 0.0, 0.0, 0.0, 0.0, 0.0, 0.0, 0.0, 0.0, 0.0, 0.0, 1.0, 1.0, null], "lbdm_boundarystrength": [null, 0.0, 0.05555555555555555, 0.11988304093567251, 0.0368421052631579, 0.05789473684210526, 0.2777777777777778, 0.1279239766081871, 0.039473684210526314, 0.05526315789473685, 0.3289473684210526, 0.8574561403508771, null, null]}}
