song_id,pattern,frequency,salience
NLB147912_01,11_9,4,0.2562472899855404
NLB147912_01,2_2,3,0.19218546748915533
NLB147912_01,4_2,3,0.18133849312499753
NLB147912_01,2_12,3,0.18133849312499753
NLB147912_01,2_2_2,2,0.14554692904622743
NLB147912_01,4_2_11,2,0.14554692904622743
NLB147912_01,12_11_9,2,0.13831561280345558
NLB147912_01,2_11,2,0.13831561280345558
NLB147912_01,2_4,2,0.12424883866448912
NLB147912_01,12_2,2,0.12424883866448912
