song_id,pattern,frequency,salience
NLB143240_01,4_2,4,0.24934739440206827
NLB143240_01,7_5,3,0.19819680064011064
NLB143240_01,9_7,3,0.1870105458015512
NLB143240_01,5_7,3,0.1625676717701759
NLB143240_01,9_7_4,2,0.1606102245686296
NLB143240_01,7_9_7,2,0.1426419608848319
NLB143240_01,7_4,2,0.1368574719886731
NLB143240_01,7_7,2,0.12813519475888888
NLB143240_01,7_9,2,0.12813519475888888
