song_id,pattern,frequency,salience
NLB076258_01,8_8,8,0.1520749262133584
NLB076258_01,8_8_8,4,0.12144177319095677
NLB076258_01,8_8_8_10_8,2,0.11906711210552713
NLB076258_01,10_8,6,0.11310040948851992
NLB076258_01,8_10_8,4,0.10932568932794658
NLB076258_01,8_10,5,0.10648947977551945
NLB076258_01,8_10_8_5,2,0.10223571078372463
NLB076258_01,3_1,5,0.09114037535636009
NLB076258_01,5_3,4,0.07291230028508808
