song_id,pattern,frequency,salience
NLB072920_01,3_3_3_3_3,5,0.36099811105540225
NLB072920_01,3_3_3_3,6,0.35400639829250086
NLB072920_01,3_3_3_3_3_3,4,0.30927707065005916
NLB072920_01,3_3_3,7,0.30375986078925665
NLB072920_01,3_3,8,0.1982911094600226
NLB072920_01,1_12_10_8_1,2,0.12360814354823078
NLB072920_01,12_10_8_1,2,0.11552759278747204
NLB072920_01,5_5,4,0.10069517915926969
NLB072920_01,1_12,3,0.06832258189513259
