song_id,pattern,frequency,salience
NLB073426_01,3_3_3_3_3,5,0.35702081015315446
NLB073426_01,3_3_3_3,6,0.35010612866722807
NLB073426_01,3_3_3_3_3_3,4,0.30586960691418313
NLB073426_01,3_3_3,7,0.3004131829774208
NLB073426_01,3_3,8,0.19610643484702434
NLB073426_01,3_1_12_10_8,3,0.16038654999135477
NLB073426_01,3_1_12_10,3,0.14012032060438243
NLB073426_01,3_1,4,0.07146401927906125
NLB073426_01,1_12,3,0.06756983705161815
