song_id,pattern,frequency,salience
NLB074028_01,3_3_3_3_3,7,0.41261934402583134
NLB074028_01,3_3_3_3,8,0.38535985269484613
NLB074028_01,3_3_3_3_3_3,6,0.37875258140183365
NLB074028_01,3_3_3,9,0.31885370937098995
NLB074028_01,3_3,10,0.20236242489396333
NLB074028_01,3_1_12_10_8_1,2,0.14444642859520848
NLB074028_01,1_12_10_8_1_3,2,0.12625086046727788
NLB074028_01,10_10,3,0.0648574014318424
NLB074028_01,3_1,3,0.04424627548380282
