song_id,pattern,frequency,salience
NLB072946_01,3_3_3_3_3,6,0.37805271018298303
NLB072946_01,3_3_3_3,7,0.36043261392132026
NLB072946_01,3_3_3_3_3_3,5,0.3373835600288774
NLB072946_01,3_3_3,8,0.3029622464293043
NLB072946_01,3_3,9,0.19468027248827313
NLB072946_01,12_10_8_1_1_3,2,0.14814178821259152
NLB072946_01,1_12_10_8_1_1,2,0.14302582113685178
NLB072946_01,1_1,5,0.10984615817491265
NLB072946_01,1_12,2,0.03975018837608519
