song_id,pattern,frequency,salience
NLB111656_01,3_2,3,0.20563493778417805
NLB111656_01,2_3,3,0.20563493778417805
NLB111656_01,3_2_3,3,0.20563493778417805
NLB111656_01,2_3_3_2_3,2,0.18519804562905617
NLB111656_01,3_2_3_3_2,2,0.18519804562905617
NLB111656_01,3_2_3_3,2,0.18519804562905617
NLB111656_01,2_3_3_2,2,0.18519804562905617
NLB111656_01,3_3,3,0.0691281336079173
NLB111656_01,5_3,4,0.06717677607720696
NLB111656_01,10_8,3,0.05210177742811243
NLB111656_01,8_1,2,0.035523771665362386
