song_id,pattern,frequency,salience
NLB015569_01,10_1_12_1,2,0.17594112232473996
NLB015569_01,1_12_1,3,0.13948102366635567
NLB015569_01,12_1,5,0.13452376881940645
NLB015569_01,1_12,5,0.10761141620085626
NLB015569_01,10_1_12,2,0.10217235699979119
NLB015569_01,6_5_6_8,2,0.1004355600970189
NLB015569_01,6_5_6,2,0.0972341098646629
NLB015569_01,8_8,4,0.07121491867993958
NLB015569_01,12_10,3,0.06514502039473609
NLB015569_01,6_5,3,0.05431976082921166
NLB015569_01,3_1,3,0.05121597292394846
