song_id,pattern,frequency,salience
NLB138219_01,7_7,8,0.3929886085098453
NLB138219_01,7_7_7,4,0.20262214723343228
NLB138219_01,5_4,4,0.19649430425492265
NLB138219_01,7_7_7_7,3,0.16405523623523377
NLB138219_01,12_11,3,0.15740238537372878
NLB138219_01,7_5,3,0.1519666104250742
NLB138219_01,2_12,3,0.14338959391584336
