song_id,pattern,frequency,salience
NLB074437_01,8_8_8,8,0.2628427590324238
NLB074437_01,8_8_8_8,5,0.2529232804205347
NLB074437_01,8_8,11,0.22628628595425268
NLB074437_01,8_8_8_8_6,3,0.22017954003767157
NLB074437_01,8_8_8_8_8_6,2,0.1853579798804297
NLB074437_01,8_8_8_6,3,0.1578373507382231
NLB074437_01,5_8_8_8_8,2,0.13848689152325555
NLB074437_01,10_10,4,0.11565956297992122
NLB074437_01,8_8_6,3,0.10979711744565847
NLB074437_01,8_6,4,0.09139885120056011
