{"id": "NLB075352_01", "tunefamily": "", "year": 1960, "tunefamily_full": "", "type": "vocal", "freemeter": false, "origin": "", "features": {"scaledegree": [2, 3, 2, 1, 3, 2, 3, 2, 1, 5, 2, 2, 2, 3, 3, 3, 2, 1], "scaledegreespecifier": ["M", "M", "M", "P", "M", "M", "M", "M", "P", "P", "M", "M", "M", "M", "M", "M", "M", "P"], "tonic": ["G", "G", "G", "G", "G", "G", "G", "G", "G", "G", "G", "G", "G", "G", "G", "G", "G", "G"], "mode": ["major", "major", "major", "major", "major", "major", "major", "major", "major", "major", "major", "major", "major", "major", "major", "major", "major", "major"], "metriccontour": [null, "-", "=", "+", "-", "+", "-", "=", "+", "-", "+", "-", "=", "+", "-", "=", "+", "-"], "imaweight": [0.412791, 0.686047, 0.273256, 0.761628, 0.755814, 0.47093, 0.569767, 0.360465, 0.918605, 0.895349, 0.645349, 0.854651, 0.482558, 0.965116, 0.447674, 1.0, 0.622093, 0.575581], "imaweight_spectral": [0.590717, 0.772152, 0.472574, 0.827004, 0.793249, 0.586498, 0.658228, 0.506329, 0.911392, 0.755274, 0.57384, 0.725738, 0.455696, 0.805907, 0.43038, 0.831224, 0.556962, 1.0], "pitch40_hewlett": [152, 158, 152, 146, 158, 152, 158, 152, 146, 129, 152, 152, 152, 158, 158, 158, 152, 146], "pitch40_sapp": [191, 197, 191, 185, 197, 191, 197, 191, 185, 168, 191, 191, 191, 197, 197, 197, 191, 185], "octave": [4, 4, 4, 4, 4, 4, 4, 4, 4, 4, 4, 4, 4, 4, 4, 4, 4, 4], "midipitch": [69, 71, 69, 67, 71, 69, 71, 69, 67, 62, 69, 69, 69, 71, 71, 71, 69, 67], "diatonicpitch": [29, 30, 29, 28, 30, 29, 30, 29, 28, 25, 29, 29, 29, 30, 30, 30, 29, 28], "diatonicinterval": [null, 1, -1, -1, 2, -1, 1, -1, -1, -3, 4, 0, 0, 1, 0, 0, -1, -1], "chromaticinterval": [null, 2, -2, -2, 4, -2, 2, -2, -2, -5, 7, 0, 0, 2, 0, 0, -2, -2], "pitchproximity": [null, null, 2, 2, 4, 2, 2, 2, 2, 5, 7, 0, 0, 2, 0, 0, 2, 2], "pitchreversal": [null, null, 1.5, 0, 1.5, 1.5, 1.5, 1.5, 0, 0, 1.5, 1, 0, 0, 0, 0, 0, 0], "nextisrest": [false, false, false, false, false, false, false, false, false, false, false, false, false, false, false, false, false, null], "restduration_frac": [null, null, null, null, null, null, null, null, null, null, null, null, null, null, null, null, null, null], "duration": [0.5, 0.5, 0.5, 1.0, 0.5, 0.5, 0.5, 0.5, 1.0, 0.5, 0.5, 0.5, 0.5, 0.5, 0.5, 0.5, 1.5, 1.5], "duration_frac": ["1/2", "1/2", "1/2", "1", "1/2", "1/2", "1/2", "1/2", "1", "1/2", "1/2", "1/2", "1/2", "1/2", "1/2", "1/2", "3/2", "3/2"], "duration_fullname": ["Eighth", "Eighth", "Eighth", "Quarter", "Eighth", "Eighth", "Eighth", "Eighth", "Quarter", "Eighth", "Eighth", "Eighth", "Eighth", "Eighth", "Eighth", "Eighth", "Dotted Quarter", "Dotted Quarter"], "durationcontour": [null, "=", "=", "+", "-", "=", "=", "=", "+", "-", "=", "=", "=", "=", "=", "=", "+", "="], "onsettick": [0, 1, 2, 3, 5, 6, 7, 8, 9, 11, 12, 13, 14, 15, 16, 17, 18, 21], "beatfraction": ["1/3", "1/3", "1/3", "2/3", "1/3", "1/3", "1/3", "1/3", "2/3", "1/3", "1/3", "1/3", "1/3", "1/3", "1/3", "1/3", "1", "1"], "phrasepos": [0.0, 0.1111111111111111, 0.2222222222222222, 0.3333333333333333, 0.5555555555555556, 0.6666666666666666, 0.7777777777777778, 0.8888888888888888, 1.0, 0.0, 0.1, 0.2, 0.3, 0.4, 0.5, 0.6, 0.7, 1.0], "phrase_ix": [0, 0, 0, 0, 0, 0, 0, 0, 0, 1, 1, 1, 1, 1, 1, 1, 1, 1], "phrase_end": [false, false, false, false, false, false, false, false, true, false, false, false, false, false, false, false, false, true], "songpos": [0.0, 0.047619047619047616, 0.09523809523809523, 0.14285714285714285, 0.23809523809523808, 0.2857142857142857, 0.3333333333333333, 0.38095238095238093, 0.42857142857142855, 0.5238095238095238, 0.5714285714285714, 0.6190476190476191, 0.6666666666666666, 0.7142857142857143, 0.7619047619047619, 0.8095238095238095, 0.8571428571428571, 1.0], "beatinsong": ["0", "1/3", "2/3", "1", "5/3", "2", "7/3", "8/3", "3", "11/3", "4", "13/3", "14/3", "5", "16/3", "17/3", "6", "7"], "beatinphrase": ["0", "1/3", "2/3", "1", "5/3", "2", "7/3", "8/3", "3", "-1/3", "0", "1/3", "2/3", "1", "4/3", "5/3", "2", "3"], "beatinphrase_end": ["-2", "-5/3", "-4/3", "-1", "-1/3", "0", "1/3", "2/3", "1", "-7/3", "-2", "-5/3", "-4/3", "-1", "-2/3", "-1/3", "0", "1"], "IOI_frac": ["1/2", "1/2", "1/2", "1", "1/2", "1/2", "1/2", "1/2", "1", "1/2", "1/2", "1/2", "1/2", "1/2", "1/2", "1/2", "3/2", null], "IOI": [0.5, 0.5, 0.5, 1.0, 0.5, 0.5, 0.5, 0.5, 1.0, 0.5, 0.5, 0.5, 0.5, 0.5, 0.5, 0.5, 1.5, null], "IOR_frac": [null, "1", "1", "2", "1/2", "1", "1", "1", "2", "1/2", "1", "1", "1", "1", "1", "1", "3", null], "IOR": [null, 1.0, 1.0, 2.0, 0.5, 1.0, 1.0, 1.0, 2.0, 0.5, 1.0, 1.0, 1.0, 1.0, 1.0, 1.0, 3.0, null], "imacontour": [null, "+", "-", "+", "-", "-", "+", "-", "+", "-", "-", "+", "-", "+", "-", "+", "-", "-"], "pitch": ["A4", "B4", "A4", "G4", "B4", "A4", "B4", "A4", "G4", "D4", "A4", "A4", "A4", "B4", "B4", "B4", "A4", "G4"], "contour3": [null, "+", "-", "-", "+", "-", "+", "-", "-", "-", "+", "=", "=", "+", "=", "=", "-", "-"], "contour5": [null, "+", "-", "-", "++", "-", "+", "-", "-", "--", "++", "=", "=", "+", "=", "=", "-", "-"], "beatstrength": [1.0, 0.25, 0.25, 0.5, 0.25, 1.0, 0.25, 0.25, 0.5, 0.25, 1.0, 0.25, 0.25, 0.5, 0.25, 0.25, 1.0, 0.5], "beat_str": ["1", "1", "1", "2", "2", "1", "1", "1", "2", "2", "1", "1", "1", "2", "2", "2", "1", "2"], "beat_fraction_str": ["0", "1/3", "2/3", "0", "2/3", "0", "1/3", "2/3", "0", "2/3", "0", "1/3", "2/3", "0", "1/3", "2/3", "0", "0"], "beat": [1.0, 1.3333333333333333, 1.6666666666666667, 2.0, 2.6666666666666665, 1.0, 1.3333333333333333, 1.6666666666666667, 2.0, 2.6666666666666665, 1.0, 1.3333333333333333, 1.6666666666666667, 2.0, 2.3333333333333335, 2.6666666666666665, 1.0, 2.0], "timesignature": ["6/8", "6/8", "6/8", "6/8", "6/8", "6/8", "6/8", "6/8", "6/8", "6/8", "6/8", "6/8", "6/8", "6/8", "6/8", "6/8", "6/8", "6/8"], "gpr2a_Frankland": [null, null, null, null, null, null, null, null, null, null, null, null, null, null, null, null, null, null], "gpr2b_Frankland": [null, null, null, 0.5, null, null, null, null, 0.5, null, null, null, null, null, null, null, null, null], "gpr3a_Frankland": [null, null, null, 0.5, null, null, null, null, null, 0.6428571428571428, null, null, 1.0, null, null, null, null, null], "gpr3d_Frankland": [null, null, null, null, null, 0.0, null, null, null, null, 0.0, 0.0, 0.0, 0.0, null, null, null, null], "gpr_Frankland_sum": [0, 0, 0, 1.0, 0, 0, 0, 0, 0.5, 0.6428571428571428, 0, 0, 1.0, 0, 0, 0, 0, 0], "lbdm_spitch": [null, 0.0, 0.07758620689655173, 0.3103448275862069, 0.07758620689655173, 0.0, 0.0, 0.10344827586206895, 0.3694581280788177, 1.0, 0.0, 0.0, 0.3103448275862069, 0.0, 0.0, 0.15517241379310345, null, null], "lbdm_sioi": [null, 0.0, 0.25, 1.0, 0.25, 0.0, 0.0, 0.25, 1.0, 0.25, 0.0, 0.0, 0.0, 0.0, 0.0, 0.375, null, null], "lbdm_srest": [null, 0.0, 0.0, 0.0, 0.0, 0.0, 0.0, 0.0, 0.0, 0.0, 0.0, 0.0, 0.0, 0.0, 0.0, 0.0, null, null], "lbdm_rpitch": [null, 0.0, 0.0, 0.25, 0.25, 0.0, 0.0, 0.0, 0.3333333333333333, 0.14285714285714285, 0.7777777777777778, 0.0, 0.5, 0.5, 0.0, 0.5, 0.0, null], "lbdm_rioi": [null, 0.0, 0.0, 0.3333333333333333, 0.3333333333333333, 0.0, 0.0, 0.0, 0.3333333333333333, 0.3333333333333333, 0.0, 0.0, 0.0, 0.0, 0.0, 0.0, 0.5, null], "lbdm_rrest": [null, 0.0, 0.0, 0.0, 0.0, 0.0, 0.0, 0.0, 0.0, 0.0, 0.0, 0.0, 0.0, 0.0, 0.0, 0.0, 0.0, null], "lbdm_boundarystrength": [null, 0.0, 0.14439655172413793, 0.5775862068965517, 0.14439655172413793, 0.0, 0.0, 0.15086206896551724, 0.5923645320197044, 0.375, 0.0, 0.0, 0.07758620689655173, 0.0, 0.0, 0.22629310344827586, null, null]}, "ann_bgcorpus": false}
