{"id": "NLB074069_01", "tunefamily": "", "year": 1960, "tunefamily_full": "", "type": "vocal", "freemeter": false, "origin": "", "features": {"scaledegree": [5, 6, 5, 5, 5, 5, 7, 2, 1, 1, 1, 1, 7, 1, 7, 6, 6, 5], "scaledegreespecifier": ["P", "M", "P", "P", "P", "P", "M", "M", "P", "P", "P", "P", "M", "P", "M", "M", "M", "P"], "tonic": ["C", "C", "C", "C", "C", "C", "C", "C", "C", "C", "C", "C", "C", "C", "C", "C", "C", "C"], "mode": ["major", "major", "major", "major", "major", "major", "major", "major", "major", "major", "major", "major", "major", "major", "major", "major", "major", "major"], "metriccontour": [null, "-", "+", "=", "-", "+", "-", "+", "=", "-", "+", "-", "+", "-", "-", "+", "-", "+"], "imaweight": [0.53719, 0.206612, 0.603306, 0.53719, 0.0991736, 0.371901, 0.198347, 0.603306, 1.0, 0.371901, 0.636364, 0.264463, 0.975207, 0.595041, 0.173554, 0.801653, 0.512397, 0.933884], "imaweight_spectral": [0.892617, 0.711409, 0.946309, 0.95302, 0.0805369, 0.731544, 0.355705, 0.892617, 0.919463, 0.38255, 0.624161, 0.268456, 0.926174, 0.671141, 0.302013, 0.838926, 0.657718, 1.0], "pitch40_hewlett": [146, 152, 146, 146, 146, 146, 158, 169, 163, 163, 163, 163, 158, 163, 158, 152, 152, 146], "pitch40_sapp": [185, 191, 185, 185, 185, 185, 197, 208, 202, 202, 202, 202, 197, 202, 197, 191, 191, 185], "octave": [4, 4, 4, 4, 4, 4, 4, 5, 5, 5, 5, 5, 4, 5, 4, 4, 4, 4], "midipitch": [67, 69, 67, 67, 67, 67, 71, 74, 72, 72, 72, 72, 71, 72, 71, 69, 69, 67], "diatonicpitch": [32, 33, 32, 32, 32, 32, 34, 36, 35, 35, 35, 35, 34, 35, 34, 33, 33, 32], "diatonicinterval": [null, 1, -1, 0, 0, 0, 2, 2, -1, 0, 0, 0, -1, 1, -1, -1, 0, -1], "chromaticinterval": [null, 2, -2, 0, 0, 0, 4, 3, -2, 0, 0, 0, -1, 1, -1, -2, 0, -2], "pitchproximity": [null, null, 2, 0, 0, 0, 4, 3, 2, 0, 0, 0, 1, 1, 1, 2, 0, 2], "pitchreversal": [null, null, 1.5, 0, 0, 0, 0, 0, 1.5, 0, 0, 0, 0, 1.5, 1.5, 0, 0, 0], "nextisrest": [false, false, false, false, false, false, false, false, false, false, false, false, false, false, false, false, false, null], "restduration_frac": [null, null, null, null, null, null, null, null, null, null, null, null, null, null, null, null, null, null], "duration": [2.0, 2.0, 4.0, 1.5, 0.5, 1.0, 1.0, 4.0, 1.0, 1.0, 1.0, 1.0, 2.0, 1.0, 1.0, 2.0, 2.0, 4.0], "duration_frac": ["2", "2", "4", "3/2", "1/2", "1", "1", "4", "1", "1", "1", "1", "2", "1", "1", "2", "2", "4"], "duration_fullname": ["Half", "Half", "Whole", "Dotted Quarter", "Eighth", "Quarter", "Quarter", "Whole", "Quarter", "Quarter", "Quarter", "Quarter", "Half", "Quarter", "Quarter", "Half", "Half", "Whole"], "durationcontour": [null, "=", "+", "-", "-", "+", "=", "+", "-", "=", "=", "=", "+", "-", "=", "+", "=", "+"], "onsettick": [0, 4, 8, 16, 19, 20, 22, 24, 32, 34, 36, 38, 40, 44, 46, 48, 52, 56], "beatfraction": ["1", "1", "2", "3/4", "1/4", "1/2", "1/2", "2", "1/2", "1/2", "1/2", "1/2", "1", "1/2", "1/2", "1", "1", "2"], "phrasepos": [0.0, 0.5, 1.0, 0.0, 0.375, 0.5, 0.75, 1.0, 0.0, 0.08333333333333333, 0.16666666666666666, 0.25, 0.3333333333333333, 0.5, 0.5833333333333334, 0.6666666666666666, 0.8333333333333334, 1.0], "phrase_ix": [0, 0, 0, 1, 1, 1, 1, 1, 2, 2, 2, 2, 2, 2, 2, 2, 2, 2], "phrase_end": [false, false, true, false, false, false, false, true, false, false, false, false, false, false, false, false, false, true], "songpos": [0.0, 0.07142857142857142, 0.14285714285714285, 0.2857142857142857, 0.3392857142857143, 0.35714285714285715, 0.39285714285714285, 0.42857142857142855, 0.5714285714285714, 0.6071428571428571, 0.6428571428571429, 0.6785714285714286, 0.7142857142857143, 0.7857142857142857, 0.8214285714285714, 0.8571428571428571, 0.9285714285714286, 1.0], "beatinsong": ["0", "1", "2", "4", "19/4", "5", "11/2", "6", "8", "17/2", "9", "19/2", "10", "11", "23/2", "12", "13", "14"], "beatinphrase": ["0", "1", "2", "0", "3/4", "1", "3/2", "2", "0", "1/2", "1", "3/2", "2", "3", "7/2", "4", "5", "6"], "beatinphrase_end": ["-2", "-1", "0", "-2", "-5/4", "-1", "-1/2", "0", "-6", "-11/2", "-5", "-9/2", "-4", "-3", "-5/2", "-2", "-1", "0"], "IOI_frac": ["2", "2", "4", "3/2", "1/2", "1", "1", "4", "1", "1", "1", "1", "2", "1", "1", "2", "2", null], "IOI": [2.0, 2.0, 4.0, 1.5, 0.5, 1.0, 1.0, 4.0, 1.0, 1.0, 1.0, 1.0, 2.0, 1.0, 1.0, 2.0, 2.0, null], "IOR_frac": [null, "1", "2", "3/8", "1/3", "2", "1", "4", "1/4", "1", "1", "1", "2", "1/2", "1", "2", "1", null], "IOR": [null, 1.0, 2.0, 0.375, 0.3333333333333333, 2.0, 1.0, 4.0, 0.25, 1.0, 1.0, 1.0, 2.0, 0.5, 1.0, 2.0, 1.0, null], "imacontour": [null, "-", "+", "-", "-", "+", "-", "+", "+", "-", "+", "-", "+", "-", "-", "+", "-", "+"], "pitch": ["G4", "A4", "G4", "G4", "G4", "G4", "B4", "D5", "C5", "C5", "C5", "C5", "B4", "C5", "B4", "A4", "A4", "G4"], "contour3": [null, "+", "-", "=", "=", "=", "+", "+", "-", "=", "=", "=", "-", "+", "-", "-", "=", "-"], "contour5": [null, "+", "-", "=", "=", "=", "++", "++", "-", "=", "=", "=", "-", "+", "-", "-", "=", "-"], "beatstrength": [1.0, 0.5, 1.0, 1.0, 0.125, 0.5, 0.25, 1.0, 1.0, 0.25, 0.5, 0.25, 1.0, 0.5, 0.25, 1.0, 0.5, 1.0], "beat_str": ["1", "2", "1", "1", "1", "2", "2", "1", "1", "1", "2", "2", "1", "2", "2", "1", "2", "1"], "beat_fraction_str": ["0", "0", "0", "0", "3/4", "0", "1/2", "0", "0", "1/2", "0", "1/2", "0", "0", "1/2", "0", "0", "0"], "beat": [1.0, 2.0, 1.0, 1.0, 1.75, 2.0, 2.5, 1.0, 1.0, 1.5, 2.0, 2.5, 1.0, 2.0, 2.5, 1.0, 2.0, 1.0], "timesignature": ["2/2", "2/2", "2/2", "2/2", "2/2", "2/2", "2/2", "2/2", "2/2", "2/2", "2/2", "2/2", "2/2", "2/2", "2/2", "2/2", "2/2", "2/2"], "gpr2a_Frankland": [null, null, null, null, null, null, null, null, null, null, null, null, null, null, null, null, null, null], "gpr2b_Frankland": [null, null, 0.5625, null, null, null, null, 0.75, null, null, null, null, 0.5, null, null, null, null, null], "gpr3a_Frankland": [null, null, null, null, null, 0.625, null, null, null, null, null, null, null, null, 0.75, null, null, null], "gpr3d_Frankland": [null, null, null, null, null, null, null, null, null, 0.0, null, null, null, null, 0.5, null, null, null], "gpr_Frankland_sum": [0, 0, 0.5625, 0, 0, 0.625, 0, 0.75, 0, 0, 0, 0, 0.5, 0, 1.25, 0, 0, 0], "lbdm_spitch": [null, 0.32142857142857145, 0.0, 0.0, 0.0, 1.0, 0.2448979591836735, 0.413265306122449, 0.0, 0.0, 0.0, 0.10714285714285715, 0.0, 0.0642857142857143, 0.45, 0.0, null, null], "lbdm_sioi": [null, 0.1388888888888889, 0.6565656565656566, 0.2982954545454546, 0.08680555555555555, 0.06944444444444445, 0.125, 1.0, 0.125, 0.0, 0.0, 0.06944444444444445, 0.2777777777777778, 0.06944444444444445, 0.06944444444444445, 0.1388888888888889, null, null], "lbdm_srest": [null, 0.0, 0.0, 0.0, 0.0, 0.0, 0.0, 0.0, 0.0, 0.0, 0.0, 0.0, 0.0, 0.0, 0.0, 0.0, null, null], "lbdm_rpitch": [null, 0.0, 0.5, 0.0, 0.0, 0.6666666666666666, 0.1111111111111111, 0.14285714285714285, 0.5, 0.0, 0.0, 0.3333333333333333, 0.0, 0.0, 0.2, 0.5, 0.5, null], "lbdm_rioi": [null, 0.0, 0.3333333333333333, 0.45454545454545453, 0.5, 0.3333333333333333, 0.0, 0.6, 0.6, 0.0, 0.0, 0.0, 0.3333333333333333, 0.3333333333333333, 0.0, 0.3333333333333333, 0.0, null], "lbdm_rrest": [null, 0.0, 0.0, 0.0, 0.0, 0.0, 0.0, 0.0, 0.0, 0.0, 0.0, 0.0, 0.0, 0.0, 0.0, 0.0, 0.0, null], "lbdm_boundarystrength": [null, 0.14980158730158732, 0.3282828282828283, 0.1491477272727273, 0.043402777777777776, 0.2847222222222222, 0.12372448979591838, 0.6033163265306123, 0.0625, 0.0, 0.0, 0.06150793650793651, 0.1388888888888889, 0.050793650793650794, 0.14722222222222223, 0.06944444444444445, null, null]}, "ann_bgcorpus": false}
