{"id": "NLB076485_01", "tunefamily": "", "year": 1960, "tunefamily_full": "", "type": "vocal", "freemeter": false, "origin": "", "features": {"scaledegree": [5, 6, 5, 5, 5, 6, 6, 5, 1, 1, 1, 1, 7, 7, 7, 7, 6, 2, 5], "scaledegreespecifier": ["P", "M", "P", "P", "P", "M", "M", "P", "P", "P", "P", "P", "M", "M", "M", "M", "M", "M", "P"], "tonic": ["G", "G", "G", "G", "G", "G", "G", "G", "G", "G", "G", "G", "G", "G", "G", "G", "G", "G", "G"], "mode": ["major", "major", "major", "major", "major", "major", "major", "major", "major", "major", "major", "major", "major", "major", "major", "major", "major", "major", "major"], "metriccontour": [null, "-", "+", "+", "-", "+", "-", "+", "+", "-", "+", "-", "+", "-", "+", "-", "+", "-", "+"], "imaweight": [0.373563, 0.143678, 0.41954, 0.373563, 0.0689655, 0.258621, 0.189655, 0.41954, 1.0, 0.534483, 0.718391, 0.436782, 0.954023, 0.41954, 0.735632, 0.465517, 0.902299, 0.408046, 0.649425], "imaweight_spectral": [0.936508, 0.793651, 0.957672, 0.984127, 0.0634921, 0.78836, 0.560847, 0.936508, 0.984127, 0.534392, 0.724868, 0.42328, 0.962963, 0.407407, 0.740741, 0.470899, 0.89418, 0.798942, 1.0], "pitch40_hewlett": [169, 175, 169, 169, 169, 175, 175, 169, 186, 186, 186, 186, 181, 181, 181, 181, 175, 152, 169], "pitch40_sapp": [208, 214, 208, 208, 208, 214, 214, 208, 225, 225, 225, 225, 220, 220, 220, 220, 214, 191, 208], "octave": [5, 5, 5, 5, 5, 5, 5, 5, 5, 5, 5, 5, 5, 5, 5, 5, 5, 4, 5], "midipitch": [74, 76, 74, 74, 74, 76, 76, 74, 79, 79, 79, 79, 78, 78, 78, 78, 76, 69, 74], "diatonicpitch": [32, 33, 32, 32, 32, 33, 33, 32, 35, 35, 35, 35, 34, 34, 34, 34, 33, 29, 32], "diatonicinterval": [null, 1, -1, 0, 0, 1, 0, -1, 3, 0, 0, 0, -1, 0, 0, 0, -1, -4, 3], "chromaticinterval": [null, 2, -2, 0, 0, 2, 0, -2, 5, 0, 0, 0, -1, 0, 0, 0, -2, -7, 5], "pitchproximity": [null, null, 2, 0, 0, 2, 0, 2, 5, 0, 0, 0, 1, 0, 0, 0, 2, 7, 5], "pitchreversal": [null, null, 1.5, 0, 0, 0, 0, 0, 0, 0, 0, 0, 0, 0, 0, 0, 0, 0, 2.5], "nextisrest": [false, false, false, false, false, false, false, false, false, false, false, false, false, false, false, false, false, false, null], "restduration_frac": [null, null, null, null, null, null, null, null, null, null, null, null, null, null, null, null, null, null, null], "duration": [1.0, 1.0, 2.0, 0.75, 0.25, 0.5, 0.5, 2.0, 0.5, 0.5, 0.5, 0.5, 0.5, 0.5, 0.5, 0.5, 1.0, 1.0, 2.0], "duration_frac": ["1", "1", "2", "3/4", "1/4", "1/2", "1/2", "2", "1/2", "1/2", "1/2", "1/2", "1/2", "1/2", "1/2", "1/2", "1", "1", "2"], "duration_fullname": ["Quarter", "Quarter", "Half", "Dotted Eighth", "16th", "Eighth", "Eighth", "Half", "Eighth", "Eighth", "Eighth", "Eighth", "Eighth", "Eighth", "Eighth", "Eighth", "Quarter", "Quarter", "Half"], "durationcontour": [null, "=", "+", "-", "-", "+", "=", "+", "-", "=", "=", "=", "=", "=", "=", "=", "+", "=", "+"], "onsettick": [0, 4, 8, 16, 19, 20, 22, 24, 32, 34, 36, 38, 40, 42, 44, 46, 48, 52, 56], "beatfraction": ["1", "1", "2", "3/4", "1/4", "1/2", "1/2", "2", "1/2", "1/2", "1/2", "1/2", "1/2", "1/2", "1/2", "1/2", "1", "1", "2"], "phrasepos": [0.0, 0.5, 1.0, 0.0, 0.375, 0.5, 0.75, 1.0, 0.0, 0.08333333333333333, 0.16666666666666666, 0.25, 0.3333333333333333, 0.4166666666666667, 0.5, 0.5833333333333334, 0.6666666666666666, 0.8333333333333334, 1.0], "phrase_ix": [0, 0, 0, 1, 1, 1, 1, 1, 2, 2, 2, 2, 2, 2, 2, 2, 2, 2, 2], "phrase_end": [false, false, true, false, false, false, false, true, false, false, false, false, false, false, false, false, false, false, true], "songpos": [0.0, 0.07142857142857142, 0.14285714285714285, 0.2857142857142857, 0.3392857142857143, 0.35714285714285715, 0.39285714285714285, 0.42857142857142855, 0.5714285714285714, 0.6071428571428571, 0.6428571428571429, 0.6785714285714286, 0.7142857142857143, 0.75, 0.7857142857142857, 0.8214285714285714, 0.8571428571428571, 0.9285714285714286, 1.0], "beatinsong": ["0", "1", "2", "4", "19/4", "5", "11/2", "6", "8", "17/2", "9", "19/2", "10", "21/2", "11", "23/2", "12", "13", "14"], "beatinphrase": ["0", "1", "2", "0", "3/4", "1", "3/2", "2", "0", "1/2", "1", "3/2", "2", "5/2", "3", "7/2", "4", "5", "6"], "beatinphrase_end": ["0", "1", "2", "0", "3/4", "1", "3/2", "2", "-4", "-7/2", "-3", "-5/2", "-2", "-3/2", "-1", "-1/2", "0", "1", "2"], "IOI_frac": ["1", "1", "2", "3/4", "1/4", "1/2", "1/2", "2", "1/2", "1/2", "1/2", "1/2", "1/2", "1/2", "1/2", "1/2", "1", "1", null], "IOI": [1.0, 1.0, 2.0, 0.75, 0.25, 0.5, 0.5, 2.0, 0.5, 0.5, 0.5, 0.5, 0.5, 0.5, 0.5, 0.5, 1.0, 1.0, null], "IOR_frac": [null, "1", "2", "3/8", "1/3", "2", "1", "4", "1/4", "1", "1", "1", "1", "1", "1", "1", "2", "1", null], "IOR": [null, 1.0, 2.0, 0.375, 0.3333333333333333, 2.0, 1.0, 4.0, 0.25, 1.0, 1.0, 1.0, 1.0, 1.0, 1.0, 1.0, 2.0, 1.0, null], "imacontour": [null, "-", "+", "-", "-", "+", "-", "+", "+", "-", "+", "-", "+", "-", "+", "-", "+", "-", "+"], "pitch": ["D5", "E5", "D5", "D5", "D5", "E5", "E5", "D5", "G5", "G5", "G5", "G5", "F#5", "F#5", "F#5", "F#5", "E5", "A4", "D5"], "contour3": [null, "+", "-", "=", "=", "+", "=", "-", "+", "=", "=", "=", "-", "=", "=", "=", "-", "-", "+"], "contour5": [null, "+", "-", "=", "=", "+", "=", "-", "++", "=", "=", "=", "-", "=", "=", "=", "-", "--", "++"], "beatstrength": [1.0, 0.25, 0.5, 1.0, 0.0625, 0.25, 0.125, 0.5, 1.0, 0.125, 0.25, 0.125, 0.5, 0.125, 0.25, 0.125, 1.0, 0.25, 0.5], "beat_str": ["1", "2", "3", "1", "1", "2", "2", "3", "1", "1", "2", "2", "3", "3", "4", "4", "1", "2", "3"], "beat_fraction_str": ["0", "0", "0", "0", "3/4", "0", "1/2", "0", "0", "1/2", "0", "1/2", "0", "1/2", "0", "1/2", "0", "0", "0"], "beat": [1.0, 2.0, 3.0, 1.0, 1.75, 2.0, 2.5, 3.0, 1.0, 1.5, 2.0, 2.5, 3.0, 3.5, 4.0, 4.5, 1.0, 2.0, 3.0], "timesignature": ["4/4", "4/4", "4/4", "4/4", "4/4", "4/4", "4/4", "4/4", "4/4", "4/4", "4/4", "4/4", "4/4", "4/4", "4/4", "4/4", "4/4", "4/4", "4/4"], "gpr2a_Frankland": [null, null, null, null, null, null, null, null, null, null, null, null, null, null, null, null, null, null, null], "gpr2b_Frankland": [null, null, 0.5625, null, null, null, null, 0.75, null, null, null, null, null, null, null, null, null, null, null], "gpr3a_Frankland": [null, null, null, null, 1.0, null, null, 0.8, null, null, null, 1.0, null, null, null, null, 0.5, null, null], "gpr3d_Frankland": [null, null, null, null, null, null, null, null, null, 0.0, 0.0, 0.0, 0.0, 0.0, null, 0.5, null, null, null], "gpr_Frankland_sum": [0, 0, 0.5625, 0, 1.0, 0, 0, 1.55, 0, 0, 0, 1.0, 0, 0, 0, 0.5, 0.5, 0, 0], "lbdm_spitch": [null, 0.19090909090909092, 0.0, 0.0, 0.38181818181818183, 0.0, 0.3181818181818182, 1.0, 0.0, 0.0, 0.0, 0.12727272727272726, 0.0, 0.0, 0.0, 0.36446280991735536, 0.7983471074380165, null, null], "lbdm_sioi": [null, 0.1388888888888889, 0.6565656565656566, 0.2982954545454546, 0.08680555555555555, 0.06944444444444445, 0.125, 1.0, 0.125, 0.0, 0.0, 0.0, 0.0, 0.0, 0.0, 0.06944444444444445, 0.1388888888888889, null, null], "lbdm_srest": [null, 0.0, 0.0, 0.0, 0.0, 0.0, 0.0, 0.0, 0.0, 0.0, 0.0, 0.0, 0.0, 0.0, 0.0, 0.0, 0.0, null, null], "lbdm_rpitch": [null, 0.0, 0.5, 0.0, 0.5, 0.5, 0.5, 0.3333333333333333, 0.7142857142857143, 0.0, 0.0, 0.3333333333333333, 0.3333333333333333, 0.0, 0.0, 0.5, 0.45454545454545453, 0.14285714285714285, null], "lbdm_rioi": [null, 0.0, 0.3333333333333333, 0.45454545454545453, 0.5, 0.3333333333333333, 0.0, 0.6, 0.6, 0.0, 0.0, 0.0, 0.0, 0.0, 0.0, 0.0, 0.3333333333333333, 0.0, null], "lbdm_rrest": [null, 0.0, 0.0, 0.0, 0.0, 0.0, 0.0, 0.0, 0.0, 0.0, 0.0, 0.0, 0.0, 0.0, 0.0, 0.0, 0.0, 0.0, null], "lbdm_boundarystrength": [null, 0.11717171717171718, 0.3282828282828283, 0.1491477272727273, 0.13885732323232325, 0.034722222222222224, 0.14204545454545453, 0.75, 0.0625, 0.0, 0.0, 0.031818181818181815, 0.0, 0.0, 0.0, 0.12583792470156108, 0.2690312213039486, null, null]}, "ann_bgcorpus": false}
