{"id": "NLB071054_01", "tunefamily": "", "year": 1960, "tunefamily_full": "", "type": "vocal", "freemeter": false, "origin": "", "features": {"scaledegree": [5, 5, 6, 5, 5, 3, 3, 5, 5, 6, 6, 6, 5, 3, 3, 5, 5, 6, 6, 5, 3], "scaledegreespecifier": ["P", "P", "M", "P", "P", "M", "M", "P", "P", "M", "M", "M", "P", "M", "M", "P", "P", "M", "M", "P", "M"], "tonic": ["G", "G", "G", "G", "G", "G", "G", "G", "G", "G", "G", "G", "G", "G", "G", "G", "G", "G", "G", "G", "G"], "mode": ["major", "major", "major", "major", "major", "major", "major", "major", "major", "major", "major", "major", "major", "major", "major", "major", "major", "major", "major", "major", "major"], "metriccontour": [null, "-", "-", "+", "-", "+", "-", "+", "-", "+", "-", "+", "+", "-", "-", "+", "-", "+", "-", "+", "-"], "imaweight": [0.689119, 0.772021, 0.0, 0.735751, 0.0, 0.937824, 0.378238, 0.917098, 0.378238, 0.875648, 0.124352, 0.419689, 1.0, 0.984456, 0.378238, 0.875648, 0.373057, 0.937824, 0.321244, 0.937824, 0.772021], "imaweight_spectral": [0.983402, 1.0, 0.0, 0.921162, 0.0, 0.93361, 0.485477, 0.900415, 0.46888, 0.86722, 0.0995851, 0.485477, 0.966805, 0.954357, 0.485477, 0.883817, 0.46473, 0.93361, 0.439834, 0.917012, 0.950207], "pitch40_hewlett": [169, 169, 175, 169, 169, 158, 158, 169, 169, 175, 175, 175, 169, 158, 158, 169, 169, 175, 175, 169, 158], "pitch40_sapp": [208, 208, 214, 208, 208, 197, 197, 208, 208, 214, 214, 214, 208, 197, 197, 208, 208, 214, 214, 208, 197], "octave": [5, 5, 5, 5, 5, 4, 4, 5, 5, 5, 5, 5, 5, 4, 4, 5, 5, 5, 5, 5, 4], "midipitch": [74, 74, 76, 74, 74, 71, 71, 74, 74, 76, 76, 76, 74, 71, 71, 74, 74, 76, 76, 74, 71], "diatonicpitch": [32, 32, 33, 32, 32, 30, 30, 32, 32, 33, 33, 33, 32, 30, 30, 32, 32, 33, 33, 32, 30], "diatonicinterval": [null, 0, 1, -1, 0, -2, 0, 2, 0, 1, 0, 0, -1, -2, 0, 2, 0, 1, 0, -1, -2], "chromaticinterval": [null, 0, 2, -2, 0, -3, 0, 3, 0, 2, 0, 0, -2, -3, 0, 3, 0, 2, 0, -2, -3], "pitchproximity": [null, null, 2, 2, 0, 3, 0, 3, 0, 2, 0, 0, 2, 3, 0, 3, 0, 2, 0, 2, 3], "pitchreversal": [null, null, 0, 1.5, 0, 0, 0, 0, 0, 0, 0, 0, 0, 0, 0, 0, 0, 0, 0, 0, 0], "nextisrest": [false, false, false, false, false, false, false, false, false, false, false, false, false, false, false, false, false, false, false, false, true], "restduration_frac": [null, null, null, null, null, null, null, null, null, null, null, null, null, null, null, null, null, null, null, null, "1/2"], "duration": [1.0, 0.6666666666666666, 0.3333333333333333, 0.6666666666666666, 0.3333333333333333, 0.5, 0.5, 0.5, 0.5, 0.25, 0.25, 0.5, 1.0, 0.5, 0.5, 0.5, 0.5, 0.5, 0.5, 1.0, 0.5], "duration_frac": ["1", "2/3", "1/3", "2/3", "1/3", "1/2", "1/2", "1/2", "1/2", "1/4", "1/4", "1/2", "1", "1/2", "1/2", "1/2", "1/2", "1/2", "1/2", "1", "1/2"], "duration_fullname": ["Quarter", "Quarter Triplet (2/3 QL)", "Eighth Triplet (1/3 QL)", "Quarter Triplet (2/3 QL)", "Eighth Triplet (1/3 QL)", "Eighth", "Eighth", "Eighth", "Eighth", "16th", "16th", "Eighth", "Quarter", "Eighth", "Eighth", "Eighth", "Eighth", "Eighth", "Eighth", "Quarter", "Eighth"], "durationcontour": [null, "-", "-", "+", "-", "+", "=", "=", "=", "-", "=", "+", "+", "-", "=", "=", "=", "=", "=", "+", "-"], "onsettick": [0, 12, 20, 24, 32, 36, 42, 48, 54, 60, 63, 66, 72, 84, 90, 96, 102, 108, 114, 120, 132], "beatfraction": ["1", "2/3", "1/3", "2/3", "1/3", "1/2", "1/2", "1/2", "1/2", "1/4", "1/4", "1/2", "1", "1/2", "1/2", "1/2", "1/2", "1/2", "1/2", "1", "1/2"], "phrasepos": [0.0, 0.3333333333333333, 0.5555555555555556, 0.6666666666666666, 0.8888888888888888, 1.0, 0.0, 0.14285714285714285, 0.2857142857142857, 0.42857142857142855, 0.5, 0.5714285714285714, 0.7142857142857143, 1.0, 0.0, 0.14285714285714285, 0.2857142857142857, 0.42857142857142855, 0.5714285714285714, 0.7142857142857143, 1.0], "phrase_ix": [0, 0, 0, 0, 0, 0, 1, 1, 1, 1, 1, 1, 1, 1, 2, 2, 2, 2, 2, 2, 2], "phrase_end": [false, false, false, false, false, true, false, false, false, false, false, false, false, true, false, false, false, false, false, false, true], "songpos": [0.0, 0.09090909090909091, 0.15151515151515152, 0.18181818181818182, 0.24242424242424243, 0.2727272727272727, 0.3181818181818182, 0.36363636363636365, 0.4090909090909091, 0.45454545454545453, 0.4772727272727273, 0.5, 0.5454545454545454, 0.6363636363636364, 0.6818181818181818, 0.7272727272727273, 0.7727272727272727, 0.8181818181818182, 0.8636363636363636, 0.9090909090909091, 1.0], "beatinsong": ["0", "1", "5/3", "2", "8/3", "3", "7/2", "4", "9/2", "5", "21/4", "11/2", "6", "7", "15/2", "8", "17/2", "9", "19/2", "10", "11"], "beatinphrase": ["0", "1", "5/3", "2", "8/3", "3", "-1/2", "0", "1/2", "1", "5/4", "3/2", "2", "3", "-1/2", "0", "1/2", "1", "3/2", "2", "3"], "beatinphrase_end": ["-2", "-1", "-1/3", "0", "2/3", "1", "-5/2", "-2", "-3/2", "-1", "-3/4", "-1/2", "0", "1", "-5/2", "-2", "-3/2", "-1", "-1/2", "0", "1"], "IOI_frac": ["1", "2/3", "1/3", "2/3", "1/3", "1/2", "1/2", "1/2", "1/2", "1/4", "1/4", "1/2", "1", "1/2", "1/2", "1/2", "1/2", "1/2", "1/2", "1", "1"], "IOI": [1.0, 0.6666666666666666, 0.3333333333333333, 0.6666666666666666, 0.3333333333333333, 0.5, 0.5, 0.5, 0.5, 0.25, 0.25, 0.5, 1.0, 0.5, 0.5, 0.5, 0.5, 0.5, 0.5, 1.0, 1.0], "IOR_frac": [null, "2/3", "1/2", "2", "1/2", "3/2", "1", "1", "1", "1/2", "1", "2", "2", "1/2", "1", "1", "1", "1", "1", "2", "1"], "IOR": [null, 0.6666666666666666, 0.5, 2.0, 0.5, 1.5, 1.0, 1.0, 1.0, 0.5, 1.0, 2.0, 2.0, 0.5, 1.0, 1.0, 1.0, 1.0, 1.0, 2.0, 1.0], "imacontour": [null, "+", "-", "+", "-", "+", "-", "+", "-", "+", "-", "+", "+", "-", "-", "+", "-", "+", "-", "+", "-"], "pitch": ["D5", "D5", "E5", "D5", "D5", "B4", "B4", "D5", "D5", "E5", "E5", "E5", "D5", "B4", "B4", "D5", "D5", "E5", "E5", "D5", "B4"], "contour3": [null, "=", "+", "-", "=", "-", "=", "+", "=", "+", "=", "=", "-", "-", "=", "+", "=", "+", "=", "-", "-"], "contour5": [null, "=", "+", "-", "=", "--", "=", "++", "=", "+", "=", "=", "-", "--", "=", "++", "=", "+", "=", "-", "--"], "beatstrength": [1.0, 0.5, 0.0625, 1.0, 0.0625, 0.5, 0.25, 1.0, 0.25, 0.5, 0.125, 0.25, 1.0, 0.5, 0.25, 1.0, 0.25, 0.5, 0.25, 1.0, 0.5], "beat_str": ["1", "2", "2", "1", "1", "2", "2", "1", "1", "2", "2", "2", "1", "2", "2", "1", "1", "2", "2", "1", "2"], "beat_fraction_str": ["0", "0", "2/3", "0", "2/3", "0", "1/2", "0", "1/2", "0", "1/4", "1/2", "0", "0", "1/2", "0", "1/2", "0", "1/2", "0", "0"], "beat": [1.0, 2.0, 2.6666666666666665, 1.0, 1.6666666666666667, 2.0, 2.5, 1.0, 1.5, 2.0, 2.25, 2.5, 1.0, 2.0, 2.5, 1.0, 1.5, 2.0, 2.5, 1.0, 2.0], "timesignature": ["2/4", "2/4", "2/4", "2/4", "2/4", "2/4", "2/4", "2/4", "2/4", "2/4", "2/4", "2/4", "2/4", "2/4", "2/4", "2/4", "2/4", "2/4", "2/4", "2/4", "2/4"], "gpr2a_Frankland": [null, null, null, null, null, null, null, null, null, null, null, null, null, null, null, null, null, null, null, null, 0.125], "gpr2b_Frankland": [null, null, null, 0.5, null, null, null, null, null, null, null, null, 0.5, null, null, null, null, null, null, null, null], "gpr3a_Frankland": [null, null, null, null, 1.0, null, 1.0, null, 1.0, null, null, null, 0.6666666666666667, null, 1.0, null, 1.0, null, null, null, null], "gpr3d_Frankland": [null, null, null, null, null, null, 0.0, null, 0.5, null, null, null, null, null, 0.0, 0.0, 0.0, null, 0.5, null, null], "gpr_Frankland_sum": [0, 0, 0, 0.5, 1.0, 0, 1.0, 0, 1.5, 0, 0, 0, 1.1666666666666667, 0, 1.0, 0, 1.0, 0, 0.5, 0, 0.125], "lbdm_spitch": [null, 0.2777777777777778, 0.2777777777777778, 0.0, 1.0, 0.0, 1.0, 0.0, 0.5555555555555556, 0.0, 0.0, 0.35714285714285715, 0.6190476190476192, 0.0, 1.0, 0.0, 0.5555555555555556, 0.0, 0.35714285714285715, null, null], "lbdm_sioi": [null, 0.5333333333333333, 0.3333333333333333, 0.6666666666666666, 0.26666666666666666, 0.15000000000000005, 0.0, 0.0, 0.25, 0.125, 0.125, 0.5, 1.0, 0.25, 0.0, 0.0, 0.0, 0.0, 0.25, null, null], "lbdm_srest": [null, 0.0, 0.0, 0.0, 0.0, 0.0, 0.0, 0.0, 0.0, 0.0, 0.0, 0.0, 0.0, 0.0, 0.0, 0.0, 0.0, 0.0, 0.0, null, null],