{"id": "NLB072385_02", "tunefamily": "", "year": 1960, "tunefamily_full": "", "type": "vocal", "freemeter": false, "origin": "", "features": {"scaledegree": [3, 4, 5, 4, 3, 3, 2, 1, 3, 5, 3, 2, 6, 2, 3, 2, 1, 6], "scaledegreespecifier": ["M", "P", "P", "P", "M", "M", "M", "P", "M", "P", "M", "M", "M", "M", "M", "M", "P", "M"], "tonic": ["G", "G", "G", "G", "G", "G", "G", "G", "G", "G", "G", "G", "G", "G", "G", "G", "G", "G"], "mode": ["major", "major", "major", "major", "major", "major", "major", "major", "major", "major", "major", "major", "major", "major", "major", "major", "major", "major"], "metriccontour": [null, "-", "+", "-", "=", "+", "-", "=", "+", "-", "+", "-", "+", "-", "+", "-", "+", "+"], "imaweight": [0.859649, 0.0701754, 1.0, 0.570175, 0.885965, 0.745614, 0.763158, 0.780702, 0.921053, 0.605263, 0.464912, 0.385965, 0.394737, 0.394737, 0.385965, 0.0701754, 0.350877, 0.385965], "imaweight_spectral": [0.803279, 0.0655738, 0.967213, 0.565574, 0.860656, 0.762295, 0.745902, 0.762295, 0.92623, 1.0, 0.901639, 0.795082, 0.967213, 0.934426, 0.795082, 0.0983607, 0.795082, 0.92623], "pitch40_hewlett": [158, 163, 169, 163, 158, 158, 152, 146, 158, 169, 158, 152, 135, 152, 158, 152, 146, 135], "pitch40_sapp": [197, 202, 208, 202, 197, 197, 191, 185, 197, 208, 197, 191, 174, 191, 197, 191, 185, 174], "octave": [4, 5, 5, 5, 4, 4, 4, 4, 4, 5, 4, 4, 4, 4, 4, 4, 4, 4], "midipitch": [71, 72, 74, 72, 71, 71, 69, 67, 71, 74, 71, 69, 64, 69, 71, 69, 67, 64], "diatonicpitch": [30, 31, 32, 31, 30, 30, 29, 28, 30, 32, 30, 29, 26, 29, 30, 29, 28, 26], "diatonicinterval": [null, 1, 1, -1, -1, 0, -1, -1, 2, 2, -2, -1, -3, 3, 1, -1, -1, -2], "chromaticinterval": [null, 1, 2, -2, -1, 0, -2, -2, 4, 3, -3, -2, -5, 5, 2, -2, -2, -3], "pitchproximity": [null, null, 2, 2, 1, 0, 2, 2, 4, 3, 3, 2, 5, 5, 2, 2, 2, 3], "pitchreversal": [null, null, 0, 1.5, 0, 0, 0, 0, 1.5, 0, 1.5, 0, 0, 1.5, 0, 1.5, 0, 0], "nextisrest": [false, false, false, false, false, false, false, false, false, false, false, false, false, false, false, false, false, true], "restduration_frac": [null, null, null, null, null, null, null, null, null, null, null, null, null, null, null, null, null, "3/2"], "duration": [0.25, 0.25, 0.5, 0.5, 0.5, 0.5, 0.5, 0.5, 1.0, 0.5, 1.0, 0.5, 1.0, 0.5, 0.75, 0.25, 0.5, 1.0], "duration_frac": ["1/4", "1/4", "1/2", "1/2", "1/2", "1/2", "1/2", "1/2", "1", "1/2", "1", "1/2", "1", "1/2", "3/4", "1/4", "1/2", "1"], "duration_fullname": ["16th", "16th", "Eighth", "Eighth", "Eighth", "Eighth", "Eighth", "Eighth", "Quarter", "Eighth", "Quarter", "Eighth", "Quarter", "Eighth", "Dotted Eighth", "16th", "Eighth", "Quarter"], "durationcontour": [null, "=", "+", "=", "=", "=", "=", "=", "+", "-", "+", "-", "+", "-", "+", "-", "+", "+"], "onsettick": [0, 1, 2, 4, 6, 8, 10, 12, 14, 18, 20, 24, 26, 30, 32, 35, 36, 38], "beatfraction": ["1/6", "1/6", "1/3", "1/3", "1/3", "1/3", "1/3", "1/3", "2/3", "1/3", "2/3", "1/3", "2/3", "1/3", "1/2", "1/6", "1/3", "2/3"], "phrasepos": [0.0, 0.05, 0.1, 0.2, 0.3, 0.4, 0.5, 0.6, 0.7, 0.9, 1.0, 0.0, 0.14285714285714285, 0.42857142857142855, 0.5714285714285714, 0.7857142857142857, 0.8571428571428571, 1.0], "phrase_ix": [0, 0, 0, 0, 0, 0, 0, 0, 0, 0, 0, 1, 1, 1, 1, 1, 1, 1], "phrase_end": [false, false, false, false, false, false, false, false, false, false, true, false, false, false, false, false, false, true], "songpos": [0.0, 0.02631578947368421, 0.05263157894736842, 0.10526315789473684, 0.15789473684210525, 0.21052631578947367, 0.2631578947368421, 0.3157894736842105, 0.3684210526315789, 0.47368421052631576, 0.5263157894736842, 0.631578947368421, 0.6842105263157895, 0.7894736842105263, 0.8421052631578947, 0.9210526315789473, 0.9473684210526315, 1.0], "beatinsong": ["-1/3", "-1/6", "0", "1/3", "2/3", "1", "4/3", "5/3", "2", "8/3", "3", "11/3", "4", "14/3", "5", "11/2", "17/3", "6"], "beatinphrase": ["-1/3", "-1/6", "0", "1/3", "2/3", "1", "4/3", "5/3", "2", "8/3", "3", "-1/3", "0", "2/3", "1", "3/2", "5/3", "2"], "beatinphrase_end": ["-7/3", "-13/6", "-2", "-5/3", "-4/3", "-1", "-2/3", "-1/3", "0", "2/3", "1", "-7/3", "-2", "-4/3", "-1", "-1/2", "-1/3", "0"], "IOI_frac": ["1/4", "1/4", "1/2", "1/2", "1/2", "1/2", "1/2", "1/2", "1", "1/2", "1", "1/2", "1", "1/2", "3/4", "1/4", "1/2", "5/2"], "IOI": [0.25, 0.25, 0.5, 0.5, 0.5, 0.5, 0.5, 0.5, 1.0, 0.5, 1.0, 0.5, 1.0, 0.5, 0.75, 0.25, 0.5, 2.5], "IOR_frac": [null, "1", "2", "1", "1", "1", "1", "1", "2", "1/2", "2", "1/2", "2", "1/2", "3/2", "1/3", "2", "5"], "IOR": [null, 1.0, 2.0, 1.0, 1.0, 1.0, 1.0, 1.0, 2.0, 0.5, 2.0, 0.5, 2.0, 0.5, 1.5, 0.3333333333333333, 2.0, 5.0], "imacontour": [null, "-", "+", "-", "+", "-", "+", "+", "+", "-", "-", "-", "+", "=", "-", "-", "+", "+"], "pitch": ["B4", "C5", "D5", "C5", "B4", "B4", "A4", "G4", "B4", "D5", "B4", "A4", "E4", "A4", "B4", "A4", "G4", "E4"], "contour3": [null, "+", "+", "-", "-", "=", "-", "-", "+", "+", "-", "-", "-", "+", "+", "-", "-", "-"], "contour5": [null, "+", "+", "-", "-", "=", "-", "-", "++", "++", "--", "-", "--", "++", "+", "-", "-", "--"], "beatstrength": [0.25, 0.125, 1.0, 0.25, 0.25, 0.5, 0.25, 0.25, 1.0, 0.25, 0.5, 0.25, 1.0, 0.25, 0.5, 0.125, 0.25, 1.0], "beat_str": ["2", "2", "1", "1", "1", "2", "2", "2", "1", "1", "2", "2", "1", "1", "2", "2", "2", "1"], "beat_fraction_str": ["2/3", "5/6", "0", "1/3", "2/3", "0", "1/3", "2/3", "0", "2/3", "0", "2/3", "0", "2/3", "0", "1/2", "2/3", "0"], "beat": [2.6666666666666665, 2.8333333333333335, 1.0, 1.3333333333333333, 1.6666666666666667, 2.0, 2.3333333333333335, 2.6666666666666665, 1.0, 1.6666666666666667, 2.0, 2.6666666666666665, 1.0, 1.6666666666666667, 2.0, 2.5, 2.6666666666666665, 1.0], "timesignature": ["6/8", "6/8", "6/8", "6/8", "6/8", "6/8", "6/8", "6/8", "6/8", "6/8", "6/8", "6/8", "6/8", "6/8", "6/8", "6/8", "6/8", "6/8"], "gpr2a_Frankland": [null, null, null, null, null, null, null, null, null, null, null, null, null, null, null, null, null, 0.375], "gpr2b_Frankland": [null, null, null, null, null, null, null, null, 0.5, null, 0.5, null, 0.5, null, 0.5, null, null, null], "gpr3a_Frankland": [null, null, null, null, null, null, null, 0.375, null, null, null, null, null, null, null, null, null, null], "gpr3d_Frankland": [null, 0.5, null, 0.0, 0.0, 0.0, null, null, null, null, null, null, null, null, null, null, null, null], "gpr_Frankland_sum": [0, 0.5, 0, 0, 0, 0, 0, 0.375, 0.5, 0, 0.5, 0, 0.5, 0, 0.5, 0, 0, 0.375], "lbdm_spitch": [null, 0.24000000000000005, 0.24000000000000005, 0.32, 0.0, 0.6000000000000001, 0.30000000000000004, 0.8666666666666667, 0.2, 0.2571428571428572, 0.5714285714285714, 1.0, 1.0, 0.4, 0.0, 0.17142857142857143, null, null], "lbdm_sioi": [null, 0.125, 0.25, 0.0, 0.0, 0.0, 0.0, 0.25, 1.0, 0.5, 1.0, 0.5, 1.0, 0.4, 0.7874999999999999, 0.3125, null, null], "lbdm_srest": [null, 0.0, 0.0, 0.0, 0.0, 0.0, 0.0, 0.0, 0.0, 0.0, 0.0, 0.0, 0.0, 0.0, 0.0, 0.0, null, null], "lbdm_rpitch": [null, 0.2, 0.0, 0.2, 0.3333333333333333, 0.5, 0.0, 0.25, 0.1111111111111111, 0.0, 0.14285714285714285, 0.3333333333333333, 0.0, 0.3333333333333333, 0.0, 0.0, 0.14285714285714285, null], "lbdm_rioi": [null, 0.0, 0.3333333333333333, 0.0, 0.0, 0.0, 0.0, 0.0, 0.3333333333333333, 0.3333333333333333, 0.3333333333333333, 0.3333333333333333, 0.3333333333333333, 0.3333333333333333, 0.2, 0.5, 0.3333333333333333, null], "lbdm_rrest": [null, 0.0, 0.0, 0.0, 0.0, 0.0, 0.0, 0.0, 0.0, 0.0, 0.0, 0.0, 0.0, 0.0, 0.0, 0.0, 0.0, null], "lbdm_boundarystrength": [null, 0.12250000000000001, 0.185, 0.08, 0.0, 0.15000000000000002, 0.07500000000000001, 0.3416666666666667, 0.55, 0.3142857142857143, 0.6428571428571428, 0.5, 0.75, 0.30000000000000004, 0.39374999999999993, 0.19910714285714287, null, null]}, "ann_bgcorpus": false}
