{"id": "NLB076063_01", "tunefamily": "", "year": 1960, "tunefamily_full": "", "type": "vocal", "freemeter": false, "origin": "", "features": {"scaledegree": [1, 3, 2, 2, 1, 1, 1, 1, 3, 3, 2, 1], "scaledegreespecifier": ["P", "M", "M", "M", "P", "P", "P", "P", "M", "M", "M", "P"], "tonic": ["G", "G", "G", "G", "G", "G", "G", "G", "G", "G", "G", "G"], "mode": ["major", "major", "major", "major", "major", "major", "major", "major", "major", "major", "major", "major"], "metriccontour": [null, "-", "+", "-", "+", "+", "-", "-", "+", "-", "+", "-"], "imaweight": [0.623529, 0.764706, 0.670588, 0.329412, 0.670588, 1.0, 0.329412, 0.141176, 0.858824, 0.423529, 0.811765, 0.858824], "imaweight_spectral": [0.80198, 0.920792, 0.762376, 0.514851, 0.762376, 0.920792, 0.316832, 0.118812, 0.762376, 0.435644, 0.762376, 1.0], "pitch40_hewlett": [146, 158, 152, 152, 146, 146, 146, 146, 158, 158, 152, 146], "pitch40_sapp": [185, 197, 191, 191, 185, 185, 185, 185, 197, 197, 191, 185], "octave": [4, 4, 4, 4, 4, 4, 4, 4, 4, 4, 4, 4], "midipitch": [67, 71, 69, 69, 67, 67, 67, 67, 71, 71, 69, 67], "diatonicpitch": [28, 30, 29, 29, 28, 28, 28, 28, 30, 30, 29, 28], "diatonicinterval": [null, 2, -1, 0, -1, 0, 0, 0, 2, 0, -1, -1], "chromaticinterval": [null, 4, -2, 0, -2, 0, 0, 0, 4, 0, -2, -2], "pitchproximity": [null, null, 2, 0, 2, 0, 0, 0, 4, 0, 2, 2], "pitchreversal": [null, null, 1.5, 0, 0, 0, 0, 0, 0, 0, 0, 0], "nextisrest": [false, false, false, false, false, false, false, false, false, false, false, null], "restduration_frac": [null, null, null, null, null, null, null, null, null, null, null, null], "duration": [1.0, 1.0, 0.5, 0.5, 1.0, 0.5, 0.25, 0.25, 0.5, 0.5, 1.0, 1.0], "duration_frac": ["1", "1", "1/2", "1/2", "1", "1/2", "1/4", "1/4", "1/2", "1/2", "1", "1"], "duration_fullname": ["Quarter", "Quarter", "Eighth", "Eighth", "Quarter", "Eighth", "16th", "16th", "Eighth", "Eighth", "Quarter", "Quarter"], "durationcontour": [null, "=", "-", "=", "+", "-", "-", "=", "+", "=", "+", "="], "onsettick": [0, 4, 8, 10, 12, 16, 18, 19, 20, 22, 24, 28], "beatfraction": ["1", "1", "1/2", "1/2", "1", "1/2", "1/4", "1/4", "1/2", "1/2", "1", "1"], "phrasepos": [0.0, 0.3333333333333333, 0.6666666666666666, 0.8333333333333334, 1.0, 0.0, 0.16666666666666666, 0.25, 0.3333333333333333, 0.5, 0.6666666666666666, 1.0], "phrase_ix": [0, 0, 0, 0, 0, 1, 1, 1, 1, 1, 1, 1], "phrase_end": [false, false, false, false, true, false, false, false, false, false, false, true], "songpos": [0.0, 0.14285714285714285, 0.2857142857142857, 0.35714285714285715, 0.42857142857142855, 0.5714285714285714, 0.6428571428571429, 0.6785714285714286, 0.7142857142857143, 0.7857142857142857, 0.8571428571428571, 1.0], "beatinsong": ["0", "1", "2", "5/2", "3", "4", "9/2", "19/4", "5", "11/2", "6", "7"], "beatinphrase": ["0", "1", "2", "5/2", "3", "0", "1/2", "3/4", "1", "3/2", "2", "3"], "beatinphrase_end": ["-2", "-1", "0", "1/2", "1", "-2", "-3/2", "-5/4", "-1", "-1/2", "0", "1"], "IOI_frac": ["1", "1", "1/2", "1/2", "1", "1/2", "1/4", "1/4", "1/2", "1/2", "1", null], "IOI": [1.0, 1.0, 0.5, 0.5, 1.0, 0.5, 0.25, 0.25, 0.5, 0.5, 1.0, null], "IOR_frac": [null, "1", "1/2", "1", "2", "1/2", "1/2", "1", "2", "1", "2", null], "IOR": [null, 1.0, 0.5, 1.0, 2.0, 0.5, 0.5, 1.0, 2.0, 1.0, 2.0, null], "imacontour": [null, "+", "-", "-", "+", "+", "-", "-", "+", "-", "+", "+"], "pitch": ["G4", "B4", "A4", "A4", "G4", "G4", "G4", "G4", "B4", "B4", "A4", "G4"], "contour3": [null, "+", "-", "=", "-", "=", "=", "=", "+", "=", "-", "-"], "contour5": [null, "++", "-", "=", "-", "=", "=", "=", "++", "=", "-", "-"], "beatstrength": [1.0, 0.5, 1.0, 0.25, 0.5, 1.0, 0.25, 0.125, 0.5, 0.25, 1.0, 0.5], "beat_str": ["1", "2", "1", "1", "2", "1", "1", "1", "2", "2", "1", "2"], "beat_fraction_str": ["0", "0", "0", "1/2", "0", "0", "1/2", "3/4", "0", "1/2", "0", "0"], "beat": [1.0, 2.0, 1.0, 1.5, 2.0, 1.0, 1.5, 1.75, 2.0, 2.5, 1.0, 2.0], "timesignature": ["2/4", "2/4", "2/4", "2/4", "2/4", "2/4", "2/4", "2/4", "2/4", "2/4", "2/4", "2/4"], "gpr2a_Frankland": [null, null, null, null, null, null, null, null, null, null, null, null], "gpr2b_Frankland": [null, null, null, null, 0.5, null, null, null, null, null, null, null], "gpr3a_Frankland": [null, null, null, 1.0, null, null, null, 1.0, null, null, null, null], "gpr3d_Frankland": [null, 0.5, null, null, null, null, null, 0.5, null, null, null, null], "gpr_Frankland_sum": [0, 0.5, 0, 1.0, 0.5, 0, 0, 1.5, 0, 0, 0, 0], "lbdm_spitch": [null, 0.28125, 0.0, 0.375, 0.0, 0.0, 0.0, 1.0, 0.0, 0.1875, null, null], "lbdm_sioi": [null, 0.5, 0.25, 0.25, 1.0, 0.5, 0.125, 0.125, 0.25, 0.25, null, null], "lbdm_srest": [null, 0.0, 0.0, 0.0, 0.0, 0.0, 0.0, 0.0, 0.0, 0.0, null, null], "lbdm_rpitch": [null, 0.25, 0.5, 0.5, 0.5, 0.0, 0.0, 0.6666666666666666, 0.6666666666666666, 0.5, 0.0, null], "lbdm_rioi": [null, 0.0, 0.3333333333333333, 0.0, 0.3333333333333333, 0.3333333333333333, 0.3333333333333333, 0.0, 0.3333333333333333, 0.0, 0.3333333333333333, null], "lbdm_rrest": [null, 0.0, 0.0, 0.0, 0.0, 0.0, 0.0, 0.0, 0.0, 0.0, 0.0, null], "lbdm_boundarystrength": [null, 0.3203125, 0.125, 0.21875, 0.5, 0.25, 0.0625, 0.3125, 0.125, 0.171875, null, null]}, "ann_bgcorpus": false}
