{"id": "NLB076445_01", "tunefamily": "", "year": 1960, "tunefamily_full": "", "type": "vocal", "freemeter": false, "origin": "", "features": {"scaledegree": [1, 1, 1, 1, 1, 1, 5, 5, 5, 3, 2, 2, 1, 1, 5, 5, 3, 2, 2, 1], "scaledegreespecifier": ["P", "P", "P", "P", "P", "P", "P", "P", "P", "M", "M", "M", "P", "P", "P", "P", "M", "M", "M", "P"], "tonic": ["G", "G", "G", "G", "G", "G", "G", "G", "G", "G", "G", "G", "G", "G", "G", "G", "G", "G", "G", "G"], "mode": ["major", "major", "major", "major", "major", "major", "major", "major", "major", "major", "major", "major", "major", "major", "major", "major", "major", "major", "major", "major"], "metriccontour": [null, "-", "=", "+", "-", "+", "-", "+", "-", "+", "+", "-", "+", "-", "+", "-", "+", "+", "-", "+"], "imaweight": [0.970149, 0.186567, 0.0970149, 1.0, 0.126866, 0.902985, 0.932836, 0.932836, 0.19403, 0.902985, 0.902985, 0.0970149, 0.902985, 0.126866, 0.902985, 0.126866, 0.932836, 0.902985, 0.134328, 0.902985], "imaweight_spectral": [0.942029, 0.181159, 0.188406, 0.971014, 0.217391, 0.942029, 1.0, 0.971014, 0.282609, 0.971014, 0.942029, 0.15942, 1.0, 0.217391, 0.942029, 0.188406, 1.0, 0.942029, 0.224638, 1.0], "pitch40_hewlett": [146, 146, 146, 146, 146, 146, 129, 129, 129, 158, 152, 152, 146, 146, 129, 129, 158, 152, 152, 146], "pitch40_sapp": [185, 185, 185, 185, 185, 185, 168, 168, 168, 197, 191, 191, 185, 185, 168, 168, 197, 191, 191, 185], "octave": [4, 4, 4, 4, 4, 4, 4, 4, 4, 4, 4, 4, 4, 4, 4, 4, 4, 4, 4, 4], "midipitch": [67, 67, 67, 67, 67, 67, 62, 62, 62, 71, 69, 69, 67, 67, 62, 62, 71, 69, 69, 67], "diatonicpitch": [28, 28, 28, 28, 28, 28, 25, 25, 25, 30, 29, 29, 28, 28, 25, 25, 30, 29, 29, 28], "diatonicinterval": [null, 0, 0, 0, 0, 0, -3, 0, 0, 5, -1, 0, -1, 0, -3, 0, 5, -1, 0, -1], "chromaticinterval": [null, 0, 0, 0, 0, 0, -5, 0, 0, 9, -2, 0, -2, 0, -5, 0, 9, -2, 0, -2], "pitchproximity": [null, null, 0, 0, 0, 0, 5, 0, 0, 9, 2, 0, 2, 0, 5, 0, 9, 2, 0, 2], "pitchreversal": [null, null, 0, 0, 0, 0, 0, 0, 0, 0, 1, 0, 0, 0, 0, 0, 0, 1, 0, 0], "nextisrest": [false, false, false, false, false, false, false, false, false, false, false, false, false, false, false, false, false, false, false, null], "restduration_frac": [null, null, null, null, null, null, null, null, null, null, null, null, null, null, null, null, null, null, null, null], "duration": [0.5, 0.5, 0.5, 1.0, 0.5, 1.5, 1.5, 1.0, 0.5, 1.5, 1.0, 0.5, 1.0, 0.5, 1.0, 0.5, 1.5, 1.0, 0.5, 1.5], "duration_frac": ["1/2", "1/2", "1/2", "1", "1/2", "3/2", "3/2", "1", "1/2", "3/2", "1", "1/2", "1", "1/2", "1", "1/2", "3/2", "1", "1/2", "3/2"], "duration_fullname": ["Eighth", "Eighth", "Eighth", "Quarter", "Eighth", "Dotted Quarter", "Dotted Quarter", "Quarter", "Eighth", "Dotted Quarter", "Quarter", "Eighth", "Quarter", "Eighth", "Quarter", "Eighth", "Dotted Quarter", "Quarter", "Eighth", "Dotted Quarter"], "durationcontour": [null, "=", "=", "+", "-", "+", "=", "-", "-", "+", "-", "-", "+", "-", "+", "-", "+", "-", "-", "+"], "onsettick": [0, 1, 2, 3, 5, 6, 9, 12, 14, 15, 18, 20, 21, 23, 24, 26, 27, 30, 32, 33], "beatfraction": ["1/3", "1/3", "1/3", "2/3", "1/3", "1", "1", "2/3", "1/3", "1", "2/3", "1/3", "2/3", "1/3", "2/3", "1/3", "1", "2/3", "1/3", "1"], "phrasepos": [0.0, 0.1111111111111111, 0.2222222222222222, 0.3333333333333333, 0.5555555555555556, 0.6666666666666666, 1.0, 0.0, 0.18181818181818182, 0.2727272727272727, 0.5454545454545454, 0.7272727272727273, 0.8181818181818182, 1.0, 0.0, 0.2222222222222222, 0.3333333333333333, 0.6666666666666666, 0.8888888888888888, 1.0], "phrase_ix": [0, 0, 0, 0, 0, 0, 0, 1, 1, 1, 1, 1, 1, 1, 2, 2, 2, 2, 2, 2], "phrase_end": [false, false, false, false, false, false, true, false, false, false, false, false, false, true, false, false, false, false, false, true], "songpos": [0.0, 0.030303030303030304, 0.06060606060606061, 0.09090909090909091, 0.15151515151515152, 0.18181818181818182, 0.2727272727272727, 0.36363636363636365, 0.42424242424242425, 0.45454545454545453, 0.5454545454545454, 0.6060606060606061, 0.6363636363636364, 0.696969696969697, 0.7272727272727273, 0.7878787878787878, 0.8181818181818182, 0.9090909090909091, 0.9696969696969697, 1.0], "beatinsong": ["0", "1/3", "2/3", "1", "5/3", "2", "3", "4", "14/3", "5", "6", "20/3", "7", "23/3", "8", "26/3", "9", "10", "32/3", "11"], "beatinphrase": ["0", "1/3", "2/3", "1", "5/3", "2", "3", "0", "2/3", "1", "2", "8/3", "3", "11/3", "0", "2/3", "1", "2", "8/3", "3"], "beatinphrase_end": ["-2", "-5/3", "-4/3", "-1", "-1/3", "0", "1", "-2", "-4/3", "-1", "0", "2/3", "1", "5/3", "-2", "-4/3", "-1", "0", "2/3", "1"], "IOI_frac": ["1/2", "1/2", "1/2", "1", "1/2", "3/2", "3/2", "1", "1/2", "3/2", "1", "1/2", "1", "1/2", "1", "1/2", "3/2", "1", "1/2", null], "IOI": [0.5, 0.5, 0.5, 1.0, 0.5, 1.5, 1.5, 1.0, 0.5, 1.5, 1.0, 0.5, 1.0, 0.5, 1.0, 0.5, 1.5, 1.0, 0.5, null], "IOR_frac": [null, "1", "1", "2", "1/2", "3", "1", "2/3", "1/2", "3", "2/3", "1/2", "2", "1/2", "2", "1/2", "3", "2/3", "1/2", null], "IOR": [null, 1.0, 1.0, 2.0, 0.5, 3.0, 1.0, 0.6666666666666666, 0.5, 3.0, 0.6666666666666666, 0.5, 2.0, 0.5, 2.0, 0.5, 3.0, 0.6666666666666666, 0.5, null], "imacontour": [null, "-", "-", "+", "-", "+", "+", "=", "-", "+", "=", "-", "+", "-", "+", "-", "+", "-", "-", "+"], "pitch": ["G4", "G4", "G4", "G4", "G4", "G4", "D4", "D4", "D4", "B4", "A4", "A4", "G4", "G4", "D4", "D4", "B4", "A4", "A4", "G4"], "contour3": [null, "=", "=", "=", "=", "=", "-", "=", "=", "+", "-", "=", "-", "=", "-", "=", "+", "-", "=", "-"], "contour5": [null, "=", "=", "=", "=", "=", "--", "=", "=", "++", "-", "=", "-", "=", "--", "=", "++", "-", "=", "-"], "beatstrength": [1.0, 0.25, 0.25, 0.5, 0.25, 1.0, 0.5, 1.0, 0.25, 0.5, 1.0, 0.25, 0.5, 0.25, 1.0, 0.25, 0.5, 1.0, 0.25, 0.5], "beat_str": ["1", "1", "1", "2", "2", "1", "2", "1", "1", "2", "1", "1", "2", "2", "1", "1", "2", "1", "1", "2"], "beat_fraction_str": ["0", "1/3", "2/3", "0", "2/3", "0", "0", "0", "2/3", "0", "0", "2/3", "0", "2/3", "0", "2/3", "0", "0", "2/3", "0"], "beat": [1.0, 1.3333333333333333, 1.6666666666666667, 2.0, 2.6666666666666665, 1.0, 2.0, 1.0, 1.6666666666666667, 2.0, 1.0, 1.6666666666666667, 2.0, 2.6666666666666665, 1.0, 1.6666666666666667, 2.0, 1.0, 1.6666666666666667, 2.0], "timesignature": ["6/8", "6/8", "6/8", "6/8", "6/8", "6/8", "6/8", "6/8", "6/8", "6/8", "6/8", "6/8", "6/8", "6/8", "6/8", "6/8", "6/8", "6/8", "6/8", "6/8"], "gpr2a_Frankland": [null, null, null, null, null, null, null, null, null, null, null, null, null, null, null, null, null, null, null, null], "gpr2b_Frankland": [null, null, null, 0.5, null, null, null, null, null, 0.5, null, null, 0.5, null, 0.5, null, 0.5, null, null, null], "gpr3a_Frankland": [null, null, null, null, null, 1.0, null, null, 0.8888888888888888, null, null, 1.0, null, 1.0, null, 0.8888888888888888, null, null, null, null], "gpr3d_Frankland": [null, null, null, null, null, null, null, null, null, null, null, null, null, null, null, null, null, null, null, null], "gpr_Frankland_sum": [0, 0, 0, 0.5, 0, 1.0, 0, 0, 0.8888888888888888, 0.5, 0, 1.0, 0.5, 1.0, 0.5, 0.8888888888888888, 0.5, 0, 0, 0], "lbdm_spitch": [null, 0.0, 0.0, 0.0, 0.0, 0.5850106365570283, 0.0, 0.0, 1.0, 0.17010309278350513, 0.0, 0.16380297823596793, 0.0, 0.5850106365570283, 0.0, 1.0, 0.17010309278350513, 0.0, null, null], "lbdm_sioi": [null, 0.0, 0.15873015873015875, 0.634920634920635, 0.39682539682539686, 0.7142857142857144, 0.2857142857142858, 0.507936507936508, 0.39682539682539686, 1.0, 0.507936507936508, 0.3174603174603175, 0.634920634920635, 0.3174603174603175, 0.634920634920635, 0.39682539682539686, 1.0, 0.507936507936508, null, null], "lbdm_srest": [null, 0.0, 0.0, 0.0, 0.0, 0.0, 0.0, 0.0, 0.0, 0.0, 0.0, 0.0, 0.0, 0.0, 0.0, 0.0, 0.0, 0.0, null, null], "lbdm_rpitch": [null, 0.0, 0.0, 0.0, 0.0, 0.7142857142857143, 0.7142857142857143, 0.0, 0.8181818181818182, 0.5384615384615384, 0.5, 0.5, 0.5, 0.7142857142857143, 0.7142857142857143, 0.8181818181818182, 0.5384615384615384, 0.5, 0.5, null],