{"id": "NLB070921_01", "tunefamily": "", "year": 1960, "tunefamily_full": "", "type": "vocal", "freemeter": false, "origin": "", "features": {"scaledegree": [1, 1, 1, 1, 1, 3, 5, 5, 5, 5, 5, 5, 1, 1, 1, 1, 1, 1, 3], "scaledegreespecifier": ["P", "P", "P", "P", "P", "M", "P", "P", "P", "P", "P", "P", "P", "P", "P", "P", "P", "P", "M"], "tonic": ["G", "G", "G", "G", "G", "G", "G", "G", "G", "G", "G", "G", "G", "G", "G", "G", "G", "G", "G"], "mode": ["major", "major", "major", "major", "major", "major", "major", "major", "major", "major", "major", "major", "major", "major", "major", "major", "major", "major", "major"], "metriccontour": [null, "-", "+", "-", "+", "-", "+", "+", "-", "-", "+", "-", "+", "=", "-", "-", "+", "-", "+"], "imaweight": [1.0, 0.0754717, 0.726415, 0.45283, 0.801887, 0.349057, 0.764151, 0.849057, 0.415094, 0.226415, 0.716981, 0.462264, 1.0, 0.575472, 0.301887, 0.113208, 0.386792, 0.301887, 0.462264], "imaweight_spectral": [1.0, 0.0987654, 0.746914, 0.54321, 0.796296, 0.5, 0.771605, 0.802469, 0.518519, 0.17284, 0.716049, 0.549383, 0.925926, 0.845679, 0.5, 0.0987654, 0.820988, 0.444444, 0.876543], "pitch40_hewlett": [146, 146, 146, 146, 146, 158, 169, 129, 129, 129, 129, 129, 146, 146, 146, 146, 146, 146, 158], "pitch40_sapp": [185, 185, 185, 185, 185, 197, 208, 168, 168, 168, 168, 168, 185, 185, 185, 185, 185, 185, 197], "octave": [4, 4, 4, 4, 4, 4, 5, 4, 4, 4, 4, 4, 4, 4, 4, 4, 4, 4, 4], "midipitch": [67, 67, 67, 67, 67, 71, 74, 62, 62, 62, 62, 62, 67, 67, 67, 67, 67, 67, 71], "diatonicpitch": [28, 28, 28, 28, 28, 30, 32, 25, 25, 25, 25, 25, 28, 28, 28, 28, 28, 28, 30], "diatonicinterval": [null, 0, 0, 0, 0, 2, 2, -7, 0, 0, 0, 0, 3, 0, 0, 0, 0, 0, 2], "chromaticinterval": [null, 0, 0, 0, 0, 4, 3, -12, 0, 0, 0, 0, 5, 0, 0, 0, 0, 0, 4], "pitchproximity": [null, null, 0, 0, 0, 4, 3, null, 0, 0, 0, 0, 5, 0, 0, 0, 0, 0, 4], "pitchreversal": [null, null, 0, 0, 0, 0, 0, 0, null, 0, 0, 0, 0, 0, 0, 0, 0, 0, 0], "nextisrest": [false, false, false, false, false, false, false, false, false, false, false, false, false, false, false, false, false, false, null], "restduration_frac": [null, null, null, null, null, null, null, null, null, null, null, null, null, null, null, null, null, null, null], "duration": [1.5, 0.5, 1.0, 1.0, 1.0, 1.0, 2.0, 1.0, 0.5, 0.5, 1.0, 1.0, 4.0, 1.0, 0.5, 0.5, 1.0, 1.0, 4.0], "duration_frac": ["3/2", "1/2", "1", "1", "1", "1", "2", "1", "1/2", "1/2", "1", "1", "4", "1", "1/2", "1/2", "1", "1", "4"], "duration_fullname": ["Dotted Quarter", "Eighth", "Quarter", "Quarter", "Quarter", "Quarter", "Half", "Quarter", "Eighth", "Eighth", "Quarter", "Quarter", "Whole", "Quarter", "Eighth", "Eighth", "Quarter", "Quarter", "Whole"], "durationcontour": [null, "-", "+", "=", "=", "=", "+", "-", "-", "=", "+", "=", "+", "-", "-", "=", "+", "=", "+"], "onsettick": [0, 3, 4, 6, 8, 10, 12, 16, 18, 19, 20, 22, 24, 32, 34, 35, 36, 38, 40], "beatfraction": ["3/4", "1/4", "1/2", "1/2", "1/2", "1/2", "1", "1/2", "1/4", "1/4", "1/2", "1/2", "2", "1/2", "1/4", "1/4", "1/2", "1/2", "2"], "phrasepos": [0.0, 0.25, 0.3333333333333333, 0.5, 0.6666666666666666, 0.8333333333333334, 1.0, 0.0, 0.25, 0.375, 0.5, 0.75, 1.0, 0.0, 0.25, 0.375, 0.5, 0.75, 1.0], "phrase_ix": [0, 0, 0, 0, 0, 0, 0, 1, 1, 1, 1, 1, 1, 2, 2, 2, 2, 2, 2], "phrase_end": [false, false, false, false, false, false, true, false, false, false, false, false, true, false, false, false, false, false, true], "songpos": [0.0, 0.075, 0.1, 0.15, 0.2, 0.25, 0.3, 0.4, 0.45, 0.475, 0.5, 0.55, 0.6, 0.8, 0.85, 0.875, 0.9, 0.95, 1.0], "beatinsong": ["0", "3/4", "1", "3/2", "2", "5/2", "3", "4", "9/2", "19/4", "5", "11/2", "6", "8", "17/2", "35/4", "9", "19/2", "10"], "beatinphrase": ["0", "3/4", "1", "3/2", "2", "5/2", "3", "0", "1/2", "3/4", "1", "3/2", "2", "0", "1/2", "3/4", "1", "3/2", "2"], "beatinphrase_end": ["-2", "-5/4", "-1", "-1/2", "0", "1/2", "1", "-2", "-3/2", "-5/4", "-1", "-1/2", "0", "-2", "-3/2", "-5/4", "-1", "-1/2", "0"], "IOI_frac": ["3/2", "1/2", "1", "1", "1", "1", "2", "1", "1/2", "1/2", "1", "1", "4", "1", "1/2", "1/2", "1", "1", null], "IOI": [1.5, 0.5, 1.0, 1.0, 1.0, 1.0, 2.0, 1.0, 0.5, 0.5, 1.0, 1.0, 4.0, 1.0, 0.5, 0.5, 1.0, 1.0, null], "IOR_frac": [null, "1/3", "2", "1", "1", "1", "2", "1/2", "1/2", "1", "2", "1", "4", "1/4", "1/2", "1", "2", "1", null], "IOR": [null, 0.3333333333333333, 2.0, 1.0, 1.0, 1.0, 2.0, 0.5, 0.5, 1.0, 2.0, 1.0, 4.0, 0.25, 0.5, 1.0, 2.0, 1.0, null], "imacontour": [null, "-", "+", "-", "+", "-", "+", "+", "-", "-", "+", "-", "+", "-", "-", "-", "+", "-", "+"], "pitch": ["G4", "G4", "G4", "G4", "G4", "B4", "D5", "D4", "D4", "D4", "D4", "D4", "G4", "G4", "G4", "G4", "G4", "G4", "B4"], "contour3": [null, "=", "=", "=", "=", "+", "+", "-", "=", "=", "=", "=", "+", "=", "=", "=", "=", "=", "+"], "contour5": [null, "=", "=", "=", "=", "++", "++", "--", "=", "=", "=", "=", "++", "=", "=", "=", "=", "=", "++"], "beatstrength": [1.0, 0.125, 0.5, 0.25, 1.0, 0.25, 0.5, 1.0, 0.25, 0.125, 0.5, 0.25, 1.0, 1.0, 0.25, 0.125, 0.5, 0.25, 1.0], "beat_str": ["1", "1", "2", "2", "1", "1", "2", "1", "1", "1", "2", "2", "1", "1", "1", "1", "2", "2", "1"], "beat_fraction_str": ["0", "3/4", "0", "1/2", "0", "1/2", "0", "0", "1/2", "3/4", "0", "1/2", "0", "0", "1/2", "3/4", "0", "1/2", "0"], "beat": [1.0, 1.75, 2.0, 2.5, 1.0, 1.5, 2.0, 1.0, 1.5, 1.75, 2.0, 2.5, 1.0, 1.0, 1.5, 1.75, 2.0, 2.5, 1.0], "timesignature": ["2/2", "2/2", "2/2", "2/2", "2/2", "2/2", "2/2", "2/2", "2/2", "2/2", "2/2", "2/2", "2/2", "2/2", "2/2", "2/2", "2/2", "2/2", "2/2"], "gpr2a_Frankland": [null, null, null, null, null, null, null, null, null, null, null, null, null, null, null, null, null, null, null], "gpr2b_Frankland": [null, null, null, null, null, null, 0.5, null, null, null, null, null, 0.75, null, null, null, null, null, null], "gpr3a_Frankland": [null, null, null, null, 0.625, null, 0.875, null, null, null, null, 1.0, null, null, null, null, null, null, null], "gpr3d_Frankland": [null, null, null, 0.0, null, null, null, null, null, 0.5, null, null, null, null, null, 0.5, null, null, null], "gpr_Frankland_sum": [0, 0, 0, 0, 0.625, 0, 1.375, 0, 0, 0.5, 0, 1.0, 0.75, 0, 0, 0.5, 0, 0, 0], "lbdm_spitch": [null, 0.0, 0.0, 0.0, 0.18698092031425365, 0.11548821548821549, 1.0, 0.0, 0.0, 0.0, 0.0, 0.4292929292929294, 0.0, 0.0, 0.0, 0.0, 0.0, null, null], "lbdm_sioi": [null, 0.08680555555555555, 0.06944444444444445, 0.0, 0.0, 0.06944444444444445, 0.2777777777777778, 0.1388888888888889, 0.034722222222222224, 0.034722222222222224, 0.06944444444444445, 0.125, 1.0, 0.19444444444444445, 0.034722222222222224, 0.034722222222222224, 0.06944444444444445, null, null], "lbdm_srest": [null, 0.0, 0.0, 0.0, 0.0, 0.0, 0.0, 0.0, 0.0, 0.0, 0.0, 0.0, 0.0, 0.0, 0.0, 0.0, 0.0, null, null], "lbdm_rpitch": [null, 0.0, 0.0, 0.0, 0.6666666666666666, 0.1111111111111111, 0.5294117647058824, 0.8571428571428571, 0.0, 0.0, 0.0, 0.7142857142857143, 0.7142857142857143, 0.0, 0.0, 0.0, 0.0, 0.6666666666666666, null], "lbdm_rioi": [null, 0.5, 0.3333333333333333, 0.0, 0.0, 0.0, 0.3333333333333333, 0.3333333333333333, 0.3333333333333333, 0.0, 0.3333333333333333, 0.0, 0.6, 0.6, 0.3333333333333333, 0.0, 0.3333333333333333, 0.0, null], "lbdm_rrest": [null, 0.0, 0.0, 0.0, 0.0, 0.0, 0.0, 0.0, 0.0, 0.0, 0.0, 0.0, 0.0, 0.0, 0.0, 0.0, 0.0, 0.0, null], "lbdm_boundarystrength": [null, 0.043402777777777776, 0.034722222222222224, 0.0, 0.04674523007856341, 0.06359427609427609, 0.3888888888888889, 0.06944444444444445, 0.017361111111111112, 0.017361111111111112, 0.034722222222222224, 0.16982323232323235, 0.5, 0.09722222222222222, 0.017361111111111112, 0.017361111111111112, 0.034722222222222224, null, null]}, "ann_bgcorpus": false}
