{"id": "NLB075672_01", "tunefamily": "", "year": 1960, "tunefamily_full": "", "type": "vocal", "freemeter": false, "origin": "", "features": {"scaledegree": [1, 1, 1, 3, 5, 5, 6, 6, 6, 6, 5, 4, 4, 3, 3, 3, 2, 2, 2, 2, 1], "scaledegreespecifier": ["P", "P", "P", "M", "P", "P", "M", "M", "M", "M", "P", "P", "P", "M", "M", "M", "M", "M", "M", "M", "P"], "tonic": ["G", "G", "G", "G", "G", "G", "G", "G", "G", "G", "G", "G", "G", "G", "G", "G", "G", "G", "G", "G", "G"], "mode": ["major", "major", "major", "major", "major", "major", "major", "major", "major", "major", "major", "major", "major", "major", "major", "major", "major", "major", "major", "major", "major"], "metriccontour": [null, "-", "+", "-", "+", "-", "+", "-", "+", "-", "+", "=", "-", "+", "-", "-", "+", "-", "+", "-", "+"], "imaweight": [1.0, 0.193333, 0.52, 0.213333, 0.84, 0.54, 0.7, 0.333333, 0.54, 0.28, 0.94, 0.82, 0.58, 0.646667, 0.64, 0.38, 0.913333, 0.3, 0.593333, 0.3, 0.966667], "imaweight_spectral": [1.0, 0.340336, 0.714286, 0.369748, 0.89916, 0.777311, 0.844538, 0.428571, 0.710084, 0.411765, 0.962185, 0.953782, 0.869748, 0.844538, 0.689076, 0.37395, 0.928571, 0.323529, 0.697479, 0.390756, 0.894958], "pitch40_hewlett": [146, 146, 146, 158, 169, 169, 175, 175, 175, 175, 169, 163, 163, 158, 158, 158, 152, 152, 152, 152, 146], "pitch40_sapp": [185, 185, 185, 197, 208, 208, 214, 214, 214, 214, 208, 202, 202, 197, 197, 197, 191, 191, 191, 191, 185], "octave": [4, 4, 4, 4, 5, 5, 5, 5, 5, 5, 5, 5, 5, 4, 4, 4, 4, 4, 4, 4, 4], "midipitch": [67, 67, 67, 71, 74, 74, 76, 76, 76, 76, 74, 72, 72, 71, 71, 71, 69, 69, 69, 69, 67], "diatonicpitch": [28, 28, 28, 30, 32, 32, 33, 33, 33, 33, 32, 31, 31, 30, 30, 30, 29, 29, 29, 29, 28], "diatonicinterval": [null, 0, 0, 2, 2, 0, 1, 0, 0, 0, -1, -1, 0, -1, 0, 0, -1, 0, 0, 0, -1], "chromaticinterval": [null, 0, 0, 4, 3, 0, 2, 0, 0, 0, -2, -2, 0, -1, 0, 0, -2, 0, 0, 0, -2], "pitchproximity": [null, null, 0, 4, 3, 0, 2, 0, 0, 0, 2, 2, 0, 1, 0, 0, 2, 0, 0, 0, 2], "pitchreversal": [null, null, 0, 0, 0, 0, 0, 0, 0, 0, 0, 0, 0, 0, 0, 0, 0, 0, 0, 0, 0], "nextisrest": [false, false, false, false, false, false, false, false, false, false, false, false, false, false, false, false, false, false, false, false, null], "restduration_frac": [null, null, null, null, null, null, null, null, null, null, null, null, null, null, null, null, null, null, null, null, null], "duration": [0.5, 0.5, 0.5, 0.5, 1.0, 1.0, 0.5, 0.5, 0.5, 0.5, 2.0, 1.0, 1.0, 1.0, 0.5, 0.5, 0.5, 0.5, 0.5, 0.5, 2.0], "duration_frac": ["1/2", "1/2", "1/2", "1/2", "1", "1", "1/2", "1/2", "1/2", "1/2", "2", "1", "1", "1", "1/2", "1/2", "1/2", "1/2", "1/2", "1/2", "2"], "duration_fullname": ["Eighth", "Eighth", "Eighth", "Eighth", "Quarter", "Quarter", "Eighth", "Eighth", "Eighth", "Eighth", "Half", "Quarter", "Quarter", "Quarter", "Eighth", "Eighth", "Eighth", "Eighth", "Eighth", "Eighth", "Half"], "durationcontour": [null, "=", "=", "=", "+", "=", "-", "=", "=", "=", "+", "-", "=", "=", "-", "=", "=", "=", "=", "=", "+"], "onsettick": [0, 1, 2, 3, 4, 6, 8, 9, 10, 11, 12, 16, 18, 20, 22, 23, 24, 25, 26, 27, 28], "beatfraction": ["1/2", "1/2", "1/2", "1/2", "1", "1", "1/2", "1/2", "1/2", "1/2", "2", "1", "1", "1", "1/2", "1/2", "1/2", "1/2", "1/2", "1/2", "2"], "phrasepos": [0.0, 0.16666666666666666, 0.3333333333333333, 0.5, 0.6666666666666666, 1.0, 0.0, 0.25, 0.5, 0.75, 1.0, 0.0, 0.3333333333333333, 0.6666666666666666, 1.0, 0.0, 0.2, 0.4, 0.6, 0.8, 1.0], "phrase_ix": [0, 0, 0, 0, 0, 0, 1, 1, 1, 1, 1, 2, 2, 2, 2, 3, 3, 3, 3, 3, 3], "phrase_end": [false, false, false, false, false, true, false, false, false, false, true, false, false, false, true, false, false, false, false, false, true], "songpos": [0.0, 0.03571428571428571, 0.07142857142857142, 0.10714285714285714, 0.14285714285714285, 0.21428571428571427, 0.2857142857142857, 0.32142857142857145, 0.35714285714285715, 0.39285714285714285, 0.42857142857142855, 0.5714285714285714, 0.6428571428571429, 0.7142857142857143, 0.7857142857142857, 0.8214285714285714, 0.8571428571428571, 0.8928571428571429, 0.9285714285714286, 0.9642857142857143, 1.0], "beatinsong": ["0", "1/2", "1", "3/2", "2", "3", "4", "9/2", "5", "11/2", "6", "8", "9", "10", "11", "23/2", "12", "25/2", "13", "27/2", "14"], "beatinphrase": ["0", "1/2", "1", "3/2", "2", "3", "0", "1/2", "1", "3/2", "2", "0", "1", "2", "3", "-1/2", "0", "1/2", "1", "3/2", "2"], "beatinphrase_end": ["-2", "-3/2", "-1", "-1/2", "0", "1", "-2", "-3/2", "-1", "-1/2", "0", "-2", "-1", "0", "1", "-5/2", "-2", "-3/2", "-1", "-1/2", "0"], "IOI_frac": ["1/2", "1/2", "1/2", "1/2", "1", "1", "1/2", "1/2", "1/2", "1/2", "2", "1", "1", "1", "1/2", "1/2", "1/2", "1/2", "1/2", "1/2", null], "IOI": [0.5, 0.5, 0.5, 0.5, 1.0, 1.0, 0.5, 0.5, 0.5, 0.5, 2.0, 1.0, 1.0, 1.0, 0.5, 0.5, 0.5, 0.5, 0.5, 0.5, null], "IOR_frac": [null, "1", "1", "1", "2", "1", "1/2", "1", "1", "1", "4", "1/2", "1", "1", "1/2", "1", "1", "1", "1", "1", null], "IOR": [null, 1.0, 1.0, 1.0, 2.0, 1.0, 0.5, 1.0, 1.0, 1.0, 4.0, 0.5, 1.0, 1.0, 0.5, 1.0, 1.0, 1.0, 1.0, 1.0, null], "imacontour": [null, "-", "+", "-", "+", "-", "+", "-", "+", "-", "+", "-", "-", "+", "-", "-", "+", "-", "+", "-", "+"], "pitch": ["G4", "G4", "G4", "B4", "D5", "D5", "E5", "E5", "E5", "E5", "D5", "C5", "C5", "B4", "B4", "B4", "A4", "A4", "A4", "A4", "G4"], "contour3": [null, "=", "=", "+", "+", "=", "+", "=", "=", "=", "-", "-", "=", "-", "=", "=", "-", "=", "=", "=", "-"], "contour5": [null, "=", "=", "++", "++", "=", "+", "=", "=", "=", "-", "-", "=", "-", "=", "=", "-", "=", "=", "=", "-"], "beatstrength": [1.0, 0.25, 0.5, 0.25, 1.0, 0.5, 1.0, 0.25, 0.5, 0.25, 1.0, 1.0, 0.5, 1.0, 0.5, 0.25, 1.0, 0.25, 0.5, 0.25, 1.0], "beat_str": ["1", "1", "2", "2", "1", "2", "1", "1", "2", "2", "1", "1", "2", "1", "2", "2", "1", "1", "2", "2", "1"], "beat_fraction_str": ["0", "1/2", "0", "1/2", "0", "0", "0", "1/2", "0", "1/2", "0", "0", "0", "0", "0", "1/2", "0", "1/2", "0", "1/2", "0"], "beat": [1.0, 1.5, 2.0, 2.5, 1.0, 2.0, 1.0, 1.5, 2.0, 2.5, 1.0, 1.0, 2.0, 1.0, 2.0, 2.5, 1.0, 1.5, 2.0, 2.5, 1.0], "timesignature": ["2/4", "2/4", "2/4", "2/4", "2/4", "2/4", "2/4", "2/4", "2/4", "2/4", "2/4", "2/4", "2/4", "2/4", "2/4", "2/4", "2/4", "2/4", "2/4", "2/4", "2/4"], "gpr2a_Frankland": [null, null, null, null, null, null, null, null, null, null, null, null, null, null, null, null, null, null, null, null, null], "gpr2b_Frankland": [null, null, null, null, null, null, null, null, null, null, 0.625, null, null, null, null, null, null, null, null, null, null], "gpr3a_Frankland": [null, null, 0.625, null, null, 1.0, null, null, null, null, null, null, 1.0, null, null, 1.0, null, null, null, null, null], "gpr3d_Frankland": [null, 0.0, null, 0.5, null, 0.5, null, 0.0, null, null, null, null, null, 0.5, null, 0.0, 0.0, 0.0, null, null, null], "gpr_Frankland_sum": [0, 0, 0.625, 0.5, 0, 1.5, 0, 0, 0, 0, 0.625, 0, 1.0, 0.5, 0, 1.0, 0, 0, 0, 0, 0], "lbdm_spitch": [null, 0.0, 1.0, 0.6857142857142856, 0.0, 0.6428571428571429, 0.0, 0.0, 0.0, 0.32142857142857145, 0.32142857142857145, 0.0, 0.2142857142857143, 0.0, 0.0, 0.6428571428571429, 0.0, 0.0, 0.0, null, null], "lbdm_sioi": [null, 0.0, 0.0, 0.08928571428571427, 0.17857142857142855, 0.17857142857142855, 0.08928571428571427, 0.0, 0.0, 0.1607142857142857, 1.0, 0.17857142857142855, 0.0, 0.17857142857142855, 0.08928571428571427, 0.0, 0.0, 0.0, 0.0, null, null], "lbdm_srest": [null, 0.0, 0.0, 0.0, 0.0, 0.0, 0.0, 0.0, 0.0, 0.0, 0.0, 0.0, 0.0, 0.0, 0.0, 0.0, 0.0, 0.0, 0.0, null, null], "lbdm_rpitch": [null, 0.0, 0.6666666666666666, 0.1111111111111111, 0.6, 0.5, 0.5, 0.0, 0.0, 0.5, 0.0, 0.5, 0.3333333333333333, 0.3333333333333333, 0.0, 0.5, 0.5, 0.0, 0.0, 0.5, null], "lbdm_rioi": [null, 0.0, 0.0, 0.0, 0.3333333333333333, 0.0, 0.3333333333333333, 0.0, 0.0, 0.0, 0.6, 0.3333333333333333, 0.0, 0.0, 0.3333333333333333, 0.0, 0.0, 0.0, 0.0, 0.0, null], "lbdm_rrest": [null, 0.0, 0.0, 0.0, 0.0, 0.0, 0.0, 0.0, 0.0, 0.0, 0.0, 0.0, 0.0, 0.0, 0.0, 0.0, 0.0, 0.0, 0.0, 0.0, null],