{"id": "NLB075841_03", "tunefamily": "10816_0", "year": 1960, "tunefamily_full": "Het duivelspaard", "type": "vocal", "freemeter": false, "origin": "", "features": {"scaledegree": [1, 1, 2, 3, 2, 4, 5, 6, 5, 4, 3, 5, 5, 5, 2, 2, 2, 5, 5, 4, 3], "scaledegreespecifier": ["P", "P", "M", "M", "M", "P", "P", "M", "P", "P", "M", "P", "P", "P", "M", "M", "M", "P", "P", "P", "M"], "tonic": ["G", "G", "G", "G", "G", "G", "G", "G", "G", "G", "G", "G", "G", "G", "G", "G", "G", "G", "G", "G", "G"], "mode": ["major", "major", "major", "major", "major", "major", "major", "major", "major", "major", "major", "major", "major", "major", "major", "major", "major", "major", "major", "major", "major"], "metriccontour": [null, "+", "-", "+", "-", "=", "+", "-", "=", "-", "+", "-", "+", "-", "+", "-", "=", "+", "-", "=", "+"], "imaweight": [0.113333, 0.6, 0.246667, 0.673333, 0.306667, 0.186667, 0.733333, 0.626667, 0.68, 0.36, 0.62, 0.22, 0.706667, 0.593333, 0.893333, 0.606667, 0.46, 1.0, 0.486667, 0.653333, 0.926667], "imaweight_spectral": [0.510417, 0.911458, 0.708333, 0.78125, 0.578125, 0.526042, 0.958333, 0.848958, 1.0, 0.770833, 0.822917, 0.53125, 0.9375, 0.614583, 0.78125, 0.604167, 0.463542, 0.958333, 0.463542, 0.661458, 0.807292], "pitch40_hewlett": [146, 146, 152, 158, 152, 163, 169, 175, 169, 163, 158, 169, 169, 169, 152, 152, 152, 169, 169, 163, 158], "pitch40_sapp": [185, 185, 191, 197, 191, 202, 208, 214, 208, 202, 197, 208, 208, 208, 191, 191, 191, 208, 208, 202, 197], "octave": [4, 4, 4, 4, 4, 5, 5, 5, 5, 5, 4, 5, 5, 5, 4, 4, 4, 5, 5, 5, 4], "midipitch": [67, 67, 69, 71, 69, 72, 74, 76, 74, 72, 71, 74, 74, 74, 69, 69, 69, 74, 74, 72, 71], "diatonicpitch": [28, 28, 29, 30, 29, 31, 32, 33, 32, 31, 30, 32, 32, 32, 29, 29, 29, 32, 32, 31, 30], "diatonicinterval": [null, 0, 1, 1, -1, 2, 1, 1, -1, -1, -1, 2, 0, 0, -3, 0, 0, 3, 0, -1, -1], "chromaticinterval": [null, 0, 2, 2, -2, 3, 2, 2, -2, -2, -1, 3, 0, 0, -5, 0, 0, 5, 0, -2, -1], "pitchproximity": [null, null, 2, 2, 2, 3, 2, 2, 2, 2, 1, 3, 0, 0, 5, 0, 0, 5, 0, 2, 1], "pitchreversal": [null, null, 0, 0, 1.5, 1.5, 0, 0, 1.5, 0, 0, 1.5, 0, 0, 0, 0, 0, 0, 0, 0, 0], "nextisrest": [false, false, false, false, false, false, false, false, false, false, false, false, false, false, false, false, false, false, false, false, null], "restduration_frac": [null, null, null, null, null, null, null, null, null, null, null, null, null, null, null, null, null, null, null, null, null], "duration": [0.5, 1.0, 0.5, 0.5, 0.5, 0.5, 1.5, 1.5, 1.0, 0.5, 1.0, 0.5, 1.0, 0.5, 0.5, 0.5, 0.5, 0.5, 0.5, 0.5, 2.5], "duration_frac": ["1/2", "1", "1/2", "1/2", "1/2", "1/2", "3/2", "3/2", "1", "1/2", "1", "1/2", "1", "1/2", "1/2", "1/2", "1/2", "1/2", "1/2", "1/2", "5/2"], "duration_fullname": ["Eighth", "Quarter", "Eighth", "Eighth", "Eighth", "Eighth", "Dotted Quarter", "Dotted Quarter", "Quarter", "Eighth", "Quarter", "Eighth", "Quarter", "Eighth", "Eighth", "Eighth", "Eighth", "Eighth", "Eighth", "Eighth", "Half tied to Eighth (2 1/2 total QL)"], "durationcontour": [null, "+", "-", "=", "=", "=", "+", "=", "-", "-", "+", "-", "+", "-", "=", "=", "=", "=", "=", "=", "+"], "onsettick": [0, 1, 3, 4, 5, 6, 7, 10, 13, 15, 16, 18, 19, 21, 22, 23, 24, 25, 26, 27, 28], "beatfraction": ["1/3", "2/3", "1/3", "1/3", "1/3", "1/3", "1", "1", "2/3", "1/3", "2/3", "1/3", "2/3", "1/3", "1/3", "1/3", "1/3", "1/3", "1/3", "1/3", "5/3"], "phrasepos": [0.0, 0.0625, 0.1875, 0.25, 0.3125, 0.375, 0.4375, 0.625, 0.8125, 0.9375, 1.0, 0.0, 0.1, 0.3, 0.4, 0.5, 0.6, 0.7, 0.8, 0.9, 1.0], "phrase_ix": [0, 0, 0, 0, 0, 0, 0, 0, 0, 0, 0, 1, 1, 1, 1, 1, 1, 1, 1, 1, 1], "phrase_end": [false, false, false, false, false, false, false, false, false, false, true, false, false, false, false, false, false, false, false, false, true], "songpos": [0.0, 0.03571428571428571, 0.10714285714285714, 0.14285714285714285, 0.17857142857142858, 0.21428571428571427, 0.25, 0.35714285714285715, 0.4642857142857143, 0.5357142857142857, 0.5714285714285714, 0.6428571428571429, 0.6785714285714286, 0.75, 0.7857142857142857, 0.8214285714285714, 0.8571428571428571, 0.8928571428571429, 0.9285714285714286, 0.9642857142857143, 1.0], "beatinsong": ["-1/3", "0", "2/3", "1", "4/3", "5/3", "2", "3", "4", "14/3", "5", "17/3", "6", "20/3", "7", "22/3", "23/3", "8", "25/3", "26/3", "9"], "beatinphrase": ["-1/3", "0", "2/3", "1", "4/3", "5/3", "2", "3", "4", "14/3", "5", "-1/3", "0", "2/3", "1", "4/3", "5/3", "2", "7/3", "8/3", "3"], "beatinphrase_end": ["-16/3", "-5", "-13/3", "-4", "-11/3", "-10/3", "-3", "-2", "-1", "-1/3", "0", "-10/3", "-3", "-7/3", "-2", "-5/3", "-4/3", "-1", "-2/3", "-1/3", "0"], "IOI_frac": ["1/2", "1", "1/2", "1/2", "1/2", "1/2", "3/2", "3/2", "1", "1/2", "1", "1/2", "1", "1/2", "1/2", "1/2", "1/2", "1/2", "1/2", "1/2", null], "IOI": [0.5, 1.0, 0.5, 0.5, 0.5, 0.5, 1.5, 1.5, 1.0, 0.5, 1.0, 0.5, 1.0, 0.5, 0.5, 0.5, 0.5, 0.5, 0.5, 0.5, null], "IOR_frac": [null, "2", "1/2", "1", "1", "1", "3", "1", "2/3", "1/2", "2", "1/2", "2", "1/2", "1", "1", "1", "1", "1", "1", null], "IOR": [null, 2.0, 0.5, 1.0, 1.0, 1.0, 3.0, 1.0, 0.6666666666666666, 0.5, 2.0, 0.5, 2.0, 0.5, 1.0, 1.0, 1.0, 1.0, 1.0, 1.0, null], "imacontour": [null, "+", "-", "+", "-", "-", "+", "-", "+", "-", "+", "-", "+", "-", "+", "-", "-", "+", "-", "+", "+"], "pitch": ["G4", "G4", "A4", "B4", "A4", "C5", "D5", "E5", "D5", "C5", "B4", "D5", "D5", "D5", "A4", "A4", "A4", "D5", "D5", "C5", "B4"], "contour3": [null, "=", "+", "+", "-", "+", "+", "+", "-", "-", "-", "+", "=", "=", "-", "=", "=", "+", "=", "-", "-"], "contour5": [null, "=", "+", "+", "-", "++", "+", "+", "-", "-", "-", "++", "=", "=", "--", "=", "=", "++", "=", "-", "-"], "beatstrength": [0.25, 1.0, 0.25, 0.5, 0.25, 0.25, 1.0, 0.5, 0.5, 0.25, 1.0, 0.5, 1.0, 0.25, 0.5, 0.25, 0.25, 0.5, 0.25, 0.25, 1.0], "beat_str": ["2", "1", "1", "2", "2", "2", "1", "2", "3", "3", "1", "1", "1", "1", "2", "2", "2", "3", "3", "3", "1"], "beat_fraction_str": ["2/3", "0", "2/3", "0", "1/3", "2/3", "0", "0", "0", "2/3", "0", "2/3", "0", "2/3", "0", "1/3", "2/3", "0", "1/3", "2/3", "0"], "beat": [2.6666666666666665, 1.0, 1.6666666666666667, 2.0, 2.3333333333333335, 2.6666666666666665, 1.0, 2.0, 3.0, 3.6666666666666665, 1.0, 1.6666666666666667, 1.0, 1.6666666666666667, 2.0, 2.3333333333333335, 2.6666666666666665, 3.0, 3.3333333333333335, 3.6666666666666665, 1.0], "timesignature": ["6/8", "6/8", "6/8", "6/8", "6/8", "6/8", "9/8", "9/8", "9/8", "9/8", "3/8", "3/8", "9/8", "9/8", "9/8", "9/8", "9/8", "9/8", "9/8", "9/8", "6/8"], "gpr2a_Frankland": [null, null, null, null, null, null, null, null, null, null, null, null, null, null, null, null, null, null, null, null, null], "gpr2b_Frankland": [null, 0.5, null, null, null, null, null, null, null, null, 0.5, null, 0.5, null, null, null, null, null, null, null, null], "gpr3a_Frankland": [null, null, null, null, 0.33333333333333337, null, null, null, null, null, 0.8333333333333334, null, null, 1.0, null, null, 1.0, null, 0.75, null, null], "gpr3d_Frankland": [null, null, null, 0.0, null, 0.6666666666666667, null, null, null, null, null, null, null, null, 0.0, 0.0, 0.0, 0.0, null, null, null], "gpr_Frankland_sum": [0, 0.5, 0, 0, 0.33333333333333337, 0.6666666666666667, 0, 0, 0, 0, 1.3333333333333335, 0, 0.5, 1.0, 0, 0, 1.0, 0, 0.75, 0, 0], "lbdm_spitch": [null, 0.13999999999999999, 0.0, 0.039999999999999994, 0.11999999999999998, 0.039999999999999994, 0.0, 0.0, 0.056, 0.07466666666666666, 0.39199999999999996, 0.0, 0.0, 1.0, 0.0, 0.0, 1.0, 0.0, 0.19599999999999998, null, null], "lbdm_sioi": [null, 0.8888888888888888, 0.2222222222222222, 0.0, 0.0, 0.3333333333333333, 1.0, 0.4000000000000001, 0.7111111111111111, 0.4444444444444444, 0.8888888888888888, 0.4444444444444444, 0.8888888888888888, 0.2222222222222222, 0.0, 0.0, 0.0, 0.0, 0.0, null, null], "lbdm_srest": [null, 0.0, 0.0, 0.0, 0.0, 0.0, 0.0, 0.0, 0.0, 0.0, 0.0, 0.0, 0.0, 0.0, 0.0, 0.0, 0.0, 0.0, 0.0, null, null],