{"id": "NLB074241_01", "tunefamily": "", "year": 1960, "tunefamily_full": "", "type": "vocal", "freemeter": false, "origin": "", "features": {"scaledegree": [1, 5, 1, 1, 1, 1, 2, 3, 5, 4, 4, 4, 4, 3, 5, 5, 2, 2, 2, 2, 1], "scaledegreespecifier": ["P", "P", "P", "P", "P", "P", "M", "M", "P", "P", "P", "P", "P", "M", "P", "P", "M", "M", "M", "M", "P"], "tonic": ["G", "G", "G", "G", "G", "G", "G", "G", "G", "G", "G", "G", "G", "G", "G", "G", "G", "G", "G", "G", "G"], "mode": ["major", "major", "major", "major", "major", "major", "major", "major", "major", "major", "major", "major", "major", "major", "major", "major", "major", "major", "major", "major", "major"], "metriccontour": [null, "-", "+", "=", "-", "+", "-", "+", "-", "+", "-", "+", "-", "+", "-", "-", "+", "-", "+", "-", "+"], "imaweight": [0.53719, 0.206612, 0.669421, 0.570248, 0.132231, 0.371901, 0.264463, 0.603306, 0.264463, 0.900826, 0.165289, 0.53719, 0.297521, 0.900826, 0.561983, 0.0661157, 0.801653, 0.0661157, 0.471074, 0.165289, 1.0], "imaweight_spectral": [0.944828, 0.558621, 0.972414, 0.834483, 0.137931, 0.751724, 0.275862, 0.862069, 0.331034, 0.889655, 0.137931, 0.586207, 0.303448, 0.889655, 0.634483, 0.0827586, 0.834483, 0.0551724, 0.558621, 0.248276, 1.0], "pitch40_hewlett": [146, 129, 146, 146, 146, 146, 152, 158, 129, 163, 163, 163, 163, 158, 169, 169, 152, 152, 152, 152, 146], "pitch40_sapp": [185, 168, 185, 185, 185, 185, 191, 197, 168, 202, 202, 202, 202, 197, 208, 208, 191, 191, 191, 191, 185], "octave": [4, 4, 4, 4, 4, 4, 4, 4, 4, 5, 5, 5, 5, 4, 5, 5, 4, 4, 4, 4, 4], "midipitch": [67, 62, 67, 67, 67, 67, 69, 71, 62, 72, 72, 72, 72, 71, 74, 74, 69, 69, 69, 69, 67], "diatonicpitch": [28, 25, 28, 28, 28, 28, 29, 30, 25, 31, 31, 31, 31, 30, 32, 32, 29, 29, 29, 29, 28], "diatonicinterval": [null, -3, 3, 0, 0, 0, 1, 1, -5, 6, 0, 0, 0, -1, 2, 0, -3, 0, 0, 0, -1], "chromaticinterval": [null, -5, 5, 0, 0, 0, 2, 2, -9, 10, 0, 0, 0, -1, 3, 0, -5, 0, 0, 0, -2], "pitchproximity": [null, null, 5, 0, 0, 0, 2, 2, 9, 10, 0, 0, 0, 1, 3, 0, 5, 0, 0, 0, 2], "pitchreversal": [null, null, 1.5, 0, 0, 0, 0, 0, 0, 2.5, 1, 0, 0, 0, 1.5, 0, 0, 0, 0, 0, 0], "nextisrest": [false, false, false, false, false, false, false, false, false, false, false, false, false, false, false, false, false, false, false, false, null], "restduration_frac": [null, null, null, null, null, null, null, null, null, null, null, null, null, null, null, null, null, null, null, null, null], "duration": [1.0, 1.0, 2.0, 0.75, 0.25, 0.5, 0.5, 1.5, 0.5, 0.75, 0.25, 0.5, 0.5, 1.0, 0.75, 0.25, 0.75, 0.25, 0.5, 0.5, 2.0], "duration_frac": ["1", "1", "2", "3/4", "1/4", "1/2", "1/2", "3/2", "1/2", "3/4", "1/4", "1/2", "1/2", "1", "3/4", "1/4", "3/4", "1/4", "1/2", "1/2", "2"], "duration_fullname": ["Quarter", "Quarter", "Half", "Dotted Eighth", "16th", "Eighth", "Eighth", "Dotted Quarter", "Eighth", "Dotted Eighth", "16th", "Eighth", "Eighth", "Quarter", "Dotted Eighth", "16th", "Dotted Eighth", "16th", "Eighth", "Eighth", "Half"], "durationcontour": [null, "=", "+", "-", "-", "+", "=", "+", "-", "+", "-", "+", "=", "+", "-", "-", "+", "-", "+", "=", "+"], "onsettick": [0, 4, 8, 16, 19, 20, 22, 24, 30, 32, 35, 36, 38, 40, 44, 47, 48, 51, 52, 54, 56], "beatfraction": ["1", "1", "2", "3/4", "1/4", "1/2", "1/2", "3/2", "1/2", "3/4", "1/4", "1/2", "1/2", "1", "3/4", "1/4", "3/4", "1/4", "1/2", "1/2", "2"], "phrasepos": [0.0, 0.5, 1.0, 0.0, 0.375, 0.5, 0.75, 1.0, 0.0, 0.14285714285714285, 0.35714285714285715, 0.42857142857142855, 0.5714285714285714, 0.7142857142857143, 1.0, 0.0, 0.1111111111111111, 0.4444444444444444, 0.5555555555555556, 0.7777777777777778, 1.0], "phrase_ix": [0, 0, 0, 1, 1, 1, 1, 1, 2, 2, 2, 2, 2, 2, 2, 3, 3, 3, 3, 3, 3], "phrase_end": [false, false, true, false, false, false, false, true, false, false, false, false, false, false, true, false, false, false, false, false, true], "songpos": [0.0, 0.07142857142857142, 0.14285714285714285, 0.2857142857142857, 0.3392857142857143, 0.35714285714285715, 0.39285714285714285, 0.42857142857142855, 0.5357142857142857, 0.5714285714285714, 0.625, 0.6428571428571429, 0.6785714285714286, 0.7142857142857143, 0.7857142857142857, 0.8392857142857143, 0.8571428571428571, 0.9107142857142857, 0.9285714285714286, 0.9642857142857143, 1.0], "beatinsong": ["0", "1", "2", "4", "19/4", "5", "11/2", "6", "15/2", "8", "35/4", "9", "19/2", "10", "11", "47/4", "12", "51/4", "13", "27/2", "14"], "beatinphrase": ["0", "1", "2", "0", "3/4", "1", "3/2", "2", "-1/2", "0", "3/4", "1", "3/2", "2", "3", "-1/4", "0", "3/4", "1", "3/2", "2"], "beatinphrase_end": ["-2", "-1", "0", "-2", "-5/4", "-1", "-1/2", "0", "-5/2", "-2", "-5/4", "-1", "-1/2", "0", "1", "-9/4", "-2", "-5/4", "-1", "-1/2", "0"], "IOI_frac": ["1", "1", "2", "3/4", "1/4", "1/2", "1/2", "3/2", "1/2", "3/4", "1/4", "1/2", "1/2", "1", "3/4", "1/4", "3/4", "1/4", "1/2", "1/2", null], "IOI": [1.0, 1.0, 2.0, 0.75, 0.25, 0.5, 0.5, 1.5, 0.5, 0.75, 0.25, 0.5, 0.5, 1.0, 0.75, 0.25, 0.75, 0.25, 0.5, 0.5, null], "IOR_frac": [null, "1", "2", "3/8", "1/3", "2", "1", "3", "1/3", "3/2", "1/3", "2", "1", "2", "3/4", "1/3", "3", "1/3", "2", "1", null], "IOR": [null, 1.0, 2.0, 0.375, 0.3333333333333333, 2.0, 1.0, 3.0, 0.3333333333333333, 1.5, 0.3333333333333333, 2.0, 1.0, 2.0, 0.75, 0.3333333333333333, 3.0, 0.3333333333333333, 2.0, 1.0, null], "imacontour": [null, "-", "+", "-", "-", "+", "-", "+", "-", "+", "-", "+", "-", "+", "-", "-", "+", "-", "+", "-", "+"], "pitch": ["G4", "D4", "G4", "G4", "G4", "G4", "A4", "B4", "D4", "C5", "C5", "C5", "C5", "B4", "D5", "D5", "A4", "A4", "A4", "A4", "G4"], "contour3": [null, "-", "+", "=", "=", "=", "+", "+", "-", "+", "=", "=", "=", "-", "+", "=", "-", "=", "=", "=", "-"], "contour5": [null, "--", "++", "=", "=", "=", "+", "+", "--", "++", "=", "=", "=", "-", "++", "=", "--", "=", "=", "=", "-"], "beatstrength": [1.0, 0.5, 1.0, 1.0, 0.125, 0.5, 0.25, 1.0, 0.25, 1.0, 0.125, 0.5, 0.25, 1.0, 0.5, 0.125, 1.0, 0.125, 0.5, 0.25, 1.0], "beat_str": ["1", "2", "1", "1", "1", "2", "2", "1", "2", "1", "1", "2", "2", "1", "2", "2", "1", "1", "2", "2", "1"], "beat_fraction_str": ["0", "0", "0", "0", "3/4", "0", "1/2", "0", "1/2", "0", "3/4", "0", "1/2", "0", "0", "3/4", "0", "3/4", "0", "1/2", "0"], "beat": [1.0, 2.0, 1.0, 1.0, 1.75, 2.0, 2.5, 1.0, 2.5, 1.0, 1.75, 2.0, 2.5, 1.0, 2.0, 2.75, 1.0, 1.75, 2.0, 2.5, 1.0], "timesignature": ["2/4", "2/4", "2/4", "2/4", "2/4", "2/4", "2/4", "2/4", "2/4", "2/4", "2/4", "2/4", "2/4", "2/4", "2/4", "2/4", "2/4", "2/4", "2/4", "2/4", "2/4"], "gpr2a_Frankland": [null, null, null, null, null, null, null, null, null, null, null, null, null, null, null, null, null, null, null, null, null], "gpr2b_Frankland": [null, null, 0.5625, null, null, null, null, 0.6666666666666667, null, 0.5, null, null, null, 0.375, null, null, 0.6666666666666667, null, null, null, null], "gpr3a_Frankland": [null, null, null, null, null, null, null, null, 0.55, null, null, null, null, 0.8333333333333334, null, 1.0, null, null, null, null, null], "gpr3d_Frankland": [null, null, null, null, null, null, null, null, null, null, null, null, null, null, null, null, null, null, null, null, null], "gpr_Frankland_sum": [0, 0, 0.5625, 0, 0, 0, 0, 0.6666666666666667, 0.55, 0.5, 0, 0, 0, 1.2083333333333335, 0, 1.0, 0.6666666666666667, 0, 0, 0, 0], "lbdm_spitch": [null, 0.4054054054054054, 0.0, 0.0, 0.0, 0.1135135135135135, 0.12224532224532222, 0.5987525987525986, 1.0, 0.0, 0.0, 0.0, 0.07567567567567567, 0.3178378378378378, 0.0, 0.8108108108108107, 0.0, 0.0, 0.0, null, null], "lbdm_sioi": [null, 0.21153846153846154, 1.0, 0.45432692307692313, 0.13221153846153846, 0.10576923076923077, 0.15865384615384617, 0.951923076923077, 0.2221153846153846, 0.3331730769230769, 0.13221153846153846, 0.10576923076923077, 0.10576923076923077, 0.3021978021978022, 0.3059752747252747, 0.15865384615384617, 0.4759615384615385, 0.13221153846153846, 0.10576923076923077, null, null],