{"id": "NLB070850_01", "tunefamily": "", "year": 1960, "tunefamily_full": "", "type": "vocal", "freemeter": false, "origin": "", "features": {"scaledegree": [3, 2, 2, 1, 4, 3, 2, 1, 2, 2, 5, 5, 3, 1, 2, 2, 5, 5, 3, 1], "scaledegreespecifier": ["M", "M", "M", "P", "P", "M", "M", "P", "M", "M", "P", "P", "M", "P", "M", "M", "P", "P", "M", "P"], "tonic": ["G", "G", "G", "G", "G", "G", "G", "G", "G", "G", "G", "G", "G", "G", "G", "G", "G", "G", "G", "G"], "mode": ["major", "major", "major", "major", "major", "major", "major", "major", "major", "major", "major", "major", "major", "major", "major", "major", "major", "major", "major", "major"], "metriccontour": [null, "-", "-", "+", "-", "+", "-", "+", "+", "-", "+", "-", "+", "-", "+", "-", "+", "-", "+", "-"], "imaweight": [0.940299, 0.303483, 0.039801, 1.0, 0.318408, 0.845771, 0.41791, 0.905473, 0.860697, 0.283582, 0.741294, 0.363184, 0.800995, 0.825871, 0.766169, 0.318408, 0.721393, 0.20398, 0.860697, 0.661692], "imaweight_spectral": [0.945378, 0.407563, 0.0336134, 0.995798, 0.420168, 0.882353, 0.504202, 0.932773, 0.962185, 0.491597, 0.878151, 0.542017, 0.928571, 1.0, 0.882353, 0.521008, 0.928571, 0.407563, 0.978992, 0.861345], "pitch40_hewlett": [158, 152, 152, 146, 163, 158, 152, 146, 152, 152, 169, 169, 158, 146, 152, 152, 169, 169, 158, 146], "pitch40_sapp": [197, 191, 191, 185, 202, 197, 191, 185, 191, 191, 208, 208, 197, 185, 191, 191, 208, 208, 197, 185], "octave": [4, 4, 4, 4, 5, 4, 4, 4, 4, 4, 5, 5, 4, 4, 4, 4, 5, 5, 4, 4], "midipitch": [71, 69, 69, 67, 72, 71, 69, 67, 69, 69, 74, 74, 71, 67, 69, 69, 74, 74, 71, 67], "diatonicpitch": [30, 29, 29, 28, 31, 30, 29, 28, 29, 29, 32, 32, 30, 28, 29, 29, 32, 32, 30, 28], "diatonicinterval": [null, -1, 0, -1, 3, -1, -1, -1, 1, 0, 3, 0, -2, -2, 1, 0, 3, 0, -2, -2], "chromaticinterval": [null, -2, 0, -2, 5, -1, -2, -2, 2, 0, 5, 0, -3, -4, 2, 0, 5, 0, -3, -4], "pitchproximity": [null, null, 0, 2, 5, 1, 2, 2, 2, 0, 5, 0, 3, 4, 2, 0, 5, 0, 3, 4], "pitchreversal": [null, null, 0, 0, 0, 0, 0, 0, 1.5, 0, 0, 0, 0, 0, 1.5, 0, 0, 0, 0, 0], "nextisrest": [false, false, false, false, false, false, false, true, false, false, false, false, false, true, false, false, false, false, false, true], "restduration_frac": [null, null, null, null, null, null, null, "1", null, null, null, null, null, "1", null, null, null, null, null, "1"], "duration": [1.0, 0.5, 0.5, 1.0, 1.0, 1.0, 1.0, 1.0, 1.0, 1.0, 1.0, 1.0, 2.0, 1.0, 1.0, 1.0, 1.0, 1.0, 2.0, 1.0], "duration_frac": ["1", "1/2", "1/2", "1", "1", "1", "1", "1", "1", "1", "1", "1", "2", "1", "1", "1", "1", "1", "2", "1"], "duration_fullname": ["Quarter", "Eighth", "Eighth", "Quarter", "Quarter", "Quarter", "Quarter", "Quarter", "Quarter", "Quarter", "Quarter", "Quarter", "Half", "Quarter", "Quarter", "Quarter", "Quarter", "Quarter", "Half", "Quarter"], "durationcontour": [null, "-", "=", "+", "=", "=", "=", "=", "=", "=", "=", "=", "+", "-", "=", "=", "=", "=", "+", "-"], "onsettick": [0, 2, 3, 4, 6, 8, 10, 12, 16, 18, 20, 22, 24, 28, 32, 34, 36, 38, 40, 44], "beatfraction": ["1", "1/2", "1/2", "1", "1", "1", "1", "1", "1", "1", "1", "1", "2", "1", "1", "1", "1", "1", "2", "1"], "phrasepos": [0.0, 0.16666666666666666, 0.25, 0.3333333333333333, 0.5, 0.6666666666666666, 0.8333333333333334, 1.0, 0.0, 0.16666666666666666, 0.3333333333333333, 0.5, 0.6666666666666666, 1.0, 0.0, 0.16666666666666666, 0.3333333333333333, 0.5, 0.6666666666666666, 1.0], "phrase_ix": [0, 0, 0, 0, 0, 0, 0, 0, 1, 1, 1, 1, 1, 1, 2, 2, 2, 2, 2, 2], "phrase_end": [false, false, false, false, false, false, false, true, false, false, false, false, false, true, false, false, false, false, false, true], "songpos": [0.0, 0.045454545454545456, 0.06818181818181818, 0.09090909090909091, 0.13636363636363635, 0.18181818181818182, 0.22727272727272727, 0.2727272727272727, 0.36363636363636365, 0.4090909090909091, 0.45454545454545453, 0.5, 0.5454545454545454, 0.6363636363636364, 0.7272727272727273, 0.7727272727272727, 0.8181818181818182, 0.8636363636363636, 0.9090909090909091, 1.0], "beatinsong": ["0", "1", "3/2", "2", "3", "4", "5", "6", "8", "9", "10", "11", "12", "14", "16", "17", "18", "19", "20", "22"], "beatinphrase": ["0", "1", "3/2", "2", "3", "4", "5", "6", "0", "1", "2", "3", "4", "6", "0", "1", "2", "3", "4", "6"], "beatinphrase_end": ["-4", "-3", "-5/2", "-2", "-1", "0", "1", "2", "-4", "-3", "-2", "-1", "0", "2", "-4", "-3", "-2", "-1", "0", "2"], "IOI_frac": ["1", "1/2", "1/2", "1", "1", "1", "1", "2", "1", "1", "1", "1", "2", "2", "1", "1", "1", "1", "2", "2"], "IOI": [1.0, 0.5, 0.5, 1.0, 1.0, 1.0, 1.0, 2.0, 1.0, 1.0, 1.0, 1.0, 2.0, 2.0, 1.0, 1.0, 1.0, 1.0, 2.0, 2.0], "IOR_frac": [null, "1/2", "1", "2", "1", "1", "1", "2", "1/2", "1", "1", "1", "2", "1", "1/2", "1", "1", "1", "2", "1"], "IOR": [null, 0.5, 1.0, 2.0, 1.0, 1.0, 1.0, 2.0, 0.5, 1.0, 1.0, 1.0, 2.0, 1.0, 0.5, 1.0, 1.0, 1.0, 2.0, 1.0], "imacontour": [null, "-", "-", "+", "-", "+", "-", "+", "-", "-", "+", "-", "+", "+", "-", "-", "+", "-", "+", "-"], "pitch": ["B4", "A4", "A4", "G4", "C5", "B4", "A4", "G4", "A4", "A4", "D5", "D5", "B4", "G4", "A4", "A4", "D5", "D5", "B4", "G4"], "contour3": [null, "-", "=", "-", "+", "-", "-", "-", "+", "=", "+", "=", "-", "-", "+", "=", "+", "=", "-", "-"], "contour5": [null, "-", "=", "-", "++", "-", "-", "-", "+", "=", "++", "=", "--", "--", "+", "=", "++", "=", "--", "--"], "beatstrength": [1.0, 0.25, 0.125, 0.5, 0.25, 1.0, 0.25, 0.5, 1.0, 0.25, 0.5, 0.25, 1.0, 0.5, 1.0, 0.25, 0.5, 0.25, 1.0, 0.5], "beat_str": ["1", "2", "2", "3", "4", "1", "2", "3", "1", "2", "3", "4", "1", "3", "1", "2", "3", "4", "1", "3"], "beat_fraction_str": ["0", "0", "1/2", "0", "0", "0", "0", "0", "0", "0", "0", "0", "0", "0", "0", "0", "0", "0", "0", "0"], "beat": [1.0, 2.0, 2.5, 3.0, 4.0, 1.0, 2.0, 3.0, 1.0, 2.0, 3.0, 4.0, 1.0, 3.0, 1.0, 2.0, 3.0, 4.0, 1.0, 3.0], "timesignature": ["4/4", "4/4", "4/4", "4/4", "4/4", "4/4", "4/4", "4/4", "4/4", "4/4", "4/4", "4/4", "4/4", "4/4", "4/4", "4/4", "4/4", "4/4", "4/4", "4/4"], "gpr2a_Frankland": [null, null, null, null, null, null, null, 0.25, null, null, null, null, null, 0.25, null, null, null, null, null, 0.25], "gpr2b_Frankland": [null, null, null, null, null, null, null, null, null, null, null, null, null, null, null, null, null, null, null, null], "gpr3a_Frankland": [null, null, null, 0.7, null, null, null, null, null, 1.0, null, null, 0.375, null, null, 1.0, null, null, null, null], "gpr3d_Frankland": [null, null, 0.5, null, 0.0, null, null, null, null, 0.0, null, 0.5, null, 0.5, null, 0.0, null, 0.5, null, null], "gpr_Frankland_sum": [0, 0, 0.5, 0.7, 0, 0, 0, 0.25, 0, 1.0, 0, 0.5, 0.375, 0.75, 0, 1.0, 0, 0.5, 0, 0.25], "lbdm_spitch": [null, 0.0, 0.2333333333333333, 0.5833333333333333, 0.09799999999999999, 0.056, 0.0, 0.13999999999999999, 0.0, 1.0, 0.0, 0.2986666666666666, 0.20222222222222222, 0.21, 0.0, 1.0, 0.0, 0.2986666666666666, null, null], "lbdm_sioi": [null, 0.125, 0.125, 0.25, 0.0, 0.0, 0.25, 1.0, 0.25, 0.0, 0.0, 0.25, 0.5, 0.5, 0.25, 0.0, 0.0, 0.25, null, null], "lbdm_srest": [null, 0.0, 0.0, 0.0, 0.0, 0.0, 0.0, 1.0, 0.0, 0.0, 0.0, 0.0, 0.0, 1.0, 0.0, 0.0, 0.0, 0.0, null, null], "lbdm_rpitch": [null, 0.5, 0.5, 0.3333333333333333, 0.5, 0.2, 0.0, 0.0, 0.5, 0.7142857142857143, 0.7142857142857143, 0.6, 0.1111111111111111, 0.25, 0.5, 0.7142857142857143, 0.7142857142857143, 0.6, 0.1111111111111111, null], "lbdm_rioi": [null, 0.3333333333333333, 0.0, 0.3333333333333333, 0.0, 0.0, 0.0, 0.3333333333333333, 0.3333333333333333, 0.0, 0.0, 0.0, 0.3333333333333333, 0.0, 0.3333333333333333, 0.0, 0.0, 0.0, 0.3333333333333333, null], "lbdm_rrest": [null, 0.0, 0.0, 0.0, 0.0, 0.0, 0.0, 1.0, 1.0, 0.0, 0.0, 0.0, 0.0, 1.0, 1.0, 0.0, 0.0, 0.0, 0.0, null], "lbdm_boundarystrength": [null, 0.0625, 0.12083333333333332, 0.2708333333333333, 0.024499999999999997, 0.014, 0.125, 0.785, 0.125, 0.25, 0.0, 0.19966666666666666, 0.3005555555555556, 0.5525, 0.125, 0.25, 0.0, 0.19966666666666666, null, null]}, "ann_bgcorpus": false}
