{"id": "NLB075841_01", "tunefamily": "10816_0", "year": 1960, "tunefamily_full": "Het duivelspaard", "type": "vocal", "freemeter": false, "origin": "", "features": {"scaledegree": [3, 3, 4, 5, 6, 5, 4, 3, 3, 5, 5, 5, 2, 2, 2, 5, 5, 5, 3], "scaledegreespecifier": ["M", "M", "P", "P", "M", "P", "P", "M", "M", "P", "P", "P", "M", "M", "M", "P", "P", "P", "M"], "tonic": ["G", "G", "G", "G", "G", "G", "G", "G", "G", "G", "G", "G", "G", "G", "G", "G", "G", "G", "G"], "mode": ["major", "major", "major", "major", "major", "major", "major", "major", "major", "major", "major", "major", "major", "major", "major", "major", "major", "major", "major"], "metriccontour": [null, "+", "-", "+", "-", "=", "-", "+", "-", "+", "-", "=", "+", "-", "=", "+", "-", "=", "+"], "imaweight": [0.0382775, 0.325359, 0.0813397, 0.325359, 0.368421, 0.411483, 0.239234, 0.516746, 0.789474, 0.827751, 0.736842, 0.574163, 0.956938, 0.602871, 0.746411, 0.827751, 0.727273, 0.660287, 1.0], "imaweight_spectral": [0.666667, 0.957746, 0.812207, 0.830986, 1.0, 0.873239, 0.704225, 0.976526, 0.774648, 0.812207, 0.723005, 0.56338, 0.938967, 0.591549, 0.732394, 0.812207, 0.713615, 0.647887, 0.981221], "pitch40_hewlett": [158, 158, 163, 169, 175, 169, 163, 158, 158, 169, 169, 169, 152, 152, 152, 169, 169, 169, 158], "pitch40_sapp": [197, 197, 202, 208, 214, 208, 202, 197, 197, 208, 208, 208, 191, 191, 191, 208, 208, 208, 197], "octave": [4, 4, 5, 5, 5, 5, 5, 4, 4, 5, 5, 5, 4, 4, 4, 5, 5, 5, 4], "midipitch": [71, 71, 72, 74, 76, 74, 72, 71, 71, 74, 74, 74, 69, 69, 69, 74, 74, 74, 71], "diatonicpitch": [30, 30, 31, 32, 33, 32, 31, 30, 30, 32, 32, 32, 29, 29, 29, 32, 32, 32, 30], "diatonicinterval": [null, 0, 1, 1, 1, -1, -1, -1, 0, 2, 0, 0, -3, 0, 0, 3, 0, 0, -2], "chromaticinterval": [null, 0, 1, 2, 2, -2, -2, -1, 0, 3, 0, 0, -5, 0, 0, 5, 0, 0, -3], "pitchproximity": [null, null, 1, 2, 2, 2, 2, 1, 0, 3, 0, 0, 5, 0, 0, 5, 0, 0, 3], "pitchreversal": [null, null, 0, 0, 0, 1.5, 0, 0, 0, 0, 0, 0, 0, 0, 0, 0, 0, 0, 0], "nextisrest": [false, false, false, false, false, false, false, false, false, false, false, false, false, false, false, false, false, false, null], "restduration_frac": [null, null, null, null, null, null, null, null, null, null, null, null, null, null, null, null, null, null, null], "duration": [0.5, 1.0, 0.5, 1.5, 1.5, 1.0, 0.5, 1.0, 0.5, 0.5, 0.5, 0.5, 0.5, 0.5, 0.5, 0.5, 0.5, 0.5, 2.5], "duration_frac": ["1/2", "1", "1/2", "3/2", "3/2", "1", "1/2", "1", "1/2", "1/2", "1/2", "1/2", "1/2", "1/2", "1/2", "1/2", "1/2", "1/2", "5/2"], "duration_fullname": ["Eighth", "Quarter", "Eighth", "Dotted Quarter", "Dotted Quarter", "Quarter", "Eighth", "Quarter", "Eighth", "Eighth", "Eighth", "Eighth", "Eighth", "Eighth", "Eighth", "Eighth", "Eighth", "Eighth", "Half tied to Eighth (2 1/2 total QL)"], "durationcontour": [null, "+", "-", "+", "=", "-", "-", "+", "-", "=", "=", "=", "=", "=", "=", "=", "=", "=", "+"], "onsettick": [0, 1, 3, 4, 7, 10, 12, 13, 15, 16, 17, 18, 19, 20, 21, 22, 23, 24, 25], "beatfraction": ["1/3", "2/3", "1/3", "1", "1", "2/3", "1/3", "2/3", "1/3", "1/3", "1/3", "1/3", "1/3", "1/3", "1/3", "1/3", "1/3", "1/3", "5/3"], "phrasepos": [0.0, 0.07692307692307693, 0.23076923076923078, 0.3076923076923077, 0.5384615384615384, 0.7692307692307693, 0.9230769230769231, 1.0, 0.0, 0.1, 0.2, 0.3, 0.4, 0.5, 0.6, 0.7, 0.8, 0.9, 1.0], "phrase_ix": [0, 0, 0, 0, 0, 0, 0, 0, 1, 1, 1, 1, 1, 1, 1, 1, 1, 1, 1], "phrase_end": [false, false, false, false, false, false, false, true, false, false, false, false, false, false, false, false, false, false, true], "songpos": [0.0, 0.04, 0.12, 0.16, 0.28, 0.4, 0.48, 0.52, 0.6, 0.64, 0.68, 0.72, 0.76, 0.8, 0.84, 0.88, 0.92, 0.96, 1.0], "beatinsong": ["-4/3", "-1", "-1/3", "0", "1", "2", "8/3", "3", "11/3", "4", "13/3", "14/3", "5", "16/3", "17/3", "6", "19/3", "20/3", "7"], "beatinphrase": ["-4/3", "-1", "-1/3", "0", "1", "2", "8/3", "3", "-1/3", "0", "1/3", "2/3", "1", "4/3", "5/3", "2", "7/3", "8/3", "3"], "beatinphrase_end": ["-13/3", "-4", "-10/3", "-3", "-2", "-1", "-1/3", "0", "-10/3", "-3", "-8/3", "-7/3", "-2", "-5/3", "-4/3", "-1", "-2/3", "-1/3", "0"], "IOI_frac": ["1/2", "1", "1/2", "3/2", "3/2", "1", "1/2", "1", "1/2", "1/2", "1/2", "1/2", "1/2", "1/2", "1/2", "1/2", "1/2", "1/2", null], "IOI": [0.5, 1.0, 0.5, 1.5, 1.5, 1.0, 0.5, 1.0, 0.5, 0.5, 0.5, 0.5, 0.5, 0.5, 0.5, 0.5, 0.5, 0.5, null], "IOR_frac": [null, "2", "1/2", "3", "1", "2/3", "1/2", "2", "1/2", "1", "1", "1", "1", "1", "1", "1", "1", "1", null], "IOR": [null, 2.0, 0.5, 3.0, 1.0, 0.6666666666666666, 0.5, 2.0, 0.5, 1.0, 1.0, 1.0, 1.0, 1.0, 1.0, 1.0, 1.0, 1.0, null], "imacontour": [null, "+", "-", "+", "+", "+", "-", "+", "+", "+", "-", "-", "+", "-", "+", "+", "-", "-", "+"], "pitch": ["B4", "B4", "C5", "D5", "E5", "D5", "C5", "B4", "B4", "D5", "D5", "D5", "A4", "A4", "A4", "D5", "D5", "D5", "B4"], "contour3": [null, "=", "+", "+", "+", "-", "-", "-", "=", "+", "=", "=", "-", "=", "=", "+", "=", "=", "-"], "contour5": [null, "=", "+", "+", "+", "-", "-", "-", "=", "++", "=", "=", "--", "=", "=", "++", "=", "=", "--"], "beatstrength": [0.25, 0.5, 0.25, 1.0, 0.5, 0.5, 0.25, 1.0, 0.5, 1.0, 0.25, 0.25, 0.5, 0.25, 0.25, 0.5, 0.25, 0.25, 1.0], "beat_str": ["2", "3", "3", "1", "2", "3", "3", "1", "1", "1", "1", "1", "2", "2", "2", "3", "3", "3", "1"], "beat_fraction_str": ["2/3", "0", "2/3", "0", "0", "0", "2/3", "0", "2/3", "0", "1/3", "2/3", "0", "1/3", "2/3", "0", "1/3", "2/3", "0"], "beat": [2.6666666666666665, 3.0, 3.6666666666666665, 1.0, 2.0, 3.0, 3.6666666666666665, 1.0, 1.6666666666666667, 1.0, 1.3333333333333333, 1.6666666666666667, 2.0, 2.3333333333333335, 2.6666666666666665, 3.0, 3.3333333333333335, 3.6666666666666665, 1.0], "timesignature": ["9/8", "9/8", "9/8", "9/8", "9/8", "9/8", "9/8", "3/8", "3/8", "9/8", "9/8", "9/8", "9/8", "9/8", "9/8", "9/8", "9/8", "9/8", "9/8"], "gpr2a_Frankland": [null, null, null, null, null, null, null, null, null, null, null, null, null, null, null, null, null, null, null], "gpr2b_Frankland": [null, 0.5, null, null, null, null, null, 0.5, null, null, null, null, null, null, null, null, null, null, null], "gpr3a_Frankland": [null, null, null, null, null, null, null, null, 1.0, null, null, 1.0, null, null, 1.0, null, null, null, null], "gpr3d_Frankland": [null, null, null, null, null, null, null, null, null, 0.0, 0.0, 0.0, 0.0, 0.0, 0.0, 0.0, null, null, null], "gpr_Frankland_sum": [0, 0.5, 0, 0, 0, 0, 0, 0.5, 1.0, 0, 0, 1.0, 0, 0, 1.0, 0, 0, 0, 0], "lbdm_spitch": [null, 0.07466666666666666, 0.056, 0.0, 0.0, 0.056, 0.07466666666666666, 0.0, 0.5039999999999999, 0.0, 0.0, 1.0, 0.0, 0.0, 1.0, 0.0, 0.0, null, null], "lbdm_sioi": [null, 0.8888888888888888, 0.5555555555555555, 1.0, 0.4000000000000001, 0.7111111111111111, 0.4444444444444444, 0.8888888888888888, 0.2222222222222222, 0.0, 0.0, 0.0, 0.0, 0.0, 0.0, 0.0, 0.0, null, null], "lbdm_srest": [null, 0.0, 0.0, 0.0, 0.0, 0.0, 0.0, 0.0, 0.0, 0.0, 0.0, 0.0, 0.0, 0.0, 0.0, 0.0, 0.0, null, null], "lbdm_rpitch": [null, 0.3333333333333333, 0.2, 0.0, 0.0, 0.0, 0.2, 0.3333333333333333, 0.6, 0.6, 0.0, 0.7142857142857143, 0.7142857142857143, 0.0, 0.7142857142857143, 0.7142857142857143, 0.0, 0.6, null], "lbdm_rioi": [null, 0.3333333333333333, 0.3333333333333333, 0.5, 0.0, 0.2, 0.3333333333333333, 0.3333333333333333, 0.3333333333333333, 0.0, 0.0, 0.0, 0.0, 0.0, 0.0, 0.0, 0.0, 0.0, null], "lbdm_rrest": [null, 0.0, 0.0, 0.0, 0.0, 0.0, 0.0, 0.0, 0.0, 0.0, 0.0, 0.0, 0.0, 0.0, 0.0, 0.0, 0.0, 0.0, null], "lbdm_boundarystrength": [null, 0.4631111111111111, 0.29177777777777775, 0.5, 0.20000000000000004, 0.3695555555555556, 0.24088888888888887, 0.4444444444444444, 0.23711111111111108, 0.0, 0.0, 0.25, 0.0, 0.0, 0.25, 0.0, 0.0, null, null]}, "ann_bgcorpus": true}
