{"id": "NLB075204_01", "tunefamily": "", "year": 1960, "tunefamily_full": "", "type": "vocal", "freemeter": false, "origin": "", "features": {"scaledegree": [5, 5, 5, 5, 3, 5, 1, 5, 3, 5, 5, 5, 2, 2, 5, 7, 5, 5, 5, 1], "scaledegreespecifier": ["P", "P", "P", "P", "M", "P", "P", "P", "M", "P", "P", "P", "M", "M", "P", "M", "P", "P", "P", "P"], "tonic": ["G", "G", "G", "G", "G", "G", "G", "G", "G", "G", "G", "G", "G", "G", "G", "G", "G", "G", "G", "G"], "mode": ["major", "major", "major", "major", "major", "major", "major", "major", "major", "major", "major", "major", "major", "major", "major", "major", "major", "major", "major", "major"], "metriccontour": [null, "+", "-", "+", "-", "+", "-", "+", "-", "+", "-", "+", "-", "-", "+", "-", "+", "=", "=", "="], "imaweight": [0.08125, 0.675, 0.025, 0.825, 0.10625, 0.725, 0.25, 0.75, 0.15625, 0.975, 0.4, 0.95, 0.45, 0.15625, 0.9, 0.375, 1.0, 0.7, 0.725, 0.675], "imaweight_spectral": [0.116667, 0.911111, 0.0888889, 0.977778, 0.116667, 0.933333, 0.444444, 0.888889, 0.183333, 0.933333, 0.4, 0.888889, 0.444444, 0.161111, 0.844444, 0.377778, 0.955556, 0.888889, 0.955556, 1.0], "pitch40_hewlett": [169, 169, 169, 169, 158, 169, 186, 169, 158, 169, 169, 169, 152, 152, 169, 181, 169, 169, 169, 186], "pitch40_sapp": [208, 208, 208, 208, 197, 208, 225, 208, 197, 208, 208, 208, 191, 191, 208, 220, 208, 208, 208, 225], "octave": [5, 5, 5, 5, 4, 5, 5, 5, 4, 5, 5, 5, 4, 4, 5, 5, 5, 5, 5, 5], "midipitch": [74, 74, 74, 74, 71, 74, 79, 74, 71, 74, 74, 74, 69, 69, 74, 78, 74, 74, 74, 79], "diatonicpitch": [32, 32, 32, 32, 30, 32, 35, 32, 30, 32, 32, 32, 29, 29, 32, 34, 32, 32, 32, 35], "diatonicinterval": [null, 0, 0, 0, -2, 2, 3, -3, -2, 2, 0, 0, -3, 0, 3, 2, -2, 0, 0, 3], "chromaticinterval": [null, 0, 0, 0, -3, 3, 5, -5, -3, 3, 0, 0, -5, 0, 5, 4, -4, 0, 0, 5], "pitchproximity": [null, null, 0, 0, 3, 3, 5, 5, 3, 3, 0, 0, 5, 0, 5, 4, 4, 0, 0, 5], "pitchreversal": [null, null, 0, 0, 0, 1.5, 0, 1.5, 0, 1.5, 0, 0, 0, 0, 0, 0, 1.5, 0, 0, 0], "nextisrest": [false, false, false, false, false, false, false, false, false, false, false, false, false, false, false, false, false, false, false, null], "restduration_frac": [null, null, null, null, null, null, null, null, null, null, null, null, null, null, null, null, null, null, null, null], "duration": [0.5, 1.5, 0.5, 1.5, 0.5, 1.0, 1.0, 1.5, 0.5, 1.0, 1.0, 1.0, 0.5, 0.5, 1.0, 1.0, 2.0, 2.0, 2.0, 3.5], "duration_frac": ["1/2", "3/2", "1/2", "3/2", "1/2", "1", "1", "3/2", "1/2", "1", "1", "1", "1/2", "1/2", "1", "1", "2", "2", "2", "7/2"], "duration_fullname": ["Eighth", "Dotted Quarter", "Eighth", "Dotted Quarter", "Eighth", "Quarter", "Quarter", "Dotted Quarter", "Eighth", "Quarter", "Quarter", "Quarter", "Eighth", "Eighth", "Quarter", "Quarter", "Half", "Half", "Half", "Double Dotted Half"], "durationcontour": [null, "+", "-", "+", "-", "+", "=", "+", "-", "+", "=", "=", "-", "=", "+", "=", "+", "=", "=", "+"], "onsettick": [0, 1, 4, 5, 8, 9, 11, 13, 16, 17, 19, 21, 23, 24, 25, 27, 29, 33, 37, 41], "beatfraction": ["1/2", "3/2", "1/2", "3/2", "1/2", "1", "1", "3/2", "1/2", "1", "1", "1", "1/2", "1/2", "1", "1", "2", "2", "2", "7/2"], "phrasepos": [0.0, 0.07692307692307693, 0.3076923076923077, 0.38461538461538464, 0.6153846153846154, 0.6923076923076923, 0.8461538461538461, 1.0, 0.0, 0.07692307692307693, 0.23076923076923078, 0.38461538461538464, 0.5384615384615384, 0.6153846153846154, 0.6923076923076923, 0.8461538461538461, 1.0, 0.0, 0.5, 1.0], "phrase_ix": [0, 0, 0, 0, 0, 0, 0, 0, 1, 1, 1, 1, 1, 1, 1, 1, 1, 2, 2, 2], "phrase_end": [false, false, false, false, false, false, false, true, false, false, false, false, false, false, false, false, true, false, false, true], "songpos": [0.0, 0.024390243902439025, 0.0975609756097561, 0.12195121951219512, 0.1951219512195122, 0.21951219512195122, 0.2682926829268293, 0.3170731707317073, 0.3902439024390244, 0.4146341463414634, 0.4634146341463415, 0.5121951219512195, 0.5609756097560976, 0.5853658536585366, 0.6097560975609756, 0.6585365853658537, 0.7073170731707317, 0.8048780487804879, 0.9024390243902439, 1.0], "beatinsong": ["-1/2", "0", "3/2", "2", "7/2", "4", "5", "6", "15/2", "8", "9", "10", "11", "23/2", "12", "13", "14", "16", "18", "20"], "beatinphrase": ["-1/2", "0", "3/2", "2", "7/2", "4", "5", "6", "-1/2", "0", "1", "2", "3", "7/2", "4", "5", "6", "0", "2", "4"], "beatinphrase_end": ["-13/2", "-6", "-9/2", "-4", "-5/2", "-2", "-1", "0", "-13/2", "-6", "-5", "-4", "-3", "-5/2", "-2", "-1", "0", "-4", "-2", "0"], "IOI_frac": ["1/2", "3/2", "1/2", "3/2", "1/2", "1", "1", "3/2", "1/2", "1", "1", "1", "1/2", "1/2", "1", "1", "2", "2", "2", null], "IOI": [0.5, 1.5, 0.5, 1.5, 0.5, 1.0, 1.0, 1.5, 0.5, 1.0, 1.0, 1.0, 0.5, 0.5, 1.0, 1.0, 2.0, 2.0, 2.0, null], "IOR_frac": [null, "3", "1/3", "3", "1/3", "2", "1", "3/2", "1/3", "2", "1", "1", "1/2", "1", "2", "1", "2", "1", "1", null], "IOR": [null, 3.0, 0.3333333333333333, 3.0, 0.3333333333333333, 2.0, 1.0, 1.5, 0.3333333333333333, 2.0, 1.0, 1.0, 0.5, 1.0, 2.0, 1.0, 2.0, 1.0, 1.0, null], "imacontour": [null, "+", "-", "+", "-", "+", "-", "+", "-", "+", "-", "+", "-", "-", "+", "-", "+", "-", "+", "-"], "pitch": ["D5", "D5", "D5", "D5", "B4", "D5", "G5", "D5", "B4", "D5", "D5", "D5", "A4", "A4", "D5", "F#5", "D5", "D5", "D5", "G5"], "contour3": [null, "=", "=", "=", "-", "+", "+", "-", "-", "+", "=", "=", "-", "=", "+", "+", "-", "=", "=", "+"], "contour5": [null, "=", "=", "=", "--", "++", "++", "--", "--", "++", "=", "=", "--", "=", "++", "++", "--", "=", "=", "++"], "beatstrength": [0.25, 1.0, 0.25, 1.0, 0.25, 1.0, 0.5, 1.0, 0.25, 1.0, 0.5, 1.0, 0.5, 0.25, 1.0, 0.5, 1.0, 1.0, 1.0, 1.0], "beat_str": ["2", "1", "2", "1", "2", "1", "2", "1", "2", "1", "2", "1", "2", "2", "1", "2", "1", "1", "1", "1"], "beat_fraction_str": ["1/2", "0", "1/2", "0", "1/2", "0", "0", "0", "1/2", "0", "0", "0", "0", "1/2", "0", "0", "0", "0", "0", "0"], "beat": [2.5, 1.0, 2.5, 1.0, 2.5, 1.0, 2.0, 1.0, 2.5, 1.0, 2.0, 1.0, 2.0, 2.5, 1.0, 2.0, 1.0, 1.0, 1.0, 1.0], "timesignature": ["2/4", "2/4", "2/4", "2/4", "2/4", "2/4", "2/4", "2/4", "2/4", "2/4", "2/4", "2/4", "2/4", "2/4", "2/4", "2/4", "2/4", "2/4", "2/4", "2/4"], "gpr2a_Frankland": [null, null, null, null, null, null, null, null, null, null, null, null, null, null, null, null, null, null, null, null], "gpr2b_Frankland": [null, 0.6666666666666667, null, 0.6666666666666667, null, null, null, 0.5, null, null, null, null, null, null, null, null, null, null, null, null], "gpr3a_Frankland": [null, null, null, null, null, null, null, null, null, null, null, 1.0, null, 0.6, null, null, null, null, null, null], "gpr3d_Frankland": [null, null, null, null, null, null, null, null, null, null, null, 0.5, null, 0.5, null, 0.5, null, null, null, null], "gpr_Frankland_sum": [0, 0.6666666666666667, 0, 0.6666666666666667, 0, 0, 0, 0.5, 0, 0, 0, 1.5, 0, 1.1, 0, 0.5, 0, 0, 0, 0], "lbdm_spitch": [null, 0.0, 0.0, 0.25199999999999995, 0.084, 0.13999999999999999, 0.13999999999999999, 0.084, 0.25199999999999995, 0.0, 0.0, 1.0, 0.0, 0.5636363636363636, 0.05090909090909091, 0.3733333333333333, 0.0, 0.0, null, null], "lbdm_sioi": [null, 1.0, 0.3333333333333333, 1.0, 0.27777777777777773, 0.2222222222222222, 0.13333333333333333, 0.6999999999999998, 0.27777777777777773, 0.2222222222222222, 0.0, 0.2222222222222222, 0.1111111111111111, 0.1111111111111111, 0.2222222222222222, 0.2222222222222222, 0.4444444444444444, 0.0, null, null], "lbdm_srest": [null, 0.0, 0.0, 0.0, 0.0, 0.0, 0.0, 0.0, 0.0, 0.0, 0.0, 0.0, 0.0, 0.0, 0.0, 0.0, 0.0, 0.0, null, null], "lbdm_rpitch": [null, 0.0, 0.0, 0.6, 0.0, 0.2, 0.0, 0.2, 0.0, 0.6, 0.0, 0.7142857142857143, 0.7142857142857143, 0.7142857142857143, 0.09090909090909091, 0.0, 0.6666666666666666, 0.0, 0.7142857142857143, null], "lbdm_rioi": [null, 0.5, 0.5, 0.5, 0.5, 0.3333333333333333, 0.0, 0.2, 0.5, 0.3333333333333333, 0.0, 0.0, 0.3333333333333333, 0.0, 0.3333333333333333, 0.0, 0.3333333333333333, 0.0, 0.0, null],