{"id": "NLB074653_01", "tunefamily": "11126_1", "year": 1960, "tunefamily_full": "De boom stond in de aarde 1", "type": "vocal", "freemeter": false, "origin": "", "features": {"scaledegree": [5, 1, 2, 3, 4, 5, 6, 5, 4, 3, 2, 3, 4, 5, 6, 5, 4, 3, 2, 2, 1], "scaledegreespecifier": ["P", "P", "M", "M", "P", "P", "M", "P", "P", "M", "M", "M", "P", "P", "M", "P", "P", "M", "M", "M", "P"], "tonic": ["G", "G", "G", "G", "G", "G", "G", "G", "G", "G", "G", "G", "G", "G", "G", "G", "G", "G", "G", "G", "G"], "mode": ["major", "major", "major", "major", "major", "major", "major", "major", "major", "major", "major", "major", "major", "major", "major", "major", "major", "major", "major", "major", "major"], "metriccontour": [null, "+", "-", "+", "-", "+", "-", "+", "-", "+", "-", "+", "-", "+", "-", "+", "-", "+", "-", "-", "+"], "imaweight": [0.675737, 1.0, 0.655329, 0.891156, 0.75737, 0.891156, 0.69161, 0.984127, 0.655329, 0.902494, 0.736961, 0.918367, 0.673469, 0.963719, 0.696145, 0.882086, 0.773243, 0.882086, 0.337868, 0.0, 0.292517], "imaweight_spectral": [0.675737, 1.0, 0.655329, 0.891156, 0.75737, 0.891156, 0.69161, 0.984127, 0.655329, 0.902494, 0.736961, 0.918367, 0.673469, 0.963719, 0.696145, 0.882086, 0.773243, 0.882086, 0.993197, 0.0, 0.947846], "pitch40_hewlett": [129, 146, 152, 158, 163, 169, 175, 169, 163, 158, 152, 158, 163, 169, 175, 169, 163, 158, 152, 152, 146], "pitch40_sapp": [168, 185, 191, 197, 202, 208, 214, 208, 202, 197, 191, 197, 202, 208, 214, 208, 202, 197, 191, 191, 185], "octave": [4, 4, 4, 4, 5, 5, 5, 5, 5, 4, 4, 4, 5, 5, 5, 5, 5, 4, 4, 4, 4], "midipitch": [62, 67, 69, 71, 72, 74, 76, 74, 72, 71, 69, 71, 72, 74, 76, 74, 72, 71, 69, 69, 67], "diatonicpitch": [25, 28, 29, 30, 31, 32, 33, 32, 31, 30, 29, 30, 31, 32, 33, 32, 31, 30, 29, 29, 28], "diatonicinterval": [null, 3, 1, 1, 1, 1, 1, -1, -1, -1, -1, 1, 1, 1, 1, -1, -1, -1, -1, 0, -1], "chromaticinterval": [null, 5, 2, 2, 1, 2, 2, -2, -2, -1, -2, 2, 1, 2, 2, -2, -2, -1, -2, 0, -2], "pitchproximity": [null, null, 2, 2, 1, 2, 2, 2, 2, 1, 2, 2, 1, 2, 2, 2, 2, 1, 2, 0, 2], "pitchreversal": [null, null, 0, 0, 0, 0, 0, 1.5, 0, 0, 0, 1.5, 0, 0, 0, 1.5, 0, 0, 0, 0, 0], "nextisrest": [false, false, false, false, false, false, false, false, false, false, false, false, false, false, false, false, false, false, false, false, true], "restduration_frac": [null, null, null, null, null, null, null, null, null, null, null, null, null, null, null, null, null, null, null, null, "1/2"], "duration": [0.5, 0.5, 0.5, 0.5, 0.5, 0.5, 0.5, 0.5, 0.5, 0.5, 0.5, 0.5, 0.5, 0.5, 0.5, 0.5, 0.5, 1.0, 0.75, 0.25, 1.0], "duration_frac": ["1/2", "1/2", "1/2", "1/2", "1/2", "1/2", "1/2", "1/2", "1/2", "1/2", "1/2", "1/2", "1/2", "1/2", "1/2", "1/2", "1/2", "1", "3/4", "1/4", "1"], "duration_fullname": ["Eighth", "Eighth", "Eighth", "Eighth", "Eighth", "Eighth", "Eighth", "Eighth", "Eighth", "Eighth", "Eighth", "Eighth", "Eighth", "Eighth", "Eighth", "Eighth", "Eighth", "Quarter", "Dotted Eighth", "16th", "Quarter"], "durationcontour": [null, "=", "=", "=", "=", "=", "=", "=", "=", "=", "=", "=", "=", "=", "=", "=", "=", "+", "-", "-", "+"], "onsettick": [0, 2, 4, 6, 8, 10, 12, 14, 16, 18, 20, 22, 24, 26, 28, 30, 32, 34, 38, 41, 42], "beatfraction": ["1/2", "1/2", "1/2", "1/2", "1/2", "1/2", "1/2", "1/2", "1/2", "1/2", "1/2", "1/2", "1/2", "1/2", "1/2", "1/2", "1/2", "1", "3/4", "1/4", "1"], "phrasepos": [0.0, 0.14285714285714285, 0.2857142857142857, 0.42857142857142855, 0.5714285714285714, 0.7142857142857143, 0.8571428571428571, 1.0, 0.0, 0.14285714285714285, 0.2857142857142857, 0.42857142857142855, 0.5714285714285714, 0.7142857142857143, 0.8571428571428571, 1.0, 0.0, 0.2, 0.6, 0.9, 1.0], "phrase_ix": [0, 0, 0, 0, 0, 0, 0, 0, 1, 1, 1, 1, 1, 1, 1, 1, 2, 2, 2, 2, 2], "phrase_end": [false, false, false, false, false, false, false, true, false, false, false, false, false, false, false, true, false, false, false, false, true], "songpos": [0.0, 0.047619047619047616, 0.09523809523809523, 0.14285714285714285, 0.19047619047619047, 0.23809523809523808, 0.2857142857142857, 0.3333333333333333, 0.38095238095238093, 0.42857142857142855, 0.47619047619047616, 0.5238095238095238, 0.5714285714285714, 0.6190476190476191, 0.6666666666666666, 0.7142857142857143, 0.7619047619047619, 0.8095238095238095, 0.9047619047619048, 0.9761904761904762, 1.0], "beatinsong": ["-1/2", "0", "1/2", "1", "3/2", "2", "5/2", "3", "7/2", "4", "9/2", "5", "11/2", "6", "13/2", "7", "15/2", "8", "9", "39/4", "10"], "beatinphrase": ["-1/2", "0", "1/2", "1", "3/2", "2", "5/2", "3", "-1/2", "0", "1/2", "1", "3/2", "2", "5/2", "3", "-1/2", "0", "1", "7/4", "2"], "beatinphrase_end": ["-1/2", "0", "1/2", "1", "3/2", "2", "5/2", "3", "-1/2", "0", "1/2", "1", "3/2", "2", "5/2", "3", "-1/2", "0", "1", "7/4", "2"], "IOI_frac": ["1/2", "1/2", "1/2", "1/2", "1/2", "1/2", "1/2", "1/2", "1/2", "1/2", "1/2", "1/2", "1/2", "1/2", "1/2", "1/2", "1/2", "1", "3/4", "1/4", "3/2"], "IOI": [0.5, 0.5, 0.5, 0.5, 0.5, 0.5, 0.5, 0.5, 0.5, 0.5, 0.5, 0.5, 0.5, 0.5, 0.5, 0.5, 0.5, 1.0, 0.75, 0.25, 1.5], "IOR_frac": [null, "1", "1", "1", "1", "1", "1", "1", "1", "1", "1", "1", "1", "1", "1", "1", "1", "2", "3/4", "1/3", "6"], "IOR": [null, 1.0, 1.0, 1.0, 1.0, 1.0, 1.0, 1.0, 1.0, 1.0, 1.0, 1.0, 1.0, 1.0, 1.0, 1.0, 1.0, 2.0, 0.75, 0.3333333333333333, 6.0], "imacontour": [null, "+", "-", "+", "-", "+", "-", "+", "-", "+", "-", "+", "-", "+", "-", "+", "-", "+", "-", "-", "+"], "pitch": ["D4", "G4", "A4", "B4", "C5", "D5", "E5", "D5", "C5", "B4", "A4", "B4", "C5", "D5", "E5", "D5", "C5", "B4", "A4", "A4", "G4"], "contour3": [null, "+", "+", "+", "+", "+", "+", "-", "-", "-", "-", "+", "+", "+", "+", "-", "-", "-", "-", "=", "-"], "contour5": [null, "++", "+", "+", "+", "+", "+", "-", "-", "-", "-", "+", "+", "+", "+", "-", "-", "-", "-", "=", "-"], "beatstrength": [0.125, 1.0, 0.125, 0.25, 0.125, 0.5, 0.125, 0.25, 0.125, 1.0, 0.125, 0.25, 0.125, 0.5, 0.125, 0.25, 0.125, 1.0, 0.25, 0.0625, 0.5], "beat_str": ["4", "1", "1", "2", "2", "3", "3", "4", "4", "1", "1", "2", "2", "3", "3", "4", "4", "1", "2", "2", "3"], "beat_fraction_str": ["1/2", "0", "1/2", "0", "1/2", "0", "1/2", "0", "1/2", "0", "1/2", "0", "1/2", "0", "1/2", "0", "1/2", "0", "0", "3/4", "0"], "beat": [4.5, 1.0, 1.5, 2.0, 2.5, 3.0, 3.5, 4.0, 4.5, 1.0, 1.5, 2.0, 2.5, 3.0, 3.5, 4.0, 4.5, 1.0, 2.0, 2.75, 3.0], "timesignature": ["4/4", "4/4", "4/4", "4/4", "4/4", "4/4", "4/4", "4/4", "4/4", "4/4", "4/4", "4/4", "4/4", "4/4", "4/4", "4/4", "4/4", "4/4", "4/4", "4/4", "4/4"], "gpr2a_Frankland": [null, null, null, null, null, null, null, null, null, null, null, null, null, null, null, null, null, null, null, null, 0.125], "gpr2b_Frankland": [null, null, null, null, null, null, null, null, null, null, null, null, null, null, null, null, null, 0.375, null, null, null], "gpr3a_Frankland": [null, null, null, null, null, null, null, null, null, null, null, null, null, null, null, null, null, 0.75, null, null, null], "gpr3d_Frankland": [null, 0.0, 0.0, 0.0, 0.0, 0.0, 0.0, 0.0, 0.0, 0.0, 0.0, 0.0, 0.0, 0.0, 0.0, null, null, null, null, null, null], "gpr_Frankland_sum": [0, 0, 0, 0, 0, 0, 0, 0, 0, 0, 0, 0, 0, 0, 0, 0, 0, 1.125, 0, 0, 0.125], "lbdm_spitch": [null, 0.4761904761904762, 0.28571428571428575, 0.28571428571428575, 0.28571428571428575, 0.0, 0.0, 0.28571428571428575, 0.28571428571428575, 0.28571428571428575, 0.28571428571428575, 0.28571428571428575, 0.28571428571428575, 0.0, 0.0, 0.28571428571428575, 0.28571428571428575, 1.0, 0.0, null, null], "lbdm_sioi": [null, 0.0, 0.0, 0.0, 0.0, 0.0, 0.0, 0.0, 0.0, 0.0, 0.0, 0.0, 0.0, 0.0, 0.0, 0.0, 0.34567901234567905, 0.9876543209876544, 1.0, null, null], "lbdm_srest": [null, 0.0, 0.0, 0.0, 0.0, 0.0, 0.0, 0.0, 0.0, 0.0, 0.0, 0.0, 0.0, 0.0, 0.0, 0.0, 0.0, 0.0, 0.0, null, null], "lbdm_rpitch": [null, 0.3333333333333333, 0.0, 0.2, 0.2, 0.0, 0.0, 0.0, 0.2, 0.2, 0.0, 0.2, 0.2, 0.0, 0.0, 0.0, 0.2, 0.2, 0.5, 0.5, null],