{"id": "NLB075868_01", "tunefamily": "", "year": 1960, "tunefamily_full": "", "type": "vocal", "freemeter": false, "origin": "", "features": {"scaledegree": [3, 3, 3, 5, 5, 4, 4, 2, 3, 4, 6, 6, 5, 5, 1, 1, 2, 3, 2, 2, 1], "scaledegreespecifier": ["M", "M", "M", "P", "P", "P", "P", "M", "M", "P", "M", "M", "P", "P", "P", "P", "M", "M", "M", "M", "P"], "tonic": ["G", "G", "G", "G", "G", "G", "G", "G", "G", "G", "G", "G", "G", "G", "G", "G", "G", "G", "G", "G", "G"], "mode": ["major", "major", "major", "major", "major", "major", "major", "major", "major", "major", "major", "major", "major", "major", "major", "major", "major", "major", "major", "major", "major"], "metriccontour": [null, "-", "+", "-", "+", "-", "+", "+", "-", "+", "-", "+", "-", "+", "-", "+", "-", "+", "-", "+", "-"], "imaweight": [1.0, 0.270718, 0.911602, 0.359116, 0.911602, 0.314917, 0.977901, 0.762431, 0.270718, 0.756906, 0.132597, 0.779006, 0.254144, 0.734807, 0.0883978, 0.712707, 0.0441989, 0.78453, 0.0441989, 0.712707, 0.756906], "imaweight_spectral": [0.935644, 0.321782, 0.856436, 0.381188, 0.935644, 0.321782, 0.915842, 0.90099, 0.440594, 0.876238, 0.138614, 0.89604, 0.425743, 0.876238, 0.0792079, 0.876238, 0.0594059, 1.0, 0.039604, 0.89604, 0.935644], "pitch40_hewlett": [158, 158, 158, 169, 169, 163, 163, 152, 158, 163, 175, 175, 169, 169, 146, 146, 152, 158, 152, 152, 146], "pitch40_sapp": [197, 197, 197, 208, 208, 202, 202, 191, 197, 202, 214, 214, 208, 208, 185, 185, 191, 197, 191, 191, 185], "octave": [4, 4, 4, 5, 5, 5, 5, 4, 4, 5, 5, 5, 5, 5, 4, 4, 4, 4, 4, 4, 4], "midipitch": [71, 71, 71, 74, 74, 72, 72, 69, 71, 72, 76, 76, 74, 74, 67, 67, 69, 71, 69, 69, 67], "diatonicpitch": [30, 30, 30, 32, 32, 31, 31, 29, 30, 31, 33, 33, 32, 32, 28, 28, 29, 30, 29, 29, 28], "diatonicinterval": [null, 0, 0, 2, 0, -1, 0, -2, 1, 1, 2, 0, -1, 0, -4, 0, 1, 1, -1, 0, -1], "chromaticinterval": [null, 0, 0, 3, 0, -2, 0, -3, 2, 1, 4, 0, -2, 0, -7, 0, 2, 2, -2, 0, -2], "pitchproximity": [null, null, 0, 3, 0, 2, 0, 3, 2, 1, 4, 0, 2, 0, 7, 0, 2, 2, 2, 0, 2], "pitchreversal": [null, null, 0, 0, 0, 0, 0, 0, 1.5, 0, 0, 0, 0, 0, 0, 1, 0, 0, 1.5, 0, 0], "nextisrest": [false, false, false, false, false, false, false, false, false, false, false, false, false, false, false, false, false, false, false, false, null], "restduration_frac": [null, null, null, null, null, null, null, null, null, null, null, null, null, null, null, null, null, null, null, null, null], "duration": [0.5, 0.5, 0.5, 0.5, 0.5, 0.5, 1.0, 0.5, 0.5, 0.75, 0.25, 0.5, 0.5, 0.75, 0.25, 0.75, 0.25, 0.75, 0.25, 1.0, 1.0], "duration_frac": ["1/2", "1/2", "1/2", "1/2", "1/2", "1/2", "1", "1/2", "1/2", "3/4", "1/4", "1/2", "1/2", "3/4", "1/4", "3/4", "1/4", "3/4", "1/4", "1", "1"], "duration_fullname": ["Eighth", "Eighth", "Eighth", "Eighth", "Eighth", "Eighth", "Quarter", "Eighth", "Eighth", "Dotted Eighth", "16th", "Eighth", "Eighth", "Dotted Eighth", "16th", "Dotted Eighth", "16th", "Dotted Eighth", "16th", "Quarter", "Quarter"], "durationcontour": [null, "=", "=", "=", "=", "=", "+", "-", "=", "+", "-", "+", "=", "+", "-", "+", "-", "+", "-", "+", "="], "onsettick": [0, 2, 4, 6, 8, 10, 12, 16, 18, 20, 23, 24, 26, 28, 31, 32, 35, 36, 39, 40, 44], "beatfraction": ["1/2", "1/2", "1/2", "1/2", "1/2", "1/2", "1", "1/2", "1/2", "3/4", "1/4", "1/2", "1/2", "3/4", "1/4", "3/4", "1/4", "3/4", "1/4", "1", "1"], "phrasepos": [0.0, 0.16666666666666666, 0.3333333333333333, 0.5, 0.6666666666666666, 0.8333333333333334, 1.0, 0.0, 0.16666666666666666, 0.3333333333333333, 0.5833333333333334, 0.6666666666666666, 0.8333333333333334, 1.0, 0.0, 0.07692307692307693, 0.3076923076923077, 0.38461538461538464, 0.6153846153846154, 0.6923076923076923, 1.0], "phrase_ix": [0, 0, 0, 0, 0, 0, 0, 1, 1, 1, 1, 1, 1, 1, 2, 2, 2, 2, 2, 2, 2], "phrase_end": [false, false, false, false, false, false, true, false, false, false, false, false, false, true, false, false, false, false, false, false, true], "songpos": [0.0, 0.045454545454545456, 0.09090909090909091, 0.13636363636363635, 0.18181818181818182, 0.22727272727272727, 0.2727272727272727, 0.36363636363636365, 0.4090909090909091, 0.45454545454545453, 0.5227272727272727, 0.5454545454545454, 0.5909090909090909, 0.6363636363636364, 0.7045454545454546, 0.7272727272727273, 0.7954545454545454, 0.8181818181818182, 0.8863636363636364, 0.9090909090909091, 1.0], "beatinsong": ["0", "1/2", "1", "3/2", "2", "5/2", "3", "4", "9/2", "5", "23/4", "6", "13/2", "7", "31/4", "8", "35/4", "9", "39/4", "10", "11"], "beatinphrase": ["0", "1/2", "1", "3/2", "2", "5/2", "3", "0", "1/2", "1", "7/4", "2", "5/2", "3", "-1/4", "0", "3/4", "1", "7/4", "2", "3"], "beatinphrase_end": ["-2", "-3/2", "-1", "-1/2", "0", "1/2", "1", "-2", "-3/2", "-1", "-1/4", "0", "1/2", "1", "-9/4", "-2", "-5/4", "-1", "-1/4", "0", "1"], "IOI_frac": ["1/2", "1/2", "1/2", "1/2", "1/2", "1/2", "1", "1/2", "1/2", "3/4", "1/4", "1/2", "1/2", "3/4", "1/4", "3/4", "1/4", "3/4", "1/4", "1", null], "IOI": [0.5, 0.5, 0.5, 0.5, 0.5, 0.5, 1.0, 0.5, 0.5, 0.75, 0.25, 0.5, 0.5, 0.75, 0.25, 0.75, 0.25, 0.75, 0.25, 1.0, null], "IOR_frac": [null, "1", "1", "1", "1", "1", "2", "1/2", "1", "3/2", "1/3", "2", "1", "3/2", "1/3", "3", "1/3", "3", "1/3", "4", null], "IOR": [null, 1.0, 1.0, 1.0, 1.0, 1.0, 2.0, 0.5, 1.0, 1.5, 0.3333333333333333, 2.0, 1.0, 1.5, 0.3333333333333333, 3.0, 0.3333333333333333, 3.0, 0.3333333333333333, 4.0, null], "imacontour": [null, "-", "+", "-", "+", "-", "+", "-", "-", "+", "-", "+", "-", "+", "-", "+", "-", "+", "-", "+", "+"], "pitch": ["B4", "B4", "B4", "D5", "D5", "C5", "C5", "A4", "B4", "C5", "E5", "E5", "D5", "D5", "G4", "G4", "A4", "B4", "A4", "A4", "G4"], "contour3": [null, "=", "=", "+", "=", "-", "=", "-", "+", "+", "+", "=", "-", "=", "-", "=", "+", "+", "-", "=", "-"], "contour5": [null, "=", "=", "++", "=", "-", "=", "--", "+", "+", "++", "=", "-", "=", "--", "=", "+", "+", "-", "=", "-"], "beatstrength": [1.0, 0.25, 0.5, 0.25, 1.0, 0.25, 0.5, 1.0, 0.25, 0.5, 0.125, 1.0, 0.25, 0.5, 0.125, 1.0, 0.125, 0.5, 0.125, 1.0, 0.5], "beat_str": ["1", "1", "2", "2", "1", "1", "2", "1", "1", "2", "2", "1", "1", "2", "2", "1", "1", "2", "2", "1", "2"], "beat_fraction_str": ["0", "1/2", "0", "1/2", "0", "1/2", "0", "0", "1/2", "0", "3/4", "0", "1/2", "0", "3/4", "0", "3/4", "0", "3/4", "0", "0"], "beat": [1.0, 1.5, 2.0, 2.5, 1.0, 1.5, 2.0, 1.0, 1.5, 2.0, 2.75, 1.0, 1.5, 2.0, 2.75, 1.0, 1.75, 2.0, 2.75, 1.0, 2.0], "timesignature": ["2/4", "2/4", "2/4", "2/4", "2/4", "2/4", "2/4", "2/4", "2/4", "2/4", "2/4", "2/4", "2/4", "2/4", "2/4", "2/4", "2/4", "2/4", "2/4", "2/4", "2/4"], "gpr2a_Frankland": [null, null, null, null, null, null, null, null, null, null, null, null, null, null, null, null, null, null, null, null, null], "gpr2b_Frankland": [null, null, null, null, null, null, 0.5, null, null, 0.5, null, null, null, 0.5, null, 0.6666666666666667, null, 0.6666666666666667, null, null, null], "gpr3a_Frankland": [null, null, 1.0, null, 1.0, null, 0.6666666666666667, null, null, 0.875, null, 1.0, null, 1.0, null, null, null, null, null, null, null], "gpr3d_Frankland": [null, 0.0, 0.0, 0.0, null, null, null, null, null, null, null, null, null, null, null, null, null, null, null, null, null], "gpr_Frankland_sum": [0, 0, 1.0, 0, 1.0, 0, 1.1666666666666667, 0, 0, 1.375, 0, 1.0, 0, 1.5, 0, 0.6666666666666667, 0, 0.6666666666666667, 0, 0, 0], "lbdm_spitch": [null, 0.0, 0.33061224489795915, 0.0, 0.18367346938775508, 0.0, 0.20466472303206998, 0.0629737609329446, 0.057725947521865884, 0.4023323615160349, 0.0, 0.18367346938775508, 0.0, 1.0, 0.0, 0.09183673469387754, 0.0, 0.09183673469387754, 0.0, null, null], "lbdm_sioi": [null, 0.0, 0.0, 0.0, 0.0, 0.2222222222222222, 0.8888888888888888, 0.2222222222222222, 0.13333333333333333, 0.6999999999999998, 0.27777777777777773, 0.2222222222222222, 0.13333333333333333, 0.6999999999999998, 0.3333333333333333, 1.0, 0.3333333333333333, 1.0, 0.3666666666666667, null, null],