{"id": "NLB111634_01", "tunefamily": "8238_0", "year": 1900, "tunefamily_full": "Suze mien lam", "type": "vocal", "freemeter": false, "origin": "", "features": {"scaledegree": [2, 1, 2, 1, 2, 1, 2, 1, 2, 1, 1, 2, 3, 2, 3, 2, 1, 2, 1], "scaledegreespecifier": ["M", "P", "M", "P", "M", "P", "M", "P", "M", "P", "P", "M", "M", "M", "M", "M", "P", "M", "P"], "tonic": ["F", "F", "F", "F", "F", "F", "F", "F", "F", "F", "F", "F", "F", "F", "F", "F", "F", "F", "F"], "mode": ["major", "major", "major", "major", "major", "major", "major", "major", "major", "major", "major", "major", "major", "major", "major", "major", "major", "major", "major"], "metriccontour": [null, "-", "+", "-", "=", "+", "+", "-", "=", "+", "+", "-", "+", "-", "=", "+", "-", "=", "+"], "imaweight": [0.643836, 0.691781, 0.705479, 0.150685, 0.260274, 0.616438, 0.616438, 0.260274, 0.30137, 0.69863, 0.835616, 0.59589, 0.952055, 0.561644, 0.472603, 1.0, 0.390411, 0.59589, 0.952055], "imaweight_spectral": [0.957672, 0.888889, 0.984127, 0.42328, 0.592593, 0.783069, 0.867725, 0.507937, 0.624339, 0.846561, 1.0, 0.555556, 0.830688, 0.529101, 0.460317, 0.867725, 0.396825, 0.555556, 0.830688], "pitch40_hewlett": [146, 140, 146, 140, 146, 140, 146, 140, 146, 140, 140, 146, 152, 146, 152, 146, 140, 146, 140], "pitch40_sapp": [185, 179, 185, 179, 185, 179, 185, 179, 185, 179, 179, 185, 191, 185, 191, 185, 179, 185, 179], "octave": [4, 4, 4, 4, 4, 4, 4, 4, 4, 4, 4, 4, 4, 4, 4, 4, 4, 4, 4], "midipitch": [67, 65, 67, 65, 67, 65, 67, 65, 67, 65, 65, 67, 69, 67, 69, 67, 65, 67, 65], "diatonicpitch": [29, 28, 29, 28, 29, 28, 29, 28, 29, 28, 28, 29, 30, 29, 30, 29, 28, 29, 28], "diatonicinterval": [null, -1, 1, -1, 1, -1, 1, -1, 1, -1, 0, 1, 1, -1, 1, -1, -1, 1, -1], "chromaticinterval": [null, -2, 2, -2, 2, -2, 2, -2, 2, -2, 0, 2, 2, -2, 2, -2, -2, 2, -2], "pitchproximity": [null, null, 2, 2, 2, 2, 2, 2, 2, 2, 0, 2, 2, 2, 2, 2, 2, 2, 2], "pitchreversal": [null, null, 1.5, 1.5, 1.5, 1.5, 1.5, 1.5, 1.5, 1.5, 0, 0, 0, 1.5, 1.5, 1.5, 0, 1.5, 1.5], "nextisrest": [false, false, false, false, false, false, false, false, false, false, false, false, false, false, false, false, false, false, null], "restduration_frac": [null, null, null, null, null, null, null, null, null, null, null, null, null, null, null, null, null, null, null], "duration": [1.5, 1.5, 0.5, 0.5, 0.5, 1.5, 0.5, 0.5, 0.5, 1.5, 1.0, 0.5, 0.5, 0.5, 0.5, 0.5, 0.5, 0.5, 1.5], "duration_frac": ["3/2", "3/2", "1/2", "1/2", "1/2", "3/2", "1/2", "1/2", "1/2", "3/2", "1", "1/2", "1/2", "1/2", "1/2", "1/2", "1/2", "1/2", "3/2"], "duration_fullname": ["Dotted Quarter", "Dotted Quarter", "Eighth", "Eighth", "Eighth", "Dotted Quarter", "Eighth", "Eighth", "Eighth", "Dotted Quarter", "Quarter", "Eighth", "Eighth", "Eighth", "Eighth", "Eighth", "Eighth", "Eighth", "Dotted Quarter"], "durationcontour": [null, "=", "-", "=", "=", "+", "-", "=", "=", "+", "-", "-", "=", "=", "=", "=", "=", "=", "+"], "onsettick": [0, 3, 6, 7, 8, 9, 12, 13, 14, 15, 18, 20, 21, 22, 23, 24, 25, 26, 27], "beatfraction": ["1", "1", "1/3", "1/3", "1/3", "1", "1/3", "1/3", "1/3", "1", "2/3", "1/3", "1/3", "1/3", "1/3", "1/3", "1/3", "1/3", "1"], "phrasepos": [0.0, 0.3333333333333333, 0.6666666666666666, 0.7777777777777778, 0.8888888888888888, 1.0, 0.0, 0.3333333333333333, 0.6666666666666666, 1.0, 0.0, 0.2222222222222222, 0.3333333333333333, 0.4444444444444444, 0.5555555555555556, 0.6666666666666666, 0.7777777777777778, 0.8888888888888888, 1.0], "phrase_ix": [0, 0, 0, 0, 0, 0, 1, 1, 1, 1, 2, 2, 2, 2, 2, 2, 2, 2, 2], "phrase_end": [false, false, false, false, false, true, false, false, false, true, false, false, false, false, false, false, false, false, true], "songpos": [0.0, 0.1111111111111111, 0.2222222222222222, 0.25925925925925924, 0.2962962962962963, 0.3333333333333333, 0.4444444444444444, 0.48148148148148145, 0.5185185185185185, 0.5555555555555556, 0.6666666666666666, 0.7407407407407407, 0.7777777777777778, 0.8148148148148148, 0.8518518518518519, 0.8888888888888888, 0.9259259259259259, 0.9629629629629629, 1.0], "beatinsong": ["0", "1", "2", "7/3", "8/3", "3", "4", "13/3", "14/3", "5", "6", "20/3", "7", "22/3", "23/3", "8", "25/3", "26/3", "9"], "beatinphrase": ["0", "1", "2", "7/3", "8/3", "3", "0", "1/3", "2/3", "1", "0", "2/3", "1", "4/3", "5/3", "2", "7/3", "8/3", "3"], "beatinphrase_end": ["-2", "-1", "0", "1/3", "2/3", "1", "0", "1/3", "2/3", "1", "-2", "-4/3", "-1", "-2/3", "-1/3", "0", "1/3", "2/3", "1"], "IOI_frac": ["3/2", "3/2", "1/2", "1/2", "1/2", "3/2", "1/2", "1/2", "1/2", "3/2", "1", "1/2", "1/2", "1/2", "1/2", "1/2", "1/2", "1/2", null], "IOI": [1.5, 1.5, 0.5, 0.5, 0.5, 1.5, 0.5, 0.5, 0.5, 1.5, 1.0, 0.5, 0.5, 0.5, 0.5, 0.5, 0.5, 0.5, null], "IOR_frac": [null, "1", "1/3", "1", "1", "3", "1/3", "1", "1", "3", "2/3", "1/2", "1", "1", "1", "1", "1", "1", null], "IOR": [null, 1.0, 0.3333333333333333, 1.0, 1.0, 3.0, 0.3333333333333333, 1.0, 1.0, 3.0, 0.6666666666666666, 0.5, 1.0, 1.0, 1.0, 1.0, 1.0, 1.0, null], "imacontour": [null, "+", "+", "-", "+", "+", "=", "-", "+", "+", "+", "-", "+", "-", "-", "+", "-", "+", "+"], "pitch": ["G4", "F4", "G4", "F4", "G4", "F4", "G4", "F4", "G4", "F4", "F4", "G4", "A4", "G4", "A4", "G4", "F4", "G4", "F4"], "contour3": [null, "-", "+", "-", "+", "-", "+", "-", "+", "-", "=", "+", "+", "-", "+", "-", "-", "+", "-"], "contour5": [null, "-", "+", "-", "+", "-", "+", "-", "+", "-", "=", "+", "+", "-", "+", "-", "-", "+", "-"], "beatstrength": [1.0, 0.5, 1.0, 0.25, 0.25, 0.5, 1.0, 0.25, 0.25, 0.5, 1.0, 0.25, 0.5, 0.25, 0.25, 1.0, 0.25, 0.25, 0.5], "beat_str": ["1", "2", "1", "1", "1", "2", "1", "1", "1", "2", "1", "1", "2", "2", "2", "1", "1", "1", "2"], "beat_fraction_str": ["0", "0", "0", "1/3", "2/3", "0", "0", "1/3", "2/3", "0", "0", "2/3", "0", "1/3", "2/3", "0", "1/3", "2/3", "0"], "beat": [1.0, 2.0, 1.0, 1.3333333333333333, 1.6666666666666667, 2.0, 1.0, 1.3333333333333333, 1.6666666666666667, 2.0, 1.0, 1.6666666666666667, 2.0, 2.3333333333333335, 2.6666666666666665, 1.0, 1.3333333333333333, 1.6666666666666667, 2.0], "timesignature": ["6/8", "6/8", "6/8", "6/8", "6/8", "6/8", "6/8", "6/8", "6/8", "6/8", "6/8", "6/8", "6/8", "6/8", "6/8", "6/8", "6/8", "6/8", "6/8"], "gpr2a_Frankland": [null, null, null, null, null, null, null, null, null, null, null, null, null, null, null, null, null, null, null], "gpr2b_Frankland": [null, null, null, null, null, 0.6666666666666667, null, null, null, 0.5, null, null, null, null, null, null, null, null, null], "gpr3a_Frankland": [null, null, null, null, null, null, null, null, null, null, null, null, null, null, null, null, null, null, null], "gpr3d_Frankland": [null, 0.6666666666666667, null, null, null, null, null, null, null, null, null, null, 0.0, 0.0, 0.0, 0.0, null, null, null], "gpr_Frankland_sum": [0, 0.6666666666666667, 0, 0, 0, 0.6666666666666667, 0, 0, 0, 0.5, 0, 0, 0, 0, 0, 0, 0, 0, 0], "lbdm_spitch": [null, 0.0, 0.0, 0.0, 0.0, 0.0, 0.0, 0.0, 1.0, 0.0, 1.0, 0.0, 0.0, 0.0, 0.0, 0.0, 0.0, null, null], "lbdm_sioi": [null, 0.5, 0.16666666666666666, 0.0, 0.16666666666666666, 1.0, 0.16666666666666666, 0.0, 0.16666666666666666, 0.6999999999999998, 0.35555555555555557, 0.1111111111111111, 0.0, 0.0, 0.0, 0.0, 0.0, null, null], "lbdm_srest": [null, 0.0, 0.0, 0.0, 0.0, 0.0, 0.0, 0.0, 0.0, 0.0, 0.0, 0.0, 0.0, 0.0, 0.0, 0.0, 0.0, null, null], "lbdm_rpitch": [null, 0.0, 0.0, 0.0, 0.0, 0.0, 0.0, 0.0, 0.0, 0.5, 0.5, 0.0, 0.0, 0.0, 0.0, 0.0, 0.0, 0.0, null], "lbdm_rioi": [null, 0.0, 0.5, 0.0, 0.0, 0.5, 0.5, 0.0, 0.0, 0.5, 0.2, 0.3333333333333333, 0.0, 0.0, 0.0, 0.0, 0.0, 0.0, null], "lbdm_rrest": [null, 0.0, 0.0, 0.0, 0.0, 0.0, 0.0, 0.0, 0.0, 0.0, 0.0, 0.0, 0.0, 0.0, 0.0, 0.0, 0.0, 0.0, null], "lbdm_boundarystrength": [null, 0.25, 0.08333333333333333, 0.0, 0.08333333333333333, 0.5, 0.08333333333333333, 0.0, 0.3333333333333333, 0.3499999999999999, 0.4277777777777778, 0.05555555555555555, 0.0, 0.0, 0.0, 0.0, 0.0, null, null]}, "ann_bgcorpus": true}
