{"id": "NLB170278_01", "tunefamily": "10582_0", "year": 1963, "tunefamily_full": "Hoe zaait de boer zijn korentje", "type": "vocal", "freemeter": false, "origin": "", "features": {"scaledegree": [5, 5, 6, 5, 4, 3, 2, 1, 4, 3, 2, 1, 5, 5, 6, 5, 4, 3, 2, 1], "scaledegreespecifier": ["P", "P", "M", "P", "P", "M", "M", "P", "P", "M", "M", "P", "P", "P", "M", "P", "P", "M", "M", "P"], "tonic": ["D", "D", "D", "D", "D", "D", "D", "D", "D", "D", "D", "D", "D", "D", "D", "D", "D", "D", "D", "D"], "mode": ["major", "major", "major", "major", "major", "major", "major", "major", "major", "major", "major", "major", "major", "major", "major", "major", "major", "major", "major", "major"], "metriccontour": [null, "-", "-", "+", "-", "+", "-", "+", "-", "+", "-", "+", "+", "-", "-", "+", "-", "+", "-", "+"], "imaweight": [0.463855, 0.301205, 0.0240964, 0.487952, 0.463855, 1.0, 0.39759, 0.686747, 0.36747, 0.855422, 0.560241, 0.704819, 0.686747, 0.439759, 0.0722892, 0.680723, 0.198795, 0.391566, 0.246988, 0.463855], "imaweight_spectral": [0.915789, 0.773684, 0.0210526, 0.894737, 0.405263, 0.936842, 0.368421, 0.642105, 0.342105, 0.789474, 0.489474, 0.7, 0.9, 0.684211, 0.0631579, 0.894737, 0.431579, 0.831579, 0.684211, 1.0], "pitch40_hewlett": [152, 152, 158, 152, 146, 141, 135, 129, 146, 141, 135, 129, 152, 152, 158, 152, 146, 141, 135, 129], "pitch40_sapp": [191, 191, 197, 191, 185, 180, 174, 168, 185, 180, 174, 168, 191, 191, 197, 191, 185, 180, 174, 168], "octave": [4, 4, 4, 4, 4, 4, 4, 4, 4, 4, 4, 4, 4, 4, 4, 4, 4, 4, 4, 4], "midipitch": [69, 69, 71, 69, 67, 66, 64, 62, 67, 66, 64, 62, 69, 69, 71, 69, 67, 66, 64, 62], "diatonicpitch": [32, 32, 33, 32, 31, 30, 29, 28, 31, 30, 29, 28, 32, 32, 33, 32, 31, 30, 29, 28], "diatonicinterval": [null, 0, 1, -1, -1, -1, -1, -1, 3, -1, -1, -1, 4, 0, 1, -1, -1, -1, -1, -1], "chromaticinterval": [null, 0, 2, -2, -2, -1, -2, -2, 5, -1, -2, -2, 7, 0, 2, -2, -2, -1, -2, -2], "pitchproximity": [null, null, 2, 2, 2, 1, 2, 2, 5, 1, 2, 2, 7, 0, 2, 2, 2, 1, 2, 2], "pitchreversal": [null, null, 0, 1.5, 0, 0, 0, 0, 0, 0, 0, 0, 0, 1, 0, 1.5, 0, 0, 0, 0], "nextisrest": [false, false, false, false, false, false, false, false, false, false, false, false, false, false, false, false, false, false, false, null], "restduration_frac": [null, null, null, null, null, null, null, null, null, null, null, null, null, null, null, null, null, null, null, null], "duration": [1.0, 0.75, 0.25, 1.5, 0.5, 0.5, 0.5, 0.5, 0.5, 0.5, 0.5, 1.0, 1.0, 0.75, 0.25, 1.5, 0.5, 1.0, 1.0, 2.0], "duration_frac": ["1", "3/4", "1/4", "3/2", "1/2", "1/2", "1/2", "1/2", "1/2", "1/2", "1/2", "1", "1", "3/4", "1/4", "3/2", "1/2", "1", "1", "2"], "duration_fullname": ["Quarter", "Dotted Eighth", "16th", "Dotted Quarter", "Eighth", "Eighth", "Eighth", "Eighth", "Eighth", "Eighth", "Eighth", "Quarter", "Quarter", "Dotted Eighth", "16th", "Dotted Quarter", "Eighth", "Quarter", "Quarter", "Half"], "durationcontour": [null, "-", "-", "+", "-", "=", "=", "=", "=", "=", "=", "+", "=", "-", "-", "+", "-", "+", "=", "+"], "onsettick": [0, 4, 7, 8, 14, 16, 18, 20, 22, 24, 26, 28, 32, 36, 39, 40, 46, 48, 52, 56], "beatfraction": ["1", "3/4", "1/4", "3/2", "1/2", "1/2", "1/2", "1/2", "1/2", "1/2", "1/2", "1", "1", "3/4", "1/4", "3/2", "1/2", "1", "1", "2"], "phrasepos": [0.0, 0.14285714285714285, 0.25, 0.2857142857142857, 0.5, 0.5714285714285714, 0.6428571428571429, 0.7142857142857143, 0.7857142857142857, 0.8571428571428571, 0.9285714285714286, 1.0, 0.0, 0.16666666666666666, 0.2916666666666667, 0.3333333333333333, 0.5833333333333334, 0.6666666666666666, 0.8333333333333334, 1.0], "phrase_ix": [0, 0, 0, 0, 0, 0, 0, 0, 0, 0, 0, 0, 1, 1, 1, 1, 1, 1, 1, 1], "phrase_end": [false, false, false, false, false, false, false, false, false, false, false, true, false, false, false, false, false, false, false, true], "songpos": [0.0, 0.07142857142857142, 0.125, 0.14285714285714285, 0.25, 0.2857142857142857, 0.32142857142857145, 0.35714285714285715, 0.39285714285714285, 0.42857142857142855, 0.4642857142857143, 0.5, 0.5714285714285714, 0.6428571428571429, 0.6964285714285714, 0.7142857142857143, 0.8214285714285714, 0.8571428571428571, 0.9285714285714286, 1.0], "beatinsong": ["0", "1", "7/4", "2", "7/2", "4", "9/2", "5", "11/2", "6", "13/2", "7", "8", "9", "39/4", "10", "23/2", "12", "13", "14"], "beatinphrase": ["0", "1", "7/4", "2", "7/2", "4", "9/2", "5", "11/2", "6", "13/2", "7", "0", "1", "7/4", "2", "7/2", "4", "5", "6"], "beatinphrase_end": ["-6", "-5", "-17/4", "-4", "-5/2", "-2", "-3/2", "-1", "-1/2", "0", "1/2", "1", "-6", "-5", "-17/4", "-4", "-5/2", "-2", "-1", "0"], "IOI_frac": ["1", "3/4", "1/4", "3/2", "1/2", "1/2", "1/2", "1/2", "1/2", "1/2", "1/2", "1", "1", "3/4", "1/4", "3/2", "1/2", "1", "1", null], "IOI": [1.0, 0.75, 0.25, 1.5, 0.5, 0.5, 0.5, 0.5, 0.5, 0.5, 0.5, 1.0, 1.0, 0.75, 0.25, 1.5, 0.5, 1.0, 1.0, null], "IOR_frac": [null, "3/4", "1/3", "6", "1/3", "1", "1", "1", "1", "1", "1", "2", "1", "3/4", "1/3", "6", "1/3", "2", "1", null], "IOR": [null, 0.75, 0.3333333333333333, 6.0, 0.3333333333333333, 1.0, 1.0, 1.0, 1.0, 1.0, 1.0, 2.0, 1.0, 0.75, 0.3333333333333333, 6.0, 0.3333333333333333, 2.0, 1.0, null], "imacontour": [null, "-", "-", "+", "-", "+", "-", "+", "-", "+", "-", "+", "-", "-", "-", "+", "-", "+", "-", "+"], "pitch": ["A4", "A4", "B4", "A4", "G4", "F#4", "E4", "D4", "G4", "F#4", "E4", "D4", "A4", "A4", "B4", "A4", "G4", "F#4", "E4", "D4"], "contour3": [null, "=", "+", "-", "-", "-", "-", "-", "+", "-", "-", "-", "+", "=", "+", "-", "-", "-", "-", "-"], "contour5": [null, "=", "+", "-", "-", "-", "-", "-", "++", "-", "-", "-", "++", "=", "+", "-", "-", "-", "-", "-"], "beatstrength": [1.0, 0.5, 0.125, 1.0, 0.25, 1.0, 0.25, 0.5, 0.25, 1.0, 0.25, 0.5, 1.0, 0.5, 0.125, 1.0, 0.25, 1.0, 0.5, 1.0], "beat_str": ["1", "2", "2", "1", "2", "1", "1", "2", "2", "1", "1", "2", "1", "2", "2", "1", "2", "1", "2", "1"], "beat_fraction_str": ["0", "0", "3/4", "0", "1/2", "0", "1/2", "0", "1/2", "0", "1/2", "0", "0", "0", "3/4", "0", "1/2", "0", "0", "0"], "beat": [1.0, 2.0, 2.75, 1.0, 2.5, 1.0, 1.5, 2.0, 2.5, 1.0, 1.5, 2.0, 1.0, 2.0, 2.75, 1.0, 2.5, 1.0, 2.0, 1.0], "timesignature": ["2/4", "2/4", "2/4", "2/4", "2/4", "2/4", "2/4", "2/4", "2/4", "2/4", "2/4", "2/4", "2/4", "2/4", "2/4", "2/4", "2/4", "2/4", "2/4", "2/4"], "gpr2a_Frankland": [null, null, null, null, null, null, null, null, null, null, null, null, null, null, null, null, null, null, null, null], "gpr2b_Frankland": [null, null, null, 0.75, null, null, null, null, null, null, null, null, null, null, null, 0.75, null, null, null, null], "gpr3a_Frankland": [null, null, null, null, null, null, null, 0.7, null, null, null, 0.8571428571428572, null, null, null, null, null, null, null, null], "gpr3d_Frankland": [null, null, null, null, null, 0.0, 0.0, 0.0, 0.0, null, 0.5, null, null, null, null, null, null, null, null, null], "gpr_Frankland_sum": [0, 0, 0, 0.75, 0, 0, 0, 0.7, 0, 0, 0.5, 0.8571428571428572, 0, 0, 0, 0.75, 0, 0, 0, 0], "lbdm_spitch": [null, 0.11592505854800937, 0.0, 0.04637002341920375, 0.04637002341920375, 0.04637002341920375, 0.07728337236533957, 0.4830210772833723, 0.08114754098360655, 0.04637002341920375, 0.10538641686182669, 1.0, 0.0, 0.11592505854800937, 0.0, 0.04637002341920375, 0.04637002341920375, 0.04637002341920375, null, null], "lbdm_sioi": [null, 0.2647058823529411, 0.16666666666666666, 1.0, 0.1372549019607843, 0.0, 0.0, 0.0, 0.0, 0.0, 0.09150326797385619, 0.18300653594771238, 0.07843137254901959, 0.2647058823529411, 0.16666666666666666, 1.0, 0.2287581699346405, 0.18300653594771238, null, null], "lbdm_srest": [null, 0.0, 0.0, 0.0, 0.0, 0.0, 0.0, 0.0, 0.0, 0.0, 0.0, 0.0, 0.0, 0.0, 0.0, 0.0, 0.0, 0.0, null, null], "lbdm_rpitch": [null, 0.5, 0.0, 0.0, 0.2, 0.2, 0.0, 0.3333333333333333, 0.5, 0.2, 0.0, 0.45454545454545453, 0.7777777777777778, 0.5, 0.0, 0.0, 0.2, 0.2, 0.0, null],