{"id": "NLB144189_01", "tunefamily": "", "year": 1941, "tunefamily_full": "", "type": "vocal", "freemeter": false, "origin": "", "features": {"scaledegree": [3, 3, 2, 2, 1, 1, 1, 2, 2, 5, 5, 1], "scaledegreespecifier": ["M", "M", "M", "M", "P", "P", "P", "M", "M", "P", "P", "P"], "tonic": ["F", "F", "F", "F", "F", "F", "F", "F", "F", "F", "F", "F"], "mode": ["major", "major", "major", "major", "major", "major", "major", "major", "major", "major", "major", "major"], "metriccontour": [null, "-", "+", "-", "+", "-", "-", "+", "-", "+", "-", "+"], "imaweight": [0.73913, 0.315217, 0.608696, 0.391304, 0.663043, 1.0, 0.576087, 0.782609, 0.565217, 0.880435, 0.478261, 1.0], "imaweight_spectral": [0.962963, 0.601852, 0.851852, 0.666667, 0.898148, 1.0, 0.638889, 0.814815, 0.62963, 0.898148, 0.555556, 1.0], "pitch40_hewlett": [152, 152, 146, 146, 140, 140, 140, 146, 146, 163, 163, 140], "pitch40_sapp": [191, 191, 185, 185, 179, 179, 179, 185, 185, 202, 202, 179], "octave": [4, 4, 4, 4, 4, 4, 4, 4, 4, 5, 5, 4], "midipitch": [69, 69, 67, 67, 65, 65, 65, 67, 67, 72, 72, 65], "diatonicpitch": [30, 30, 29, 29, 28, 28, 28, 29, 29, 32, 32, 28], "diatonicinterval": [null, 0, -1, 0, -1, 0, 0, 1, 0, 3, 0, -4], "chromaticinterval": [null, 0, -2, 0, -2, 0, 0, 2, 0, 5, 0, -7], "pitchproximity": [null, null, 2, 0, 2, 0, 0, 2, 0, 5, 0, 7], "pitchreversal": [null, null, 0, 0, 0, 0, 0, 0, 0, 0, 0, 0], "nextisrest": [false, false, false, false, false, false, false, false, false, false, false, null], "restduration_frac": [null, null, null, null, null, null, null, null, null, null, null, null], "duration": [0.5, 0.5, 0.5, 0.5, 1.0, 0.5, 0.5, 0.5, 0.5, 0.5, 0.5, 2.0], "duration_frac": ["1/2", "1/2", "1/2", "1/2", "1", "1/2", "1/2", "1/2", "1/2", "1/2", "1/2", "2"], "duration_fullname": ["Eighth", "Eighth", "Eighth", "Eighth", "Quarter", "Eighth", "Eighth", "Eighth", "Eighth", "Eighth", "Eighth", "Half"], "durationcontour": [null, "=", "=", "=", "+", "-", "=", "=", "=", "=", "=", "+"], "onsettick": [0, 1, 2, 3, 4, 6, 7, 8, 9, 10, 11, 12], "beatfraction": ["1/2", "1/2", "1/2", "1/2", "1", "1/2", "1/2", "1/2", "1/2", "1/2", "1/2", "2"], "phrasepos": [0.0, 0.25, 0.5, 0.75, 1.0, 0.0, 0.16666666666666666, 0.3333333333333333, 0.5, 0.6666666666666666, 0.8333333333333334, 1.0], "phrase_ix": [0, 0, 0, 0, 0, 1, 1, 1, 1, 1, 1, 1], "phrase_end": [false, false, false, false, true, false, false, false, false, false, false, true], "songpos": [0.0, 0.08333333333333333, 0.16666666666666666, 0.25, 0.3333333333333333, 0.5, 0.5833333333333334, 0.6666666666666666, 0.75, 0.8333333333333334, 0.9166666666666666, 1.0], "beatinsong": ["0", "1/2", "1", "3/2", "2", "3", "7/2", "4", "9/2", "5", "11/2", "6"], "beatinphrase": ["0", "1/2", "1", "3/2", "2", "-1", "-1/2", "0", "1/2", "1", "3/2", "2"], "beatinphrase_end": ["-2", "-3/2", "-1", "-1/2", "0", "-3", "-5/2", "-2", "-3/2", "-1", "-1/2", "0"], "IOI_frac": ["1/2", "1/2", "1/2", "1/2", "1", "1/2", "1/2", "1/2", "1/2", "1/2", "1/2", null], "IOI": [0.5, 0.5, 0.5, 0.5, 1.0, 0.5, 0.5, 0.5, 0.5, 0.5, 0.5, null], "IOR_frac": [null, "1", "1", "1", "2", "1/2", "1", "1", "1", "1", "1", null], "IOR": [null, 1.0, 1.0, 1.0, 2.0, 0.5, 1.0, 1.0, 1.0, 1.0, 1.0, null], "imacontour": [null, "-", "+", "-", "+", "+", "-", "+", "-", "+", "-", "+"], "pitch": ["A4", "A4", "G4", "G4", "F4", "F4", "F4", "G4", "G4", "C5", "C5", "F4"], "contour3": [null, "=", "-", "=", "-", "=", "=", "+", "=", "+", "=", "-"], "contour5": [null, "=", "-", "=", "-", "=", "=", "+", "=", "++", "=", "--"], "beatstrength": [1.0, 0.25, 0.5, 0.25, 1.0, 0.5, 0.25, 1.0, 0.25, 0.5, 0.25, 1.0], "beat_str": ["1", "1", "2", "2", "1", "2", "2", "1", "1", "2", "2", "1"], "beat_fraction_str": ["0", "1/2", "0", "1/2", "0", "0", "1/2", "0", "1/2", "0", "1/2", "0"], "beat": [1.0, 1.5, 2.0, 2.5, 1.0, 2.0, 2.5, 1.0, 1.5, 2.0, 2.5, 1.0], "timesignature": ["2/4", "2/4", "2/4", "2/4", "2/4", "2/4", "2/4", "2/4", "2/4", "2/4", "2/4", "2/4"], "gpr2a_Frankland": [null, null, null, null, null, null, null, null, null, null, null, null], "gpr2b_Frankland": [null, null, null, null, 0.5, null, null, null, null, null, null, null], "gpr3a_Frankland": [null, 1.0, null, 1.0, null, null, 1.0, null, 1.0, null, null, null], "gpr3d_Frankland": [null, 0.0, null, null, null, null, 0.0, 0.0, 0.0, null, null, null], "gpr_Frankland_sum": [0, 1.0, 0, 1.0, 0.5, 0, 1.0, 0, 1.0, 0, 0, 0], "lbdm_spitch": [null, 0.27999999999999997, 0.0, 0.27999999999999997, 0.0, 0.0, 0.27999999999999997, 0.0, 1.0, 0.0, null, null], "lbdm_sioi": [null, 0.0, 0.0, 0.25, 1.0, 0.25, 0.0, 0.0, 0.0, 0.0, null, null], "lbdm_srest": [null, 0.0, 0.0, 0.0, 0.0, 0.0, 0.0, 0.0, 0.0, 0.0, null, null], "lbdm_rpitch": [null, 0.5, 0.5, 0.5, 0.5, 0.0, 0.5, 0.5, 0.7142857142857143, 0.7142857142857143, 0.7777777777777778, null], "lbdm_rioi": [null, 0.0, 0.0, 0.0, 0.3333333333333333, 0.3333333333333333, 0.0, 0.0, 0.0, 0.0, 0.0, null], "lbdm_rrest": [null, 0.0, 0.0, 0.0, 0.0, 0.0, 0.0, 0.0, 0.0, 0.0, 0.0, null], "lbdm_boundarystrength": [null, 0.06999999999999999, 0.0, 0.195, 0.5, 0.125, 0.06999999999999999, 0.0, 0.25, 0.0, null, null]}, "ann_bgcorpus": false}
