{"id": "NLB196495_01", "tunefamily": "", "year": 1734, "tunefamily_full": "", "type": "instrumental", "freemeter": false, "origin": "", "features": {"scaledegree": [3, 4, 5, 4, 3, 6, 5, 4, 3, 2, 1, 7, 1, 3, 5, 4, 3, 1, 3], "scaledegreespecifier": ["M", "P", "P", "P", "M", "M", "P", "P", "M", "M", "P", "M", "P", "M", "P", "P", "M", "P", "M"], "tonic": ["D", "D", "D", "D", "D", "D", "D", "D", "D", "D", "D", "D", "D", "D", "D", "D", "D", "D", "D"], "mode": ["major", "major", "major", "major", "major", "major", "major", "major", "major", "major", "major", "major", "major", "major", "major", "major", "major", "major", "major"], "metriccontour": [null, "-", "=", "+", "-", "+", "-", "-", "+", "-", "+", "-", "+", "+", "-", "-", "=", "+", "-"], "imaweight": [0.987805, 0.292683, 0.841463, 0.536585, 0.890244, 0.939024, 0.54878, 0.146341, 1.0, 0.402439, 0.597561, 0.45122, 0.902439, 0.939024, 0.353659, 0.109756, 0.109756, 0.902439, 0.097561], "imaweight_spectral": [0.940741, 0.488889, 0.851852, 0.666667, 0.851852, 1.0, 0.333333, 0.0888889, 0.822222, 0.274074, 0.607407, 0.303704, 0.792593, 1.0, 0.577778, 0.0666667, 0.0666667, 0.881481, 0.274074], "pitch40_hewlett": [181, 186, 192, 186, 181, 198, 192, 186, 181, 175, 169, 164, 169, 181, 192, 186, 181, 209, 181], "pitch40_sapp": [220, 225, 231, 225, 220, 237, 231, 225, 220, 214, 208, 203, 208, 220, 231, 225, 220, 248, 220], "octave": [5, 5, 5, 5, 5, 5, 5, 5, 5, 5, 5, 5, 5, 5, 5, 5, 5, 6, 5], "midipitch": [78, 79, 81, 79, 78, 83, 81, 79, 78, 76, 74, 73, 74, 78, 81, 79, 78, 86, 78], "diatonicpitch": [37, 38, 39, 38, 37, 40, 39, 38, 37, 36, 35, 34, 35, 37, 39, 38, 37, 42, 37], "diatonicinterval": [null, 1, 1, -1, -1, 3, -1, -1, -1, -1, -1, -1, 1, 2, 2, -1, -1, 5, -5], "chromaticinterval": [null, 1, 2, -2, -1, 5, -2, -2, -1, -2, -2, -1, 1, 4, 3, -2, -1, 8, -8], "pitchproximity": [null, null, 2, 2, 1, 5, 2, 2, 1, 2, 2, 1, 1, 4, 3, 2, 1, 8, 8], "pitchreversal": [null, null, 0, 1.5, 0, 0, 0, 0, 0, 0, 0, 0, 1.5, 0, 0, 1.5, 0, 0, 2.5], "nextisrest": [false, false, false, false, false, false, false, false, false, false, false, false, false, false, false, false, false, false, null], "restduration_frac": [null, null, null, null, null, null, null, null, null, null, null, null, null, null, null, null, null, null, null], "duration": [0.5, 0.5, 0.5, 0.5, 1.0, 0.75, 0.125, 0.125, 0.25, 0.25, 0.25, 0.25, 1.0, 0.5, 0.16666666666666666, 0.16666666666666666, 0.16666666666666666, 0.25, 0.25], "duration_frac": ["1/2", "1/2", "1/2", "1/2", "1", "3/4", "1/8", "1/8", "1/4", "1/4", "1/4", "1/4", "1", "1/2", "1/6", "1/6", "1/6", "1/4", "1/4"], "duration_fullname": ["Eighth", "Eighth", "Eighth", "Eighth", "Quarter", "Dotted Eighth", "32nd", "32nd", "16th", "16th", "16th", "16th", "Quarter", "Eighth", "16th Triplet (1/6 QL)", "16th Triplet (1/6 QL)", "16th Triplet (1/6 QL)", "16th", "16th"], "durationcontour": [null, "=", "=", "=", "+", "-", "-", "=", "+", "=", "=", "=", "+", "-", "-", "=", "=", "+", "="], "onsettick": [0, 12, 24, 36, 48, 72, 90, 93, 96, 102, 108, 114, 120, 144, 156, 160, 164, 168, 174], "beatfraction": ["1/3", "1/3", "1/3", "1/3", "2/3", "1/2", "1/12", "1/12", "1/6", "1/6", "1/6", "1/6", "2/3", "1/3", "1/9", "1/9", "1/9", "1/6", "1/6"], "phrasepos": [0.0, 0.1, 0.2, 0.3, 0.4, 0.6, 0.75, 0.775, 0.8, 0.85, 0.9, 0.95, 1.0, 0.0, 0.4, 0.5333333333333333, 0.6666666666666666, 0.8, 1.0], "phrase_ix": [0, 0, 0, 0, 0, 0, 0, 0, 0, 0, 0, 0, 0, 1, 1, 1, 1, 1, 1], "phrase_end": [false, false, false, false, false, false, false, false, false, false, false, false, true, false, false, false, false, false, true], "songpos": [0.0, 0.06896551724137931, 0.13793103448275862, 0.20689655172413793, 0.27586206896551724, 0.41379310344827586, 0.5172413793103449, 0.5344827586206896, 0.5517241379310345, 0.5862068965517241, 0.6206896551724138, 0.6551724137931034, 0.6896551724137931, 0.8275862068965517, 0.896551724137931, 0.9195402298850575, 0.9425287356321839, 0.9655172413793104, 1.0], "beatinsong": ["0", "1/3", "2/3", "1", "4/3", "2", "5/2", "31/12", "8/3", "17/6", "3", "19/6", "10/3", "4", "13/3", "40/9", "41/9", "14/3", "29/6"], "beatinphrase": ["0", "1/3", "2/3", "1", "4/3", "2", "5/2", "31/12", "8/3", "17/6", "3", "19/6", "10/3", "0", "1/3", "4/9", "5/9", "2/3", "5/6"], "beatinphrase_end": ["-3", "-8/3", "-7/3", "-2", "-5/3", "-1", "-1/2", "-5/12", "-1/3", "-1/6", "0", "1/6", "1/3", "0", "1/3", "4/9", "5/9", "2/3", "5/6"], "IOI_frac": ["1/2", "1/2", "1/2", "1/2", "1", "3/4", "1/8", "1/8", "1/4", "1/4", "1/4", "1/4", "1", "1/2", "1/6", "1/6", "1/6", "1/4", null], "IOI": [0.5, 0.5, 0.5, 0.5, 1.0, 0.75, 0.125, 0.125, 0.25, 0.25, 0.25, 0.25, 1.0, 0.5, 0.16666666666666666, 0.16666666666666666, 0.16666666666666666, 0.25, null], "IOR_frac": [null, "1", "1", "1", "2", "3/4", "1/6", "1", "2", "1", "1", "1", "4", "1/2", "1/3", "1", "1", "3/2", null], "IOR": [null, 1.0, 1.0, 1.0, 2.0, 0.75, 0.16666666666666666, 1.0, 2.0, 1.0, 1.0, 1.0, 4.0, 0.5, 0.3333333333333333, 1.0, 1.0, 1.5, null], "imacontour": [null, "-", "+", "-", "+", "+", "-", "-", "+", "-", "+", "-", "+", "+", "-", "-", "=", "+", "-"], "pitch": ["F#5", "G5", "A5", "G5", "F#5", "B5", "A5", "G5", "F#5", "E5", "D5", "C#5", "D5", "F#5", "A5", "G5", "F#5", "D6", "F#5"], "contour3": [null, "+", "+", "-", "-", "+", "-", "-", "-", "-", "-", "-", "+", "+", "+", "-", "-", "+", "-"], "contour5": [null, "+", "+", "-", "-", "++", "-", "-", "-", "-", "-", "-", "+", "++", "++", "-", "-", "++", "--"], "beatstrength": [1.0, 0.5, 0.5, 1.0, 0.5, 1.0, 0.25, 0.125, 0.5, 0.25, 1.0, 0.25, 0.5, 1.0, 0.5, 0.0625, 0.0625, 0.5, 0.25], "beat_str": ["1", "1", "1", "1", "1", "1", "1", "1", "1", "1", "1", "1", "1", "1", "1", "1", "1", "1", "1"], "beat_fraction_str": ["0", "1/3", "2/3", "0", "1/3", "0", "1/2", "7/12", "2/3", "5/6", "0", "1/6", "1/3", "0", "1/3", "4/9", "5/9", "2/3", "5/6"], "beat": [1.0, 1.3333333333333333, 1.6666666666666667, 1.0, 1.3333333333333333, 1.0, 1.5, 1.5833333333333333, 1.6666666666666667, 1.8333333333333333, 1.0, 1.1666666666666667, 1.3333333333333333, 1.0, 1.3333333333333333, 1.4444444444444444, 1.5555555555555556, 1.6666666666666667, 1.8333333333333333], "timesignature": ["3/8", "3/8", "3/8", "3/8", "3/8", "3/8", "3/8", "3/8", "3/8", "3/8", "3/8", "3/8", "3/8", "3/8", "3/8", "3/8", "3/8", "3/8", "3/8"], "gpr2a_Frankland": [null, null, null, null, null, null, null, null, null, null, null, null, null, null, null, null, null, null, null], "gpr2b_Frankland": [null, null, null, null, 0.375, null, null, null, null, null, null, null, 0.625, null, null, null, null, null, null], "gpr3a_Frankland": [null, null, null, null, 0.7, null, null, null, null, null, null, null, 0.5, null, null, null, null, null, null], "gpr3d_Frankland": [null, 0.0, null, null, null, null, null, 0.5, null, 0.0, null, null, null, null, null, null, null, null, null], "gpr_Frankland_sum": [0, 0, 0, 0, 1.075, 0, 0, 0.5, 0, 0, 0, 0, 1.125, 0, 0, 0, 0, 0, 0], "lbdm_spitch": [null, 0.07857142857142858, 0.07857142857142858, 0.13749999999999998, 0.8184523809523808, 0.13095238095238096, 0.07857142857142858, 0.07857142857142858, 0.07857142857142858, 0.07857142857142858, 0.03928571428571429, 0.08418367346938775, 0.42403628117913833, 0.14965986394557823, 0.1346938775510204, 0.1642857142857143, 1.0, null, null], "lbdm_sioi": [null, 0.0, 0.0, 0.17857142857142855, 0.5102040816326531, 0.6887755102040817, 0.09566326530612244, 0.04464285714285714, 0.08928571428571427, 0.0, 0.0, 0.1607142857142857, 1.0, 0.4464285714285715, 0.08928571428571429, 0.0, 0.03571428571428572, null, null], "lbdm_srest": [null, 0.0, 0.0, 0.0, 0.0, 0.0, 0.0, 0.0, 0.0, 0.0, 0.0, 0.0, 0.0, 0.0, 0.0, 0.0, 0.0, null, null], "lbdm_rpitch": [null, 0.2, 0.0, 0.2, 0.5, 0.3333333333333333, 0.0, 0.2, 0.2, 0.0, 0.2, 0.0, 0.42857142857142855, 0.1111111111111111, 0.14285714285714285, 0.2, 0.6363636363636364, 0.0, null],