{"id": "NLB138642_01", "tunefamily": "", "year": 1930, "tunefamily_full": "", "type": "vocal", "freemeter": false, "origin": "", "features": {"scaledegree": [5, 5, 1, 1, 2, 3, 2, 1, 1, 5, 5, 5, 5, 5, 5, 1, 1, 1, 5, 5, 1], "scaledegreespecifier": ["P", "P", "P", "P", "M", "M", "M", "P", "P", "P", "P", "P", "P", "P", "P", "P", "P", "P", "P", "P", "P"], "tonic": ["G", "G", "G", "G", "G", "G", "G", "G", "G", "G", "G", "G", "G", "G", "G", "G", "G", "G", "G", "G", "G"], "mode": ["major", "major", "major", "major", "major", "major", "major", "major", "major", "major", "major", "major", "major", "major", "major", "major", "major", "major", "major", "major", "major"], "metriccontour": [null, "-", "+", "-", "-", "+", "-", "+", "-", "+", "-", "-", "+", "-", "-", "+", "-", "-", "+", "-", "+"], "imaweight": [0.983122, 0.0168776, 0.983122, 0.983122, 0.0506329, 0.983122, 0.983122, 0.983122, 0.983122, 0.983122, 0.983122, 0.135021, 0.983122, 1.0, 0.101266, 1.0, 1.0, 0.0675105, 1.0, 1.0, 1.0], "imaweight_spectral": [0.984906, 0.120755, 0.969811, 0.954717, 0.150943, 0.969811, 0.969811, 0.984906, 0.969811, 0.969811, 0.954717, 0.196226, 0.939623, 0.984906, 0.150943, 0.954717, 0.954717, 0.135849, 0.984906, 0.969811, 1.0], "pitch40_hewlett": [129, 129, 146, 146, 152, 158, 152, 146, 146, 169, 129, 129, 129, 129, 129, 146, 146, 146, 129, 129, 146], "pitch40_sapp": [168, 168, 185, 185, 191, 197, 191, 185, 185, 208, 168, 168, 168, 168, 168, 185, 185, 185, 168, 168, 185], "octave": [4, 4, 4, 4, 4, 4, 4, 4, 4, 5, 4, 4, 4, 4, 4, 4, 4, 4, 4, 4, 4], "midipitch": [62, 62, 67, 67, 69, 71, 69, 67, 67, 74, 62, 62, 62, 62, 62, 67, 67, 67, 62, 62, 67], "diatonicpitch": [25, 25, 28, 28, 29, 30, 29, 28, 28, 32, 25, 25, 25, 25, 25, 28, 28, 28, 25, 25, 28], "diatonicinterval": [null, 0, 3, 0, 1, 1, -1, -1, 0, 4, -7, 0, 0, 0, 0, 3, 0, 0, -3, 0, 3], "chromaticinterval": [null, 0, 5, 0, 2, 2, -2, -2, 0, 7, -12, 0, 0, 0, 0, 5, 0, 0, -5, 0, 5], "pitchproximity": [null, null, 5, 0, 2, 2, 2, 2, 0, 7, null, 0, 0, 0, 0, 5, 0, 0, 5, 0, 5], "pitchreversal": [null, null, 0, 0, 0, 0, 1.5, 0, 0, 0, 1, null, 0, 0, 0, 0, 0, 0, 0, 0, 0], "nextisrest": [false, false, false, false, false, false, false, false, false, false, false, false, false, false, false, false, false, false, false, false, null], "restduration_frac": [null, null, null, null, null, null, null, null, null, null, null, null, null, null, null, null, null, null, null, null, null], "duration": [0.5, 0.5, 1.0, 0.5, 0.5, 1.0, 1.0, 1.0, 1.0, 1.0, 0.5, 0.5, 1.0, 0.5, 0.5, 1.0, 0.5, 0.5, 1.0, 1.0, 1.0], "duration_frac": ["1/2", "1/2", "1", "1/2", "1/2", "1", "1", "1", "1", "1", "1/2", "1/2", "1", "1/2", "1/2", "1", "1/2", "1/2", "1", "1", "1"], "duration_fullname": ["Eighth", "Eighth", "Quarter", "Eighth", "Eighth", "Quarter", "Quarter", "Quarter", "Quarter", "Quarter", "Eighth", "Eighth", "Quarter", "Eighth", "Eighth", "Quarter", "Eighth", "Eighth", "Quarter", "Quarter", "Quarter"], "durationcontour": [null, "=", "+", "-", "=", "+", "=", "=", "=", "=", "-", "=", "+", "-", "=", "+", "-", "=", "+", "=", "="], "onsettick": [0, 1, 2, 4, 5, 6, 8, 10, 12, 14, 16, 17, 18, 20, 21, 22, 24, 25, 26, 28, 30], "beatfraction": ["1/2", "1/2", "1", "1/2", "1/2", "1", "1", "1", "1", "1", "1/2", "1/2", "1", "1/2", "1/2", "1", "1/2", "1/2", "1", "1", "1"], "phrasepos": [0.0, 0.1, 0.2, 0.4, 0.5, 0.6, 0.8, 1.0, 0.0, 0.3333333333333333, 0.6666666666666666, 0.8333333333333334, 1.0, 0.0, 0.1, 0.2, 0.4, 0.5, 0.6, 0.8, 1.0], "phrase_ix": [0, 0, 0, 0, 0, 0, 0, 0, 1, 1, 1, 1, 1, 2, 2, 2, 2, 2, 2, 2, 2], "phrase_end": [false, false, false, false, false, false, false, true, false, false, false, false, true, false, false, false, false, false, false, false, true], "songpos": [0.0, 0.03333333333333333, 0.06666666666666667, 0.13333333333333333, 0.16666666666666666, 0.2, 0.26666666666666666, 0.3333333333333333, 0.4, 0.4666666666666667, 0.5333333333333333, 0.5666666666666667, 0.6, 0.6666666666666666, 0.7, 0.7333333333333333, 0.8, 0.8333333333333334, 0.8666666666666667, 0.9333333333333333, 1.0], "beatinsong": ["-1", "-1/2", "0", "1", "3/2", "2", "3", "4", "5", "6", "7", "15/2", "8", "9", "19/2", "10", "11", "23/2", "12", "13", "14"], "beatinphrase": ["-1", "-1/2", "0", "1", "3/2", "2", "3", "4", "-1", "0", "1", "3/2", "2", "-1", "-1/2", "0", "1", "3/2", "2", "3", "4"], "beatinphrase_end": ["-5", "-9/2", "-4", "-3", "-5/2", "-2", "-1", "0", "-3", "-2", "-1", "-1/2", "0", "-5", "-9/2", "-4", "-3", "-5/2", "-2", "-1", "0"], "IOI_frac": ["1/2", "1/2", "1", "1/2", "1/2", "1", "1", "1", "1", "1", "1/2", "1/2", "1", "1/2", "1/2", "1", "1/2", "1/2", "1", "1", null], "IOI": [0.5, 0.5, 1.0, 0.5, 0.5, 1.0, 1.0, 1.0, 1.0, 1.0, 0.5, 0.5, 1.0, 0.5, 0.5, 1.0, 0.5, 0.5, 1.0, 1.0, null], "IOR_frac": [null, "1", "2", "1/2", "1", "2", "1", "1", "1", "1", "1/2", "1", "2", "1/2", "1", "2", "1/2", "1", "2", "1", null], "IOR": [null, 1.0, 2.0, 0.5, 1.0, 2.0, 1.0, 1.0, 1.0, 1.0, 0.5, 1.0, 2.0, 0.5, 1.0, 2.0, 0.5, 1.0, 2.0, 1.0, null], "imacontour": [null, "-", "+", "=", "-", "+", "=", "=", "=", "=", "=", "-", "+", "+", "-", "+", "=", "-", "+", "=", "="], "pitch": ["D4", "D4", "G4", "G4", "A4", "B4", "A4", "G4", "G4", "D5", "D4", "D4", "D4", "D4", "D4", "G4", "G4", "G4", "D4", "D4", "G4"], "contour3": [null, "=", "+", "=", "+", "+", "-", "-", "=", "+", "-", "=", "=", "=", "=", "+", "=", "=", "-", "=", "+"], "contour5": [null, "=", "++", "=", "+", "+", "-", "-", "=", "++", "--", "=", "=", "=", "=", "++", "=", "=", "--", "=", "++"], "beatstrength": [0.5, 0.25, 1.0, 0.5, 0.25, 1.0, 0.5, 1.0, 0.5, 1.0, 0.5, 0.25, 1.0, 0.5, 0.25, 1.0, 0.5, 0.25, 1.0, 0.5, 1.0], "beat_str": ["2", "2", "1", "2", "2", "1", "2", "1", "2", "1", "2", "2", "1", "2", "2", "1", "2", "2", "1", "2", "1"], "beat_fraction_str": ["0", "1/2", "0", "0", "1/2", "0", "0", "0", "0", "0", "0", "1/2", "0", "0", "1/2", "0", "0", "1/2", "0", "0", "0"], "beat": [2.0, 2.5, 1.0, 2.0, 2.5, 1.0, 2.0, 1.0, 2.0, 1.0, 2.0, 2.5, 1.0, 2.0, 2.5, 1.0, 2.0, 2.5, 1.0, 2.0, 1.0], "timesignature": ["2/4", "2/4", "2/4", "2/4", "2/4", "2/4", "2/4", "2/4", "2/4", "2/4", "2/4", "2/4", "2/4", "2/4", "2/4", "2/4", "2/4", "2/4", "2/4", "2/4", "2/4"], "gpr2a_Frankland": [null, null, null, null, null, null, null, null, null, null, null, null, null, null, null, null, null, null, null, null, null], "gpr2b_Frankland": [null, null, 0.5, null, null, null, null, null, null, null, null, null, 0.5, null, null, 0.5, null, null, null, null, null], "gpr3a_Frankland": [null, 1.0, null, null, null, null, null, null, null, 0.7083333333333333, null, null, null, null, 1.0, null, null, 1.0, null, null, null], "gpr3d_Frankland": [null, null, null, null, 0.5, null, 0.0, 0.0, null, 0.5, null, null, null, null, null, null, null, 0.5, null, null, null], "gpr_Frankland_sum": [0, 1.0, 0.5, 0, 0.5, 0, 0, 0, 0, 1.2083333333333333, 0, 0, 0.5, 0, 1.0, 0.5, 0, 1.5, 0, 0, 0], "lbdm_spitch": [null, 0.5434782608695653, 0.0, 0.07608695652173914, 0.0, 0.0, 0.07608695652173914, 0.0, 0.5410628019323671, 1.0, 0.0, 0.0, 0.0, 0.0, 0.5434782608695653, 0.0, 0.0, 0.5434782608695653, 0.0, null, null], "lbdm_sioi": [null, 0.25, 1.0, 0.25, 0.25, 0.5, 0.0, 0.0, 0.0, 0.5, 0.25, 0.25, 1.0, 0.25, 0.25, 1.0, 0.25, 0.25, 0.5, null, null], "lbdm_srest": [null, 0.0, 0.0, 0.0, 0.0, 0.0, 0.0, 0.0, 0.0, 0.0, 0.0, 0.0, 0.0, 0.0, 0.0, 0.0, 0.0, 0.0, 0.0, null, null], "lbdm_rpitch": [null, 0.7142857142857143, 0.7142857142857143, 0.5, 0.0, 0.0, 0.0, 0.5, 0.7777777777777778, 0.23809523809523808, 0.8571428571428571, 0.0, 0.0, 0.0, 0.7142857142857143, 0.7142857142857143, 0.0, 0.7142857142857143, 0.7142857142857143, 0.7142857142857143, null], "lbdm_rioi": [null, 0.0, 0.3333333333333333, 0.3333333333333333, 0.0, 0.3333333333333333, 0.0, 0.0, 0.0, 0.0, 0.3333333333333333, 0.0, 0.3333333333333333, 0.3333333333333333, 0.0, 0.3333333333333333, 0.3333333333333333, 0.0, 0.3333333333333333, 0.0, null], "lbdm_rrest": [null, 0.0, 0.0, 0.0, 0.0, 0.0, 0.0, 0.0, 0.0, 0.0, 0.0, 0.0, 0.0, 0.0, 0.0, 0.0, 0.0, 0.0, 0.0, 0.0, null],