{"id": "NLB146523_01", "tunefamily": "", "year": 1967, "tunefamily_full": "", "type": "vocal", "freemeter": false, "origin": "", "features": {"scaledegree": [5, 1, 5, 1, 5, 1, 3, 5, 4, 3, 2, 4, 3, 3, 2, 2, 1], "scaledegreespecifier": ["P", "P", "P", "P", "P", "P", "M", "P", "P", "M", "M", "P", "M", "M", "M", "M", "P"], "tonic": ["G", "G", "G", "G", "G", "G", "G", "G", "G", "G", "G", "G", "G", "G", "G", "G", "G"], "mode": ["major", "major", "major", "major", "major", "major", "major", "major", "major", "major", "major", "major", "major", "major", "major", "major", "major"], "metriccontour": [null, "+", "-", "+", "-", "+", "-", "+", "+", "-", "+", "-", "+", "-", "+", "-", "+"], "imaweight": [0.209677, 0.790323, 0.290323, 0.790323, 0.145161, 0.790323, 0.354839, 0.790323, 0.790323, 0.209677, 0.790323, 0.129032, 0.854839, 0.209677, 0.354839, 0.145161, 1.0], "imaweight_spectral": [0.419355, 1.0, 0.5, 1.0, 0.354839, 1.0, 0.564516, 1.0, 1.0, 0.5, 1.0, 0.419355, 1.0, 0.209677, 0.5, 0.145161, 1.0], "pitch40_hewlett": [129, 146, 129, 146, 129, 146, 158, 169, 163, 158, 152, 163, 158, 158, 152, 152, 146], "pitch40_sapp": [168, 185, 168, 185, 168, 185, 197, 208, 202, 197, 191, 202, 197, 197, 191, 191, 185], "octave": [4, 4, 4, 4, 4, 4, 4, 5, 5, 4, 4, 5, 4, 4, 4, 4, 4], "midipitch": [62, 67, 62, 67, 62, 67, 71, 74, 72, 71, 69, 72, 71, 71, 69, 69, 67], "diatonicpitch": [25, 28, 25, 28, 25, 28, 30, 32, 31, 30, 29, 31, 30, 30, 29, 29, 28], "diatonicinterval": [null, 3, -3, 3, -3, 3, 2, 2, -1, -1, -1, 2, -1, 0, -1, 0, -1], "chromaticinterval": [null, 5, -5, 5, -5, 5, 4, 3, -2, -1, -2, 3, -1, 0, -2, 0, -2], "pitchproximity": [null, null, 5, 5, 5, 5, 4, 3, 2, 1, 2, 3, 1, 0, 2, 0, 2], "pitchreversal": [null, null, 1.5, 1.5, 1.5, 1.5, 0, 0, 1.5, 0, 0, 1.5, 1.5, 0, 0, 0, 0], "nextisrest": [false, false, false, false, false, false, false, false, false, false, false, false, false, false, false, false, null], "restduration_frac": [null, null, null, null, null, null, null, null, null, null, null, null, null, null, null, null, null], "duration": [0.5, 1.0, 0.5, 1.0, 0.5, 1.0, 0.5, 1.5, 1.0, 0.5, 1.0, 0.5, 0.75, 0.25, 0.25, 0.25, 1.0], "duration_frac": ["1/2", "1", "1/2", "1", "1/2", "1", "1/2", "3/2", "1", "1/2", "1", "1/2", "3/4", "1/4", "1/4", "1/4", "1"], "duration_fullname": ["Eighth", "Quarter", "Eighth", "Quarter", "Eighth", "Quarter", "Eighth", "Dotted Quarter", "Quarter", "Eighth", "Quarter", "Eighth", "Dotted Eighth", "16th", "16th", "16th", "Quarter"], "durationcontour": [null, "+", "-", "+", "-", "+", "-", "+", "-", "-", "+", "-", "+", "-", "=", "=", "+"], "onsettick": [0, 2, 6, 8, 12, 14, 18, 20, 26, 30, 32, 36, 38, 41, 42, 43, 44], "beatfraction": ["1/3", "2/3", "1/3", "2/3", "1/3", "2/3", "1/3", "1", "2/3", "1/3", "2/3", "1/3", "1/2", "1/6", "1/6", "1/6", "2/3"], "phrasepos": [0.0, 0.1, 0.3, 0.4, 0.6, 0.7, 0.9, 1.0, 0.0, 0.2222222222222222, 0.3333333333333333, 0.5555555555555556, 0.6666666666666666, 0.8333333333333334, 0.8888888888888888, 0.9444444444444444, 1.0], "phrase_ix": [0, 0, 0, 0, 0, 0, 0, 0, 1, 1, 1, 1, 1, 1, 1, 1, 1], "phrase_end": [false, false, false, false, false, false, false, true, false, false, false, false, false, false, false, false, true], "songpos": [0.0, 0.045454545454545456, 0.13636363636363635, 0.18181818181818182, 0.2727272727272727, 0.3181818181818182, 0.4090909090909091, 0.45454545454545453, 0.5909090909090909, 0.6818181818181818, 0.7272727272727273, 0.8181818181818182, 0.8636363636363636, 0.9318181818181818, 0.9545454545454546, 0.9772727272727273, 1.0], "beatinsong": ["-1/3", "0", "2/3", "1", "5/3", "2", "8/3", "3", "4", "14/3", "5", "17/3", "6", "13/2", "20/3", "41/6", "7"], "beatinphrase": ["-1/3", "0", "2/3", "1", "5/3", "2", "8/3", "3", "0", "2/3", "1", "5/3", "2", "5/2", "8/3", "17/6", "3"], "beatinphrase_end": ["-7/3", "-2", "-4/3", "-1", "-1/3", "0", "2/3", "1", "-2", "-4/3", "-1", "-1/3", "0", "1/2", "2/3", "5/6", "1"], "IOI_frac": ["1/2", "1", "1/2", "1", "1/2", "1", "1/2", "3/2", "1", "1/2", "1", "1/2", "3/4", "1/4", "1/4", "1/4", null], "IOI": [0.5, 1.0, 0.5, 1.0, 0.5, 1.0, 0.5, 1.5, 1.0, 0.5, 1.0, 0.5, 0.75, 0.25, 0.25, 0.25, null], "IOR_frac": [null, "2", "1/2", "2", "1/2", "2", "1/2", "3", "2/3", "1/2", "2", "1/2", "3/2", "1/3", "1", "1", null], "IOR": [null, 2.0, 0.5, 2.0, 0.5, 2.0, 0.5, 3.0, 0.6666666666666666, 0.5, 2.0, 0.5, 1.5, 0.3333333333333333, 1.0, 1.0, null], "imacontour": [null, "+", "-", "+", "-", "+", "-", "+", "=", "-", "+", "-", "+", "-", "+", "-", "+"], "pitch": ["D4", "G4", "D4", "G4", "D4", "G4", "B4", "D5", "C5", "B4", "A4", "C5", "B4", "B4", "A4", "A4", "G4"], "contour3": [null, "+", "-", "+", "-", "+", "+", "+", "-", "-", "-", "+", "-", "=", "-", "=", "-"], "contour5": [null, "++", "--", "++", "--", "++", "++", "++", "-", "-", "-", "++", "-", "=", "-", "=", "-"], "beatstrength": [0.25, 1.0, 0.25, 0.5, 0.25, 1.0, 0.25, 0.5, 1.0, 0.25, 0.5, 0.25, 1.0, 0.125, 0.25, 0.125, 0.5], "beat_str": ["2", "1", "1", "2", "2", "1", "1", "2", "1", "1", "2", "2", "1", "1", "1", "1", "2"], "beat_fraction_str": ["2/3", "0", "2/3", "0", "2/3", "0", "2/3", "0", "0", "2/3", "0", "2/3", "0", "1/2", "2/3", "5/6", "0"], "beat": [2.6666666666666665, 1.0, 1.6666666666666667, 2.0, 2.6666666666666665, 1.0, 1.6666666666666667, 2.0, 1.0, 1.6666666666666667, 2.0, 2.6666666666666665, 1.0, 1.5, 1.6666666666666667, 1.8333333333333333, 2.0], "timesignature": ["6/8", "6/8", "6/8", "6/8", "6/8", "6/8", "6/8", "6/8", "6/8", "6/8", "6/8", "6/8", "6/8", "6/8", "6/8", "6/8", "6/8"], "gpr2a_Frankland": [null, null, null, null, null, null, null, null, null, null, null, null, null, null, null, null, null], "gpr2b_Frankland": [null, 0.5, null, 0.5, null, 0.5, null, 0.5, null, null, 0.5, null, 0.5, null, null, null, null], "gpr3a_Frankland": [null, null, null, null, null, null, null, null, null, null, 0.5, null, null, 1.0, null, null, null], "gpr3d_Frankland": [null, null, null, null, null, null, null, null, null, null, null, null, null, null, null, null, null], "gpr_Frankland_sum": [0, 0.5, 0, 0.5, 0, 0.5, 0, 0.5, 0, 0, 1.0, 0, 0.5, 1.0, 0, 0, 0], "lbdm_spitch": [null, 0.0, 0.0, 0.0, 0.2272727272727273, 0.40404040404040403, 0.38095238095238093, 0.34285714285714286, 0.2, 0.34285714285714286, 0.7142857142857142, 0.3333333333333333, 0.0, 1.0, 0.0, null, null], "lbdm_sioi": [null, 0.634920634920635, 0.3174603174603175, 0.634920634920635, 0.3174603174603175, 0.634920634920635, 0.39682539682539686, 1.0, 0.507936507936508, 0.3174603174603175, 0.634920634920635, 0.253968253968254, 0.5, 0.11904761904761907, 0.0, null, null], "lbdm_srest": [null, 0.0, 0.0, 0.0, 0.0, 0.0, 0.0, 0.0, 0.0, 0.0, 0.0, 0.0, 0.0, 0.0, 0.0, null, null], "lbdm_rpitch": [null, 0.0, 0.0, 0.0, 0.0, 0.09090909090909091, 0.1111111111111111, 0.14285714285714285, 0.2, 0.2, 0.14285714285714285, 0.3333333333333333, 0.3333333333333333, 0.5, 0.5, 0.5, null], "lbdm_rioi": [null, 0.3333333333333333, 0.3333333333333333, 0.3333333333333333, 0.3333333333333333, 0.3333333333333333, 0.3333333333333333, 0.5, 0.2, 0.3333333333333333, 0.3333333333333333, 0.3333333333333333, 0.2, 0.5, 0.0, 0.0, null], "lbdm_rrest": [null, 0.0, 0.0, 0.0, 0.0, 0.0, 0.0, 0.0, 0.0, 0.0, 0.0, 0.0, 0.0, 0.0, 0.0, 0.0, null], "lbdm_boundarystrength": [null, 0.3174603174603175, 0.15873015873015875, 0.3174603174603175, 0.21554834054834057, 0.4184704184704185, 0.29365079365079366, 0.5857142857142857, 0.303968253968254, 0.24444444444444446, 0.49603174603174605, 0.21031746031746035, 0.25, 0.30952380952380953, 0.0, null, null]}, "ann_bgcorpus": false}
