{"id": "NLB180807_01", "tunefamily": "9702_0", "year": 1893, "tunefamily_full": "Lot is dood", "type": "instrumental", "freemeter": false, "origin": "", "features": {"scaledegree": [1, 7, 6, 5, 4, 6, 5, 4, 3, 5, 4, 3, 2, 4, 3, 2, 1], "scaledegreespecifier": ["P", "M", "M", "P", "P", "M", "P", "P", "M", "P", "P", "M", "M", "P", "M", "M", "P"], "tonic": ["D", "D", "D", "D", "D", "D", "D", "D", "D", "D", "D", "D", "D", "D", "D", "D", "D"], "mode": ["major", "major", "major", "major", "major", "major", "major", "major", "major", "major", "major", "major", "major", "major", "major", "major", "major"], "metriccontour": [null, "-", "+", "-", "+", "-", "+", "-", "+", "-", "+", "-", "+", "-", "+", "-", "+"], "imaweight": [0.248731, 0.248731, 0.28934, 0.335025, 0.979695, 0.796954, 0.771574, 0.751269, 0.979695, 0.730964, 0.77665, 0.730964, 1.0, 0.730964, 0.771574, 0.77665, 1.0], "imaweight_spectral": [0.938095, 0.919048, 0.957143, 1.0, 0.919048, 0.747619, 0.72381, 0.704762, 0.919048, 0.685714, 0.728571, 0.685714, 0.938095, 0.685714, 0.72381, 0.728571, 0.938095], "pitch40_hewlett": [169, 164, 158, 152, 146, 158, 152, 146, 141, 152, 146, 141, 135, 146, 141, 135, 129], "pitch40_sapp": [208, 203, 197, 191, 185, 197, 191, 185, 180, 191, 185, 180, 174, 185, 180, 174, 168], "octave": [5, 5, 4, 4, 4, 4, 4, 4, 4, 4, 4, 4, 4, 4, 4, 4, 4], "midipitch": [74, 73, 71, 69, 67, 71, 69, 67, 66, 69, 67, 66, 64, 67, 66, 64, 62], "diatonicpitch": [35, 34, 33, 32, 31, 33, 32, 31, 30, 32, 31, 30, 29, 31, 30, 29, 28], "diatonicinterval": [null, -1, -1, -1, -1, 2, -1, -1, -1, 2, -1, -1, -1, 2, -1, -1, -1], "chromaticinterval": [null, -1, -2, -2, -2, 4, -2, -2, -1, 3, -2, -1, -2, 3, -1, -2, -2], "pitchproximity": [null, null, 2, 2, 2, 4, 2, 2, 1, 3, 2, 1, 2, 3, 1, 2, 2], "pitchreversal": [null, null, 0, 0, 0, 1.5, 1.5, 0, 0, 1.5, 1.5, 0, 0, 1.5, 1.5, 0, 0], "nextisrest": [false, false, false, false, false, false, false, false, false, false, false, false, false, false, false, false, null], "restduration_frac": [null, null, null, null, null, null, null, null, null, null, null, null, null, null, null, null, null], "duration": [1.0, 1.0, 1.0, 1.0, 0.25, 0.25, 0.25, 0.25, 0.25, 0.25, 0.25, 0.25, 0.25, 0.25, 0.25, 0.25, 1.0], "duration_frac": ["1", "1", "1", "1", "1/4", "1/4", "1/4", "1/4", "1/4", "1/4", "1/4", "1/4", "1/4", "1/4", "1/4", "1/4", "1"], "duration_fullname": ["Quarter", "Quarter", "Quarter", "Quarter", "16th", "16th", "16th", "16th", "16th", "16th", "16th", "16th", "16th", "16th", "16th", "16th", "Quarter"], "durationcontour": [null, "=", "=", "=", "-", "=", "=", "=", "=", "=", "=", "=", "=", "=", "=", "=", "+"], "onsettick": [0, 4, 8, 12, 16, 17, 18, 19, 20, 21, 22, 23, 24, 25, 26, 27, 28], "beatfraction": ["1", "1", "1", "1", "1/4", "1/4", "1/4", "1/4", "1/4", "1/4", "1/4", "1/4", "1/4", "1/4", "1/4", "1/4", "1"], "phrasepos": [0.0, 0.14285714285714285, 0.2857142857142857, 0.42857142857142855, 0.5714285714285714, 0.6071428571428571, 0.6428571428571429, 0.6785714285714286, 0.7142857142857143, 0.75, 0.7857142857142857, 0.8214285714285714, 0.8571428571428571, 0.8928571428571429, 0.9285714285714286, 0.9642857142857143, 1.0], "phrase_ix": [0, 0, 0, 0, 0, 0, 0, 0, 0, 0, 0, 0, 0, 0, 0, 0, 0], "phrase_end": [false, false, false, false, false, false, false, false, false, false, false, false, false, false, false, false, true], "songpos": [0.0, 0.14285714285714285, 0.2857142857142857, 0.42857142857142855, 0.5714285714285714, 0.6071428571428571, 0.6428571428571429, 0.6785714285714286, 0.7142857142857143, 0.75, 0.7857142857142857, 0.8214285714285714, 0.8571428571428571, 0.8928571428571429, 0.9285714285714286, 0.9642857142857143, 1.0], "beatinsong": ["0", "1", "2", "3", "4", "17/4", "9/2", "19/4", "5", "21/4", "11/2", "23/4", "6", "25/4", "13/2", "27/4", "7"], "beatinphrase": ["0", "1", "2", "3", "4", "17/4", "9/2", "19/4", "5", "21/4", "11/2", "23/4", "6", "25/4", "13/2", "27/4", "7"], "beatinphrase_end": ["-4", "-3", "-2", "-1", "0", "1/4", "1/2", "3/4", "1", "5/4", "3/2", "7/4", "2", "9/4", "5/2", "11/4", "3"], "IOI_frac": ["1", "1", "1", "1", "1/4", "1/4", "1/4", "1/4", "1/4", "1/4", "1/4", "1/4", "1/4", "1/4", "1/4", "1/4", null], "IOI": [1.0, 1.0, 1.0, 1.0, 0.25, 0.25, 0.25, 0.25, 0.25, 0.25, 0.25, 0.25, 0.25, 0.25, 0.25, 0.25, null], "IOR_frac": [null, "1", "1", "1", "1/4", "1", "1", "1", "1", "1", "1", "1", "1", "1", "1", "1", null], "IOR": [null, 1.0, 1.0, 1.0, 0.25, 1.0, 1.0, 1.0, 1.0, 1.0, 1.0, 1.0, 1.0, 1.0, 1.0, 1.0, null], "imacontour": [null, "=", "+", "+", "+", "-", "-", "-", "+", "-", "+", "-", "+", "-", "+", "+", "+"], "pitch": ["D5", "C#5", "B4", "A4", "G4", "B4", "A4", "G4", "F#4", "A4", "G4", "F#4", "E4", "G4", "F#4", "E4", "D4"], "contour3": [null, "-", "-", "-", "-", "+", "-", "-", "-", "+", "-", "-", "-", "+", "-", "-", "-"], "contour5": [null, "-", "-", "-", "-", "++", "-", "-", "-", "++", "-", "-", "-", "++", "-", "-", "-"], "beatstrength": [1.0, 0.25, 0.5, 0.25, 1.0, 0.0625, 0.125, 0.0625, 0.25, 0.0625, 0.125, 0.0625, 0.5, 0.0625, 0.125, 0.0625, 0.25], "beat_str": ["1", "2", "3", "4", "1", "1", "1", "1", "2", "2", "2", "2", "3", "3", "3", "3", "4"], "beat_fraction_str": ["0", "0", "0", "0", "0", "1/4", "1/2", "3/4", "0", "1/4", "1/2", "3/4", "0", "1/4", "1/2", "3/4", "0"], "beat": [1.0, 2.0, 3.0, 4.0, 1.0, 1.25, 1.5, 1.75, 2.0, 2.25, 2.5, 2.75, 3.0, 3.25, 3.5, 3.75, 4.0], "timesignature": ["4/4", "4/4", "4/4", "4/4", "4/4", "4/4", "4/4", "4/4", "4/4", "4/4", "4/4", "4/4", "4/4", "4/4", "4/4", "4/4", "4/4"], "gpr2a_Frankland": [null, null, null, null, null, null, null, null, null, null, null, null, null, null, null, null, null], "gpr2b_Frankland": [null, null, null, null, null, null, null, null, null, null, null, null, null, null, null, null, null], "gpr3a_Frankland": [null, null, null, null, 0.5, null, null, null, 0.5, null, null, null, 0.5, null, null, null, null], "gpr3d_Frankland": [null, 0.0, null, 0.75, null, 0.0, 0.0, 0.0, 0.0, 0.0, 0.0, 0.0, 0.0, 0.0, null, null, null], "gpr_Frankland_sum": [0, 0, 0, 0.75, 0.5, 0, 0, 0, 0.5, 0, 0, 0, 0.5, 0, 0, 0, 0], "lbdm_spitch": [null, 0.2, 0.0, 0.25, 1.0, 0.25, 0.2, 0.26666666666666666, 0.7142857142857142, 0.34285714285714286, 0.2, 0.34285714285714286, 0.7142857142857142, 0.26666666666666666, 0.2, null, null], "lbdm_sioi": [null, 0.0, 0.0, 1.0, 0.25, 0.0, 0.0, 0.0, 0.0, 0.0, 0.0, 0.0, 0.0, 0.0, 0.0, null, null], "lbdm_srest": [null, 0.0, 0.0, 0.0, 0.0, 0.0, 0.0, 0.0, 0.0, 0.0, 0.0, 0.0, 0.0, 0.0, 0.0, null, null], "lbdm_rpitch": [null, 0.2, 0.0, 0.0, 0.25, 0.25, 0.0, 0.2, 0.3333333333333333, 0.14285714285714285, 0.2, 0.2, 0.14285714285714285, 0.3333333333333333, 0.2, 0.0, null], "lbdm_rioi": [null, 0.0, 0.0, 0.0, 0.6, 0.0, 0.0, 0.0, 0.0, 0.0, 0.0, 0.0, 0.0, 0.0, 0.0, 0.0, null], "lbdm_rrest": [null, 0.0, 0.0, 0.0, 0.0, 0.0, 0.0, 0.0, 0.0, 0.0, 0.0, 0.0, 0.0, 0.0, 0.0, 0.0, null], "lbdm_boundarystrength": [null, 0.05, 0.0, 0.5625, 0.375, 0.0625, 0.05, 0.06666666666666667, 0.17857142857142855, 0.08571428571428572, 0.05, 0.08571428571428572, 0.17857142857142855, 0.06666666666666667, 0.05, null, null]}, "ann_bgcorpus": true}
