{"id": "NLB176912_01", "tunefamily": "", "year": 1783, "tunefamily_full": "", "type": "instrumental", "freemeter": false, "origin": "", "features": {"scaledegree": [3, 4, 5, 5, 4, 2, 3, 4, 4, 3, 1, 7, 1, 6, 4, 3], "scaledegreespecifier": ["M", "P", "P", "P", "P", "M", "M", "P", "P", "M", "P", "M", "P", "M", "P", "M"], "tonic": ["D", "D", "D", "D", "D", "D", "D", "D", "D", "D", "D", "D", "D", "D", "D", "D"], "mode": ["major", "major", "major", "major", "major", "major", "major", "major", "major", "major", "major", "major", "major", "major", "major", "major"], "metriccontour": [null, "-", "=", "+", "-", "+", "-", "=", "+", "-", "+", "-", "=", "+", "-", "="], "imaweight": [0.313433, 0.641791, 0.350746, 0.761194, 0.783582, 0.373134, 0.69403, 0.425373, 0.813433, 1.0, 0.552239, 0.776119, 0.485075, 0.962687, 0.425373, 1.0], "imaweight_spectral": [0.616352, 0.867925, 0.622642, 0.968553, 0.943396, 0.597484, 0.867925, 0.641509, 0.968553, 1.0, 0.622642, 0.811321, 0.566038, 0.968553, 0.515723, 1.0], "pitch40_hewlett": [181, 186, 192, 192, 186, 175, 181, 186, 186, 181, 169, 164, 169, 158, 186, 181], "pitch40_sapp": [220, 225, 231, 231, 225, 214, 220, 225, 225, 220, 208, 203, 208, 197, 225, 220], "octave": [5, 5, 5, 5, 5, 5, 5, 5, 5, 5, 5, 5, 5, 4, 5, 5], "midipitch": [78, 79, 81, 81, 79, 76, 78, 79, 79, 78, 74, 73, 74, 71, 79, 78], "diatonicpitch": [37, 38, 39, 39, 38, 36, 37, 38, 38, 37, 35, 34, 35, 33, 38, 37], "diatonicinterval": [null, 1, 1, 0, -1, -2, 1, 1, 0, -1, -2, -1, 1, -2, 5, -1], "chromaticinterval": [null, 1, 2, 0, -2, -3, 2, 1, 0, -1, -4, -1, 1, -3, 8, -1], "pitchproximity": [null, null, 2, 0, 2, 3, 2, 1, 0, 1, 4, 1, 1, 3, 8, 1], "pitchreversal": [null, null, 0, 0, 0, 0, 1.5, 0, 0, 0, 0, 0, 1.5, 1.5, 0, 1], "nextisrest": [false, false, false, false, false, false, false, false, false, false, false, false, false, false, false, null], "restduration_frac": [null, null, null, null, null, null, null, null, null, null, null, null, null, null, null, null], "duration": [0.5, 0.5, 0.5, 1.0, 0.5, 0.5, 0.5, 0.5, 1.0, 0.5, 0.5, 0.5, 0.5, 0.5, 0.5, 0.5], "duration_frac": ["1/2", "1/2", "1/2", "1", "1/2", "1/2", "1/2", "1/2", "1", "1/2", "1/2", "1/2", "1/2", "1/2", "1/2", "1/2"], "duration_fullname": ["Eighth", "Eighth", "Eighth", "Quarter", "Eighth", "Eighth", "Eighth", "Eighth", "Quarter", "Eighth", "Eighth", "Eighth", "Eighth", "Eighth", "Eighth", "Eighth"], "durationcontour": [null, "=", "=", "+", "-", "=", "=", "=", "+", "-", "=", "=", "=", "=", "=", "="], "onsettick": [0, 1, 2, 3, 5, 6, 7, 8, 9, 11, 12, 13, 14, 15, 16, 17], "beatfraction": ["1/3", "1/3", "1/3", "2/3", "1/3", "1/3", "1/3", "1/3", "2/3", "1/3", "1/3", "1/3", "1/3", "1/3", "1/3", "1/3"], "phrasepos": [0.0, 0.058823529411764705, 0.11764705882352941, 0.17647058823529413, 0.29411764705882354, 0.35294117647058826, 0.4117647058823529, 0.47058823529411764, 0.5294117647058824, 0.6470588235294118, 0.7058823529411765, 0.7647058823529411, 0.8235294117647058, 0.8823529411764706, 0.9411764705882353, 1.0], "phrase_ix": [0, 0, 0, 0, 0, 0, 0, 0, 0, 0, 0, 0, 0, 0, 0, 0], "phrase_end": [false, false, false, false, false, false, false, false, false, false, false, false, false, false, false, true], "songpos": [0.0, 0.058823529411764705, 0.11764705882352941, 0.17647058823529413, 0.29411764705882354, 0.35294117647058826, 0.4117647058823529, 0.47058823529411764, 0.5294117647058824, 0.6470588235294118, 0.7058823529411765, 0.7647058823529411, 0.8235294117647058, 0.8823529411764706, 0.9411764705882353, 1.0], "beatinsong": ["0", "1/3", "2/3", "1", "5/3", "2", "7/3", "8/3", "3", "11/3", "4", "13/3", "14/3", "5", "16/3", "17/3"], "beatinphrase": ["0", "1/3", "2/3", "1", "5/3", "2", "7/3", "8/3", "3", "11/3", "4", "13/3", "14/3", "5", "16/3", "17/3"], "beatinphrase_end": ["-4", "-11/3", "-10/3", "-3", "-7/3", "-2", "-5/3", "-4/3", "-1", "-1/3", "0", "1/3", "2/3", "1", "4/3", "5/3"], "IOI_frac": ["1/2", "1/2", "1/2", "1", "1/2", "1/2", "1/2", "1/2", "1", "1/2", "1/2", "1/2", "1/2", "1/2", "1/2", null], "IOI": [0.5, 0.5, 0.5, 1.0, 0.5, 0.5, 0.5, 0.5, 1.0, 0.5, 0.5, 0.5, 0.5, 0.5, 0.5, null], "IOR_frac": [null, "1", "1", "2", "1/2", "1", "1", "1", "2", "1/2", "1", "1", "1", "1", "1", null], "IOR": [null, 1.0, 1.0, 2.0, 0.5, 1.0, 1.0, 1.0, 2.0, 0.5, 1.0, 1.0, 1.0, 1.0, 1.0, null], "imacontour": [null, "+", "-", "+", "+", "-", "+", "-", "+", "+", "-", "+", "-", "+", "-", "+"], "pitch": ["F#5", "G5", "A5", "A5", "G5", "E5", "F#5", "G5", "G5", "F#5", "D5", "C#5", "D5", "B4", "G5", "F#5"], "contour3": [null, "+", "+", "=", "-", "-", "+", "+", "=", "-", "-", "-", "+", "-", "+", "-"], "contour5": [null, "+", "+", "=", "-", "--", "+", "+", "=", "-", "--", "-", "+", "--", "++", "-"], "beatstrength": [1.0, 0.25, 0.25, 0.5, 0.25, 1.0, 0.25, 0.25, 0.5, 0.25, 1.0, 0.25, 0.25, 0.5, 0.25, 0.25], "beat_str": ["1", "1", "1", "2", "2", "1", "1", "1", "2", "2", "1", "1", "1", "2", "2", "2"], "beat_fraction_str": ["0", "1/3", "2/3", "0", "2/3", "0", "1/3", "2/3", "0", "2/3", "0", "1/3", "2/3", "0", "1/3", "2/3"], "beat": [1.0, 1.3333333333333333, 1.6666666666666667, 2.0, 2.6666666666666665, 1.0, 1.3333333333333333, 1.6666666666666667, 2.0, 2.6666666666666665, 1.0, 1.3333333333333333, 1.6666666666666667, 2.0, 2.3333333333333335, 2.6666666666666665], "timesignature": ["6/8", "6/8", "6/8", "6/8", "6/8", "6/8", "6/8", "6/8", "6/8", "6/8", "6/8", "6/8", "6/8", "6/8", "6/8", "6/8"], "gpr2a_Frankland": [null, null, null, null, null, null, null, null, null, null, null, null, null, null, null, null], "gpr2b_Frankland": [null, null, null, 0.5, null, null, null, null, 0.5, null, null, null, null, null, null, null], "gpr3a_Frankland": [null, 0.75, null, null, 0.33333333333333337, null, null, null, null, 0.75, null, null, null, 0.75, null, null], "gpr3d_Frankland": [null, null, null, null, null, 0.0, null, null, null, null, 0.0, 0.0, 0.0, null, null, null], "gpr_Frankland_sum": [0, 0.75, 0, 0.5, 0.33333333333333337, 0, 0, 0, 0.5, 0.75, 0, 0, 0, 0.75, 0, 0], "lbdm_spitch": [null, 0.17140410958904106, 0.0, 0.15741193737769077, 0.10494129158512719, 0.08395303326810176, 0.06529680365296803, 0.0, 0.09328114807566862, 0.41976516634050876, 0.052470645792563594, 0.04081050228310502, 0.26369863013698625, 1.0, null, null], "lbdm_sioi": [null, 0.0, 0.25, 1.0, 0.25, 0.0, 0.0, 0.25, 1.0, 0.25, 0.0, 0.0, 0.0, 0.0, null, null], "lbdm_srest": [null, 0.0, 0.0, 0.0, 0.0, 0.0, 0.0, 0.0, 0.0, 0.0, 0.0, 0.0, 0.0, 0.0, null, null], "lbdm_rpitch": [null, 0.2, 0.5, 0.5, 0.14285714285714285, 0.14285714285714285, 0.2, 0.3333333333333333, 0.3333333333333333, 0.42857142857142855, 0.42857142857142855, 0.0, 0.3333333333333333, 0.38461538461538464, 0.6363636363636364, null], "lbdm_rioi": [null, 0.0, 0.0, 0.3333333333333333, 0.3333333333333333, 0.0, 0.0, 0.0, 0.3333333333333333, 0.3333333333333333, 0.0, 0.0, 0.0, 0.0, 0.0, null], "lbdm_rrest": [null, 0.0, 0.0, 0.0, 0.0, 0.0, 0.0, 0.0, 0.0, 0.0, 0.0, 0.0, 0.0, 0.0, 0.0, null], "lbdm_boundarystrength": [null, 0.042851027397260266, 0.125, 0.5393529843444227, 0.1512353228962818, 0.02098825831702544, 0.016324200913242007, 0.125, 0.5233202870189172, 0.2299412915851272, 0.013117661448140899, 0.010202625570776254, 0.06592465753424656, 0.25, null, null]}, "ann_bgcorpus": false}
