{"id": "NLB105505_01", "tunefamily": "", "year": 1900, "tunefamily_full": "", "type": "vocal", "freemeter": false, "origin": "", "features": {"scaledegree": [1, 3, 2, 2, 2, 2, 1, 5, 1, 3, 2, 2, 2, 2, 1, 5], "scaledegreespecifier": ["P", "M", "M", "M", "M", "M", "P", "P", "P", "M", "M", "M", "M", "M", "P", "P"], "tonic": ["F", "F", "F", "F", "F", "F", "F", "F", "F", "F", "F", "F", "F", "F", "F", "F"], "mode": ["major", "major", "major", "major", "major", "major", "major", "major", "major", "major", "major", "major", "major", "major", "major", "major"], "metriccontour": [null, "-", "+", "-", "+", "-", "+", "-", "+", "-", "+", "-", "+", "-", "+", "-"], "imaweight": [0.659574, 0.648936, 1.0, 0.212766, 0.478723, 0.212766, 0.861702, 0.43617, 0.734043, 0.755319, 0.87234, 0.212766, 0.361702, 0.212766, 0.829787, 0.276596], "imaweight_spectral": [0.962121, 0.893939, 0.901515, 0.30303, 0.560606, 0.272727, 0.833333, 0.621212, 0.833333, 1.0, 0.893939, 0.272727, 0.530303, 0.272727, 0.863636, 0.560606], "pitch40_hewlett": [140, 152, 146, 146, 146, 146, 140, 123, 140, 152, 146, 146, 146, 146, 140, 123], "pitch40_sapp": [179, 191, 185, 185, 185, 185, 179, 162, 179, 191, 185, 185, 185, 185, 179, 162], "octave": [4, 4, 4, 4, 4, 4, 4, 4, 4, 4, 4, 4, 4, 4, 4, 4], "midipitch": [65, 69, 67, 67, 67, 67, 65, 60, 65, 69, 67, 67, 67, 67, 65, 60], "diatonicpitch": [28, 30, 29, 29, 29, 29, 28, 25, 28, 30, 29, 29, 29, 29, 28, 25], "diatonicinterval": [null, 2, -1, 0, 0, 0, -1, -3, 3, 2, -1, 0, 0, 0, -1, -3], "chromaticinterval": [null, 4, -2, 0, 0, 0, -2, -5, 5, 4, -2, 0, 0, 0, -2, -5], "pitchproximity": [null, null, 2, 0, 0, 0, 2, 5, 5, 4, 2, 0, 0, 0, 2, 5], "pitchreversal": [null, null, 1.5, 0, 0, 0, 0, 0, 1.5, 0, 1.5, 0, 0, 0, 0, 0], "nextisrest": [false, false, false, false, false, false, false, false, false, false, false, false, false, false, false, null], "restduration_frac": [null, null, null, null, null, null, null, null, null, null, null, null, null, null, null, null], "duration": [1.0, 1.0, 0.25, 0.25, 0.25, 0.25, 0.5, 0.5, 1.0, 1.0, 0.25, 0.25, 0.25, 0.25, 0.5, 0.5], "duration_frac": ["1", "1", "1/4", "1/4", "1/4", "1/4", "1/2", "1/2", "1", "1", "1/4", "1/4", "1/4", "1/4", "1/2", "1/2"], "duration_fullname": ["Quarter", "Quarter", "16th", "16th", "16th", "16th", "Eighth", "Eighth", "Quarter", "Quarter", "16th", "16th", "16th", "16th", "Eighth", "Eighth"], "durationcontour": [null, "=", "-", "=", "=", "=", "+", "=", "+", "=", "-", "=", "=", "=", "+", "="], "onsettick": [0, 4, 8, 9, 10, 11, 12, 14, 16, 20, 24, 25, 26, 27, 28, 30], "beatfraction": ["1", "1", "1/4", "1/4", "1/4", "1/4", "1/2", "1/2", "1", "1", "1/4", "1/4", "1/4", "1/4", "1/2", "1/2"], "phrasepos": [0.0, 0.2857142857142857, 0.5714285714285714, 0.6428571428571429, 0.7142857142857143, 0.7857142857142857, 0.8571428571428571, 1.0, 0.0, 0.2857142857142857, 0.5714285714285714, 0.6428571428571429, 0.7142857142857143, 0.7857142857142857, 0.8571428571428571, 1.0], "phrase_ix": [0, 0, 0, 0, 0, 0, 0, 0, 1, 1, 1, 1, 1, 1, 1, 1], "phrase_end": [false, false, false, false, false, false, false, true, false, false, false, false, false, false, false, true], "songpos": [0.0, 0.13333333333333333, 0.26666666666666666, 0.3, 0.3333333333333333, 0.36666666666666664, 0.4, 0.4666666666666667, 0.5333333333333333, 0.6666666666666666, 0.8, 0.8333333333333334, 0.8666666666666667, 0.9, 0.9333333333333333, 1.0], "beatinsong": ["0", "1", "2", "9/4", "5/2", "11/4", "3", "7/2", "4", "5", "6", "25/4", "13/2", "27/4", "7", "15/2"], "beatinphrase": ["0", "1", "2", "9/4", "5/2", "11/4", "3", "7/2", "0", "1", "2", "9/4", "5/2", "11/4", "3", "7/2"], "beatinphrase_end": ["0", "1", "2", "9/4", "5/2", "11/4", "3", "7/2", "0", "1", "2", "9/4", "5/2", "11/4", "3", "7/2"], "IOI_frac": ["1", "1", "1/4", "1/4", "1/4", "1/4", "1/2", "1/2", "1", "1", "1/4", "1/4", "1/4", "1/4", "1/2", null], "IOI": [1.0, 1.0, 0.25, 0.25, 0.25, 0.25, 0.5, 0.5, 1.0, 1.0, 0.25, 0.25, 0.25, 0.25, 0.5, null], "IOR_frac": [null, "1", "1/4", "1", "1", "1", "2", "1", "2", "1", "1/4", "1", "1", "1", "2", null], "IOR": [null, 1.0, 0.25, 1.0, 1.0, 1.0, 2.0, 1.0, 2.0, 1.0, 0.25, 1.0, 1.0, 1.0, 2.0, null], "imacontour": [null, "-", "+", "-", "+", "-", "+", "-", "+", "+", "+", "-", "+", "-", "+", "-"], "pitch": ["F4", "A4", "G4", "G4", "G4", "G4", "F4", "C4", "F4", "A4", "G4", "G4", "G4", "G4", "F4", "C4"], "contour3": [null, "+", "-", "=", "=", "=", "-", "-", "+", "+", "-", "=", "=", "=", "-", "-"], "contour5": [null, "++", "-", "=", "=", "=", "-", "--", "++", "++", "-", "=", "=", "=", "-", "--"], "beatstrength": [1.0, 0.25, 0.5, 0.0625, 0.125, 0.0625, 0.25, 0.125, 1.0, 0.25, 0.5, 0.0625, 0.125, 0.0625, 0.25, 0.125], "beat_str": ["1", "2", "3", "3", "3", "3", "4", "4", "1", "2", "3", "3", "3", "3", "4", "4"], "beat_fraction_str": ["0", "0", "0", "1/4", "1/2", "3/4", "0", "1/2", "0", "0", "0", "1/4", "1/2", "3/4", "0", "1/2"], "beat": [1.0, 2.0, 3.0, 3.25, 3.5, 3.75, 4.0, 4.5, 1.0, 2.0, 3.0, 3.25, 3.5, 3.75, 4.0, 4.5], "timesignature": ["4/4", "4/4", "4/4", "4/4", "4/4", "4/4", "4/4", "4/4", "4/4", "4/4", "4/4", "4/4", "4/4", "4/4", "4/4", "4/4"], "gpr2a_Frankland": [null, null, null, null, null, null, null, null, null, null, null, null, null, null, null, null], "gpr2b_Frankland": [null, null, null, null, null, null, null, null, null, null, null, null, null, null, null, null], "gpr3a_Frankland": [null, null, null, null, null, null, null, null, null, null, null, null, null, null, null, null], "gpr3d_Frankland": [null, 0.75, null, 0.0, null, 0.5, null, 0.5, null, 0.75, null, 0.0, null, null, null, null], "gpr_Frankland_sum": [0, 0.75, 0, 0, 0, 0.5, 0, 0.5, 0, 0.75, 0, 0, 0, 0, 0, 0], "lbdm_spitch": [null, 0.9000000000000001, 0.0, 0.0, 0.0, 1.0, 1.0, 0.27272727272727276, 0.8181818181818183, 0.9000000000000001, 0.0, 0.0, 0.0, 1.0, null, null], "lbdm_sioi": [null, 1.0, 0.25, 0.0, 0.0, 0.1388888888888889, 0.2777777777777778, 0.2777777777777778, 0.5555555555555556, 1.0, 0.25, 0.0, 0.0, 0.1388888888888889, null, null], "lbdm_srest": [null, 0.0, 0.0, 0.0, 0.0, 0.0, 0.0, 0.0, 0.0, 0.0, 0.0, 0.0, 0.0, 0.0, null, null], "lbdm_rpitch": [null, 0.25, 0.5, 0.0, 0.0, 0.5, 0.3333333333333333, 0.0, 0.09090909090909091, 0.25, 0.5, 0.0, 0.0, 0.5, 0.3333333333333333, null], "lbdm_rioi": [null, 0.0, 0.6, 0.0, 0.0, 0.0, 0.3333333333333333, 0.0, 0.3333333333333333, 0.0, 0.6, 0.0, 0.0, 0.0, 0.3333333333333333, null], "lbdm_rrest": [null, 0.0, 0.0, 0.0, 0.0, 0.0, 0.0, 0.0, 0.0, 0.0, 0.0, 0.0, 0.0, 0.0, 0.0, null], "lbdm_boundarystrength": [null, 0.7250000000000001, 0.125, 0.0, 0.0, 0.3194444444444444, 0.3888888888888889, 0.20707070707070707, 0.4823232323232324, 0.7250000000000001, 0.125, 0.0, 0.0, 0.3194444444444444, null, null]}, "ann_bgcorpus": false}
