{"id": "NLB145018_01", "tunefamily": "2865_0", "year": 1941, "tunefamily_full": "Ga je mee naar Biggenabos", "type": "vocal", "freemeter": false, "origin": "", "features": {"scaledegree": [1, 1, 1, 3, 3, 4, 4, 3, 3, 4, 4, 3, 4, 4, 3, 3, 3, 2, 2, 1], "scaledegreespecifier": ["P", "P", "P", "M", "M", "P", "P", "M", "M", "P", "P", "M", "P", "P", "M", "M", "M", "M", "M", "P"], "tonic": ["F", "F", "F", "F", "F", "F", "F", "F", "F", "F", "F", "F", "F", "F", "F", "F", "F", "F", "F", "F"], "mode": ["major", "major", "major", "major", "major", "major", "major", "major", "major", "major", "major", "major", "major", "major", "major", "major", "major", "major", "major", "major"], "metriccontour": [null, "-", "=", "+", "-", "+", "-", "+", "-", "+", "-", "+", "+", "-", "+", "-", "=", "+", "-", "+"], "imaweight": [0.831858, 0.371681, 0.433628, 0.831858, 0.247788, 0.787611, 0.362832, 0.752212, 0.283186, 0.787611, 0.469027, 0.79646, 0.938053, 0.495575, 0.893805, 0.548673, 0.247788, 1.0, 0.39823, 0.752212], "imaweight_spectral": [0.906475, 0.417266, 0.676259, 0.791367, 0.410072, 1.0, 0.618705, 0.820144, 0.467626, 0.935252, 0.705036, 0.856115, 0.942446, 0.582734, 0.877698, 0.510791, 0.410072, 0.877698, 0.647482, 0.820144], "pitch40_hewlett": [140, 140, 140, 152, 152, 157, 157, 152, 152, 157, 157, 152, 157, 157, 152, 152, 152, 146, 146, 140], "pitch40_sapp": [179, 179, 179, 191, 191, 196, 196, 191, 191, 196, 196, 191, 196, 196, 191, 191, 191, 185, 185, 179], "octave": [4, 4, 4, 4, 4, 4, 4, 4, 4, 4, 4, 4, 4, 4, 4, 4, 4, 4, 4, 4], "midipitch": [65, 65, 65, 69, 69, 70, 70, 69, 69, 70, 70, 69, 70, 70, 69, 69, 69, 67, 67, 65], "diatonicpitch": [28, 28, 28, 30, 30, 31, 31, 30, 30, 31, 31, 30, 31, 31, 30, 30, 30, 29, 29, 28], "diatonicinterval": [null, 0, 0, 2, 0, 1, 0, -1, 0, 1, 0, -1, 1, 0, -1, 0, 0, -1, 0, -1], "chromaticinterval": [null, 0, 0, 4, 0, 1, 0, -1, 0, 1, 0, -1, 1, 0, -1, 0, 0, -2, 0, -2], "pitchproximity": [null, null, 0, 4, 0, 1, 0, 1, 0, 1, 0, 1, 1, 0, 1, 0, 0, 2, 0, 2], "pitchreversal": [null, null, 0, 0, 0, 0, 0, 0, 0, 0, 0, 0, 1.5, 0, 0, 0, 0, 0, 0, 0], "nextisrest": [false, false, false, false, false, false, false, false, false, false, false, false, false, false, false, false, false, false, false, null], "restduration_frac": [null, null, null, null, null, null, null, null, null, null, null, null, null, null, null, null, null, null, null, null], "duration": [0.5, 0.5, 0.5, 1.0, 0.5, 1.0, 0.5, 1.0, 0.5, 1.0, 0.5, 1.5, 1.0, 0.5, 0.5, 0.5, 0.5, 1.0, 0.5, 1.0], "duration_frac": ["1/2", "1/2", "1/2", "1", "1/2", "1", "1/2", "1", "1/2", "1", "1/2", "3/2", "1", "1/2", "1/2", "1/2", "1/2", "1", "1/2", "1"], "duration_fullname": ["Eighth", "Eighth", "Eighth", "Quarter", "Eighth", "Quarter", "Eighth", "Quarter", "Eighth", "Quarter", "Eighth", "Dotted Quarter", "Quarter", "Eighth", "Eighth", "Eighth", "Eighth", "Quarter", "Eighth", "Quarter"], "durationcontour": [null, "=", "=", "+", "-", "+", "-", "+", "-", "+", "-", "+", "-", "-", "=", "=", "=", "+", "-", "+"], "onsettick": [0, 1, 2, 3, 5, 6, 8, 9, 11, 12, 14, 15, 18, 20, 21, 22, 23, 24, 26, 27], "beatfraction": ["1/3", "1/3", "1/3", "2/3", "1/3", "2/3", "1/3", "2/3", "1/3", "2/3", "1/3", "1", "2/3", "1/3", "1/3", "1/3", "1/3", "2/3", "1/3", "2/3"], "phrasepos": [0.0, 0.1111111111111111, 0.2222222222222222, 0.3333333333333333, 0.5555555555555556, 0.6666666666666666, 0.8888888888888888, 1.0, 0.0, 0.0625, 0.1875, 0.25, 0.4375, 0.5625, 0.625, 0.6875, 0.75, 0.8125, 0.9375, 1.0], "phrase_ix": [0, 0, 0, 0, 0, 0, 0, 0, 1, 1, 1, 1, 1, 1, 1, 1, 1, 1, 1, 1], "phrase_end": [false, false, false, false, false, false, false, true, false, false, false, false, false, false, false, false, false, false, false, true], "songpos": [0.0, 0.037037037037037035, 0.07407407407407407, 0.1111111111111111, 0.18518518518518517, 0.2222222222222222, 0.2962962962962963, 0.3333333333333333, 0.4074074074074074, 0.4444444444444444, 0.5185185185185185, 0.5555555555555556, 0.6666666666666666, 0.7407407407407407, 0.7777777777777778, 0.8148148148148148, 0.8518518518518519, 0.8888888888888888, 0.9629629629629629, 1.0], "beatinsong": ["0", "1/3", "2/3", "1", "5/3", "2", "8/3", "3", "11/3", "4", "14/3", "5", "6", "20/3", "7", "22/3", "23/3", "8", "26/3", "9"], "beatinphrase": ["0", "1/3", "2/3", "1", "5/3", "2", "8/3", "3", "-1/3", "0", "2/3", "1", "2", "8/3", "3", "10/3", "11/3", "4", "14/3", "5"], "beatinphrase_end": ["-2", "-5/3", "-4/3", "-1", "-1/3", "0", "2/3", "1", "-13/3", "-4", "-10/3", "-3", "-2", "-4/3", "-1", "-2/3", "-1/3", "0", "2/3", "1"], "IOI_frac": ["1/2", "1/2", "1/2", "1", "1/2", "1", "1/2", "1", "1/2", "1", "1/2", "3/2", "1", "1/2", "1/2", "1/2", "1/2", "1", "1/2", null], "IOI": [0.5, 0.5, 0.5, 1.0, 0.5, 1.0, 0.5, 1.0, 0.5, 1.0, 0.5, 1.5, 1.0, 0.5, 0.5, 0.5, 0.5, 1.0, 0.5, null], "IOR_frac": [null, "1", "1", "2", "1/2", "2", "1/2", "2", "1/2", "2", "1/2", "3", "2/3", "1/2", "1", "1", "1", "2", "1/2", null], "IOR": [null, 1.0, 1.0, 2.0, 0.5, 2.0, 0.5, 2.0, 0.5, 2.0, 0.5, 3.0, 0.6666666666666666, 0.5, 1.0, 1.0, 1.0, 2.0, 0.5, null], "imacontour": [null, "-", "+", "+", "-", "+", "-", "+", "-", "+", "-", "+", "+", "-", "+", "-", "-", "+", "-", "+"], "pitch": ["F4", "F4", "F4", "A4", "A4", "B-4", "B-4", "A4", "A4", "B-4", "B-4", "A4", "B-4", "B-4", "A4", "A4", "A4", "G4", "G4", "F4"], "contour3": [null, "=", "=", "+", "=", "+", "=", "-", "=", "+", "=", "-", "+", "=", "-", "=", "=", "-", "=", "-"], "contour5": [null, "=", "=", "++", "=", "+", "=", "-", "=", "+", "=", "-", "+", "=", "-", "=", "=", "-", "=", "-"], "beatstrength": [1.0, 0.25, 0.25, 0.5, 0.25, 1.0, 0.25, 0.5, 0.25, 1.0, 0.25, 0.5, 1.0, 0.25, 0.5, 0.25, 0.25, 1.0, 0.25, 0.5], "beat_str": ["1", "1", "1", "2", "2", "1", "1", "2", "2", "1", "1", "2", "1", "1", "2", "2", "2", "1", "1", "2"], "beat_fraction_str": ["0", "1/3", "2/3", "0", "2/3", "0", "2/3", "0", "2/3", "0", "2/3", "0", "0", "2/3", "0", "1/3", "2/3", "0", "2/3", "0"], "beat": [1.0, 1.3333333333333333, 1.6666666666666667, 2.0, 2.6666666666666665, 1.0, 1.6666666666666667, 2.0, 2.6666666666666665, 1.0, 1.6666666666666667, 2.0, 1.0, 1.6666666666666667, 2.0, 2.3333333333333335, 2.6666666666666665, 1.0, 1.6666666666666667, 2.0], "timesignature": ["6/8", "6/8", "6/8", "6/8", "6/8", "6/8", "6/8", "6/8", "6/8", "6/8", "6/8", "6/8", "6/8", "6/8", "6/8", "6/8", "6/8", "6/8", "6/8", "6/8"], "gpr2a_Frankland": [null, null, null, null, null, null, null, null, null, null, null, null, null, null, null, null, null, null, null, null], "gpr2b_Frankland": [null, null, null, 0.5, null, 0.5, null, 0.5, null, 0.5, null, 0.5, null, null, null, null, null, 0.5, null, null], "gpr3a_Frankland": [null, null, 1.0, null, 1.0, null, 1.0, null, 1.0, null, null, null, null, 1.0, null, null, 1.0, null, null, null], "gpr3d_Frankland": [null, null, null, null, null, null, null, null, null, null, null, null, null, null, 0.0, null, null, null, null, null], "gpr_Frankland_sum": [0, 0, 1.0, 0.5, 1.0, 0.5, 1.0, 0.5, 1.0, 0.5, 0, 0.5, 0, 1.0, 0, 0, 1.0, 0.5, 0, 0], "lbdm_spitch": [null, 0.0, 1.0, 0.0, 0.125, 0.0, 0.125, 0.0, 0.125, 0.0, 0.0625, 0.0625, 0.0, 0.125, 0.0, 0.0, 0.375, 0.0, null, null], "lbdm_sioi": [null, 0.0, 0.15873015873015875, 0.634920634920635, 0.3174603174603175, 0.634920634920635, 0.3174603174603175, 0.634920634920635, 0.3174603174603175, 0.634920634920635, 0.39682539682539686, 1.0, 0.507936507936508, 0.15873015873015875, 0.0, 0.0, 0.15873015873015875, 0.634920634920635, null, null], "lbdm_srest": [null, 0.0, 0.0, 0.0, 0.0, 0.0, 0.0, 0.0, 0.0, 0.0, 0.0, 0.0, 0.0, 0.0, 0.0, 0.0, 0.0, 0.0, null, null], "lbdm_rpitch": [null, 0.0, 0.6666666666666666, 0.6666666666666666, 0.3333333333333333, 0.3333333333333333, 0.3333333333333333, 0.3333333333333333, 0.3333333333333333, 0.3333333333333333, 0.3333333333333333, 0.0, 0.3333333333333333, 0.3333333333333333, 0.3333333333333333, 0.0, 0.5, 0.5, 0.5, null],