{"id": "NLB140555_01", "tunefamily": "210_0", "year": 1941, "tunefamily_full": "Ah mon beau ch\u00e2teau", "type": "vocal", "freemeter": false, "origin": "", "features": {"scaledegree": [5, 1, 1, 1, 1, 1, 1, 2, 2, 7, 1, 1, 7, 1, 2, 5, 1], "scaledegreespecifier": ["P", "P", "P", "P", "P", "P", "P", "M", "M", "M", "P", "P", "M", "P", "M", "P", "P"], "tonic": ["C", "C", "C", "C", "C", "C", "C", "C", "C", "C", "C", "C", "C", "C", "C", "C", "C"], "mode": ["major", "major", "major", "major", "major", "major", "major", "major", "major", "major", "major", "major", "major", "major", "major", "major", "major"], "metriccontour": [null, "+", "-", "=", "+", "-", "=", "+", "-", "=", "+", "+", "-", "=", "+", "-", "+"], "imaweight": [0.751553, 0.925466, 0.770186, 0.701863, 0.900621, 0.732919, 0.720497, 0.869565, 0.751553, 0.807453, 1.0, 0.391304, 0.285714, 0.161491, 0.354037, 0.204969, 0.279503], "imaweight_spectral": [0.770115, 0.908046, 0.787356, 0.701149, 0.908046, 0.729885, 0.741379, 0.856322, 0.770115, 0.798851, 1.0, 0.936782, 0.83908, 0.724138, 0.902299, 0.816092, 0.885057], "pitch40_hewlett": [146, 163, 163, 163, 163, 163, 163, 169, 169, 158, 163, 163, 158, 163, 169, 146, 163], "pitch40_sapp": [185, 202, 202, 202, 202, 202, 202, 208, 208, 197, 202, 202, 197, 202, 208, 185, 202], "octave": [4, 5, 5, 5, 5, 5, 5, 5, 5, 4, 5, 5, 4, 5, 5, 4, 5], "midipitch": [67, 72, 72, 72, 72, 72, 72, 74, 74, 71, 72, 72, 71, 72, 74, 67, 72], "diatonicpitch": [32, 35, 35, 35, 35, 35, 35, 36, 36, 34, 35, 35, 34, 35, 36, 32, 35], "diatonicinterval": [null, 3, 0, 0, 0, 0, 0, 1, 0, -2, 1, 0, -1, 1, 1, -4, 3], "chromaticinterval": [null, 5, 0, 0, 0, 0, 0, 2, 0, -3, 1, 0, -1, 1, 2, -7, 5], "pitchproximity": [null, null, 0, 0, 0, 0, 0, 2, 0, 3, 1, 0, 1, 1, 2, 7, 5], "pitchreversal": [null, null, 0, 0, 0, 0, 0, 0, 0, 0, 1.5, 0, 0, 1.5, 0, 0, 2.5], "nextisrest": [false, false, false, false, false, false, false, false, false, false, false, false, false, false, false, false, true], "restduration_frac": [null, null, null, null, null, null, null, null, null, null, null, null, null, null, null, null, "1"], "duration": [0.5, 0.5, 0.5, 0.5, 0.5, 0.5, 0.5, 0.5, 0.5, 0.5, 1.5, 0.5, 0.5, 0.5, 1.0, 0.5, 1.5], "duration_frac": ["1/2", "1/2", "1/2", "1/2", "1/2", "1/2", "1/2", "1/2", "1/2", "1/2", "3/2", "1/2", "1/2", "1/2", "1", "1/2", "3/2"], "duration_fullname": ["Eighth", "Eighth", "Eighth", "Eighth", "Eighth", "Eighth", "Eighth", "Eighth", "Eighth", "Eighth", "Dotted Quarter", "Eighth", "Eighth", "Eighth", "Quarter", "Eighth", "Dotted Quarter"], "durationcontour": [null, "=", "=", "=", "=", "=", "=", "=", "=", "=", "+", "-", "=", "=", "+", "-", "+"], "onsettick": [0, 1, 2, 3, 4, 5, 6, 7, 8, 9, 10, 13, 14, 15, 16, 18, 19], "beatfraction": ["1/3", "1/3", "1/3", "1/3", "1/3", "1/3", "1/3", "1/3", "1/3", "1/3", "1", "1/3", "1/3", "1/3", "2/3", "1/3", "1"], "phrasepos": [0.0, 0.1, 0.2, 0.3, 0.4, 0.5, 0.6, 0.7, 0.8, 0.9, 1.0, 0.0, 0.16666666666666666, 0.3333333333333333, 0.5, 0.8333333333333334, 1.0], "phrase_ix": [0, 0, 0, 0, 0, 0, 0, 0, 0, 0, 0, 1, 1, 1, 1, 1, 1], "phrase_end": [false, false, false, false, false, false, false, false, false, false, true, false, false, false, false, false, true], "songpos": [0.0, 0.05263157894736842, 0.10526315789473684, 0.15789473684210525, 0.21052631578947367, 0.2631578947368421, 0.3157894736842105, 0.3684210526315789, 0.42105263157894735, 0.47368421052631576, 0.5263157894736842, 0.6842105263157895, 0.7368421052631579, 0.7894736842105263, 0.8421052631578947, 0.9473684210526315, 1.0], "beatinsong": ["-1/3", "0", "1/3", "2/3", "1", "4/3", "5/3", "2", "7/3", "8/3", "3", "4", "13/3", "14/3", "5", "17/3", "6"], "beatinphrase": ["-1/3", "0", "1/3", "2/3", "1", "4/3", "5/3", "2", "7/3", "8/3", "3", "0", "1/3", "2/3", "1", "5/3", "2"], "beatinphrase_end": ["-7/3", "-2", "-5/3", "-4/3", "-1", "-2/3", "-1/3", "0", "1/3", "2/3", "1", "-2", "-5/3", "-4/3", "-1", "-1/3", "0"], "IOI_frac": ["1/2", "1/2", "1/2", "1/2", "1/2", "1/2", "1/2", "1/2", "1/2", "1/2", "3/2", "1/2", "1/2", "1/2", "1", "1/2", "5/2"], "IOI": [0.5, 0.5, 0.5, 0.5, 0.5, 0.5, 0.5, 0.5, 0.5, 0.5, 1.5, 0.5, 0.5, 0.5, 1.0, 0.5, 2.5], "IOR_frac": [null, "1", "1", "1", "1", "1", "1", "1", "1", "1", "3", "1/3", "1", "1", "2", "1/2", "5"], "IOR": [null, 1.0, 1.0, 1.0, 1.0, 1.0, 1.0, 1.0, 1.0, 1.0, 3.0, 0.3333333333333333, 1.0, 1.0, 2.0, 0.5, 5.0], "imacontour": [null, "+", "-", "-", "+", "-", "-", "+", "-", "+", "+", "-", "-", "-", "+", "-", "+"], "pitch": ["G4", "C5", "C5", "C5", "C5", "C5", "C5", "D5", "D5", "B4", "C5", "C5", "B4", "C5", "D5", "G4", "C5"], "contour3": [null, "+", "=", "=", "=", "=", "=", "+", "=", "-", "+", "=", "-", "+", "+", "-", "+"], "contour5": [null, "++", "=", "=", "=", "=", "=", "+", "=", "--", "+", "=", "-", "+", "+", "--", "++"], "beatstrength": [0.25, 1.0, 0.25, 0.25, 0.5, 0.25, 0.25, 1.0, 0.25, 0.25, 0.5, 1.0, 0.25, 0.25, 0.5, 0.25, 1.0], "beat_str": ["2", "1", "1", "1", "2", "2", "2", "1", "1", "1", "2", "1", "1", "1", "2", "2", "1"], "beat_fraction_str": ["2/3", "0", "1/3", "2/3", "0", "1/3", "2/3", "0", "1/3", "2/3", "0", "0", "1/3", "2/3", "0", "2/3", "0"], "beat": [2.6666666666666665, 1.0, 1.3333333333333333, 1.6666666666666667, 2.0, 2.3333333333333335, 2.6666666666666665, 1.0, 1.3333333333333333, 1.6666666666666667, 2.0, 1.0, 1.3333333333333333, 1.6666666666666667, 2.0, 2.6666666666666665, 1.0], "timesignature": ["6/8", "6/8", "6/8", "6/8", "6/8", "6/8", "6/8", "6/8", "6/8", "6/8", "6/8", "6/8", "6/8", "6/8", "6/8", "6/8", "6/8"], "gpr2a_Frankland": [null, null, null, null, null, null, null, null, null, null, null, null, null, null, null, null, 0.25], "gpr2b_Frankland": [null, null, null, null, null, null, null, null, null, null, 0.6666666666666667, null, null, null, 0.5, null, null], "gpr3a_Frankland": [null, null, null, null, null, null, 1.0, null, 0.8333333333333334, null, null, null, null, null, 0.5, null, null], "gpr3d_Frankland": [null, 0.0, 0.0, 0.0, 0.0, 0.0, 0.0, 0.0, null, null, null, null, null, null, null, null, null], "gpr_Frankland_sum": [0, 0, 0, 0, 0, 0, 1.0, 0, 0.8333333333333334, 0, 0.6666666666666667, 0, 0, 0, 1.0, 0, 0.25], "lbdm_spitch": [null, 0.0, 0.0, 0.0, 0.0, 0.0, 0.4782608695652174, 0.0, 0.6695652173913044, 0.15942028985507245, 0.0, 0.07971014492753623, 0.04782608695652174, 0.3130434782608696, 1.0, null, null], "lbdm_sioi": [null, 0.0, 0.0, 0.0, 0.0, 0.0, 0.0, 0.0, 0.0, 0.16666666666666666, 1.0, 0.16666666666666666, 0.0, 0.1111111111111111, 0.4444444444444444, null, null], "lbdm_srest": [null, 0.0, 0.0, 0.0, 0.0, 0.0, 0.0, 0.0, 0.0, 0.0, 0.0, 0.0, 0.0, 0.0, 0.0, null, null], "lbdm_rpitch": [null, 0.7142857142857143, 0.0, 0.0, 0.0, 0.0, 0.5, 0.5, 0.6, 0.3333333333333333, 0.3333333333333333, 0.3333333333333333, 0.0, 0.2, 0.45454545454545453, 0.14285714285714285, null], "lbdm_rioi": [null, 0.0, 0.0, 0.0, 0.0, 0.0, 0.0, 0.0, 0.0, 0.0, 0.5, 0.5, 0.0, 0.0, 0.3333333333333333, 0.3333333333333333, null], "lbdm_rrest": [null, 0.0, 0.0, 0.0, 0.0, 0.0, 0.0, 0.0, 0.0, 0.0, 0.0, 0.0, 0.0, 0.0, 0.0, 0.0, null], "lbdm_boundarystrength": [null, 0.0, 0.0, 0.0, 0.0, 0.0, 0.11956521739130435, 0.0, 0.1673913043478261, 0.12318840579710144, 0.5, 0.10326086956521738, 0.011956521739130435, 0.13381642512077296, 0.4722222222222222, null, null]}, "ann_bgcorpus": true}
