{"id": "NLB180882_01", "tunefamily": "11791_0", "year": 1893, "tunefamily_full": "Maar geloof dat alles is niet waar", "type": "instrumental", "freemeter": false, "origin": "", "features": {"scaledegree": [5, 5, 1, 1, 2, 1, 7, 1, 6, 1, 7, 6, 5, 3, 4, 7, 1], "scaledegreespecifier": ["P", "P", "P", "P", "M", "P", "M", "P", "M", "P", "M", "M", "P", "M", "P", "M", "P"], "tonic": ["B-", "B-", "B-", "B-", "B-", "B-", "B-", "B-", "B-", "B-", "B-", "B-", "B-", "B-", "B-", "B-", "B-"], "mode": ["major", "major", "major", "major", "major", "major", "major", "major", "major", "major", "major", "major", "major", "major", "major", "major", "major"], "metriccontour": [null, "-", "+", "-", "+", "-", "+", "-", "+", "-", "+", "-", "+", "-", "+", "-", "+"], "imaweight": [0.4, 0.0, 0.381818, 0.690909, 0.672727, 0.454545, 0.836364, 0.672727, 1.0, 0.709091, 0.618182, 0.309091, 0.636364, 0.309091, 0.290909, 0.545455, 0.527273], "imaweight_spectral": [0.958333, 0.0, 0.875, 0.652778, 0.930556, 0.472222, 0.819444, 0.763889, 1.0, 0.888889, 0.875, 0.638889, 0.944444, 0.708333, 0.75, 0.888889, 0.986111], "pitch40_hewlett": [140, 140, 157, 157, 163, 157, 152, 157, 146, 157, 152, 146, 140, 169, 174, 152, 157], "pitch40_sapp": [179, 179, 196, 196, 202, 196, 191, 196, 185, 196, 191, 185, 179, 208, 213, 191, 196], "octave": [4, 4, 4, 4, 5, 4, 4, 4, 4, 4, 4, 4, 4, 5, 5, 4, 4], "midipitch": [65, 65, 70, 70, 72, 70, 69, 70, 67, 70, 69, 67, 65, 74, 75, 69, 70], "diatonicpitch": [25, 25, 28, 28, 29, 28, 27, 28, 26, 28, 27, 26, 25, 30, 31, 27, 28], "diatonicinterval": [null, 0, 3, 0, 1, -1, -1, 1, -2, 2, -1, -1, -1, 5, 1, -4, 1], "chromaticinterval": [null, 0, 5, 0, 2, -2, -1, 1, -3, 3, -1, -2, -2, 9, 1, -6, 1], "pitchproximity": [null, null, 5, 0, 2, 2, 1, 1, 3, 3, 1, 2, 2, 9, 1, 6, 1], "pitchreversal": [null, null, 0, 0, 0, 1.5, 0, 1.5, 1.5, 1.5, 1.5, 0, 0, 0, -1, 0, null], "nextisrest": [false, false, false, false, false, false, false, false, true, false, false, false, false, false, false, false, null], "restduration_frac": [null, null, null, null, null, null, null, null, "1/2", null, null, null, null, null, null, null, null], "duration": [0.75, 0.25, 1.5, 0.5, 0.5, 0.5, 0.5, 0.5, 2.0, 0.5, 0.5, 0.5, 1.5, 0.5, 1.0, 1.0, 1.0], "duration_frac": ["3/4", "1/4", "3/2", "1/2", "1/2", "1/2", "1/2", "1/2", "2", "1/2", "1/2", "1/2", "3/2", "1/2", "1", "1", "1"], "duration_fullname": ["Dotted Eighth", "16th", "Dotted Quarter", "Eighth", "Eighth", "Eighth", "Eighth", "Eighth", "Half", "Eighth", "Eighth", "Eighth", "Dotted Quarter", "Eighth", "Quarter", "Quarter", "Quarter"], "durationcontour": [null, "-", "+", "-", "=", "=", "=", "=", "+", "-", "=", "=", "+", "-", "+", "=", "="], "onsettick": [0, 3, 4, 10, 12, 14, 16, 18, 20, 30, 32, 34, 36, 42, 44, 48, 52], "beatfraction": ["3/4", "1/4", "3/2", "1/2", "1/2", "1/2", "1/2", "1/2", "2", "1/2", "1/2", "1/2", "3/2", "1/2", "1", "1", "1"], "phrasepos": [0.0, 0.15, 0.2, 0.5, 0.6, 0.7, 0.8, 0.9, 1.0, 0.0, 0.09090909090909091, 0.18181818181818182, 0.2727272727272727, 0.5454545454545454, 0.6363636363636364, 0.8181818181818182, 1.0], "phrase_ix": [0, 0, 0, 0, 0, 0, 0, 0, 0, 1, 1, 1, 1, 1, 1, 1, 1], "phrase_end": [false, false, false, false, false, false, false, false, true, false, false, false, false, false, false, false, true], "songpos": [0.0, 0.057692307692307696, 0.07692307692307693, 0.19230769230769232, 0.23076923076923078, 0.2692307692307692, 0.3076923076923077, 0.34615384615384615, 0.38461538461538464, 0.5769230769230769, 0.6153846153846154, 0.6538461538461539, 0.6923076923076923, 0.8076923076923077, 0.8461538461538461, 0.9230769230769231, 1.0], "beatinsong": ["-1", "-1/4", "0", "3/2", "2", "5/2", "3", "7/2", "4", "13/2", "7", "15/2", "8", "19/2", "10", "11", "12"], "beatinphrase": ["-1", "-1/4", "0", "3/2", "2", "5/2", "3", "7/2", "4", "-3/2", "-1", "-1/2", "0", "3/2", "2", "3", "4"], "beatinphrase_end": ["-5", "-17/4", "-4", "-5/2", "-2", "-3/2", "-1", "-1/2", "0", "-11/2", "-5", "-9/2", "-4", "-5/2", "-2", "-1", "0"], "IOI_frac": ["3/4", "1/4", "3/2", "1/2", "1/2", "1/2", "1/2", "1/2", "5/2", "1/2", "1/2", "1/2", "3/2", "1/2", "1", "1", null], "IOI": [0.75, 0.25, 1.5, 0.5, 0.5, 0.5, 0.5, 0.5, 2.5, 0.5, 0.5, 0.5, 1.5, 0.5, 1.0, 1.0, null], "IOR_frac": [null, "1/3", "6", "1/3", "1", "1", "1", "1", "5", "1/5", "1", "1", "3", "1/3", "2", "1", null], "IOR": [null, 0.3333333333333333, 6.0, 0.3333333333333333, 1.0, 1.0, 1.0, 1.0, 5.0, 0.2, 1.0, 1.0, 3.0, 0.3333333333333333, 2.0, 1.0, null], "imacontour": [null, "-", "+", "+", "-", "-", "+", "-", "+", "-", "-", "-", "+", "-", "-", "+", "-"], "pitch": ["F4", "F4", "B-4", "B-4", "C5", "B-4", "A4", "B-4", "G4", "B-4", "A4", "G4", "F4", "D5", "E-5", "A4", "B-4"], "contour3": [null, "=", "+", "=", "+", "-", "-", "+", "-", "+", "-", "-", "-", "+", "+", "-", "+"], "contour5": [null, "=", "++", "=", "+", "-", "-", "+", "--", "++", "-", "-", "-", "++", "+", "--", "+"], "beatstrength": [0.5, 0.125, 1.0, 0.25, 1.0, 0.25, 0.5, 0.25, 1.0, 0.25, 0.5, 0.25, 1.0, 0.25, 1.0, 0.5, 1.0], "beat_str": ["2", "2", "1", "2", "1", "1", "2", "2", "1", "1", "2", "2", "1", "2", "1", "2", "1"], "beat_fraction_str": ["0", "3/4", "0", "1/2", "0", "1/2", "0", "1/2", "0", "1/2", "0", "1/2", "0", "1/2", "0", "0", "0"], "beat": [2.0, 2.75, 1.0, 2.5, 1.0, 1.5, 2.0, 2.5, 1.0, 1.5, 2.0, 2.5, 1.0, 2.5, 1.0, 2.0, 1.0], "timesignature": ["2/4", "2/4", "2/4", "2/4", "2/4", "2/4", "2/4", "2/4", "2/4", "2/4", "2/4", "2/4", "2/4", "2/4", "2/4", "2/4", "2/4"], "gpr2a_Frankland": [null, null, null, null, null, null, null, null, 0.125, null, null, null, null, null, null, null, null], "gpr2b_Frankland": [null, null, 0.75, null, null, null, null, null, null, null, null, null, 0.6666666666666667, null, null, null, null], "gpr3a_Frankland": [null, 1.0, null, null, null, null, null, null, null, null, null, null, 0.8333333333333334, null, 0.8333333333333334, null, null], "gpr3d_Frankland": [null, null, null, null, 0.0, 0.0, null, null, null, null, null, null, null, null, null, null, null], "gpr_Frankland_sum": [0, 1.0, 0.75, 0, 0, 0, 0, 0, 0.125, 0, 0, 0, 1.5, 0, 0.8333333333333334, 0, 0], "lbdm_spitch": [null, 0.6585612968591693, 0.0, 0.0921985815602837, 0.03687943262411348, 0.01843971631205674, 0.030732860520094565, 0.0921985815602837, 0.0921985815602837, 0.0491725768321513, 0.03687943262411348, 0.09929078014184398, 1.0, 0.11268715524034675, 0.6146572104018914, null, null], "lbdm_sioi": [null, 0.0910714285714286, 0.5464285714285715, 0.07500000000000001, 0.0, 0.0, 0.0, 0.1, 1.0, 0.1, 0.0, 0.07500000000000001, 0.45000000000000007, 0.125, 0.1, null, null], "lbdm_srest": [null, 0.0, 0.0, 0.0, 0.0, 0.0, 0.0, 0.0, 1.0, 0.0, 0.0, 0.0, 0.0, 0.0, 0.0, null, null], "lbdm_rpitch": [null, 0.7142857142857143, 0.7142857142857143, 0.5, 0.0, 0.2, 0.0, 0.3333333333333333, 0.0, 0.3333333333333333, 0.2, 0.0, 0.5384615384615384, 0.6666666666666666, 0.5555555555555556, 0.5555555555555556, null], "lbdm_rioi": [null, 0.5, 0.7142857142857143, 0.5, 0.0, 0.0, 0.0, 0.0, 0.6666666666666666, 0.6666666666666666, 0.0, 0.0, 0.5, 0.5, 0.3333333333333333, 0.0, null], "lbdm_rrest": [null, 0.0, 0.0, 0.0, 0.0, 0.0, 0.0, 0.0, 1.0, 1.0, 0.0, 0.0, 0.0, 0.0, 0.0, 0.0, null], "lbdm_boundarystrength": [null, 0.21017603850050662, 0.27321428571428574, 0.06054964539007093, 0.00921985815602837, 0.004609929078014185, 0.007683215130023641, 0.07304964539007093, 0.7730496453900709, 0.06229314420803783, 0.00921985815602837, 0.062322695035461, 0.47500000000000003, 0.0906717888100867, 0.20366430260047286, null, null]}, "ann_bgcorpus": true}
