{"id": "NLB140811_01", "tunefamily": "9996_0", "year": 1941, "tunefamily_full": "Kom en laat ons dansen en springen", "type": "vocal", "freemeter": false, "origin": "", "features": {"scaledegree": [5, 4, 3, 2, 1, 7, 1, 2, 3, 4, 5, 4, 3, 2, 1, 7, 1, 2, 1], "scaledegreespecifier": ["P", "P", "M", "M", "P", "M", "P", "M", "M", "P", "P", "P", "M", "M", "P", "M", "P", "M", "P"], "tonic": ["F", "F", "F", "F", "F", "F", "F", "F", "F", "F", "F", "F", "F", "F", "F", "F", "F", "F", "F"], "mode": ["major", "major", "major", "major", "major", "major", "major", "major", "major", "major", "major", "major", "major", "major", "major", "major", "major", "major", "major"], "metriccontour": [null, "-", "+", "-", "+", "-", "+", "=", "+", "-", "+", "-", "+", "-", "+", "-", "+", "=", "+"], "imaweight": [0.682353, 0.576471, 0.952941, 0.894118, 0.811765, 0.141176, 0.823529, 0.658824, 1.0, 0.847059, 0.729412, 0.576471, 0.870588, 0.870588, 0.811765, 0.0941176, 0.623529, 0.658824, 0.976471], "imaweight_spectral": [0.753846, 0.746154, 1.0, 0.869231, 0.684615, 0.153846, 0.761538, 0.646154, 0.907692, 0.992308, 0.784615, 0.746154, 1.0, 0.907692, 0.684615, 0.123077, 0.684615, 0.676923, 0.946154], "pitch40_hewlett": [163, 157, 152, 146, 140, 135, 140, 146, 152, 157, 163, 157, 152, 146, 140, 135, 140, 146, 140], "pitch40_sapp": [202, 196, 191, 185, 179, 174, 179, 185, 191, 196, 202, 196, 191, 185, 179, 174, 179, 185, 179], "octave": [5, 4, 4, 4, 4, 4, 4, 4, 4, 4, 5, 4, 4, 4, 4, 4, 4, 4, 4], "midipitch": [72, 70, 69, 67, 65, 64, 65, 67, 69, 70, 72, 70, 69, 67, 65, 64, 65, 67, 65], "diatonicpitch": [32, 31, 30, 29, 28, 27, 28, 29, 30, 31, 32, 31, 30, 29, 28, 27, 28, 29, 28], "diatonicinterval": [null, -1, -1, -1, -1, -1, 1, 1, 1, 1, 1, -1, -1, -1, -1, -1, 1, 1, -1], "chromaticinterval": [null, -2, -1, -2, -2, -1, 1, 2, 2, 1, 2, -2, -1, -2, -2, -1, 1, 2, -2], "pitchproximity": [null, null, 1, 2, 2, 1, 1, 2, 2, 1, 2, 2, 1, 2, 2, 1, 1, 2, 2], "pitchreversal": [null, null, 0, 0, 0, 0, 1.5, 0, 0, 0, 0, 1.5, 0, 0, 0, 0, 1.5, 0, 1.5], "nextisrest": [false, false, false, false, false, false, false, false, false, false, false, false, false, false, false, false, false, false, null], "restduration_frac": [null, null, null, null, null, null, null, null, null, null, null, null, null, null, null, null, null, null, null], "duration": [2.0, 1.0, 2.0, 1.0, 0.5, 0.5, 1.0, 1.0, 2.0, 1.0, 2.0, 1.0, 2.0, 1.0, 0.5, 0.5, 1.0, 1.0, 3.0], "duration_frac": ["2", "1", "2", "1", "1/2", "1/2", "1", "1", "2", "1", "2", "1", "2", "1", "1/2", "1/2", "1", "1", "3"], "duration_fullname": ["Half", "Quarter", "Half", "Quarter", "Eighth", "Eighth", "Quarter", "Quarter", "Half", "Quarter", "Half", "Quarter", "Half", "Quarter", "Eighth", "Eighth", "Quarter", "Quarter", "Dotted Half"], "durationcontour": [null, "-", "+", "-", "-", "=", "+", "=", "+", "-", "+", "-", "+", "-", "-", "=", "+", "=", "+"], "onsettick": [0, 4, 6, 10, 12, 13, 14, 16, 18, 22, 24, 28, 30, 34, 36, 37, 38, 40, 42], "beatfraction": ["2", "1", "2", "1", "1/2", "1/2", "1", "1", "2", "1", "2", "1", "2", "1", "1/2", "1/2", "1", "1", "3"], "phrasepos": [0.0, 0.18181818181818182, 0.2727272727272727, 0.45454545454545453, 0.5454545454545454, 0.5909090909090909, 0.6363636363636364, 0.7272727272727273, 0.8181818181818182, 1.0, 0.0, 0.2222222222222222, 0.3333333333333333, 0.5555555555555556, 0.6666666666666666, 0.7222222222222222, 0.7777777777777778, 0.8888888888888888, 1.0], "phrase_ix": [0, 0, 0, 0, 0, 0, 0, 0, 0, 0, 1, 1, 1, 1, 1, 1, 1, 1, 1], "phrase_end": [false, false, false, false, false, false, false, false, false, true, false, false, false, false, false, false, false, false, true], "songpos": [0.0, 0.09523809523809523, 0.14285714285714285, 0.23809523809523808, 0.2857142857142857, 0.30952380952380953, 0.3333333333333333, 0.38095238095238093, 0.42857142857142855, 0.5238095238095238, 0.5714285714285714, 0.6666666666666666, 0.7142857142857143, 0.8095238095238095, 0.8571428571428571, 0.8809523809523809, 0.9047619047619048, 0.9523809523809523, 1.0], "beatinsong": ["0", "2", "3", "5", "6", "13/2", "7", "8", "9", "11", "12", "14", "15", "17", "18", "37/2", "19", "20", "21"], "beatinphrase": ["0", "2", "3", "5", "6", "13/2", "7", "8", "9", "11", "0", "2", "3", "5", "6", "13/2", "7", "8", "9"], "beatinphrase_end": ["-9", "-7", "-6", "-4", "-3", "-5/2", "-2", "-1", "0", "2", "-9", "-7", "-6", "-4", "-3", "-5/2", "-2", "-1", "0"], "IOI_frac": ["2", "1", "2", "1", "1/2", "1/2", "1", "1", "2", "1", "2", "1", "2", "1", "1/2", "1/2", "1", "1", null], "IOI": [2.0, 1.0, 2.0, 1.0, 0.5, 0.5, 1.0, 1.0, 2.0, 1.0, 2.0, 1.0, 2.0, 1.0, 0.5, 0.5, 1.0, 1.0, null], "IOR_frac": [null, "1/2", "2", "1/2", "1/2", "1", "2", "1", "2", "1/2", "2", "1/2", "2", "1/2", "1/2", "1", "2", "1", null], "IOR": [null, 0.5, 2.0, 0.5, 0.5, 1.0, 2.0, 1.0, 2.0, 0.5, 2.0, 0.5, 2.0, 0.5, 0.5, 1.0, 2.0, 1.0, null], "imacontour": [null, "-", "+", "-", "-", "-", "+", "-", "+", "-", "-", "-", "+", "=", "-", "-", "+", "+", "+"], "pitch": ["C5", "B-4", "A4", "G4", "F4", "E4", "F4", "G4", "A4", "B-4", "C5", "B-4", "A4", "G4", "F4", "E4", "F4", "G4", "F4"], "contour3": [null, "-", "-", "-", "-", "-", "+", "+", "+", "+", "+", "-", "-", "-", "-", "-", "+", "+", "-"], "contour5": [null, "-", "-", "-", "-", "-", "+", "+", "+", "+", "+", "-", "-", "-", "-", "-", "+", "+", "-"], "beatstrength": [1.0, 0.5, 1.0, 0.5, 1.0, 0.25, 0.5, 0.5, 1.0, 0.5, 1.0, 0.5, 1.0, 0.5, 1.0, 0.25, 0.5, 0.5, 1.0], "beat_str": ["1", "3", "1", "3", "1", "1", "2", "3", "1", "3", "1", "3", "1", "3", "1", "1", "2", "3", "1"], "beat_fraction_str": ["0", "0", "0", "0", "0", "1/2", "0", "0", "0", "0", "0", "0", "0", "0", "0", "1/2", "0", "0", "0"], "beat": [1.0, 3.0, 1.0, 3.0, 1.0, 1.5, 2.0, 3.0, 1.0, 3.0, 1.0, 3.0, 1.0, 3.0, 1.0, 1.5, 2.0, 3.0, 1.0], "timesignature": ["3/4", "3/4", "3/4", "3/4", "3/4", "3/4", "3/4", "3/4", "3/4", "3/4", "3/4", "3/4", "3/4", "3/4", "3/4", "3/4", "3/4", "3/4", "3/4"], "gpr2a_Frankland": [null, null, null, null, null, null, null, null, null, null, null, null, null, null, null, null, null, null, null], "gpr2b_Frankland": [null, null, 0.5, null, null, null, null, null, 0.5, null, 0.5, null, 0.5, null, null, null, null, null, null], "gpr3a_Frankland": [null, null, null, null, null, null, null, null, null, null, null, null, null, null, null, null, null, null, null], "gpr3d_Frankland": [null, null, null, null, null, 0.5, null, null, null, null, null, null, null, null, null, 0.5, null, null, null], "gpr_Frankland_sum": [0, 0, 0.5, 0, 0, 0.5, 0, 0, 0.5, 0, 0.5, 0, 0.5, 0, 0, 0.5, 0, 0, 0], "lbdm_spitch": [null, 1.0, 1.0, 1.0, 0.5, 0.5, 1.0, 1.0, 1.0, 1.0, 1.0, 1.0, 1.0, 1.0, 0.5, 0.5, 1.0, null, null], "lbdm_sioi": [null, 0.5, 1.0, 0.5, 0.125, 0.125, 0.25, 0.25, 1.0, 0.5, 1.0, 0.5, 1.0, 0.5, 0.125, 0.125, 0.25, null, null], "lbdm_srest": [null, 0.0, 0.0, 0.0, 0.0, 0.0, 0.0, 0.0, 0.0, 0.0, 0.0, 0.0, 0.0, 0.0, 0.0, 0.0, 0.0, null, null], "lbdm_rpitch": [null, 0.2, 0.2, 0.0, 0.2, 0.0, 0.2, 0.0, 0.2, 0.2, 0.0, 0.2, 0.2, 0.0, 0.2, 0.0, 0.2, 0.0, null], "lbdm_rioi": [null, 0.3333333333333333, 0.3333333333333333, 0.3333333333333333, 0.3333333333333333, 0.0, 0.3333333333333333, 0.0, 0.3333333333333333, 0.3333333333333333, 0.3333333333333333, 0.3333333333333333, 0.3333333333333333, 0.3333333333333333, 0.3333333333333333, 0.0, 0.3333333333333333, 0.0, null], "lbdm_rrest": [null, 0.0, 0.0, 0.0, 0.0, 0.0, 0.0, 0.0, 0.0, 0.0, 0.0, 0.0, 0.0, 0.0, 0.0, 0.0, 0.0, 0.0, null], "lbdm_boundarystrength": [null, 0.5, 0.75, 0.5, 0.1875, 0.1875, 0.375, 0.375, 0.75, 0.5, 0.75, 0.5, 0.75, 0.5, 0.1875, 0.1875, 0.375, null, null]}, "ann_bgcorpus": true}
