{"id": "NLB144198_01", "tunefamily": "", "year": 1941, "tunefamily_full": "", "type": "vocal", "freemeter": false, "origin": "", "features": {"scaledegree": [4, 3, 2, 1, 1, 2, 2, 2, 3, 1, 4, 3, 2, 1, 2, 5, 1], "scaledegreespecifier": ["P", "M", "M", "P", "P", "M", "M", "M", "M", "P", "P", "M", "M", "P", "M", "P", "P"], "tonic": ["D", "D", "D", "D", "D", "D", "D", "D", "D", "D", "D", "D", "D", "D", "D", "D", "D"], "mode": ["major", "major", "major", "major", "major", "major", "major", "major", "major", "major", "major", "major", "major", "major", "major", "major", "major"], "metriccontour": [null, "-", "-", "+", "-", "+", "-", "-", "+", "-", "+", "-", "-", "+", "-", "+", "="], "imaweight": [0.9447, 0.700461, 0.0552995, 1.0, 0.700461, 0.926267, 0.774194, 0.129032, 0.907834, 0.718894, 1.0, 0.718894, 0.0921659, 0.926267, 0.774194, 0.907834, 0.354839], "imaweight_spectral": [0.915612, 0.691983, 0.0843882, 0.983122, 0.691983, 0.898734, 0.759494, 0.151899, 0.881857, 0.708861, 0.966245, 0.708861, 0.118143, 0.898734, 0.759494, 0.898734, 1.0], "pitch40_hewlett": [146, 141, 135, 129, 129, 135, 135, 135, 141, 129, 146, 141, 135, 129, 135, 152, 129], "pitch40_sapp": [185, 180, 174, 168, 168, 174, 174, 174, 180, 168, 185, 180, 174, 168, 174, 191, 168], "octave": [4, 4, 4, 4, 4, 4, 4, 4, 4, 4, 4, 4, 4, 4, 4, 4, 4], "midipitch": [67, 66, 64, 62, 62, 64, 64, 64, 66, 62, 67, 66, 64, 62, 64, 69, 62], "diatonicpitch": [31, 30, 29, 28, 28, 29, 29, 29, 30, 28, 31, 30, 29, 28, 29, 32, 28], "diatonicinterval": [null, -1, -1, -1, 0, 1, 0, 0, 1, -2, 3, -1, -1, -1, 1, 3, -4], "chromaticinterval": [null, -1, -2, -2, 0, 2, 0, 0, 2, -4, 5, -1, -2, -2, 2, 5, -7], "pitchproximity": [null, null, 2, 2, 0, 2, 0, 0, 2, 4, 5, 1, 2, 2, 2, 5, 7], "pitchreversal": [null, null, 0, 0, 0, 0, 0, 0, 0, 1.5, 1.5, 0, 0, 0, 1.5, 0, 1.5], "nextisrest": [false, false, false, false, false, false, false, false, false, false, false, false, false, false, false, false, true], "restduration_frac": [null, null, null, null, null, null, null, null, null, null, null, null, null, null, null, null, "1"], "duration": [1.0, 0.5, 0.5, 1.0, 1.0, 1.0, 0.5, 0.5, 1.0, 1.0, 1.0, 0.5, 0.5, 1.0, 1.0, 2.0, 1.0], "duration_frac": ["1", "1/2", "1/2", "1", "1", "1", "1/2", "1/2", "1", "1", "1", "1/2", "1/2", "1", "1", "2", "1"], "duration_fullname": ["Quarter", "Eighth", "Eighth", "Quarter", "Quarter", "Quarter", "Eighth", "Eighth", "Quarter", "Quarter", "Quarter", "Eighth", "Eighth", "Quarter", "Quarter", "Half", "Quarter"], "durationcontour": [null, "-", "=", "+", "=", "=", "-", "=", "+", "=", "=", "-", "=", "+", "=", "+", "-"], "onsettick": [0, 2, 3, 4, 6, 8, 10, 11, 12, 14, 16, 18, 19, 20, 22, 24, 28], "beatfraction": ["1", "1/2", "1/2", "1", "1", "1", "1/2", "1/2", "1", "1", "1", "1/2", "1/2", "1", "1", "2", "1"], "phrasepos": [0.0, 0.14285714285714285, 0.21428571428571427, 0.2857142857142857, 0.42857142857142855, 0.5714285714285714, 0.7142857142857143, 0.7857142857142857, 0.8571428571428571, 1.0, 0.0, 0.16666666666666666, 0.25, 0.3333333333333333, 0.5, 0.6666666666666666, 1.0], "phrase_ix": [0, 0, 0, 0, 0, 0, 0, 0, 0, 0, 1, 1, 1, 1, 1, 1, 1], "phrase_end": [false, false, false, false, false, false, false, false, false, true, false, false, false, false, false, false, true], "songpos": [0.0, 0.07142857142857142, 0.10714285714285714, 0.14285714285714285, 0.21428571428571427, 0.2857142857142857, 0.35714285714285715, 0.39285714285714285, 0.42857142857142855, 0.5, 0.5714285714285714, 0.6428571428571429, 0.6785714285714286, 0.7142857142857143, 0.7857142857142857, 0.8571428571428571, 1.0], "beatinsong": ["0", "1", "3/2", "2", "3", "4", "5", "11/2", "6", "7", "8", "9", "19/2", "10", "11", "12", "14"], "beatinphrase": ["0", "1", "3/2", "2", "3", "4", "5", "11/2", "6", "7", "0", "1", "3/2", "2", "3", "4", "6"], "beatinphrase_end": ["-6", "-5", "-9/2", "-4", "-3", "-2", "-1", "-1/2", "0", "1", "-6", "-5", "-9/2", "-4", "-3", "-2", "0"], "IOI_frac": ["1", "1/2", "1/2", "1", "1", "1", "1/2", "1/2", "1", "1", "1", "1/2", "1/2", "1", "1", "2", "2"], "IOI": [1.0, 0.5, 0.5, 1.0, 1.0, 1.0, 0.5, 0.5, 1.0, 1.0, 1.0, 0.5, 0.5, 1.0, 1.0, 2.0, 2.0], "IOR_frac": [null, "1/2", "1", "2", "1", "1", "1/2", "1", "2", "1", "1", "1/2", "1", "2", "1", "2", "1"], "IOR": [null, 0.5, 1.0, 2.0, 1.0, 1.0, 0.5, 1.0, 2.0, 1.0, 1.0, 0.5, 1.0, 2.0, 1.0, 2.0, 1.0], "imacontour": [null, "-", "-", "+", "-", "+", "-", "-", "+", "-", "+", "-", "-", "+", "-", "+", "-"], "pitch": ["G4", "F#4", "E4", "D4", "D4", "E4", "E4", "E4", "F#4", "D4", "G4", "F#4", "E4", "D4", "E4", "A4", "D4"], "contour3": [null, "-", "-", "-", "=", "+", "=", "=", "+", "-", "+", "-", "-", "-", "+", "+", "-"], "contour5": [null, "-", "-", "-", "=", "+", "=", "=", "+", "--", "++", "-", "-", "-", "+", "++", "--"], "beatstrength": [1.0, 0.5, 0.25, 1.0, 0.5, 1.0, 0.5, 0.25, 1.0, 0.5, 1.0, 0.5, 0.25, 1.0, 0.5, 1.0, 1.0], "beat_str": ["1", "2", "2", "1", "2", "1", "2", "2", "1", "2", "1", "2", "2", "1", "2", "1", "1"], "beat_fraction_str": ["0", "0", "1/2", "0", "0", "0", "0", "1/2", "0", "0", "0", "0", "1/2", "0", "0", "0", "0"], "beat": [1.0, 2.0, 2.5, 1.0, 2.0, 1.0, 2.0, 2.5, 1.0, 2.0, 1.0, 2.0, 2.5, 1.0, 2.0, 1.0, 1.0], "timesignature": ["2/4", "2/4", "2/4", "2/4", "2/4", "2/4", "2/4", "2/4", "2/4", "2/4", "2/4", "2/4", "2/4", "2/4", "2/4", "2/4", "2/4"], "gpr2a_Frankland": [null, null, null, null, null, null, null, null, null, null, null, null, null, null, null, null, 0.25], "gpr2b_Frankland": [null, null, null, null, null, null, null, null, null, null, null, null, null, null, null, null, null], "gpr3a_Frankland": [null, null, null, null, 1.0, null, null, null, null, 0.5, null, null, null, null, null, null, null], "gpr3d_Frankland": [null, null, 0.5, null, null, 0.5, null, 0.5, null, null, 0.5, null, 0.5, null, 0.5, null, null], "gpr_Frankland_sum": [0, 0, 0.5, 0, 1.0, 0.5, 0, 0.5, 0, 0.5, 0.5, 0, 0.5, 0, 0.5, 0, 0.25], "lbdm_spitch": [null, 0.13538461538461538, 0.3384615384615385, 0.0, 0.676923076923077, 0.0, 0.0, 0.5076923076923077, 0.46153846153846156, 1.0, 0.2369230769230769, 0.13538461538461538, 0.0, 0.22564102564102562, 0.8058608058608059, null, null], "lbdm_sioi": [null, 0.5, 0.5, 1.0, 0.0, 1.0, 0.5, 0.5, 1.0, 0.0, 1.0, 0.5, 0.5, 1.0, 1.0, null, null], "lbdm_srest": [null, 0.0, 0.0, 0.0, 0.0, 0.0, 0.0, 0.0, 0.0, 0.0, 0.0, 0.0, 0.0, 0.0, 0.0, null, null], "lbdm_rpitch": [null, 0.2, 0.0, 0.5, 0.5, 0.5, 0.0, 0.5, 0.25, 0.09090909090909091, 0.5, 0.2, 0.0, 0.0, 0.3333333333333333, 0.14285714285714285, null], "lbdm_rioi": [null, 0.3333333333333333, 0.0, 0.3333333333333333, 0.0, 0.0, 0.3333333333333333, 0.0, 0.3333333333333333, 0.0, 0.0, 0.3333333333333333, 0.0, 0.3333333333333333, 0.0, 0.3333333333333333, null], "lbdm_rrest": [null, 0.0, 0.0, 0.0, 0.0, 0.0, 0.0, 0.0, 0.0, 0.0, 0.0, 0.0, 0.0, 0.0, 0.0, 0.0, null], "lbdm_boundarystrength": [null, 0.28384615384615386, 0.33461538461538465, 0.5, 0.16923076923076924, 0.5, 0.25, 0.3769230769230769, 0.6153846153846154, 0.25, 0.5592307692307692, 0.28384615384615386, 0.25, 0.5564102564102564, 0.7014652014652014, null, null]}, "ann_bgcorpus": false}
