{"id": "NLB176900_01", "tunefamily": "11271_0", "year": 1783, "tunefamily_full": "Mechelse kermis", "type": "instrumental", "freemeter": false, "origin": "", "features": {"scaledegree": [1, 5, 5, 3, 4, 5, 6, 5], "scaledegreespecifier": ["P", "P", "P", "M", "P", "P", "M", "P"], "tonic": ["D", "D", "D", "D", "D", "D", "D", "D"], "mode": ["major", "major", "major", "major", "major", "major", "major", "major"], "metriccontour": [null, "-", "+", "-", "+", "-", "=", "+"], "imaweight": [0.264706, 0.117647, 0.529412, 0.852941, 0.735294, 0.735294, 0.588235, 1.0], "imaweight_spectral": [0.735294, 0.588235, 1.0, 0.852941, 0.735294, 0.735294, 0.588235, 1.0], "pitch40_hewlett": [169, 152, 152, 141, 146, 152, 158, 152], "pitch40_sapp": [208, 191, 191, 180, 185, 191, 197, 191], "octave": [5, 4, 4, 4, 4, 4, 4, 4], "midipitch": [74, 69, 69, 66, 67, 69, 71, 69], "diatonicpitch": [35, 32, 32, 30, 31, 32, 33, 32], "diatonicinterval": [null, -3, 0, -2, 1, 1, 1, -1], "chromaticinterval": [null, -5, 0, -3, 1, 2, 2, -2], "pitchproximity": [null, null, 0, 3, 1, 2, 2, 2], "pitchreversal": [null, null, 0, 0, 1.5, 0, 0, 1.5], "nextisrest": [false, false, false, false, false, false, false, null], "restduration_frac": [null, null, null, null, null, null, null, null], "duration": [1.0, 0.5, 1.0, 0.5, 0.5, 0.5, 0.5, 1.0], "duration_frac": ["1", "1/2", "1", "1/2", "1/2", "1/2", "1/2", "1"], "duration_fullname": ["Quarter", "Eighth", "Quarter", "Eighth", "Eighth", "Eighth", "Eighth", "Quarter"], "durationcontour": [null, "-", "+", "-", "=", "=", "=", "+"], "onsettick": [0, 2, 3, 5, 6, 7, 8, 9], "beatfraction": ["2/3", "1/3", "2/3", "1/3", "1/3", "1/3", "1/3", "2/3"], "phrasepos": [0.0, 0.2222222222222222, 0.3333333333333333, 0.5555555555555556, 0.6666666666666666, 0.7777777777777778, 0.8888888888888888, 1.0], "phrase_ix": [0, 0, 0, 0, 0, 0, 0, 0], "phrase_end": [false, false, false, false, false, false, false, true], "songpos": [0.0, 0.2222222222222222, 0.3333333333333333, 0.5555555555555556, 0.6666666666666666, 0.7777777777777778, 0.8888888888888888, 1.0], "beatinsong": ["0", "2/3", "1", "5/3", "2", "7/3", "8/3", "3"], "beatinphrase": ["0", "2/3", "1", "5/3", "2", "7/3", "8/3", "3"], "beatinphrase_end": ["-2", "-4/3", "-1", "-1/3", "0", "1/3", "2/3", "1"], "IOI_frac": ["1", "1/2", "1", "1/2", "1/2", "1/2", "1/2", null], "IOI": [1.0, 0.5, 1.0, 0.5, 0.5, 0.5, 0.5, null], "IOR_frac": [null, "1/2", "2", "1/2", "1", "1", "1", null], "IOR": [null, 0.5, 2.0, 0.5, 1.0, 1.0, 1.0, null], "imacontour": [null, "-", "+", "+", "-", "=", "-", "+"], "pitch": ["D5", "A4", "A4", "F#4", "G4", "A4", "B4", "A4"], "contour3": [null, "-", "=", "-", "+", "+", "+", "-"], "contour5": [null, "--", "=", "--", "+", "+", "+", "-"], "beatstrength": [1.0, 0.25, 0.5, 0.25, 1.0, 0.25, 0.25, 0.5], "beat_str": ["1", "1", "2", "2", "1", "1", "1", "2"], "beat_fraction_str": ["0", "2/3", "0", "2/3", "0", "1/3", "2/3", "0"], "beat": [1.0, 1.6666666666666667, 2.0, 2.6666666666666665, 1.0, 1.3333333333333333, 1.6666666666666667, 2.0], "timesignature": ["6/8", "6/8", "6/8", "6/8", "6/8", "6/8", "6/8", "6/8"], "gpr2a_Frankland": [null, null, null, null, null, null, null, null], "gpr2b_Frankland": [null, null, 0.5, null, null, null, null, null], "gpr3a_Frankland": [null, null, 0.8333333333333334, null, null, null, null, null], "gpr3d_Frankland": [null, null, null, null, 0.0, null, null, null], "gpr_Frankland_sum": [0, 0, 1.3333333333333335, 0, 0, 0, 0, 0], "lbdm_spitch": [null, 0.0, 1.0, 0.1904761904761905, 0.14285714285714288, 0.0, null, null], "lbdm_sioi": [null, 0.5, 1.0, 0.25, 0.0, 0.0, null, null], "lbdm_srest": [null, 0.0, 0.0, 0.0, 0.0, 0.0, null, null], "lbdm_rpitch": [null, 0.7142857142857143, 0.6, 0.3333333333333333, 0.2, 0.0, 0.0, null], "lbdm_rioi": [null, 0.3333333333333333, 0.3333333333333333, 0.3333333333333333, 0.0, 0.0, 0.0, null], "lbdm_rrest": [null, 0.0, 0.0, 0.0, 0.0, 0.0, 0.0, null], "lbdm_boundarystrength": [null, 0.25, 0.75, 0.17261904761904762, 0.03571428571428572, 0.0, null, null]}, "ann_bgcorpus": true}
