{"id": "NLB104283_01", "tunefamily": "", "year": 1900, "tunefamily_full": "", "type": "vocal", "freemeter": false, "origin": "", "features": {"scaledegree": [1, 3, 3, 2, 2, 1, 1, 2, 3, 3, 2, 2, 1], "scaledegreespecifier": ["P", "M", "M", "M", "M", "P", "P", "M", "M", "M", "M", "M", "P"], "tonic": ["F", "F", "F", "F", "F", "F", "F", "F", "F", "F", "F", "F", "F"], "mode": ["major", "major", "major", "major", "major", "major", "major", "major", "major", "major", "major", "major", "major"], "metriccontour": [null, "-", "-", "+", "-", "+", "+", "-", "+", "-", "+", "-", "+"], "imaweight": [0.657143, 0.771429, 0.342857, 0.657143, 0.380952, 0.771429, 1.0, 0.571429, 0.847619, 0.495238, 0.961905, 0.419048, 1.0], "imaweight_spectral": [1.0, 0.966942, 0.595041, 0.867769, 0.628099, 0.966942, 1.0, 0.628099, 0.867769, 0.561983, 0.966942, 0.495868, 1.0], "pitch40_hewlett": [140, 152, 152, 146, 146, 140, 140, 146, 152, 152, 146, 146, 140], "pitch40_sapp": [179, 191, 191, 185, 185, 179, 179, 185, 191, 191, 185, 185, 179], "octave": [4, 4, 4, 4, 4, 4, 4, 4, 4, 4, 4, 4, 4], "midipitch": [65, 69, 69, 67, 67, 65, 65, 67, 69, 69, 67, 67, 65], "diatonicpitch": [28, 30, 30, 29, 29, 28, 28, 29, 30, 30, 29, 29, 28], "diatonicinterval": [null, 2, 0, -1, 0, -1, 0, 1, 1, 0, -1, 0, -1], "chromaticinterval": [null, 4, 0, -2, 0, -2, 0, 2, 2, 0, -2, 0, -2], "pitchproximity": [null, null, 0, 2, 0, 2, 0, 2, 2, 0, 2, 0, 2], "pitchreversal": [null, null, 0, 0, 0, 0, 0, 0, 0, 0, 0, 0, 0], "nextisrest": [false, false, false, false, false, false, false, false, false, false, false, false, null], "restduration_frac": [null, null, null, null, null, null, null, null, null, null, null, null, null], "duration": [1.0, 0.5, 0.5, 0.5, 0.5, 1.0, 0.5, 0.5, 0.5, 0.5, 0.5, 0.5, 1.0], "duration_frac": ["1", "1/2", "1/2", "1/2", "1/2", "1", "1/2", "1/2", "1/2", "1/2", "1/2", "1/2", "1"], "duration_fullname": ["Quarter", "Eighth", "Eighth", "Eighth", "Eighth", "Quarter", "Eighth", "Eighth", "Eighth", "Eighth", "Eighth", "Eighth", "Quarter"], "durationcontour": [null, "-", "=", "=", "=", "+", "-", "=", "=", "=", "=", "=", "+"], "onsettick": [0, 2, 3, 4, 5, 6, 8, 9, 10, 11, 12, 13, 14], "beatfraction": ["1", "1/2", "1/2", "1/2", "1/2", "1", "1/2", "1/2", "1/2", "1/2", "1/2", "1/2", "1"], "phrasepos": [0.0, 0.3333333333333333, 0.5, 0.6666666666666666, 0.8333333333333334, 1.0, 0.0, 0.16666666666666666, 0.3333333333333333, 0.5, 0.6666666666666666, 0.8333333333333334, 1.0], "phrase_ix": [0, 0, 0, 0, 0, 0, 1, 1, 1, 1, 1, 1, 1], "phrase_end": [false, false, false, false, false, true, false, false, false, false, false, false, true], "songpos": [0.0, 0.14285714285714285, 0.21428571428571427, 0.2857142857142857, 0.35714285714285715, 0.42857142857142855, 0.5714285714285714, 0.6428571428571429, 0.7142857142857143, 0.7857142857142857, 0.8571428571428571, 0.9285714285714286, 1.0], "beatinsong": ["0", "1", "3/2", "2", "5/2", "3", "4", "9/2", "5", "11/2", "6", "13/2", "7"], "beatinphrase": ["0", "1", "3/2", "2", "5/2", "3", "0", "1/2", "1", "3/2", "2", "5/2", "3"], "beatinphrase_end": ["0", "1", "3/2", "2", "5/2", "3", "0", "1/2", "1", "3/2", "2", "5/2", "3"], "IOI_frac": ["1", "1/2", "1/2", "1/2", "1/2", "1", "1/2", "1/2", "1/2", "1/2", "1/2", "1/2", null], "IOI": [1.0, 0.5, 0.5, 0.5, 0.5, 1.0, 0.5, 0.5, 0.5, 0.5, 0.5, 0.5, null], "IOR_frac": [null, "1/2", "1", "1", "1", "2", "1/2", "1", "1", "1", "1", "1", null], "IOR": [null, 0.5, 1.0, 1.0, 1.0, 2.0, 0.5, 1.0, 1.0, 1.0, 1.0, 1.0, null], "imacontour": [null, "+", "-", "+", "-", "+", "+", "-", "+", "-", "+", "-", "+"], "pitch": ["F4", "A4", "A4", "G4", "G4", "F4", "F4", "G4", "A4", "A4", "G4", "G4", "F4"], "contour3": [null, "+", "=", "-", "=", "-", "=", "+", "+", "=", "-", "=", "-"], "contour5": [null, "++", "=", "-", "=", "-", "=", "+", "+", "=", "-", "=", "-"], "beatstrength": [1.0, 0.25, 0.125, 0.5, 0.125, 0.25, 1.0, 0.125, 0.25, 0.125, 0.5, 0.125, 0.25], "beat_str": ["1", "2", "2", "3", "3", "4", "1", "1", "2", "2", "3", "3", "4"], "beat_fraction_str": ["0", "0", "1/2", "0", "1/2", "0", "0", "1/2", "0", "1/2", "0", "1/2", "0"], "beat": [1.0, 2.0, 2.5, 3.0, 3.5, 4.0, 1.0, 1.5, 2.0, 2.5, 3.0, 3.5, 4.0], "timesignature": ["4/4", "4/4", "4/4", "4/4", "4/4", "4/4", "4/4", "4/4", "4/4", "4/4", "4/4", "4/4", "4/4"], "gpr2a_Frankland": [null, null, null, null, null, null, null, null, null, null, null, null, null], "gpr2b_Frankland": [null, null, null, null, null, 0.5, null, null, null, null, null, null, null], "gpr3a_Frankland": [null, null, 1.0, null, 1.0, null, null, null, null, 1.0, null, null, null], "gpr3d_Frankland": [null, null, 0.0, null, null, null, null, 0.0, 0.0, 0.0, null, null, null], "gpr_Frankland_sum": [0, 0, 1.0, 0, 1.0, 0.5, 0, 0, 0, 1.0, 0, 0, 0], "lbdm_spitch": [null, 0.0, 1.0, 0.0, 1.0, 0.0, 0.5, 0.5, 0.0, 1.0, 0.0, null, null], "lbdm_sioi": [null, 0.25, 0.0, 0.0, 0.25, 1.0, 0.25, 0.0, 0.0, 0.0, 0.0, null, null], "lbdm_srest": [null, 0.0, 0.0, 0.0, 0.0, 0.0, 0.0, 0.0, 0.0, 0.0, 0.0, null, null], "lbdm_rpitch": [null, 0.6666666666666666, 0.5, 0.5, 0.5, 0.5, 0.5, 0.0, 0.5, 0.5, 0.5, 0.5, null], "lbdm_rioi": [null, 0.3333333333333333, 0.0, 0.0, 0.0, 0.3333333333333333, 0.3333333333333333, 0.0, 0.0, 0.0, 0.0, 0.0, null], "lbdm_rrest": [null, 0.0, 0.0, 0.0, 0.0, 0.0, 0.0, 0.0, 0.0, 0.0, 0.0, 0.0, null], "lbdm_boundarystrength": [null, 0.125, 0.25, 0.0, 0.375, 0.5, 0.25, 0.125, 0.0, 0.25, 0.0, null, null]}, "ann_bgcorpus": false}
