{"id": "NLB143672_01", "tunefamily": "", "year": 1941, "tunefamily_full": "", "type": "vocal", "freemeter": false, "origin": "", "features": {"scaledegree": [1, 3, 5, 3, 5, 5, 2, 3, 3, 1, 1, 3, 5, 3, 3, 5, 4, 3, 2, 1], "scaledegreespecifier": ["P", "M", "P", "M", "P", "P", "M", "M", "M", "P", "P", "M", "P", "M", "M", "P", "P", "M", "M", "P"], "tonic": ["F", "F", "F", "F", "F", "F", "F", "F", "F", "F", "F", "F", "F", "F", "F", "F", "F", "F", "F", "F"], "mode": ["major", "major", "major", "major", "major", "major", "major", "major", "major", "major", "major", "major", "major", "major", "major", "major", "major", "major", "major", "major"], "metriccontour": [null, "-", "+", "-", "+", "-", "+", "+", "-", "+", "+", "-", "+", "-", "-", "+", "-", "+", "-", "+"], "imaweight": [0.967593, 0.944444, 0.944444, 0.967593, 0.944444, 0.115741, 0.944444, 0.944444, 0.152778, 0.944444, 0.944444, 0.967593, 0.967593, 0.962963, 0.037037, 1.0, 0.111111, 1.0, 0.175926, 1.0], "imaweight_spectral": [0.9875, 0.95, 1.0, 0.9875, 0.933333, 0.1875, 0.966667, 0.933333, 0.270833, 0.933333, 0.983333, 0.9875, 0.970833, 0.983333, 0.0333333, 0.966667, 0.15, 0.933333, 0.208333, 0.983333], "pitch40_hewlett": [140, 152, 163, 152, 163, 163, 146, 152, 152, 140, 140, 152, 163, 152, 152, 163, 157, 152, 146, 140], "pitch40_sapp": [179, 191, 202, 191, 202, 202, 185, 191, 191, 179, 179, 191, 202, 191, 191, 202, 196, 191, 185, 179], "octave": [4, 4, 5, 4, 5, 5, 4, 4, 4, 4, 4, 4, 5, 4, 4, 5, 4, 4, 4, 4], "midipitch": [65, 69, 72, 69, 72, 72, 67, 69, 69, 65, 65, 69, 72, 69, 69, 72, 70, 69, 67, 65], "diatonicpitch": [28, 30, 32, 30, 32, 32, 29, 30, 30, 28, 28, 30, 32, 30, 30, 32, 31, 30, 29, 28], "diatonicinterval": [null, 2, 2, -2, 2, 0, -3, 1, 0, -2, 0, 2, 2, -2, 0, 2, -1, -1, -1, -1], "chromaticinterval": [null, 4, 3, -3, 3, 0, -5, 2, 0, -4, 0, 4, 3, -3, 0, 3, -2, -1, -2, -2], "pitchproximity": [null, null, 3, 3, 3, 0, 5, 2, 0, 4, 0, 4, 3, 3, 0, 3, 2, 1, 2, 2], "pitchreversal": [null, null, 0, 1.5, 1.5, 0, 0, 0, 0, 0, 0, 0, 0, 1.5, 0, 0, 1.5, 0, 0, 0], "nextisrest": [false, false, false, false, false, false, false, false, false, false, false, false, false, false, false, false, false, false, false, true], "restduration_frac": [null, null, null, null, null, null, null, null, null, null, null, null, null, null, null, null, null, null, null, "1"], "duration": [1.0, 1.0, 1.0, 1.0, 0.5, 0.5, 1.0, 0.5, 0.5, 1.0, 1.0, 1.0, 1.0, 0.75, 0.25, 0.5, 0.5, 0.5, 0.5, 1.0], "duration_frac": ["1", "1", "1", "1", "1/2", "1/2", "1", "1/2", "1/2", "1", "1", "1", "1", "3/4", "1/4", "1/2", "1/2", "1/2", "1/2", "1"], "duration_fullname": ["Quarter", "Quarter", "Quarter", "Quarter", "Eighth", "Eighth", "Quarter", "Eighth", "Eighth", "Quarter", "Quarter", "Quarter", "Quarter", "Dotted Eighth", "16th", "Eighth", "Eighth", "Eighth", "Eighth", "Quarter"], "durationcontour": [null, "=", "=", "=", "-", "=", "+", "-", "=", "+", "=", "=", "=", "-", "-", "+", "=", "=", "=", "+"], "onsettick": [0, 4, 8, 12, 16, 18, 20, 24, 26, 28, 32, 36, 40, 44, 47, 48, 50, 52, 54, 56], "beatfraction": ["1", "1", "1", "1", "1/2", "1/2", "1", "1/2", "1/2", "1", "1", "1", "1", "3/4", "1/4", "1/2", "1/2", "1/2", "1/2", "1"], "phrasepos": [0.0, 0.14285714285714285, 0.2857142857142857, 0.42857142857142855, 0.5714285714285714, 0.6428571428571429, 0.7142857142857143, 0.8571428571428571, 0.9285714285714286, 1.0, 0.0, 0.16666666666666666, 0.3333333333333333, 0.5, 0.625, 0.6666666666666666, 0.75, 0.8333333333333334, 0.9166666666666666, 1.0], "phrase_ix": [0, 0, 0, 0, 0, 0, 0, 0, 0, 0, 1, 1, 1, 1, 1, 1, 1, 1, 1, 1], "phrase_end": [false, false, false, false, false, false, false, false, false, true, false, false, false, false, false, false, false, false, false, true], "songpos": [0.0, 0.07142857142857142, 0.14285714285714285, 0.21428571428571427, 0.2857142857142857, 0.32142857142857145, 0.35714285714285715, 0.42857142857142855, 0.4642857142857143, 0.5, 0.5714285714285714, 0.6428571428571429, 0.7142857142857143, 0.7857142857142857, 0.8392857142857143, 0.8571428571428571, 0.8928571428571429, 0.9285714285714286, 0.9642857142857143, 1.0], "beatinsong": ["0", "1", "2", "3", "4", "9/2", "5", "6", "13/2", "7", "8", "9", "10", "11", "47/4", "12", "25/2", "13", "27/2", "14"], "beatinphrase": ["0", "1", "2", "3", "4", "9/2", "5", "6", "13/2", "7", "0", "1", "2", "3", "15/4", "4", "9/2", "5", "11/2", "6"], "beatinphrase_end": ["-6", "-5", "-4", "-3", "-2", "-3/2", "-1", "0", "1/2", "1", "-6", "-5", "-4", "-3", "-9/4", "-2", "-3/2", "-1", "-1/2", "0"], "IOI_frac": ["1", "1", "1", "1", "1/2", "1/2", "1", "1/2", "1/2", "1", "1", "1", "1", "3/4", "1/4", "1/2", "1/2", "1/2", "1/2", "2"], "IOI": [1.0, 1.0, 1.0, 1.0, 0.5, 0.5, 1.0, 0.5, 0.5, 1.0, 1.0, 1.0, 1.0, 0.75, 0.25, 0.5, 0.5, 0.5, 0.5, 2.0], "IOR_frac": [null, "1", "1", "1", "1/2", "1", "2", "1/2", "1", "2", "1", "1", "1", "3/4", "1/3", "2", "1", "1", "1", "4"], "IOR": [null, 1.0, 1.0, 1.0, 0.5, 1.0, 2.0, 0.5, 1.0, 2.0, 1.0, 1.0, 1.0, 0.75, 0.3333333333333333, 2.0, 1.0, 1.0, 1.0, 4.0], "imacontour": [null, "-", "=", "+", "-", "-", "+", "=", "-", "+", "=", "+", "=", "-", "-", "+", "-", "+", "-", "+"], "pitch": ["F4", "A4", "C5", "A4", "C5", "C5", "G4", "A4", "A4", "F4", "F4", "A4", "C5", "A4", "A4", "C5", "B-4", "A4", "G4", "F4"], "contour3": [null, "+", "+", "-", "+", "=", "-", "+", "=", "-", "=", "+", "+", "-", "=", "+", "-", "-", "-", "-"], "contour5": [null, "++", "++", "--", "++", "=", "--", "+", "=", "--", "=", "++", "++", "--", "=", "++", "-", "-", "-", "-"], "beatstrength": [1.0, 0.5, 1.0, 0.5, 1.0, 0.25, 0.5, 1.0, 0.25, 0.5, 1.0, 0.5, 1.0, 0.5, 0.125, 1.0, 0.25, 0.5, 0.25, 1.0], "beat_str": ["1", "2", "1", "2", "1", "1", "2", "1", "1", "2", "1", "2", "1", "2", "2", "1", "1", "2", "2", "1"], "beat_fraction_str": ["0", "0", "0", "0", "0", "1/2", "0", "0", "1/2", "0", "0", "0", "0", "0", "3/4", "0", "1/2", "0", "1/2", "0"], "beat": [1.0, 2.0, 1.0, 2.0, 1.0, 1.5, 2.0, 1.0, 1.5, 2.0, 1.0, 2.0, 1.0, 2.0, 2.75, 1.0, 1.5, 2.0, 2.5, 1.0], "timesignature": ["2/4", "2/4", "2/4", "2/4", "2/4", "2/4", "2/4", "2/4", "2/4", "2/4", "2/4", "2/4", "2/4", "2/4", "2/4", "2/4", "2/4", "2/4", "2/4", "2/4"], "gpr2a_Frankland": [null, null, null, null, null, null, null, null, null, null, null, null, null, null, null, null, null, null, null, 0.25], "gpr2b_Frankland": [null, null, null, null, null, null, 0.5, null, null, null, null, null, null, null, null, null, null, null, null, null], "gpr3a_Frankland": [null, null, null, null, null, 0.8, null, null, 1.0, null, 0.625, null, null, null, 0.6666666666666667, null, null, null, null, null], "gpr3d_Frankland": [null, 0.0, null, 0.5, null, null, null, null, 0.5, null, 0.0, null, null, null, null, null, 0.0, null, null, null], "gpr_Frankland_sum": [0, 0, 0, 0.5, 0, 0.8, 0.5, 0, 1.5, 0, 0.625, 0, 0, 0, 0.6666666666666667, 0, 0, 0, 0, 0.25], "lbdm_spitch": [null, 0.0625, 0.0, 0.33749999999999997, 0.0, 0.9821428571428572, 0.3125, 0.0, 1.0, 0.0, 0.5833333333333333, 0.0625, 0.33749999999999997, 0.0, 0.41785714285714287, 0.1285714285714286, 0.07500000000000001, 0.07500000000000001, null, null], "lbdm_sioi": [null, 0.0, 0.0, 0.5, 0.25, 0.25, 1.0, 0.25, 0.25, 0.5, 0.0, 0.0, 0.21428571428571427, 0.7232142857142857, 0.3125, 0.25, 0.0, 0.0, null, null], "lbdm_srest": [null, 0.0, 0.0, 0.0, 0.0, 0.0, 0.0, 0.0, 0.0, 0.0, 0.0, 0.0, 0.0, 0.0, 0.0, 0.0, 0.0, 0.0, null, null], "lbdm_rpitch": [null, 0.1111111111111111, 0.0, 0.0, 0.6, 0.7142857142857143, 0.3333333333333333, 0.5, 0.6666666666666666, 0.6666666666666666, 0.6666666666666666, 0.1111111111111111, 0.0, 0.6, 0.6, 0.14285714285714285, 0.2, 0.2, 0.0, null], "lbdm_rioi": [null, 0.0, 0.0, 0.0, 0.3333333333333333, 0.0, 0.3333333333333333, 0.3333333333333333, 0.0, 0.3333333333333333, 0.0, 0.0, 0.0, 0.14285714285714285, 0.5, 0.3333333333333333, 0.0, 0.0, 0.0, null], "lbdm_rrest": [null, 0.0, 0.0, 0.0, 0.0, 0.0, 0.0, 0.0, 0.0, 0.0, 0.0, 0.0, 0.0, 0.0, 0.0, 0.0, 0.0, 0.0, 0.0, null],