{"id": "NLB177690_01", "tunefamily": "3482_0", "year": 1760, "tunefamily_full": "Het gekroonde wijnvat", "type": "instrumental", "freemeter": false, "origin": "", "features": {"scaledegree": [1, 1, 2, 1, 2, 3, 4, 5, 5, 5, 6, 5], "scaledegreespecifier": ["P", "P", "M", "P", "M", "M", "P", "P", "P", "P", "M", "P"], "tonic": ["G", "G", "G", "G", "G", "G", "G", "G", "G", "G", "G", "G"], "mode": ["major", "major", "major", "major", "major", "major", "major", "major", "major", "major", "major", "major"], "metriccontour": [null, "-", "-", "+", "-", "+", "-", "+", "-", "+", "-", "-"], "imaweight": [0.741573, 1.0, 0.449438, 1.0, 0.505618, 1.0, 0.539326, 0.955056, 0.696629, 0.595506, 0.595506, 0.101124], "imaweight_spectral": [1.0, 0.872549, 0.392157, 0.872549, 0.441176, 0.872549, 0.470588, 0.833333, 0.960784, 0.911765, 0.872549, 0.480392], "pitch40_hewlett": [146, 146, 152, 146, 152, 158, 163, 169, 169, 169, 175, 169], "pitch40_sapp": [185, 185, 191, 185, 191, 197, 202, 208, 208, 208, 214, 208], "octave": [4, 4, 4, 4, 4, 4, 5, 5, 5, 5, 5, 5], "midipitch": [67, 67, 69, 67, 69, 71, 72, 74, 74, 74, 76, 74], "diatonicpitch": [28, 28, 29, 28, 29, 30, 31, 32, 32, 32, 33, 32], "diatonicinterval": [null, 0, 1, -1, 1, 1, 1, 1, 0, 0, 1, -1], "chromaticinterval": [null, 0, 2, -2, 2, 2, 1, 2, 0, 0, 2, -2], "pitchproximity": [null, null, 2, 2, 2, 2, 1, 2, 0, 0, 2, 2], "pitchreversal": [null, null, 0, 1.5, 1.5, 0, 0, 0, 0, 0, 0, 1.5], "nextisrest": [false, false, false, false, false, false, false, false, false, false, false, null], "restduration_frac": [null, null, null, null, null, null, null, null, null, null, null, null], "duration": [1.0, 0.5, 0.5, 0.5, 0.5, 0.5, 0.5, 1.0, 1.0, 1.0, 0.5, 0.5], "duration_frac": ["1", "1/2", "1/2", "1/2", "1/2", "1/2", "1/2", "1", "1", "1", "1/2", "1/2"], "duration_fullname": ["Quarter", "Eighth", "Eighth", "Eighth", "Eighth", "Eighth", "Eighth", "Quarter", "Quarter", "Quarter", "Eighth", "Eighth"], "durationcontour": [null, "-", "=", "=", "=", "=", "=", "+", "=", "=", "-", "="], "onsettick": [0, 2, 3, 4, 5, 6, 7, 8, 10, 12, 14, 15], "beatfraction": ["1/2", "1/4", "1/4", "1/4", "1/4", "1/4", "1/4", "1/2", "1/2", "1/2", "1/4", "1/4"], "phrasepos": [0.0, 0.13333333333333333, 0.2, 0.26666666666666666, 0.3333333333333333, 0.4, 0.4666666666666667, 0.5333333333333333, 0.6666666666666666, 0.8, 0.9333333333333333, 1.0], "phrase_ix": [0, 0, 0, 0, 0, 0, 0, 0, 0, 0, 0, 0], "phrase_end": [false, false, false, false, false, false, false, false, false, false, false, true], "songpos": [0.0, 0.13333333333333333, 0.2, 0.26666666666666666, 0.3333333333333333, 0.4, 0.4666666666666667, 0.5333333333333333, 0.6666666666666666, 0.8, 0.9333333333333333, 1.0], "beatinsong": ["0", "1/2", "3/4", "1", "5/4", "3/2", "7/4", "2", "5/2", "3", "7/2", "15/4"], "beatinphrase": ["0", "1/2", "3/4", "1", "5/4", "3/2", "7/4", "2", "5/2", "3", "7/2", "15/4"], "beatinphrase_end": ["-2", "-3/2", "-5/4", "-1", "-3/4", "-1/2", "-1/4", "0", "1/2", "1", "3/2", "7/4"], "IOI_frac": ["1", "1/2", "1/2", "1/2", "1/2", "1/2", "1/2", "1", "1", "1", "1/2", null], "IOI": [1.0, 0.5, 0.5, 0.5, 0.5, 0.5, 0.5, 1.0, 1.0, 1.0, 0.5, null], "IOR_frac": [null, "1/2", "1", "1", "1", "1", "1", "2", "1", "1", "1/2", null], "IOR": [null, 0.5, 1.0, 1.0, 1.0, 1.0, 1.0, 2.0, 1.0, 1.0, 0.5, null], "imacontour": [null, "+", "-", "+", "-", "+", "-", "+", "-", "-", "=", "-"], "pitch": ["G4", "G4", "A4", "G4", "A4", "B4", "C5", "D5", "D5", "D5", "E5", "D5"], "contour3": [null, "=", "+", "-", "+", "+", "+", "+", "=", "=", "+", "-"], "contour5": [null, "=", "+", "-", "+", "+", "+", "+", "=", "=", "+", "-"], "beatstrength": [1.0, 0.25, 0.125, 0.5, 0.125, 0.25, 0.125, 1.0, 0.25, 0.5, 0.25, 0.125], "beat_str": ["1", "1", "1", "2", "2", "2", "2", "1", "1", "2", "2", "2"], "beat_fraction_str": ["0", "1/2", "3/4", "0", "1/4", "1/2", "3/4", "0", "1/2", "0", "1/2", "3/4"], "beat": [1.0, 1.5, 1.75, 2.0, 2.25, 2.5, 2.75, 1.0, 1.5, 2.0, 2.5, 2.75], "timesignature": ["2/2", "2/2", "2/2", "2/2", "2/2", "2/2", "2/2", "2/2", "2/2", "2/2", "2/2", "2/2"], "gpr2a_Frankland": [null, null, null, null, null, null, null, null, null, null, null, null], "gpr2b_Frankland": [null, null, null, null, null, null, null, null, null, null, null, null], "gpr3a_Frankland": [null, null, null, null, null, null, 0.75, null, null, null, null, null], "gpr3d_Frankland": [null, null, 0.0, 0.0, 0.0, null, 0.5, null, null, null, null, null], "gpr_Frankland_sum": [0, 0, 0, 0, 0, 0, 1.25, 0, 0, 0, 0, 0], "lbdm_spitch": [null, 0.7142857142857143, 0.0, 0.0, 0.28571428571428575, 0.28571428571428575, 1.0, 0.0, 0.0, 0.7142857142857143, null, null], "lbdm_sioi": [null, 0.5, 0.0, 0.0, 0.0, 0.0, 0.5, 1.0, 0.0, 1.0, null, null], "lbdm_srest": [null, 0.0, 0.0, 0.0, 0.0, 0.0, 0.0, 0.0, 0.0, 0.0, null, null], "lbdm_rpitch": [null, 0.5, 0.0, 0.0, 0.0, 0.2, 0.2, 0.5, 0.0, 0.5, 0.0, null], "lbdm_rioi": [null, 0.3333333333333333, 0.0, 0.0, 0.0, 0.0, 0.0, 0.3333333333333333, 0.0, 0.0, 0.3333333333333333, null], "lbdm_rrest": [null, 0.0, 0.0, 0.0, 0.0, 0.0, 0.0, 0.0, 0.0, 0.0, 0.0, null], "lbdm_boundarystrength": [null, 0.4285714285714286, 0.0, 0.0, 0.07142857142857144, 0.07142857142857144, 0.5, 0.5, 0.0, 0.6785714285714286, null, null]}, "ann_bgcorpus": true}
