{"id": "NLB142081_01", "tunefamily": "", "year": 1949, "tunefamily_full": "", "type": "vocal", "freemeter": false, "origin": "", "features": {"scaledegree": [5, 5, 5, 3, 4, 2, 3, 1, 1, 3, 5, 4, 5, 6, 5, 5, 5, 5, 5, 5, 1], "scaledegreespecifier": ["P", "P", "P", "M", "P", "M", "M", "P", "P", "M", "P", "P", "P", "M", "P", "P", "P", "P", "P", "P", "P"], "tonic": ["C", "C", "C", "C", "C", "C", "C", "C", "C", "C", "C", "C", "C", "C", "C", "C", "C", "C", "C", "C", "C"], "mode": ["major", "major", "major", "major", "major", "major", "major", "major", "major", "major", "major", "major", "major", "major", "major", "major", "major", "major", "major", "major", "major"], "metriccontour": [null, "-", "+", "-", "+", "-", "+", "-", "+", "-", "+", "+", "-", "+", "+", "-", "+", "-", "+", "-", "+"], "imaweight": [0.896057, 0.623656, 0.863799, 0.476703, 1.0, 0.462366, 0.863799, 0.623656, 0.824373, 0.566308, 0.982079, 0.591398, 0.326165, 0.526882, 0.752688, 0.304659, 0.609319, 0.351254, 0.591398, 0.265233, 0.795699], "imaweight_spectral": [0.889571, 0.656442, 0.874233, 0.530675, 0.978528, 0.530675, 0.861963, 0.656442, 0.840491, 0.607362, 0.96319, 0.923313, 0.696319, 0.868098, 0.96319, 0.579755, 0.889571, 0.619632, 0.825153, 0.595092, 1.0], "pitch40_hewlett": [146, 146, 146, 135, 140, 129, 135, 123, 123, 135, 146, 140, 146, 152, 146, 146, 146, 146, 146, 146, 123], "pitch40_sapp": [185, 185, 185, 174, 179, 168, 174, 162, 162, 174, 185, 179, 185, 191, 185, 185, 185, 185, 185, 185, 162], "octave": [4, 4, 4, 4, 4, 4, 4, 4, 4, 4, 4, 4, 4, 4, 4, 4, 4, 4, 4, 4, 4], "midipitch": [67, 67, 67, 64, 65, 62, 64, 60, 60, 64, 67, 65, 67, 69, 67, 67, 67, 67, 67, 67, 60], "diatonicpitch": [32, 32, 32, 30, 31, 29, 30, 28, 28, 30, 32, 31, 32, 33, 32, 32, 32, 32, 32, 32, 28], "diatonicinterval": [null, 0, 0, -2, 1, -2, 1, -2, 0, 2, 2, -1, 1, 1, -1, 0, 0, 0, 0, 0, -4], "chromaticinterval": [null, 0, 0, -3, 1, -3, 2, -4, 0, 4, 3, -2, 2, 2, -2, 0, 0, 0, 0, 0, -7], "pitchproximity": [null, null, 0, 3, 1, 3, 2, 4, 0, 4, 3, 2, 2, 2, 2, 0, 0, 0, 0, 0, 7], "pitchreversal": [null, null, 0, 0, 1.5, 1.5, 1.5, 1.5, 0, 0, 0, 1.5, 1.5, 0, 1.5, 0, 0, 0, 0, 0, 0], "nextisrest": [false, false, false, false, false, false, false, false, false, false, false, false, false, false, false, false, false, false, false, false, null], "restduration_frac": [null, null, null, null, null, null, null, null, null, null, null, null, null, null, null, null, null, null, null, null, null], "duration": [0.5, 0.5, 0.5, 0.5, 0.5, 0.5, 0.5, 0.5, 0.5, 0.5, 1.0, 0.5, 0.5, 1.0, 0.5, 0.5, 0.5, 0.5, 0.5, 0.5, 1.0], "duration_frac": ["1/2", "1/2", "1/2", "1/2", "1/2", "1/2", "1/2", "1/2", "1/2", "1/2", "1", "1/2", "1/2", "1", "1/2", "1/2", "1/2", "1/2", "1/2", "1/2", "1"], "duration_fullname": ["Eighth", "Eighth", "Eighth", "Eighth", "Eighth", "Eighth", "Eighth", "Eighth", "Eighth", "Eighth", "Quarter", "Eighth", "Eighth", "Quarter", "Eighth", "Eighth", "Eighth", "Eighth", "Eighth", "Eighth", "Quarter"], "durationcontour": [null, "=", "=", "=", "=", "=", "=", "=", "=", "=", "+", "-", "=", "+", "-", "=", "=", "=", "=", "=", "+"], "onsettick": [0, 1, 2, 3, 4, 5, 6, 7, 8, 9, 10, 12, 13, 14, 16, 17, 18, 19, 20, 21, 22], "beatfraction": ["1/2", "1/2", "1/2", "1/2", "1/2", "1/2", "1/2", "1/2", "1/2", "1/2", "1", "1/2", "1/2", "1", "1/2", "1/2", "1/2", "1/2", "1/2", "1/2", "1"], "phrasepos": [0.0, 0.14285714285714285, 0.2857142857142857, 0.42857142857142855, 0.5714285714285714, 0.7142857142857143, 0.8571428571428571, 1.0, 0.0, 0.16666666666666666, 0.3333333333333333, 0.6666666666666666, 0.8333333333333334, 1.0, 0.0, 0.16666666666666666, 0.3333333333333333, 0.5, 0.6666666666666666, 0.8333333333333334, 1.0], "phrase_ix": [0, 0, 0, 0, 0, 0, 0, 0, 1, 1, 1, 1, 1, 1, 2, 2, 2, 2, 2, 2, 2], "phrase_end": [false, false, false, false, false, false, false, true, false, false, false, false, false, true, false, false, false, false, false, false, true], "songpos": [0.0, 0.045454545454545456, 0.09090909090909091, 0.13636363636363635, 0.18181818181818182, 0.22727272727272727, 0.2727272727272727, 0.3181818181818182, 0.36363636363636365, 0.4090909090909091, 0.45454545454545453, 0.5454545454545454, 0.5909090909090909, 0.6363636363636364, 0.7272727272727273, 0.7727272727272727, 0.8181818181818182, 0.8636363636363636, 0.9090909090909091, 0.9545454545454546, 1.0], "beatinsong": ["0", "1/2", "1", "3/2", "2", "5/2", "3", "7/2", "4", "9/2", "5", "6", "13/2", "7", "8", "17/2", "9", "19/2", "10", "21/2", "11"], "beatinphrase": ["0", "1/2", "1", "3/2", "2", "5/2", "3", "7/2", "0", "1/2", "1", "2", "5/2", "3", "0", "1/2", "1", "3/2", "2", "5/2", "3"], "beatinphrase_end": ["-2", "-3/2", "-1", "-1/2", "0", "1/2", "1", "3/2", "-2", "-3/2", "-1", "0", "1/2", "1", "-2", "-3/2", "-1", "-1/2", "0", "1/2", "1"], "IOI_frac": ["1/2", "1/2", "1/2", "1/2", "1/2", "1/2", "1/2", "1/2", "1/2", "1/2", "1", "1/2", "1/2", "1", "1/2", "1/2", "1/2", "1/2", "1/2", "1/2", null], "IOI": [0.5, 0.5, 0.5, 0.5, 0.5, 0.5, 0.5, 0.5, 0.5, 0.5, 1.0, 0.5, 0.5, 1.0, 0.5, 0.5, 0.5, 0.5, 0.5, 0.5, null], "IOR_frac": [null, "1", "1", "1", "1", "1", "1", "1", "1", "1", "2", "1/2", "1", "2", "1/2", "1", "1", "1", "1", "1", null], "IOR": [null, 1.0, 1.0, 1.0, 1.0, 1.0, 1.0, 1.0, 1.0, 1.0, 2.0, 0.5, 1.0, 2.0, 0.5, 1.0, 1.0, 1.0, 1.0, 1.0, null], "imacontour": [null, "-", "+", "-", "+", "-", "+", "-", "+", "-", "+", "-", "-", "+", "+", "-", "+", "-", "+", "-", "+"], "pitch": ["G4", "G4", "G4", "E4", "F4", "D4", "E4", "C4", "C4", "E4", "G4", "F4", "G4", "A4", "G4", "G4", "G4", "G4", "G4", "G4", "C4"], "contour3": [null, "=", "=", "-", "+", "-", "+", "-", "=", "+", "+", "-", "+", "+", "-", "=", "=", "=", "=", "=", "-"], "contour5": [null, "=", "=", "--", "+", "--", "+", "--", "=", "++", "++", "-", "+", "+", "-", "=", "=", "=", "=", "=", "--"], "beatstrength": [1.0, 0.25, 0.5, 0.25, 1.0, 0.25, 0.5, 0.25, 1.0, 0.25, 0.5, 1.0, 0.25, 0.5, 1.0, 0.25, 0.5, 0.25, 1.0, 0.25, 0.5], "beat_str": ["1", "1", "2", "2", "1", "1", "2", "2", "1", "1", "2", "1", "1", "2", "1", "1", "2", "2", "1", "1", "2"], "beat_fraction_str": ["0", "1/2", "0", "1/2", "0", "1/2", "0", "1/2", "0", "1/2", "0", "0", "1/2", "0", "0", "1/2", "0", "1/2", "0", "1/2", "0"], "beat": [1.0, 1.5, 2.0, 2.5, 1.0, 1.5, 2.0, 2.5, 1.0, 1.5, 2.0, 1.0, 1.5, 2.0, 1.0, 1.5, 2.0, 2.5, 1.0, 1.5, 2.0], "timesignature": ["2/4", "2/4", "2/4", "2/4", "2/4", "2/4", "2/4", "2/4", "2/4", "2/4", "2/4", "2/4", "2/4", "2/4", "2/4", "2/4", "2/4", "2/4", "2/4", "2/4", "2/4"], "gpr2a_Frankland": [null, null, null, null, null, null, null, null, null, null, null, null, null, null, null, null, null, null, null, null, null], "gpr2b_Frankland": [null, null, null, null, null, null, null, null, null, null, 0.5, null, null, 0.5, null, null, null, null, null, null, null], "gpr3a_Frankland": [null, null, 0.8333333333333334, null, 0.5, null, 0.75, null, 0.625, null, null, null, null, null, null, null, null, null, null, null, null], "gpr3d_Frankland": [null, 0.0, 0.0, 0.0, 0.0, 0.0, 0.0, 0.0, null, null, null, null, null, null, null, 0.0, 0.0, 0.0, null, null, null], "gpr_Frankland_sum": [0, 0, 0.8333333333333334, 0, 0.5, 0, 0.75, 0, 0.625, 0, 0.5, 0, 0, 0.5, 0, 0, 0, 0, 0, 0, 0], "lbdm_spitch": [null, 0.0, 0.7636363636363637, 0.18181818181818182, 0.3896103896103896, 0.2142857142857143, 1.0, 0.0, 0.8484848484848484, 0.20779220779220778, 0.07792207792207792, 0.0, 0.0, 0.27272727272727276, 0.0, 0.0, 0.0, 0.0, 0.0, null, null], "lbdm_sioi": [null, 0.0, 0.0, 0.0, 0.0, 0.0, 0.0, 0.0, 0.0, 0.25, 1.0, 0.25, 0.25, 1.0, 0.25, 0.0, 0.0, 0.0, 0.0, null, null], "lbdm_srest": [null, 0.0, 0.0, 0.0, 0.0, 0.0, 0.0, 0.0, 0.0, 0.0, 0.0, 0.0, 0.0, 0.0, 0.0, 0.0, 0.0, 0.0, 0.0, null, null], "lbdm_rpitch": [null, 0.0, 0.6, 0.3333333333333333, 0.3333333333333333, 0.14285714285714285, 0.25, 0.6666666666666666, 0.6666666666666666, 0.1111111111111111, 0.14285714285714285, 0.0, 0.0, 0.0, 0.5, 0.0, 0.0, 0.0, 0.0, 0.7777777777777778, null],