{"id": "NLB177688_01", "tunefamily": "", "year": 1760, "tunefamily_full": "", "type": "instrumental", "freemeter": false, "origin": "", "features": {"scaledegree": [null, null, null, null, null, null, null, null, null, null, null, null, null], "scaledegreespecifier": [null, null, null, null, null, null, null, null, null, null, null, null, null], "tonic": [null, null, null, null, null, null, null, null, null, null, null, null, null], "mode": [null, null, null, null, null, null, null, null, null, null, null, null, null], "metriccontour": [null, "-", "+", "-", "+", "-", "+", "-", "+", "-", "+", "-", "+"], "imaweight": [1.0, 0.591716, 0.905325, 0.686391, 0.905325, 0.591716, 0.976331, 0.639053, 0.881657, 0.710059, 0.881657, 0.408284, 0.337278], "imaweight_spectral": [1.0, 0.591716, 0.905325, 0.686391, 0.905325, 0.591716, 0.976331, 0.639053, 0.881657, 0.710059, 0.881657, 1.0, 0.928994], "pitch40_hewlett": [146, 152, 157, 163, 157, 152, 146, 152, 157, 163, 169, 146, 146], "pitch40_sapp": [185, 191, 196, 202, 196, 191, 185, 191, 196, 202, 208, 185, 185], "octave": [4, 4, 4, 5, 4, 4, 4, 4, 4, 5, 5, 4, 4], "midipitch": [67, 69, 70, 72, 70, 69, 67, 69, 70, 72, 74, 67, 67], "diatonicpitch": [null, null, null, null, null, null, null, null, null, null, null, null, null], "diatonicinterval": [null, 1, 1, 1, -1, -1, -1, 1, 1, 1, 1, -4, 0], "chromaticinterval": [null, 2, 1, 2, -2, -1, -2, 2, 1, 2, 2, -7, 0], "pitchproximity": [null, null, 1, 2, 2, 1, 2, 2, 1, 2, 2, 7, 0], "pitchreversal": [null, null, 0, 0, 1.5, 0, 0, 1.5, 0, 0, 0, 0, 1], "nextisrest": [false, false, false, false, false, false, false, false, false, false, false, false, null], "restduration_frac": [null, null, null, null, null, null, null, null, null, null, null, null, null], "duration": [0.5, 0.5, 0.5, 0.5, 0.5, 0.5, 0.5, 0.5, 0.5, 0.5, 1.0, 1.0, 1.0], "duration_frac": ["1/2", "1/2", "1/2", "1/2", "1/2", "1/2", "1/2", "1/2", "1/2", "1/2", "1", "1", "1"], "duration_fullname": ["Eighth", "Eighth", "Eighth", "Eighth", "Eighth", "Eighth", "Eighth", "Eighth", "Eighth", "Eighth", "Quarter", "Quarter", "Quarter"], "durationcontour": [null, "=", "=", "=", "=", "=", "=", "=", "=", "=", "+", "=", "="], "onsettick": [0, 1, 2, 3, 4, 5, 6, 7, 8, 9, 10, 12, 14], "beatfraction": ["1/4", "1/4", "1/4", "1/4", "1/4", "1/4", "1/4", "1/4", "1/4", "1/4", "1/2", "1/2", "1/2"], "phrasepos": [0.0, 0.07142857142857142, 0.14285714285714285, 0.21428571428571427, 0.2857142857142857, 0.35714285714285715, 0.42857142857142855, 0.5, 0.5714285714285714, 0.6428571428571429, 0.7142857142857143, 0.8571428571428571, 1.0], "phrase_ix": [0, 0, 0, 0, 0, 0, 0, 0, 0, 0, 0, 0, 0], "phrase_end": [false, false, false, false, false, false, false, false, false, false, false, false, true], "songpos": [0.0, 0.07142857142857142, 0.14285714285714285, 0.21428571428571427, 0.2857142857142857, 0.35714285714285715, 0.42857142857142855, 0.5, 0.5714285714285714, 0.6428571428571429, 0.7142857142857143, 0.8571428571428571, 1.0], "beatinsong": ["-1/2", "-1/4", "0", "1/4", "1/2", "3/4", "1", "5/4", "3/2", "7/4", "2", "5/2", "3"], "beatinphrase": ["-1/2", "-1/4", "0", "1/4", "1/2", "3/4", "1", "5/4", "3/2", "7/4", "2", "5/2", "3"], "beatinphrase_end": ["-5/2", "-9/4", "-2", "-7/4", "-3/2", "-5/4", "-1", "-3/4", "-1/2", "-1/4", "0", "1/2", "1"], "IOI_frac": ["1/2", "1/2", "1/2", "1/2", "1/2", "1/2", "1/2", "1/2", "1/2", "1/2", "1", "1", null], "IOI": [0.5, 0.5, 0.5, 0.5, 0.5, 0.5, 0.5, 0.5, 0.5, 0.5, 1.0, 1.0, null], "IOR_frac": [null, "1", "1", "1", "1", "1", "1", "1", "1", "1", "2", "1", null], "IOR": [null, 1.0, 1.0, 1.0, 1.0, 1.0, 1.0, 1.0, 1.0, 1.0, 2.0, 1.0, null], "imacontour": [null, "-", "+", "-", "+", "-", "+", "-", "+", "-", "+", "-", "-"], "pitch": ["G4", "A4", "B-4", "C5", "B-4", "A4", "G4", "A4", "B-4", "C5", "D5", "G4", "G4"], "contour3": [null, "+", "+", "+", "-", "-", "-", "+", "+", "+", "+", "-", "="], "contour5": [null, "+", "+", "+", "-", "-", "-", "+", "+", "+", "+", "--", "="], "beatstrength": [0.25, 0.125, 1.0, 0.125, 0.25, 0.125, 0.5, 0.125, 0.25, 0.125, 1.0, 0.25, 0.5], "beat_str": ["2", "2", "1", "1", "1", "1", "2", "2", "2", "2", "1", "1", "2"], "beat_fraction_str": ["1/2", "3/4", "0", "1/4", "1/2", "3/4", "0", "1/4", "1/2", "3/4", "0", "1/2", "0"], "beat": [2.5, 2.75, 1.0, 1.25, 1.5, 1.75, 2.0, 2.25, 2.5, 2.75, 1.0, 1.5, 2.0], "timesignature": ["2/2", "2/2", "2/2", "2/2", "2/2", "2/2", "2/2", "2/2", "2/2", "2/2", "2/2", "2/2", "2/2"], "gpr2a_Frankland": [null, null, null, null, null, null, null, null, null, null, null, null, null], "gpr2b_Frankland": [null, null, null, null, null, null, null, null, null, null, null, null, null], "gpr3a_Frankland": [null, null, null, null, null, null, null, null, null, null, 0.8571428571428572, null, null], "gpr3d_Frankland": [null, 0.0, 0.0, 0.0, 0.0, 0.0, 0.0, 0.0, null, 0.5, null, null, null], "gpr_Frankland_sum": [0, 0, 0, 0, 0, 0, 0, 0, 0, 0.5, 0.8571428571428572, 0, 0], "lbdm_spitch": [null, 0.04637002341920375, 0.04637002341920375, 0.04637002341920375, 0.04637002341920375, 0.04637002341920375, 0.04637002341920375, 0.04637002341920375, 0.04637002341920375, 0.10538641686182669, 1.0, null, null], "lbdm_sioi": [null, 0.0, 0.0, 0.0, 0.0, 0.0, 0.0, 0.0, 0.0, 0.5, 1.0, null, null], "lbdm_srest": [null, 0.0, 0.0, 0.0, 0.0, 0.0, 0.0, 0.0, 0.0, 0.0, 0.0, null, null], "lbdm_rpitch": [null, 0.2, 0.2, 0.0, 0.2, 0.2, 0.0, 0.2, 0.2, 0.0, 0.45454545454545453, 0.7777777777777778, null], "lbdm_rioi": [null, 0.0, 0.0, 0.0, 0.0, 0.0, 0.0, 0.0, 0.0, 0.0, 0.3333333333333333, 0.0, null], "lbdm_rrest": [null, 0.0, 0.0, 0.0, 0.0, 0.0, 0.0, 0.0, 0.0, 0.0, 0.0, 0.0, null], "lbdm_boundarystrength": [null, 0.011592505854800938, 0.011592505854800938, 0.011592505854800938, 0.011592505854800938, 0.011592505854800938, 0.011592505854800938, 0.011592505854800938, 0.011592505854800938, 0.27634660421545665, 0.75, null, null]}, "ann_bgcorpus": false}
