{"id": "NLB180840_01", "tunefamily": "11825_0", "year": 1893, "tunefamily_full": "Hier is de sabel", "type": "instrumental", "freemeter": false, "origin": "", "features": {"scaledegree": [3, 1, 3, 6, 5, 5, 1, 6, 6, 1, 5, 3, 1, 3, 6, 5, 5, 6, 5, 4, 3, 2], "scaledegreespecifier": ["M", "P", "M", "M", "P", "P", "P", "M", "M", "P", "P", "M", "P", "M", "M", "P", "P", "M", "P", "P", "M", "M"], "tonic": ["D", "D", "D", "D", "D", "D", "D", "D", "D", "D", "D", "D", "D", "D", "D", "D", "D", "D", "D", "D", "D", "D"], "mode": ["major", "major", "major", "major", "major", "major", "major", "major", "major", "major", "major", "major", "major", "major", "major", "major", "major", "major", "major", "major", "major", "major"], "metriccontour": [null, "-", "-", "+", "-", "-", "+", "-", "-", "+", "-", "+", "-", "-", "+", "-", "-", "+", "-", "+", "-", "+"], "imaweight": [1.0, 1.0, 0.0663265, 1.0, 1.0, 0.0204082, 1.0, 1.0, 0.0663265, 1.0, 1.0, 1.0, 1.0, 0.0663265, 1.0, 1.0, 0.0408163, 1.0, 0.0204082, 1.0, 0.0867347, 1.0], "imaweight_spectral": [1.0, 1.0, 0.107143, 1.0, 1.0, 0.0612245, 1.0, 1.0, 0.107143, 1.0, 1.0, 1.0, 1.0, 0.107143, 1.0, 1.0, 0.0612245, 1.0, 0.0204082, 1.0, 0.107143, 1.0], "pitch40_hewlett": [141, 129, 141, 158, 152, 152, 169, 158, 158, 169, 152, 141, 129, 141, 158, 152, 152, 158, 152, 146, 141, 135], "pitch40_sapp": [180, 168, 180, 197, 191, 191, 208, 197, 197, 208, 191, 180, 168, 180, 197, 191, 191, 197, 191, 185, 180, 174], "octave": [4, 4, 4, 4, 4, 4, 5, 4, 4, 5, 4, 4, 4, 4, 4, 4, 4, 4, 4, 4, 4, 4], "midipitch": [66, 62, 66, 71, 69, 69, 74, 71, 71, 74, 69, 66, 62, 66, 71, 69, 69, 71, 69, 67, 66, 64], "diatonicpitch": [30, 28, 30, 33, 32, 32, 35, 33, 33, 35, 32, 30, 28, 30, 33, 32, 32, 33, 32, 31, 30, 29], "diatonicinterval": [null, -2, 2, 3, -1, 0, 3, -2, 0, 2, -3, -2, -2, 2, 3, -1, 0, 1, -1, -1, -1, -1], "chromaticinterval": [null, -4, 4, 5, -2, 0, 5, -3, 0, 3, -5, -3, -4, 4, 5, -2, 0, 2, -2, -2, -1, -2], "pitchproximity": [null, null, 4, 5, 2, 0, 5, 3, 0, 3, 5, 3, 4, 4, 5, 2, 0, 2, 2, 2, 1, 2], "pitchreversal": [null, null, 1.5, 0, 0, 0, 0, 1.5, 0, 0, 1.5, 0, 0, 1.5, 0, 0, 0, 0, 1.5, 0, 0, 0], "nextisrest": [false, false, false, false, false, false, false, false, false, false, false, false, false, false, false, false, false, false, false, false, false, true], "restduration_frac": [null, null, null, null, null, null, null, null, null, null, null, null, null, null, null, null, null, null, null, null, null, "1"], "duration": [1.0, 0.75, 0.25, 1.0, 0.75, 0.25, 1.0, 0.75, 0.25, 1.0, 1.0, 1.0, 0.75, 0.25, 1.0, 0.75, 0.25, 0.75, 0.25, 0.75, 0.25, 1.0], "duration_frac": ["1", "3/4", "1/4", "1", "3/4", "1/4", "1", "3/4", "1/4", "1", "1", "1", "3/4", "1/4", "1", "3/4", "1/4", "3/4", "1/4", "3/4", "1/4", "1"], "duration_fullname": ["Quarter", "Dotted Eighth", "16th", "Quarter", "Dotted Eighth", "16th", "Quarter", "Dotted Eighth", "16th", "Quarter", "Quarter", "Quarter", "Dotted Eighth", "16th", "Quarter", "Dotted Eighth", "16th", "Dotted Eighth", "16th", "Dotted Eighth", "16th", "Quarter"], "durationcontour": [null, "-", "-", "+", "-", "-", "+", "-", "-", "+", "=", "=", "-", "-", "+", "-", "-", "+", "-", "+", "-", "+"], "onsettick": [0, 4, 7, 8, 12, 15, 16, 20, 23, 24, 28, 32, 36, 39, 40, 44, 47, 48, 51, 52, 55, 56], "beatfraction": ["1", "3/4", "1/4", "1", "3/4", "1/4", "1", "3/4", "1/4", "1", "1", "1", "3/4", "1/4", "1", "3/4", "1/4", "3/4", "1/4", "3/4", "1/4", "1"], "phrasepos": [0.0, 0.14285714285714285, 0.25, 0.2857142857142857, 0.42857142857142855, 0.5357142857142857, 0.5714285714285714, 0.7142857142857143, 0.8214285714285714, 0.8571428571428571, 1.0, 0.0, 0.16666666666666666, 0.2916666666666667, 0.3333333333333333, 0.5, 0.625, 0.6666666666666666, 0.7916666666666666, 0.8333333333333334, 0.9583333333333334, 1.0], "phrase_ix": [0, 0, 0, 0, 0, 0, 0, 0, 0, 0, 0, 1, 1, 1, 1, 1, 1, 1, 1, 1, 1, 1], "phrase_end": [false, false, false, false, false, false, false, false, false, false, true, false, false, false, false, false, false, false, false, false, false, true], "songpos": [0.0, 0.07142857142857142, 0.125, 0.14285714285714285, 0.21428571428571427, 0.26785714285714285, 0.2857142857142857, 0.35714285714285715, 0.4107142857142857, 0.42857142857142855, 0.5, 0.5714285714285714, 0.6428571428571429, 0.6964285714285714, 0.7142857142857143, 0.7857142857142857, 0.8392857142857143, 0.8571428571428571, 0.9107142857142857, 0.9285714285714286, 0.9821428571428571, 1.0], "beatinsong": ["0", "1", "7/4", "2", "3", "15/4", "4", "5", "23/4", "6", "7", "8", "9", "39/4", "10", "11", "47/4", "12", "51/4", "13", "55/4", "14"], "beatinphrase": ["0", "1", "7/4", "2", "3", "15/4", "4", "5", "23/4", "6", "7", "0", "1", "7/4", "2", "3", "15/4", "4", "19/4", "5", "23/4", "6"], "beatinphrase_end": ["-6", "-5", "-17/4", "-4", "-3", "-9/4", "-2", "-1", "-1/4", "0", "1", "-6", "-5", "-17/4", "-4", "-3", "-9/4", "-2", "-5/4", "-1", "-1/4", "0"], "IOI_frac": ["1", "3/4", "1/4", "1", "3/4", "1/4", "1", "3/4", "1/4", "1", "1", "1", "3/4", "1/4", "1", "3/4", "1/4", "3/4", "1/4", "3/4", "1/4", "2"], "IOI": [1.0, 0.75, 0.25, 1.0, 0.75, 0.25, 1.0, 0.75, 0.25, 1.0, 1.0, 1.0, 0.75, 0.25, 1.0, 0.75, 0.25, 0.75, 0.25, 0.75, 0.25, 2.0], "IOR_frac": [null, "3/4", "1/3", "4", "3/4", "1/3", "4", "3/4", "1/3", "4", "1", "1", "3/4", "1/3", "4", "3/4", "1/3", "3", "1/3", "3", "1/3", "8"], "IOR": [null, 0.75, 0.3333333333333333, 4.0, 0.75, 0.3333333333333333, 4.0, 0.75, 0.3333333333333333, 4.0, 1.0, 1.0, 0.75, 0.3333333333333333, 4.0, 0.75, 0.3333333333333333, 3.0, 0.3333333333333333, 3.0, 0.3333333333333333, 8.0], "imacontour": [null, "=", "-", "+", "=", "-", "+", "=", "-", "+", "=", "=", "=", "-", "+", "=", "-", "+", "-", "+", "-", "+"], "pitch": ["F#4", "D4", "F#4", "B4", "A4", "A4", "D5", "B4", "B4", "D5", "A4", "F#4", "D4", "F#4", "B4", "A4", "A4", "B4", "A4", "G4", "F#4", "E4"], "contour3": [null, "-", "+", "+", "-", "=", "+", "-", "=", "+", "-", "-", "-", "+", "+", "-", "=", "+", "-", "-", "-", "-"], "contour5": [null, "--", "++", "++", "-", "=", "++", "--", "=", "++", "--", "--", "--", "++", "++", "-", "=", "+", "-", "-", "-", "-"], "beatstrength": [1.0, 0.5, 0.125, 1.0, 0.5, 0.125, 1.0, 0.5, 0.125, 1.0, 0.5, 1.0, 0.5, 0.125, 1.0, 0.5, 0.125, 1.0, 0.125, 0.5, 0.125, 1.0], "beat_str": ["1", "2", "2", "1", "2", "2", "1", "2", "2", "1", "2", "1", "2", "2", "1", "2", "2", "1", "1", "2", "2", "1"], "beat_fraction_str": ["0", "0", "3/4", "0", "0", "3/4", "0", "0", "3/4", "0", "0", "0", "0", "3/4", "0", "0", "3/4", "0", "3/4", "0", "3/4", "0"], "beat": [1.0, 2.0, 2.75, 1.0, 2.0, 2.75, 1.0, 2.0, 2.75, 1.0, 2.0, 1.0, 2.0, 2.75, 1.0, 2.0, 2.75, 1.0, 1.75, 2.0, 2.75, 1.0], "timesignature": ["2/4", "2/4", "2/4", "2/4", "2/4", "2/4", "2/4", "2/4", "2/4", "2/4", "2/4", "2/4", "2/4", "2/4", "2/4", "2/4", "2/4", "2/4", "2/4", "2/4", "2/4", "2/4"], "gpr2a_Frankland": [null, null, null, null, null, null, null, null, null, null, null, null, null, null, null, null, null, null, null, null, null, 0.25], "gpr2b_Frankland": [null, null, null, 0.5, null, null, 0.5, null, null, null, null, null, null, null, 0.5, null, null, 0.6666666666666667, null, 0.6666666666666667, null, null], "gpr3a_Frankland": [null, null, 0.4, null, null, 0.7, null, null, null, 0.4, null, null, null, 0.4, null, null, null, null, null, null, null, null], "gpr3d_Frankland": [null, null, null, null, null, null, null, null, null, null, null, null, null, null, null, null, null, null, null, null, null, null], "gpr_Frankland_sum": [0, 0, 0.4, 0.5, 0, 0.7, 0.5, 0, 0, 0.4, 0, 0, 0, 0.4, 0.5, 0, 0, 0.6666666666666667, 0, 0.6666666666666667, 0, 0.25], "lbdm_spitch": [null, 0.07954545454545453, 0.46401515151515144, 0.36458333333333326, 0.0, 1.0, 0.525, 0.0, 0.525, 0.43749999999999994, 0.20416666666666664, 0.09722222222222221, 0.07954545454545453, 0.46401515151515144, 0.36458333333333326, 0.0, 0.21874999999999997, 0.0, 0.0875, 0.0875, null, null],