{"id": "NLB140622_01", "tunefamily": "9947_0", "year": 1941, "tunefamily_full": "Halleluja halleluja", "type": "vocal", "freemeter": false, "origin": "", "features": {"scaledegree": [1, 5, 6, 3, 4, 2, 5, 3, 1, 2, 3, 4, 5, 6, 7, 1, 7, 1], "scaledegreespecifier": ["P", "P", "M", "M", "P", "M", "P", "M", "P", "M", "M", "P", "P", "M", "M", "P", "M", "P"], "tonic": ["D", "D", "D", "D", "D", "D", "D", "D", "D", "D", "D", "D", "D", "D", "D", "D", "D", "D"], "mode": ["major", "major", "major", "major", "major", "major", "major", "major", "major", "major", "major", "major", "major", "major", "major", "major", "major", "major"], "metriccontour": [null, "-", "+", "-", "+", "-", "+", "-", "+", "-", "-", "+", "-", "+", "-", "-", "+", "-"], "imaweight": [0.965665, 0.965665, 0.965665, 0.965665, 0.982833, 0.982833, 0.982833, 0.982833, 0.982833, 0.982833, 0.103004, 0.982833, 0.982833, 1.0, 1.0, 0.0343348, 1.0, 1.0], "imaweight_spectral": [0.983402, 0.966805, 1.0, 0.983402, 0.983402, 1.0, 1.0, 0.983402, 0.983402, 0.983402, 0.116183, 0.966805, 0.983402, 1.0, 0.983402, 0.0497925, 1.0, 1.0], "pitch40_hewlett": [169, 152, 158, 141, 146, 135, 152, 141, 129, 135, 141, 146, 152, 158, 164, 169, 164, 169], "pitch40_sapp": [208, 191, 197, 180, 185, 174, 191, 180, 168, 174, 180, 185, 191, 197, 203, 208, 203, 208], "octave": [5, 4, 4, 4, 4, 4, 4, 4, 4, 4, 4, 4, 4, 4, 5, 5, 5, 5], "midipitch": [74, 69, 71, 66, 67, 64, 69, 66, 62, 64, 66, 67, 69, 71, 73, 74, 73, 74], "diatonicpitch": [35, 32, 33, 30, 31, 29, 32, 30, 28, 29, 30, 31, 32, 33, 34, 35, 34, 35], "diatonicinterval": [null, -3, 1, -3, 1, -2, 3, -2, -2, 1, 1, 1, 1, 1, 1, 1, -1, 1], "chromaticinterval": [null, -5, 2, -5, 1, -3, 5, -3, -4, 2, 2, 1, 2, 2, 2, 1, -1, 1], "pitchproximity": [null, null, 2, 5, 1, 3, 5, 3, 4, 2, 2, 1, 2, 2, 2, 1, 1, 1], "pitchreversal": [null, null, 0, 0, 0, 1.5, 1.5, 1.5, 0, 1.5, 0, 0, 0, 0, 0, 0, 1.5, 1.5], "nextisrest": [false, false, false, false, false, false, false, true, false, false, false, false, false, false, false, false, false, true], "restduration_frac": [null, null, null, null, null, null, null, "1/2", null, null, null, null, null, null, null, null, null, "1/2"], "duration": [1.0, 1.0, 1.0, 1.0, 1.0, 1.0, 1.0, 0.5, 1.0, 0.5, 0.5, 1.0, 1.0, 1.0, 0.5, 0.5, 1.0, 0.5], "duration_frac": ["1", "1", "1", "1", "1", "1", "1", "1/2", "1", "1/2", "1/2", "1", "1", "1", "1/2", "1/2", "1", "1/2"], "duration_fullname": ["Quarter", "Quarter", "Quarter", "Quarter", "Quarter", "Quarter", "Quarter", "Eighth", "Quarter", "Eighth", "Eighth", "Quarter", "Quarter", "Quarter", "Eighth", "Eighth", "Quarter", "Eighth"], "durationcontour": [null, "=", "=", "=", "=", "=", "=", "-", "+", "-", "=", "+", "=", "=", "-", "=", "+", "-"], "onsettick": [0, 2, 4, 6, 8, 10, 12, 14, 16, 18, 19, 20, 22, 24, 26, 27, 28, 30], "beatfraction": ["1", "1", "1", "1", "1", "1", "1", "1/2", "1", "1/2", "1/2", "1", "1", "1", "1/2", "1/2", "1", "1/2"], "phrasepos": [0.0, 0.14285714285714285, 0.2857142857142857, 0.42857142857142855, 0.5714285714285714, 0.7142857142857143, 0.8571428571428571, 1.0, 0.0, 0.14285714285714285, 0.21428571428571427, 0.2857142857142857, 0.42857142857142855, 0.5714285714285714, 0.7142857142857143, 0.7857142857142857, 0.8571428571428571, 1.0], "phrase_ix": [0, 0, 0, 0, 0, 0, 0, 0, 1, 1, 1, 1, 1, 1, 1, 1, 1, 1], "phrase_end": [false, false, false, false, false, false, false, true, false, false, false, false, false, false, false, false, false, true], "songpos": [0.0, 0.06666666666666667, 0.13333333333333333, 0.2, 0.26666666666666666, 0.3333333333333333, 0.4, 0.4666666666666667, 0.5333333333333333, 0.6, 0.6333333333333333, 0.6666666666666666, 0.7333333333333333, 0.8, 0.8666666666666667, 0.9, 0.9333333333333333, 1.0], "beatinsong": ["0", "1", "2", "3", "4", "5", "6", "7", "8", "9", "19/2", "10", "11", "12", "13", "27/2", "14", "15"], "beatinphrase": ["0", "1", "2", "3", "4", "5", "6", "7", "0", "1", "3/2", "2", "3", "4", "5", "11/2", "6", "7"], "beatinphrase_end": ["-4", "-3", "-2", "-1", "0", "1", "2", "3", "-4", "-3", "-5/2", "-2", "-1", "0", "1", "3/2", "2", "3"], "IOI_frac": ["1", "1", "1", "1", "1", "1", "1", "1", "1", "1/2", "1/2", "1", "1", "1", "1/2", "1/2", "1", "1"], "IOI": [1.0, 1.0, 1.0, 1.0, 1.0, 1.0, 1.0, 1.0, 1.0, 0.5, 0.5, 1.0, 1.0, 1.0, 0.5, 0.5, 1.0, 1.0], "IOR_frac": [null, "1", "1", "1", "1", "1", "1", "1", "1", "1/2", "1", "2", "1", "1", "1/2", "1", "2", "1"], "IOR": [null, 1.0, 1.0, 1.0, 1.0, 1.0, 1.0, 1.0, 1.0, 0.5, 1.0, 2.0, 1.0, 1.0, 0.5, 1.0, 2.0, 1.0], "imacontour": [null, "=", "=", "=", "+", "=", "=", "=", "=", "=", "-", "+", "=", "+", "=", "-", "+", "="], "pitch": ["D5", "A4", "B4", "F#4", "G4", "E4", "A4", "F#4", "D4", "E4", "F#4", "G4", "A4", "B4", "C#5", "D5", "C#5", "D5"], "contour3": [null, "-", "+", "-", "+", "-", "+", "-", "-", "+", "+", "+", "+", "+", "+", "+", "-", "+"], "contour5": [null, "--", "+", "--", "+", "--", "++", "--", "--", "+", "+", "+", "+", "+", "+", "+", "-", "+"], "beatstrength": [1.0, 0.25, 0.5, 0.25, 1.0, 0.25, 0.5, 0.25, 1.0, 0.25, 0.125, 0.5, 0.25, 1.0, 0.25, 0.125, 0.5, 0.25], "beat_str": ["1", "2", "3", "4", "1", "2", "3", "4", "1", "2", "2", "3", "4", "1", "2", "2", "3", "4"], "beat_fraction_str": ["0", "0", "0", "0", "0", "0", "0", "0", "0", "0", "1/2", "0", "0", "0", "0", "1/2", "0", "0"], "beat": [1.0, 2.0, 3.0, 4.0, 1.0, 2.0, 3.0, 4.0, 1.0, 2.0, 2.5, 3.0, 4.0, 1.0, 2.0, 2.5, 3.0, 4.0], "timesignature": ["4/4", "4/4", "4/4", "4/4", "4/4", "4/4", "4/4", "4/4", "4/4", "4/4", "4/4", "4/4", "4/4", "4/4", "4/4", "4/4", "4/4", "4/4"], "gpr2a_Frankland": [null, null, null, null, null, null, null, 0.125, null, null, null, null, null, null, null, null, null, 0.125], "gpr2b_Frankland": [null, null, null, null, null, null, null, null, null, null, null, null, null, null, null, null, null, null], "gpr3a_Frankland": [null, null, 0.7, null, null, 0.4, null, 0.375, null, null, null, null, null, null, null, null, null, null], "gpr3d_Frankland": [null, 0.0, 0.0, 0.0, 0.0, 0.0, 0.0, null, 0.5, null, 0.5, null, null, 0.5, null, 0.5, null, null], "gpr_Frankland_sum": [0, 0, 0.7, 0, 0, 0.4, 0, 0.5, 0.5, 0, 0.5, 0, 0, 0.5, 0, 0.5, 0, 0.125], "lbdm_spitch": [null, 0.32, 1.0, 0.2, 0.38400000000000006, 0.4800000000000001, 0.22400000000000003, 0.34666666666666673, 0.12000000000000002, 0.09600000000000002, 0.09600000000000002, 0.09600000000000002, 0.0, 0.09600000000000002, 0.04800000000000001, 0.0, null, null], "lbdm_sioi": [null, 0.0, 0.0, 0.0, 0.0, 0.0, 0.0, 0.0, 1.0, 0.5, 0.5, 1.0, 0.0, 1.0, 0.5, 0.5, null, null], "lbdm_srest": [null, 0.0, 0.0, 0.0, 0.0, 0.0, 0.0, 1.0, 0.0, 0.0, 0.0, 0.0, 0.0, 0.0, 0.0, 0.0, null, null], "lbdm_rpitch": [null, 0.3333333333333333, 0.3333333333333333, 0.5, 0.3333333333333333, 0.2, 0.2, 0.1111111111111111, 0.25, 0.0, 0.2, 0.2, 0.0, 0.0, 0.2, 0.0, 0.0, null], "lbdm_rioi": [null, 0.0, 0.0, 0.0, 0.0, 0.0, 0.0, 0.0, 0.0, 0.3333333333333333, 0.0, 0.3333333333333333, 0.0, 0.0, 0.3333333333333333, 0.0, 0.3333333333333333, null], "lbdm_rrest": [null, 0.0, 0.0, 0.0, 0.0, 0.0, 0.0, 1.0, 1.0, 0.0, 0.0, 0.0, 0.0, 0.0, 0.0, 0.0, 0.0, null], "lbdm_boundarystrength": [null, 0.08, 0.25, 0.05, 0.09600000000000002, 0.12000000000000002, 0.05600000000000001, 0.33666666666666667, 0.53, 0.274, 0.274, 0.524, 0.0, 0.524, 0.262, 0.25, null, null]}, "ann_bgcorpus": true}
