{"id": "NLB146524_01", "tunefamily": "", "year": 1967, "tunefamily_full": "", "type": "vocal", "freemeter": false, "origin": "", "features": {"scaledegree": [5, 1, 2, 3, 5, 5, 5, 4, 3, 2, 5, 5, 5, 4, 3, 2, 7, 1, 2, 3, 2, 1], "scaledegreespecifier": ["P", "P", "M", "M", "P", "P", "P", "P", "M", "M", "P", "P", "P", "P", "M", "M", "M", "P", "M", "M", "M", "P"], "tonic": ["F", "F", "F", "F", "F", "F", "F", "F", "F", "F", "F", "F", "F", "F", "F", "F", "F", "F", "F", "F", "F", "F"], "mode": ["major", "major", "major", "major", "major", "major", "major", "major", "major", "major", "major", "major", "major", "major", "major", "major", "major", "major", "major", "major", "major", "major"], "metriccontour": [null, "+", "-", "+", "-", "+", "-", "+", "-", "+", "-", "+", "-", "+", "-", "+", "-", "+", "-", "+", "-", "+"], "imaweight": [0.17, 0.325, 0.23, 0.425, 0.35, 0.455, 0.355, 0.37, 0.35, 0.595, 0.735, 1.0, 0.615, 0.835, 0.545, 0.935, 0.595, 0.785, 0.68, 0.975, 0.4, 0.585], "imaweight_spectral": [0.704167, 0.983333, 0.820833, 0.945833, 0.629167, 0.9375, 0.633333, 0.8125, 0.666667, 1.0, 0.716667, 0.970833, 0.616667, 0.816667, 0.591667, 0.9, 0.6, 0.791667, 0.670833, 0.95, 0.791667, 0.9625], "pitch40_hewlett": [123, 140, 146, 152, 163, 163, 163, 157, 152, 146, 163, 163, 163, 157, 152, 146, 135, 140, 146, 152, 146, 140], "pitch40_sapp": [162, 179, 185, 191, 202, 202, 202, 196, 191, 185, 202, 202, 202, 196, 191, 185, 174, 179, 185, 191, 185, 179], "octave": [4, 4, 4, 4, 5, 5, 5, 4, 4, 4, 5, 5, 5, 4, 4, 4, 4, 4, 4, 4, 4, 4], "midipitch": [60, 65, 67, 69, 72, 72, 72, 70, 69, 67, 72, 72, 72, 70, 69, 67, 64, 65, 67, 69, 67, 65], "diatonicpitch": [25, 28, 29, 30, 32, 32, 32, 31, 30, 29, 32, 32, 32, 31, 30, 29, 27, 28, 29, 30, 29, 28], "diatonicinterval": [null, 3, 1, 1, 2, 0, 0, -1, -1, -1, 3, 0, 0, -1, -1, -1, -2, 1, 1, 1, -1, -1], "chromaticinterval": [null, 5, 2, 2, 3, 0, 0, -2, -1, -2, 5, 0, 0, -2, -1, -2, -3, 1, 2, 2, -2, -2], "pitchproximity": [null, null, 2, 2, 3, 0, 0, 2, 1, 2, 5, 0, 0, 2, 1, 2, 3, 1, 2, 2, 2, 2], "pitchreversal": [null, null, 0, 0, 0, 0, 0, 0, 0, 0, 0, 0, 0, 0, 0, 0, 0, 1.5, 0, 0, 1.5, 0], "nextisrest": [false, false, false, false, false, false, false, false, false, false, false, false, false, false, false, false, false, false, false, false, false, null], "restduration_frac": [null, null, null, null, null, null, null, null, null, null, null, null, null, null, null, null, null, null, null, null, null, null], "duration": [0.5, 1.0, 1.0, 1.5, 0.5, 0.5, 0.5, 0.5, 0.5, 1.5, 0.5, 0.5, 0.5, 0.5, 0.5, 0.5, 0.5, 0.5, 0.5, 1.0, 1.0, 2.0], "duration_frac": ["1/2", "1", "1", "3/2", "1/2", "1/2", "1/2", "1/2", "1/2", "3/2", "1/2", "1/2", "1/2", "1/2", "1/2", "1/2", "1/2", "1/2", "1/2", "1", "1", "2"], "duration_fullname": ["Eighth", "Quarter", "Quarter", "Dotted Quarter", "Eighth", "Eighth", "Eighth", "Eighth", "Eighth", "Dotted Quarter", "Eighth", "Eighth", "Eighth", "Eighth", "Eighth", "Eighth", "Eighth", "Eighth", "Eighth", "Quarter", "Quarter", "Half"], "durationcontour": [null, "+", "=", "+", "-", "=", "=", "=", "=", "+", "-", "=", "=", "=", "=", "=", "=", "=", "=", "+", "=", "+"], "onsettick": [0, 1, 3, 5, 8, 9, 10, 11, 12, 13, 16, 17, 18, 19, 20, 21, 22, 23, 24, 25, 27, 29], "beatfraction": ["1/2", "1", "1", "3/2", "1/2", "1/2", "1/2", "1/2", "1/2", "3/2", "1/2", "1/2", "1/2", "1/2", "1/2", "1/2", "1/2", "1/2", "1/2", "1", "1", "2"], "phrasepos": [0.0, 0.07692307692307693, 0.23076923076923078, 0.38461538461538464, 0.6153846153846154, 0.6923076923076923, 0.7692307692307693, 0.8461538461538461, 0.9230769230769231, 1.0, 0.0, 0.07692307692307693, 0.15384615384615385, 0.23076923076923078, 0.3076923076923077, 0.38461538461538464, 0.46153846153846156, 0.5384615384615384, 0.6153846153846154, 0.6923076923076923, 0.8461538461538461, 1.0], "phrase_ix": [0, 0, 0, 0, 0, 0, 0, 0, 0, 0, 1, 1, 1, 1, 1, 1, 1, 1, 1, 1, 1, 1], "phrase_end": [false, false, false, false, false, false, false, false, false, true, false, false, false, false, false, false, false, false, false, false, false, true], "songpos": [0.0, 0.034482758620689655, 0.10344827586206896, 0.1724137931034483, 0.27586206896551724, 0.3103448275862069, 0.3448275862068966, 0.3793103448275862, 0.41379310344827586, 0.4482758620689655, 0.5517241379310345, 0.5862068965517241, 0.6206896551724138, 0.6551724137931034, 0.6896551724137931, 0.7241379310344828, 0.7586206896551724, 0.7931034482758621, 0.8275862068965517, 0.8620689655172413, 0.9310344827586207, 1.0], "beatinsong": ["-1/2", "0", "1", "2", "7/2", "4", "9/2", "5", "11/2", "6", "15/2", "8", "17/2", "9", "19/2", "10", "21/2", "11", "23/2", "12", "13", "14"], "beatinphrase": ["-1/2", "0", "1", "2", "7/2", "4", "9/2", "5", "11/2", "6", "-1/2", "0", "1/2", "1", "3/2", "2", "5/2", "3", "7/2", "4", "5", "6"], "beatinphrase_end": ["-9/2", "-4", "-3", "-2", "-1/2", "0", "1/2", "1", "3/2", "2", "-9/2", "-4", "-7/2", "-3", "-5/2", "-2", "-3/2", "-1", "-1/2", "0", "1", "2"], "IOI_frac": ["1/2", "1", "1", "3/2", "1/2", "1/2", "1/2", "1/2", "1/2", "3/2", "1/2", "1/2", "1/2", "1/2", "1/2", "1/2", "1/2", "1/2", "1/2", "1", "1", null], "IOI": [0.5, 1.0, 1.0, 1.5, 0.5, 0.5, 0.5, 0.5, 0.5, 1.5, 0.5, 0.5, 0.5, 0.5, 0.5, 0.5, 0.5, 0.5, 0.5, 1.0, 1.0, null], "IOR_frac": [null, "2", "1", "3/2", "1/3", "1", "1", "1", "1", "3", "1/3", "1", "1", "1", "1", "1", "1", "1", "1", "2", "1", null], "IOR": [null, 2.0, 1.0, 1.5, 0.3333333333333333, 1.0, 1.0, 1.0, 1.0, 3.0, 0.3333333333333333, 1.0, 1.0, 1.0, 1.0, 1.0, 1.0, 1.0, 1.0, 2.0, 1.0, null], "imacontour": [null, "+", "-", "+", "-", "+", "-", "+", "-", "+", "+", "+", "-", "+", "-", "+", "-", "+", "-", "+", "-", "+"], "pitch": ["C4", "F4", "G4", "A4", "C5", "C5", "C5", "B-4", "A4", "G4", "C5", "C5", "C5", "B-4", "A4", "G4", "E4", "F4", "G4", "A4", "G4", "F4"], "contour3": [null, "+", "+", "+", "+", "=", "=", "-", "-", "-", "+", "=", "=", "-", "-", "-", "-", "+", "+", "+", "-", "-"], "contour5": [null, "++", "+", "+", "++", "=", "=", "-", "-", "-", "++", "=", "=", "-", "-", "-", "--", "+", "+", "+", "-", "-"], "beatstrength": [0.125, 1.0, 0.25, 0.5, 0.125, 1.0, 0.125, 0.25, 0.125, 0.5, 0.125, 1.0, 0.125, 0.25, 0.125, 0.5, 0.125, 0.25, 0.125, 1.0, 0.25, 0.5], "beat_str": ["4", "1", "2", "3", "4", "1", "1", "2", "2", "3", "4", "1", "1", "2", "2", "3", "3", "4", "4", "1", "2", "3"], "beat_fraction_str": ["1/2", "0", "0", "0", "1/2", "0", "1/2", "0", "1/2", "0", "1/2", "0", "1/2", "0", "1/2", "0", "1/2", "0", "1/2", "0", "0", "0"], "beat": [4.5, 1.0, 2.0, 3.0, 4.5, 1.0, 1.5, 2.0, 2.5, 3.0, 4.5, 1.0, 1.5, 2.0, 2.5, 3.0, 3.5, 4.0, 4.5, 1.0, 2.0, 3.0], "timesignature": ["4/4", "4/4", "4/4", "4/4", "4/4", "4/4", "4/4", "4/4", "4/4", "4/4", "4/4", "4/4", "4/4", "4/4", "4/4", "4/4", "4/4", "4/4", "4/4", "4/4", "4/4", "4/4"], "gpr2a_Frankland": [null, null, null, null, null, null, null, null, null, null, null, null, null, null, null, null, null, null, null, null, null, null], "gpr2b_Frankland": [null, null, null, 0.5, null, null, null, null, null, 0.6666666666666667, null, null, null, null, null, null, null, null, null, null, null, null], "gpr3a_Frankland": [null, null, null, 0.6666666666666667, null, null, 0.75, null, null, 0.8, null, null, 0.75, null, null, 0.5, null, null, null, null, null, null], "gpr3d_Frankland": [null, null, null, null, null, 0.0, 0.0, null, null, null, null, 0.0, 0.0, 0.0, 0.0, 0.0, 0.0, null, 0.5, null, null, null], "gpr_Frankland_sum": [0, 0, 0, 1.1666666666666667, 0, 0, 0.75, 0, 0, 1.4666666666666668, 0, 0, 0.75, 0, 0, 0.5, 0, 0, 0.5, 0, 0, 0], "lbdm_spitch": [null, 0.12727272727272726, 0.05454545454545454, 0.4254545454545455, 0.0, 0.0, 0.2672727272727273, 0.07636363636363637, 0.20363636363636364, 1.0, 0.0, 0.0, 0.2672727272727273, 0.07636363636363637, 0.13090909090909092, 0.2727272727272727, 0.10181818181818182, 0.07636363636363637, 0.0, 0.0, null, null],