{"id": "NLB146178_01", "tunefamily": "", "year": 1967, "tunefamily_full": "", "type": "vocal", "freemeter": false, "origin": "", "features": {"scaledegree": [6, 5, 7, 6, 6, 5, 5, 6, 6, 7, 7, 7, 6, 5, 5, 6, 6, 7, 7, 6, 5], "scaledegreespecifier": ["M", "P", "M", "M", "M", "P", "P", "M", "M", "M", "M", "M", "M", "P", "P", "M", "M", "M", "M", "M", "P"], "tonic": ["C", "C", "C", "C", "C", "C", "C", "C", "C", "C", "C", "C", "C", "C", "C", "C", "C", "C", "C", "C", "C"], "mode": ["major", "major", "major", "major", "major", "major", "major", "major", "major", "major", "major", "major", "major", "major", "major", "major", "major", "major", "major", "major", "major"], "metriccontour": [null, "-", "-", "+", "-", "+", "-", "+", "-", "+", "-", "+", "+", "-", "-", "+", "-", "+", "-", "+", "-"], "imaweight": [0.644128, 1.0, 0.569395, 0.846975, 0.569395, 0.94306, 0.498221, 0.928826, 0.544484, 0.871886, 0.113879, 0.597865, 1.0, 0.747331, 0.398577, 0.615658, 0.341637, 0.715302, 0.259786, 0.743772, 0.530249], "imaweight_spectral": [1.0, 0.975684, 0.620061, 0.857143, 0.607903, 0.93921, 0.559271, 0.914894, 0.586626, 0.866261, 0.0972644, 0.620061, 0.975684, 0.954407, 0.668693, 0.841945, 0.607903, 0.93921, 0.537994, 0.951368, 0.878419], "pitch40_hewlett": [152, 146, 158, 152, 152, 146, 146, 152, 152, 158, 158, 158, 152, 146, 146, 152, 152, 158, 158, 152, 146], "pitch40_sapp": [191, 185, 197, 191, 191, 185, 185, 191, 191, 197, 197, 197, 191, 185, 185, 191, 191, 197, 197, 191, 185], "octave": [4, 4, 4, 4, 4, 4, 4, 4, 4, 4, 4, 4, 4, 4, 4, 4, 4, 4, 4, 4, 4], "midipitch": [69, 67, 71, 69, 69, 67, 67, 69, 69, 71, 71, 71, 69, 67, 67, 69, 69, 71, 71, 69, 67], "diatonicpitch": [33, 32, 34, 33, 33, 32, 32, 33, 33, 34, 34, 34, 33, 32, 32, 33, 33, 34, 34, 33, 32], "diatonicinterval": [null, -1, 2, -1, 0, -1, 0, 1, 0, 1, 0, 0, -1, -1, 0, 1, 0, 1, 0, -1, -1], "chromaticinterval": [null, -2, 4, -2, 0, -2, 0, 2, 0, 2, 0, 0, -2, -2, 0, 2, 0, 2, 0, -2, -2], "pitchproximity": [null, null, 4, 2, 0, 2, 0, 2, 0, 2, 0, 0, 2, 2, 0, 2, 0, 2, 0, 2, 2], "pitchreversal": [null, null, 1.5, 1.5, 0, 0, 0, 0, 0, 0, 0, 0, 0, 0, 0, 0, 0, 0, 0, 0, 0], "nextisrest": [false, false, false, false, false, false, false, false, false, false, false, false, false, false, false, false, false, false, false, false, null], "restduration_frac": [null, null, null, null, null, null, null, null, null, null, null, null, null, null, null, null, null, null, null, null, null], "duration": [1.0, 0.5, 0.5, 0.5, 0.5, 0.5, 0.5, 0.5, 0.5, 0.25, 0.25, 0.5, 1.0, 0.5, 0.5, 0.5, 0.5, 0.5, 0.5, 1.0, 1.0], "duration_frac": ["1", "1/2", "1/2", "1/2", "1/2", "1/2", "1/2", "1/2", "1/2", "1/4", "1/4", "1/2", "1", "1/2", "1/2", "1/2", "1/2", "1/2", "1/2", "1", "1"], "duration_fullname": ["Quarter", "Eighth", "Eighth", "Eighth", "Eighth", "Eighth", "Eighth", "Eighth", "Eighth", "16th", "16th", "Eighth", "Quarter", "Eighth", "Eighth", "Eighth", "Eighth", "Eighth", "Eighth", "Quarter", "Quarter"], "durationcontour": [null, "-", "=", "=", "=", "=", "=", "=", "=", "-", "=", "+", "+", "-", "=", "=", "=", "=", "=", "+", "="], "onsettick": [0, 4, 6, 8, 10, 12, 14, 16, 18, 20, 21, 22, 24, 28, 30, 32, 34, 36, 38, 40, 44], "beatfraction": ["1", "1/2", "1/2", "1/2", "1/2", "1/2", "1/2", "1/2", "1/2", "1/4", "1/4", "1/2", "1", "1/2", "1/2", "1/2", "1/2", "1/2", "1/2", "1", "1"], "phrasepos": [0.0, 0.14285714285714285, 0.21428571428571427, 0.2857142857142857, 0.35714285714285715, 0.42857142857142855, 0.5, 0.5714285714285714, 0.6428571428571429, 0.7142857142857143, 0.75, 0.7857142857142857, 0.8571428571428571, 1.0, 0.0, 0.14285714285714285, 0.2857142857142857, 0.42857142857142855, 0.5714285714285714, 0.7142857142857143, 1.0], "phrase_ix": [0, 0, 0, 0, 0, 0, 0, 0, 0, 0, 0, 0, 0, 0, 1, 1, 1, 1, 1, 1, 1], "phrase_end": [false, false, false, false, false, false, false, false, false, false, false, false, false, true, false, false, false, false, false, false, true], "songpos": [0.0, 0.09090909090909091, 0.13636363636363635, 0.18181818181818182, 0.22727272727272727, 0.2727272727272727, 0.3181818181818182, 0.36363636363636365, 0.4090909090909091, 0.45454545454545453, 0.4772727272727273, 0.5, 0.5454545454545454, 0.6363636363636364, 0.6818181818181818, 0.7272727272727273, 0.7727272727272727, 0.8181818181818182, 0.8636363636363636, 0.9090909090909091, 1.0], "beatinsong": ["0", "1", "3/2", "2", "5/2", "3", "7/2", "4", "9/2", "5", "21/4", "11/2", "6", "7", "15/2", "8", "17/2", "9", "19/2", "10", "11"], "beatinphrase": ["0", "1", "3/2", "2", "5/2", "3", "7/2", "4", "9/2", "5", "21/4", "11/2", "6", "7", "-1/2", "0", "1/2", "1", "3/2", "2", "3"], "beatinphrase_end": ["-6", "-5", "-9/2", "-4", "-7/2", "-3", "-5/2", "-2", "-3/2", "-1", "-3/4", "-1/2", "0", "1", "-5/2", "-2", "-3/2", "-1", "-1/2", "0", "1"], "IOI_frac": ["1", "1/2", "1/2", "1/2", "1/2", "1/2", "1/2", "1/2", "1/2", "1/4", "1/4", "1/2", "1", "1/2", "1/2", "1/2", "1/2", "1/2", "1/2", "1", null], "IOI": [1.0, 0.5, 0.5, 0.5, 0.5, 0.5, 0.5, 0.5, 0.5, 0.25, 0.25, 0.5, 1.0, 0.5, 0.5, 0.5, 0.5, 0.5, 0.5, 1.0, null], "IOR_frac": [null, "1/2", "1", "1", "1", "1", "1", "1", "1", "1/2", "1", "2", "2", "1/2", "1", "1", "1", "1", "1", "2", null], "IOR": [null, 0.5, 1.0, 1.0, 1.0, 1.0, 1.0, 1.0, 1.0, 0.5, 1.0, 2.0, 2.0, 0.5, 1.0, 1.0, 1.0, 1.0, 1.0, 2.0, null], "imacontour": [null, "+", "-", "+", "-", "+", "-", "+", "-", "+", "-", "+", "+", "-", "-", "+", "-", "+", "-", "+", "-"], "pitch": ["A4", "G4", "B4", "A4", "A4", "G4", "G4", "A4", "A4", "B4", "B4", "B4", "A4", "G4", "G4", "A4", "A4", "B4", "B4", "A4", "G4"], "contour3": [null, "-", "+", "-", "=", "-", "=", "+", "=", "+", "=", "=", "-", "-", "=", "+", "=", "+", "=", "-", "-"], "contour5": [null, "-", "++", "-", "=", "-", "=", "+", "=", "+", "=", "=", "-", "-", "=", "+", "=", "+", "=", "-", "-"], "beatstrength": [1.0, 0.5, 0.25, 1.0, 0.25, 0.5, 0.25, 1.0, 0.25, 0.5, 0.125, 0.25, 1.0, 0.5, 0.25, 1.0, 0.25, 0.5, 0.25, 1.0, 0.5], "beat_str": ["1", "2", "2", "1", "1", "2", "2", "1", "1", "2", "2", "2", "1", "2", "2", "1", "1", "2", "2", "1", "2"], "beat_fraction_str": ["0", "0", "1/2", "0", "1/2", "0", "1/2", "0", "1/2", "0", "1/4", "1/2", "0", "0", "1/2", "0", "1/2", "0", "1/2", "0", "0"], "beat": [1.0, 2.0, 2.5, 1.0, 1.5, 2.0, 2.5, 1.0, 1.5, 2.0, 2.25, 2.5, 1.0, 2.0, 2.5, 1.0, 1.5, 2.0, 2.5, 1.0, 2.0], "timesignature": ["2/4", "2/4", "2/4", "2/4", "2/4", "2/4", "2/4", "2/4", "2/4", "2/4", "2/4", "2/4", "2/4", "2/4", "2/4", "2/4", "2/4", "2/4", "2/4", "2/4", "2/4"], "gpr2a_Frankland": [null, null, null, null, null, null, null, null, null, null, null, null, null, null, null, null, null, null, null, null, null], "gpr2b_Frankland": [null, null, null, null, null, null, null, null, null, null, null, null, 0.5, null, null, null, null, null, null, null, null], "gpr3a_Frankland": [null, 0.5, null, null, 1.0, null, 1.0, null, 1.0, null, null, null, null, null, 1.0, null, 1.0, null, null, null, null], "gpr3d_Frankland": [null, null, 0.0, 0.0, 0.0, 0.0, 0.0, null, 0.5, null, null, null, null, null, 0.0, 0.0, 0.0, null, null, null, null], "gpr_Frankland_sum": [0, 0.5, 0, 0, 1.0, 0, 1.0, 0, 1.5, 0, 0, 0, 0.5, 0, 1.0, 0, 1.0, 0, 0, 0, 0], "lbdm_spitch": [null, 1.0, 0.75, 0.0, 1.0, 0.0, 1.0, 0.0, 1.0, 0.0, 0.0, 0.5, 0.5, 0.0, 1.0, 0.0, 1.0, 0.0, 0.5, null, null], "lbdm_sioi": [null, 0.25, 0.0, 0.0, 0.0, 0.0, 0.0, 0.0, 0.25, 0.125, 0.125, 0.5, 1.0, 0.25, 0.0, 0.0, 0.0, 0.0, 0.25, null, null], "lbdm_srest": [null, 0.0, 0.0, 0.0, 0.0, 0.0, 0.0, 0.0, 0.0, 0.0, 0.0, 0.0, 0.0, 0.0, 0.0, 0.0, 0.0, 0.0, 0.0, null, null], "lbdm_rpitch": [null, 0.25, 0.25, 0.5, 0.5, 0.5, 0.5, 0.5, 0.5, 0.5, 0.0, 0.5, 0.0, 0.5, 0.5, 0.5, 0.5, 0.5, 0.5, 0.0, null], "lbdm_rioi": [null, 0.3333333333333333, 0.0, 0.0, 0.0, 0.0, 0.0, 0.0, 0.0, 0.3333333333333333, 0.0, 0.3333333333333333, 0.3333333333333333, 0.3333333333333333, 0.0, 0.0, 0.0, 0.0, 0.0, 0.3333333333333333, null], "lbdm_rrest": [null, 0.0, 0.0, 0.0, 0.0, 0.0, 0.0, 0.0, 0.0, 0.0, 0.0, 0.0, 0.0, 0.0, 0.0, 0.0, 0.0, 0.0, 0.0, 0.0, null],