{"id": "NLB183201_01", "tunefamily": "12277_0", "year": 1780, "tunefamily_full": "Les jolies jeunes dames", "type": "instrumental", "freemeter": false, "origin": "", "features": {"scaledegree": [3, 4, 3, 2, 1, 7, 1, 2, 1, 2, 3, 2, 3, 4, 3, 2, 1, 7, 1, 2], "scaledegreespecifier": ["M", "P", "M", "M", "P", "M", "P", "M", "P", "M", "M", "M", "M", "P", "M", "M", "P", "M", "P", "M"], "tonic": ["D", "D", "D", "D", "D", "D", "D", "D", "D", "D", "D", "D", "D", "D", "D", "D", "D", "D", "D", "D"], "mode": ["major", "major", "major", "major", "major", "major", "major", "major", "major", "major", "major", "major", "major", "major", "major", "major", "major", "major", "major", "major"], "metriccontour": [null, "+", "-", "+", "-", "+", "-", "+", "-", "+", "-", "+", "-", "+", "-", "+", "-", "+", "-", "-"], "imaweight": [0.80829, 0.953368, 0.212435, 0.896373, 0.227979, 0.917098, 0.875648, 0.979275, 0.321244, 0.870466, 0.341969, 0.953368, 0.92228, 0.943005, 0.274611, 0.870466, 0.19171, 1.0, 0.80829, 0.196891], "imaweight_spectral": [0.888889, 0.923077, 0.32906, 1.0, 0.324786, 0.910256, 0.92735, 0.944444, 0.401709, 0.888889, 0.418803, 0.923077, 0.965812, 0.931624, 0.363248, 0.940171, 0.311966, 0.961538, 0.888889, 0.384615], "pitch40_hewlett": [181, 186, 181, 175, 169, 164, 169, 175, 169, 175, 181, 175, 181, 186, 181, 175, 169, 164, 169, 175], "pitch40_sapp": [220, 225, 220, 214, 208, 203, 208, 214, 208, 214, 220, 214, 220, 225, 220, 214, 208, 203, 208, 214], "octave": [5, 5, 5, 5, 5, 5, 5, 5, 5, 5, 5, 5, 5, 5, 5, 5, 5, 5, 5, 5], "midipitch": [78, 79, 78, 76, 74, 73, 74, 76, 74, 76, 78, 76, 78, 79, 78, 76, 74, 73, 74, 76], "diatonicpitch": [37, 38, 37, 36, 35, 34, 35, 36, 35, 36, 37, 36, 37, 38, 37, 36, 35, 34, 35, 36], "diatonicinterval": [null, 1, -1, -1, -1, -1, 1, 1, -1, 1, 1, -1, 1, 1, -1, -1, -1, -1, 1, 1], "chromaticinterval": [null, 1, -1, -2, -2, -1, 1, 2, -2, 2, 2, -2, 2, 1, -1, -2, -2, -1, 1, 2], "pitchproximity": [null, null, 1, 2, 2, 1, 1, 2, 2, 2, 2, 2, 2, 1, 1, 2, 2, 1, 1, 2], "pitchreversal": [null, null, 1.5, 0, 0, 0, 1.5, 0, 1.5, 1.5, 0, 1.5, 1.5, 0, 1.5, 0, 0, 0, 1.5, 0], "nextisrest": [false, false, false, false, false, false, false, false, false, false, false, false, false, false, false, false, false, false, false, null], "restduration_frac": [null, null, null, null, null, null, null, null, null, null, null, null, null, null, null, null, null, null, null, null], "duration": [1.0, 0.5, 0.5, 0.5, 0.5, 1.0, 1.0, 0.5, 0.5, 0.5, 0.5, 1.0, 1.0, 0.5, 0.5, 0.5, 0.5, 1.0, 0.5, 0.5], "duration_frac": ["1", "1/2", "1/2", "1/2", "1/2", "1", "1", "1/2", "1/2", "1/2", "1/2", "1", "1", "1/2", "1/2", "1/2", "1/2", "1", "1/2", "1/2"], "duration_fullname": ["Quarter", "Eighth", "Eighth", "Eighth", "Eighth", "Quarter", "Quarter", "Eighth", "Eighth", "Eighth", "Eighth", "Quarter", "Quarter", "Eighth", "Eighth", "Eighth", "Eighth", "Quarter", "Eighth", "Eighth"], "durationcontour": [null, "-", "=", "=", "=", "+", "=", "-", "=", "=", "=", "+", "=", "-", "=", "=", "=", "+", "-", "="], "onsettick": [0, 2, 3, 4, 5, 6, 8, 10, 11, 12, 13, 14, 16, 18, 19, 20, 21, 22, 24, 25], "beatfraction": ["1/2", "1/4", "1/4", "1/4", "1/4", "1/2", "1/2", "1/4", "1/4", "1/4", "1/4", "1/2", "1/2", "1/4", "1/4", "1/4", "1/4", "1/2", "1/4", "1/4"], "phrasepos": [0.0, 0.08, 0.12, 0.16, 0.2, 0.24, 0.32, 0.4, 0.44, 0.48, 0.52, 0.56, 0.64, 0.72, 0.76, 0.8, 0.84, 0.88, 0.96, 1.0], "phrase_ix": [0, 0, 0, 0, 0, 0, 0, 0, 0, 0, 0, 0, 0, 0, 0, 0, 0, 0, 0, 0], "phrase_end": [false, false, false, false, false, false, false, false, false, false, false, false, false, false, false, false, false, false, false, true], "songpos": [0.0, 0.08, 0.12, 0.16, 0.2, 0.24, 0.32, 0.4, 0.44, 0.48, 0.52, 0.56, 0.64, 0.72, 0.76, 0.8, 0.84, 0.88, 0.96, 1.0], "beatinsong": ["-1/2", "0", "1/4", "1/2", "3/4", "1", "3/2", "2", "9/4", "5/2", "11/4", "3", "7/2", "4", "17/4", "9/2", "19/4", "5", "11/2", "23/4"], "beatinphrase": ["-1/2", "0", "1/4", "1/2", "3/4", "1", "3/2", "2", "9/4", "5/2", "11/4", "3", "7/2", "4", "17/4", "9/2", "19/4", "5", "11/2", "23/4"], "beatinphrase_end": ["-9/2", "-4", "-15/4", "-7/2", "-13/4", "-3", "-5/2", "-2", "-7/4", "-3/2", "-5/4", "-1", "-1/2", "0", "1/4", "1/2", "3/4", "1", "3/2", "7/4"], "IOI_frac": ["1", "1/2", "1/2", "1/2", "1/2", "1", "1", "1/2", "1/2", "1/2", "1/2", "1", "1", "1/2", "1/2", "1/2", "1/2", "1", "1/2", null], "IOI": [1.0, 0.5, 0.5, 0.5, 0.5, 1.0, 1.0, 0.5, 0.5, 0.5, 0.5, 1.0, 1.0, 0.5, 0.5, 0.5, 0.5, 1.0, 0.5, null], "IOR_frac": [null, "1/2", "1", "1", "1", "2", "1", "1/2", "1", "1", "1", "2", "1", "1/2", "1", "1", "1", "2", "1/2", null], "IOR": [null, 0.5, 1.0, 1.0, 1.0, 2.0, 1.0, 0.5, 1.0, 1.0, 1.0, 2.0, 1.0, 0.5, 1.0, 1.0, 1.0, 2.0, 0.5, null], "imacontour": [null, "+", "-", "+", "-", "+", "-", "+", "-", "+", "-", "+", "-", "+", "-", "+", "-", "+", "-", "-"], "pitch": ["F#5", "G5", "F#5", "E5", "D5", "C#5", "D5", "E5", "D5", "E5", "F#5", "E5", "F#5", "G5", "F#5", "E5", "D5", "C#5", "D5", "E5"], "contour3": [null, "+", "-", "-", "-", "-", "+", "+", "-", "+", "+", "-", "+", "+", "-", "-", "-", "-", "+", "+"], "contour5": [null, "+", "-", "-", "-", "-", "+", "+", "-", "+", "+", "-", "+", "+", "-", "-", "-", "-", "+", "+"], "beatstrength": [0.25, 1.0, 0.125, 0.25, 0.125, 0.5, 0.25, 1.0, 0.125, 0.25, 0.125, 0.5, 0.25, 1.0, 0.125, 0.25, 0.125, 0.5, 0.25, 0.125], "beat_str": ["2", "1", "1", "1", "1", "2", "2", "1", "1", "1", "1", "2", "2", "1", "1", "1", "1", "2", "2", "2"], "beat_fraction_str": ["1/2", "0", "1/4", "1/2", "3/4", "0", "1/2", "0", "1/4", "1/2", "3/4", "0", "1/2", "0", "1/4", "1/2", "3/4", "0", "1/2", "3/4"], "beat": [2.5, 1.0, 1.25, 1.5, 1.75, 2.0, 2.5, 1.0, 1.25, 1.5, 1.75, 2.0, 2.5, 1.0, 1.25, 1.5, 1.75, 2.0, 2.5, 2.75], "timesignature": ["2/2", "2/2", "2/2", "2/2", "2/2", "2/2", "2/2", "2/2", "2/2", "2/2", "2/2", "2/2", "2/2", "2/2", "2/2", "2/2", "2/2", "2/2", "2/2", "2/2"], "gpr2a_Frankland": [null, null, null, null, null, null, null, null, null, null, null, null, null, null, null, null, null, null, null, null], "gpr2b_Frankland": [null, null, null, null, null, null, null, null, null, null, null, null, null, null, null, null, null, 0.5, null, null], "gpr3a_Frankland": [null, null, null, null, null, null, null, null, null, null, null, null, null, null, null, null, null, null, null, null], "gpr3d_Frankland": [null, null, 0.0, null, 0.5, null, 0.5, null, 0.0, null, 0.5, null, 0.5, null, 0.0, null, null, null, null, null], "gpr_Frankland_sum": [0, 0, 0, 0, 0.5, 0, 0.5, 0, 0, 0, 0.5, 0, 0.5, 0, 0, 0, 0, 0.5, 0, 0], "lbdm_spitch": [null, 0.5, 1.0, 1.0, 0.5, 0.5, 1.0, 0.0, 0.0, 0.0, 0.0, 1.0, 0.5, 0.5, 1.0, 1.0, 0.5, 0.5, null, null], "lbdm_sioi": [null, 0.25, 0.0, 0.0, 0.25, 0.5, 0.5, 0.25, 0.0, 0.0, 0.25, 0.5, 0.5, 0.25, 0.0, 0.0, 0.25, 1.0, null, null], "lbdm_srest": [null, 0.0, 0.0, 0.0, 0.0, 0.0, 0.0, 0.0, 0.0, 0.0, 0.0, 0.0, 0.0, 0.0, 0.0, 0.0, 0.0, 0.0, null, null], "lbdm_rpitch": [null, 0.0, 0.2, 0.0, 0.2, 0.0, 0.2, 0.0, 0.0, 0.0, 0.0, 0.0, 0.2, 0.0, 0.2, 0.0, 0.2, 0.0, 0.2, null], "lbdm_rioi": [null, 0.3333333333333333, 0.0, 0.0, 0.0, 0.3333333333333333, 0.0, 0.3333333333333333, 0.0, 0.0, 0.0, 0.3333333333333333, 0.0, 0.3333333333333333, 0.0, 0.0, 0.0, 0.3333333333333333, 0.3333333333333333, null], "lbdm_rrest": [null, 0.0, 0.0, 0.0, 0.0, 0.0, 0.0, 0.0, 0.0, 0.0, 0.0, 0.0, 0.0, 0.0, 0.0, 0.0, 0.0, 0.0, 0.0, null], "lbdm_boundarystrength": [null, 0.25, 0.25, 0.25, 0.25, 0.375, 0.5, 0.125, 0.0, 0.0, 0.125, 0.5, 0.375, 0.25, 0.25, 0.25, 0.25, 0.625, null, null]}, "ann_bgcorpus": true}
