{"id": "NLB148355_01", "tunefamily": "", "year": 1962, "tunefamily_full": "", "type": "vocal", "freemeter": false, "origin": "", "features": {"scaledegree": [2, 3, 3, 4, 3, 2, 2, 1, 7, 1, 1, 2, 3, 4, 3, 2, 2, 1, 7, 1, 1], "scaledegreespecifier": ["M", "m", "m", "P", "m", "M", "M", "P", "m", "P", "P", "M", "m", "P", "m", "M", "M", "P", "m", "P", "P"], "tonic": ["B", "B", "B", "B", "B", "B", "B", "B", "B", "B", "B", "B", "B", "B", "B", "B", "B", "B", "B", "B", "B"], "mode": ["minor", "minor", "minor", "minor", "minor", "minor", "minor", "minor", "minor", "minor", "minor", "minor", "minor", "minor", "minor", "minor", "minor", "minor", "minor", "minor", "minor"], "metriccontour": [null, "+", "-", "+", "-", "+", "-", "+", "-", "+", "-", "-", "+", "-", "-", "+", "-", "+", "-", "+", "-"], "imaweight": [0.580524, 0.846442, 0.419476, 1.0, 0.411985, 0.805243, 0.561798, 0.790262, 0.505618, 0.973783, 0.59176, 0.355805, 0.558052, 0.786517, 0.337079, 0.636704, 0.393258, 0.617978, 0.273408, 0.831461, 0.576779], "imaweight_spectral": [0.635179, 0.879479, 0.508143, 1.0, 0.501629, 0.843648, 0.618893, 0.830619, 0.583062, 0.977199, 0.908795, 0.690554, 0.86645, 0.960912, 0.570033, 0.859935, 0.618893, 0.814332, 0.543974, 1.0, 0.925081], "pitch40_hewlett": [164, 169, 169, 175, 169, 164, 164, 158, 152, 158, 158, 164, 169, 175, 169, 164, 164, 158, 152, 158, 158], "pitch40_sapp": [203, 208, 208, 214, 208, 203, 203, 197, 191, 197, 197, 203, 208, 214, 208, 203, 203, 197, 191, 197, 197], "octave": [5, 5, 5, 5, 5, 5, 5, 4, 4, 4, 4, 5, 5, 5, 5, 5, 5, 4, 4, 4, 4], "midipitch": [73, 74, 74, 76, 74, 73, 73, 71, 69, 71, 71, 73, 74, 76, 74, 73, 73, 71, 69, 71, 71], "diatonicpitch": [29, 30, 30, 31, 30, 29, 29, 28, 27, 28, 28, 29, 30, 31, 30, 29, 29, 28, 27, 28, 28], "diatonicinterval": [null, 1, 0, 1, -1, -1, 0, -1, -1, 1, 0, 1, 1, 1, -1, -1, 0, -1, -1, 1, 0], "chromaticinterval": [null, 1, 0, 2, -2, -1, 0, -2, -2, 2, 0, 2, 1, 2, -2, -1, 0, -2, -2, 2, 0], "pitchproximity": [null, null, 0, 2, 2, 1, 0, 2, 2, 2, 0, 2, 1, 2, 2, 1, 0, 2, 2, 2, 0], "pitchreversal": [null, null, 0, 0, 1.5, 0, 0, 0, 0, 1.5, 0, 0, 0, 0, 1.5, 0, 0, 0, 0, 1.5, 0], "nextisrest": [false, false, false, false, false, false, false, false, false, false, false, false, false, false, false, false, false, false, false, false, null], "restduration_frac": [null, null, null, null, null, null, null, null, null, null, null, null, null, null, null, null, null, null, null, null, null], "duration": [0.5, 0.5, 0.5, 0.5, 0.5, 0.5, 0.5, 0.5, 0.5, 1.0, 0.5, 0.5, 1.0, 0.5, 0.5, 0.5, 0.5, 0.5, 0.5, 1.0, 1.0], "duration_frac": ["1/2", "1/2", "1/2", "1/2", "1/2", "1/2", "1/2", "1/2", "1/2", "1", "1/2", "1/2", "1", "1/2", "1/2", "1/2", "1/2", "1/2", "1/2", "1", "1"], "duration_fullname": ["Eighth", "Eighth", "Eighth", "Eighth", "Eighth", "Eighth", "Eighth", "Eighth", "Eighth", "Quarter", "Eighth", "Eighth", "Quarter", "Eighth", "Eighth", "Eighth", "Eighth", "Eighth", "Eighth", "Quarter", "Quarter"], "durationcontour": [null, "=", "=", "=", "=", "=", "=", "=", "=", "+", "-", "=", "+", "-", "=", "=", "=", "=", "=", "+", "="], "onsettick": [0, 1, 2, 3, 4, 5, 6, 7, 8, 9, 11, 12, 13, 15, 16, 17, 18, 19, 20, 21, 23], "beatfraction": ["1/2", "1/2", "1/2", "1/2", "1/2", "1/2", "1/2", "1/2", "1/2", "1", "1/2", "1/2", "1", "1/2", "1/2", "1/2", "1/2", "1/2", "1/2", "1", "1"], "phrasepos": [0.0, 0.09090909090909091, 0.18181818181818182, 0.2727272727272727, 0.36363636363636365, 0.45454545454545453, 0.5454545454545454, 0.6363636363636364, 0.7272727272727273, 0.8181818181818182, 1.0, 0.0, 0.09090909090909091, 0.2727272727272727, 0.36363636363636365, 0.45454545454545453, 0.5454545454545454, 0.6363636363636364, 0.7272727272727273, 0.8181818181818182, 1.0], "phrase_ix": [0, 0, 0, 0, 0, 0, 0, 0, 0, 0, 0, 1, 1, 1, 1, 1, 1, 1, 1, 1, 1], "phrase_end": [false, false, false, false, false, false, false, false, false, false, true, false, false, false, false, false, false, false, false, false, true], "songpos": [0.0, 0.043478260869565216, 0.08695652173913043, 0.13043478260869565, 0.17391304347826086, 0.21739130434782608, 0.2608695652173913, 0.30434782608695654, 0.34782608695652173, 0.391304347826087, 0.4782608695652174, 0.5217391304347826, 0.5652173913043478, 0.6521739130434783, 0.6956521739130435, 0.7391304347826086, 0.782608695652174, 0.8260869565217391, 0.8695652173913043, 0.9130434782608695, 1.0], "beatinsong": ["-1/2", "0", "1/2", "1", "3/2", "2", "5/2", "3", "7/2", "4", "5", "11/2", "6", "7", "15/2", "8", "17/2", "9", "19/2", "10", "11"], "beatinphrase": ["-1/2", "0", "1/2", "1", "3/2", "2", "5/2", "3", "7/2", "4", "5", "-1/2", "0", "1", "3/2", "2", "5/2", "3", "7/2", "4", "5"], "beatinphrase_end": ["-9/2", "-4", "-7/2", "-3", "-5/2", "-2", "-3/2", "-1", "-1/2", "0", "1", "-9/2", "-4", "-3", "-5/2", "-2", "-3/2", "-1", "-1/2", "0", "1"], "IOI_frac": ["1/2", "1/2", "1/2", "1/2", "1/2", "1/2", "1/2", "1/2", "1/2", "1", "1/2", "1/2", "1", "1/2", "1/2", "1/2", "1/2", "1/2", "1/2", "1", null], "IOI": [0.5, 0.5, 0.5, 0.5, 0.5, 0.5, 0.5, 0.5, 0.5, 1.0, 0.5, 0.5, 1.0, 0.5, 0.5, 0.5, 0.5, 0.5, 0.5, 1.0, null], "IOR_frac": [null, "1", "1", "1", "1", "1", "1", "1", "1", "2", "1/2", "1", "2", "1/2", "1", "1", "1", "1", "1", "2", null], "IOR": [null, 1.0, 1.0, 1.0, 1.0, 1.0, 1.0, 1.0, 1.0, 2.0, 0.5, 1.0, 2.0, 0.5, 1.0, 1.0, 1.0, 1.0, 1.0, 2.0, null], "imacontour": [null, "+", "-", "+", "-", "+", "-", "+", "-", "+", "-", "-", "+", "+", "-", "+", "-", "+", "-", "+", "-"], "pitch": ["C#5", "D5", "D5", "E5", "D5", "C#5", "C#5", "B4", "A4", "B4", "B4", "C#5", "D5", "E5", "D5", "C#5", "C#5", "B4", "A4", "B4", "B4"], "contour3": [null, "+", "=", "+", "-", "-", "=", "-", "-", "+", "=", "+", "+", "+", "-", "-", "=", "-", "-", "+", "="], "contour5": [null, "+", "=", "+", "-", "-", "=", "-", "-", "+", "=", "+", "+", "+", "-", "-", "=", "-", "-", "+", "="], "beatstrength": [0.25, 1.0, 0.25, 0.5, 0.25, 1.0, 0.25, 0.5, 0.25, 1.0, 0.5, 0.25, 1.0, 0.5, 0.25, 1.0, 0.25, 0.5, 0.25, 1.0, 0.5], "beat_str": ["2", "1", "1", "2", "2", "1", "1", "2", "2", "1", "2", "2", "1", "2", "2", "1", "1", "2", "2", "1", "2"], "beat_fraction_str": ["1/2", "0", "1/2", "0", "1/2", "0", "1/2", "0", "1/2", "0", "0", "1/2", "0", "0", "1/2", "0", "1/2", "0", "1/2", "0", "0"], "beat": [2.5, 1.0, 1.5, 2.0, 2.5, 1.0, 1.5, 2.0, 2.5, 1.0, 2.0, 2.5, 1.0, 2.0, 2.5, 1.0, 1.5, 2.0, 2.5, 1.0, 2.0], "timesignature": ["2/4", "2/4", "2/4", "2/4", "2/4", "2/4", "2/4", "2/4", "2/4", "2/4", "2/4", "2/4", "2/4", "2/4", "2/4", "2/4", "2/4", "2/4", "2/4", "2/4", "2/4"], "gpr2a_Frankland": [null, null, null, null, null, null, null, null, null, null, null, null, null, null, null, null, null, null, null, null, null], "gpr2b_Frankland": [null, null, null, null, null, null, null, null, null, 0.5, null, null, 0.5, null, null, null, null, null, null, null, null], "gpr3a_Frankland": [null, null, null, null, null, null, null, null, null, null, 0.75, null, null, null, null, null, null, null, null, null, null], "gpr3d_Frankland": [null, 0.0, 0.0, 0.0, 0.0, 0.0, 0.0, null, null, null, null, null, null, null, 0.0, 0.0, 0.0, null, null, null, null], "gpr_Frankland_sum": [0, 0, 0, 0, 0, 0, 0, 0, 0, 0.5, 0.75, 0, 0.5, 0, 0, 0, 0, 0, 0, 0, 0], "lbdm_spitch": [null, 0.0, 0.7142857142857143, 0.28571428571428575, 0.380952380952381, 0.0, 0.7142857142857143, 0.0, 0.7142857142857143, 0.0, 1.0, 0.28571428571428575, 0.28571428571428575, 0.28571428571428575, 0.380952380952381, 0.0, 0.7142857142857143, 0.0, 0.7142857142857143, null, null], "lbdm_sioi": [null, 0.0, 0.0, 0.0, 0.0, 0.0, 0.0, 0.0, 0.25, 1.0, 0.25, 0.25, 1.0, 0.25, 0.0, 0.0, 0.0, 0.0, 0.25, null, null], "lbdm_srest": [null, 0.0, 0.0, 0.0, 0.0, 0.0, 0.0, 0.0, 0.0, 0.0, 0.0, 0.0, 0.0, 0.0, 0.0, 0.0, 0.0, 0.0, 0.0, null, null], "lbdm_rpitch": [null, 0.3333333333333333, 0.5, 0.0, 0.2, 0.3333333333333333, 0.5, 0.0, 0.0, 0.5, 0.5, 0.2, 0.2, 0.0, 0.2, 0.3333333333333333, 0.5, 0.0, 0.0, 0.5, null],