{"id": "NLB143658_01", "tunefamily": "", "year": 1941, "tunefamily_full": "", "type": "vocal", "freemeter": false, "origin": "", "features": {"scaledegree": [1, 2, 3, 3, 4, 4, 3, 3, 4, 4, 3, 5, 4, 3, 2, 2, 2, 1], "scaledegreespecifier": ["P", "M", "M", "M", "P", "P", "M", "M", "P", "P", "M", "P", "P", "M", "M", "M", "M", "P"], "tonic": ["C", "C", "C", "C", "C", "C", "C", "C", "C", "C", "C", "C", "C", "C", "C", "C", "C", "C"], "mode": ["major", "major", "major", "major", "major", "major", "major", "major", "major", "major", "major", "major", "major", "major", "major", "major", "major", "major"], "metriccontour": [null, "-", "+", "-", "+", "-", "+", "-", "+", "-", "+", "=", "-", "-", "+", "-", "+", "="], "imaweight": [0.871795, 0.213675, 0.863248, 0.0683761, 0.760684, 0.290598, 0.931624, 0.17094, 0.82906, 0.418803, 0.871795, 1.0, 0.350427, 0.102564, 0.931624, 0.452991, 0.897436, 0.931624], "imaweight_spectral": [1.0, 0.351852, 0.796296, 0.0740741, 0.746914, 0.382716, 0.87037, 0.17284, 0.796296, 0.5, 0.802469, 0.845679, 0.32716, 0.123457, 0.796296, 0.475309, 0.771605, 0.919753], "pitch40_hewlett": [123, 129, 135, 135, 140, 140, 135, 135, 140, 140, 135, 146, 140, 135, 129, 129, 129, 123], "pitch40_sapp": [162, 168, 174, 174, 179, 179, 174, 174, 179, 179, 174, 185, 179, 174, 168, 168, 168, 162], "octave": [4, 4, 4, 4, 4, 4, 4, 4, 4, 4, 4, 4, 4, 4, 4, 4, 4, 4], "midipitch": [60, 62, 64, 64, 65, 65, 64, 64, 65, 65, 64, 67, 65, 64, 62, 62, 62, 60], "diatonicpitch": [28, 29, 30, 30, 31, 31, 30, 30, 31, 31, 30, 32, 31, 30, 29, 29, 29, 28], "diatonicinterval": [null, 1, 1, 0, 1, 0, -1, 0, 1, 0, -1, 2, -1, -1, -1, 0, 0, -1], "chromaticinterval": [null, 2, 2, 0, 1, 0, -1, 0, 1, 0, -1, 3, -2, -1, -2, 0, 0, -2], "pitchproximity": [null, null, 2, 0, 1, 0, 1, 0, 1, 0, 1, 3, 2, 1, 2, 0, 0, 2], "pitchreversal": [null, null, 0, 0, 0, 0, 0, 0, 0, 0, 0, 1.5, 1.5, 0, 0, 0, 0, 0], "nextisrest": [false, false, false, false, false, false, false, false, false, false, false, false, false, false, false, false, false, null], "restduration_frac": [null, null, null, null, null, null, null, null, null, null, null, null, null, null, null, null, null, null], "duration": [1.0, 1.0, 1.5, 0.5, 1.0, 1.0, 1.5, 0.5, 1.0, 1.0, 2.0, 1.0, 0.5, 0.5, 1.0, 1.0, 2.0, 2.0], "duration_frac": ["1", "1", "3/2", "1/2", "1", "1", "3/2", "1/2", "1", "1", "2", "1", "1/2", "1/2", "1", "1", "2", "2"], "duration_fullname": ["Quarter", "Quarter", "Dotted Quarter", "Eighth", "Quarter", "Quarter", "Dotted Quarter", "Eighth", "Quarter", "Quarter", "Half", "Quarter", "Eighth", "Eighth", "Quarter", "Quarter", "Half", "Half"], "durationcontour": [null, "=", "+", "-", "+", "=", "+", "-", "+", "=", "+", "-", "-", "=", "+", "=", "+", "="], "onsettick": [0, 2, 4, 7, 8, 10, 12, 15, 16, 18, 20, 24, 26, 27, 28, 30, 32, 36], "beatfraction": ["1", "1", "3/2", "1/2", "1", "1", "3/2", "1/2", "1", "1", "2", "1", "1/2", "1/2", "1", "1", "2", "2"], "phrasepos": [0.0, 0.1, 0.2, 0.35, 0.4, 0.5, 0.6, 0.75, 0.8, 0.9, 1.0, 0.0, 0.16666666666666666, 0.25, 0.3333333333333333, 0.5, 0.6666666666666666, 1.0], "phrase_ix": [0, 0, 0, 0, 0, 0, 0, 0, 0, 0, 0, 1, 1, 1, 1, 1, 1, 1], "phrase_end": [false, false, false, false, false, false, false, false, false, false, true, false, false, false, false, false, false, true], "songpos": [0.0, 0.05555555555555555, 0.1111111111111111, 0.19444444444444445, 0.2222222222222222, 0.2777777777777778, 0.3333333333333333, 0.4166666666666667, 0.4444444444444444, 0.5, 0.5555555555555556, 0.6666666666666666, 0.7222222222222222, 0.75, 0.7777777777777778, 0.8333333333333334, 0.8888888888888888, 1.0], "beatinsong": ["0", "1", "2", "7/2", "4", "5", "6", "15/2", "8", "9", "10", "12", "13", "27/2", "14", "15", "16", "18"], "beatinphrase": ["0", "1", "2", "7/2", "4", "5", "6", "15/2", "8", "9", "10", "0", "1", "3/2", "2", "3", "4", "6"], "beatinphrase_end": ["-10", "-9", "-8", "-13/2", "-6", "-5", "-4", "-5/2", "-2", "-1", "0", "-6", "-5", "-9/2", "-4", "-3", "-2", "0"], "IOI_frac": ["1", "1", "3/2", "1/2", "1", "1", "3/2", "1/2", "1", "1", "2", "1", "1/2", "1/2", "1", "1", "2", null], "IOI": [1.0, 1.0, 1.5, 0.5, 1.0, 1.0, 1.5, 0.5, 1.0, 1.0, 2.0, 1.0, 0.5, 0.5, 1.0, 1.0, 2.0, null], "IOR_frac": [null, "1", "3/2", "1/3", "2", "1", "3/2", "1/3", "2", "1", "2", "1/2", "1/2", "1", "2", "1", "2", null], "IOR": [null, 1.0, 1.5, 0.3333333333333333, 2.0, 1.0, 1.5, 0.3333333333333333, 2.0, 1.0, 2.0, 0.5, 0.5, 1.0, 2.0, 1.0, 2.0, null], "imacontour": [null, "-", "+", "-", "+", "-", "+", "-", "+", "-", "+", "+", "-", "-", "+", "-", "+", "+"], "pitch": ["C4", "D4", "E4", "E4", "F4", "F4", "E4", "E4", "F4", "F4", "E4", "G4", "F4", "E4", "D4", "D4", "D4", "C4"], "contour3": [null, "+", "+", "=", "+", "=", "-", "=", "+", "=", "-", "+", "-", "-", "-", "=", "=", "-"], "contour5": [null, "+", "+", "=", "+", "=", "-", "=", "+", "=", "-", "++", "-", "-", "-", "=", "=", "-"], "beatstrength": [1.0, 0.5, 1.0, 0.25, 1.0, 0.5, 1.0, 0.25, 1.0, 0.5, 1.0, 1.0, 0.5, 0.25, 1.0, 0.5, 1.0, 1.0], "beat_str": ["1", "2", "1", "2", "1", "2", "1", "2", "1", "2", "1", "1", "2", "2", "1", "2", "1", "1"], "beat_fraction_str": ["0", "0", "0", "1/2", "0", "0", "0", "1/2", "0", "0", "0", "0", "0", "1/2", "0", "0", "0", "0"], "beat": [1.0, 2.0, 1.0, 2.5, 1.0, 2.0, 1.0, 2.5, 1.0, 2.0, 1.0, 1.0, 2.0, 2.5, 1.0, 2.0, 1.0, 1.0], "timesignature": ["2/4", "2/4", "2/4", "2/4", "2/4", "2/4", "2/4", "2/4", "2/4", "2/4", "2/4", "2/4", "2/4", "2/4", "2/4", "2/4", "2/4", "2/4"], "gpr2a_Frankland": [null, null, null, null, null, null, null, null, null, null, null, null, null, null, null, null, null, null], "gpr2b_Frankland": [null, null, 0.5, null, null, null, 0.5, null, null, null, 0.5, null, null, null, null, null, null, null], "gpr3a_Frankland": [null, null, null, 1.0, null, 1.0, null, 1.0, null, null, 0.5, null, null, 0.75, null, null, null, null], "gpr3d_Frankland": [null, null, null, null, null, null, null, null, null, null, null, null, null, 0.5, null, null, null, null], "gpr_Frankland_sum": [0, 0, 0.5, 1.0, 0, 1.0, 0.5, 1.0, 0, 0, 1.0, 0, 0, 1.25, 0, 0, 0, 0], "lbdm_spitch": [null, 0.7000000000000001, 0.0, 0.46666666666666673, 0.0, 0.46666666666666673, 0.0, 0.46666666666666673, 0.0, 0.46666666666666673, 1.0, 0.4800000000000001, 0.28, 0.9800000000000001, 0.0, 0.0, null, null], "lbdm_sioi": [null, 0.15000000000000002, 0.7874999999999999, 0.3125, 0.25, 0.15000000000000002, 0.7874999999999999, 0.3125, 0.25, 0.25, 1.0, 0.5, 0.125, 0.125, 0.25, 0.25, null, null], "lbdm_srest": [null, 0.0, 0.0, 0.0, 0.0, 0.0, 0.0, 0.0, 0.0, 0.0, 0.0, 0.0, 0.0, 0.0, 0.0, 0.0, null, null], "lbdm_rpitch": [null, 0.0, 0.5, 0.3333333333333333, 0.3333333333333333, 0.3333333333333333, 0.3333333333333333, 0.3333333333333333, 0.3333333333333333, 0.3333333333333333, 0.3333333333333333, 0.14285714285714285, 0.2, 0.2, 0.5, 0.0, 0.5, null], "lbdm_rioi": [null, 0.0, 0.2, 0.5, 0.3333333333333333, 0.0, 0.2, 0.5, 0.3333333333333333, 0.0, 0.3333333333333333, 0.3333333333333333, 0.3333333333333333, 0.0, 0.3333333333333333, 0.0, 0.3333333333333333, null], "lbdm_rrest": [null, 0.0, 0.0, 0.0, 0.0, 0.0, 0.0, 0.0, 0.0, 0.0, 0.0, 0.0, 0.0, 0.0, 0.0, 0.0, 0.0, null], "lbdm_boundarystrength": [null, 0.25, 0.39374999999999993, 0.2729166666666667, 0.125, 0.1916666666666667, 0.39374999999999993, 0.2729166666666667, 0.125, 0.2416666666666667, 0.75, 0.37, 0.1325, 0.3075, 0.125, 0.125, null, null]}, "ann_bgcorpus": false}
