{"id": "NLB124579_01", "tunefamily": "9592_0", "year": 1879, "tunefamily_full": "Mi Adel en heer Alewijn", "type": "vocal", "freemeter": false, "origin": "", "features": {"scaledegree": [7, 7, 3, 3, 3, 3, 2, 1, 7, 1, 7, 3, 3, 3, 2, 2, 1], "scaledegreespecifier": ["m", "m", "m", "m", "m", "m", "M", "P", "m", "P", "m", "m", "m", "m", "M", "M", "P"], "tonic": ["A", "A", "A", "A", "A", "A", "A", "A", "A", "A", "A", "A", "A", "A", "A", "A", "A"], "mode": ["minor", "minor", "minor", "minor", "minor", "minor", "minor", "minor", "minor", "minor", "minor", "minor", "minor", "minor", "minor", "minor", "minor"], "metriccontour": [null, "+", "-", "+", "-", "=", "-", "+", "-", "+", "-", "+", "-", "=", "-", "-", "+"], "imaweight": [0.253521, 0.887324, 0.43662, 0.591549, 0.690141, 0.661972, 0.352113, 0.873239, 0.422535, 0.887324, 0.492958, 0.591549, 0.760563, 0.521127, 0.295775, 0.056338, 1.0], "imaweight_spectral": [0.380531, 0.884956, 0.495575, 0.734513, 0.876106, 0.787611, 0.486726, 0.920354, 0.451327, 0.884956, 0.530973, 0.699115, 0.920354, 0.699115, 0.415929, 0.0353982, 1.0], "pitch40_hewlett": [146, 146, 163, 163, 163, 163, 158, 152, 146, 152, 146, 163, 163, 163, 158, 158, 152], "pitch40_sapp": [185, 185, 202, 202, 202, 202, 197, 191, 185, 191, 185, 202, 202, 202, 197, 197, 191], "octave": [4, 4, 5, 5, 5, 5, 4, 4, 4, 4, 4, 5, 5, 5, 4, 4, 4], "midipitch": [67, 67, 72, 72, 72, 72, 71, 69, 67, 69, 67, 72, 72, 72, 71, 71, 69], "diatonicpitch": [27, 27, 30, 30, 30, 30, 29, 28, 27, 28, 27, 30, 30, 30, 29, 29, 28], "diatonicinterval": [null, 0, 3, 0, 0, 0, -1, -1, -1, 1, -1, 3, 0, 0, -1, 0, -1], "chromaticinterval": [null, 0, 5, 0, 0, 0, -1, -2, -2, 2, -2, 5, 0, 0, -1, 0, -2], "pitchproximity": [null, null, 5, 0, 0, 0, 1, 2, 2, 2, 2, 5, 0, 0, 1, 0, 2], "pitchreversal": [null, null, 0, 0, 0, 0, 0, 0, 0, 1.5, 1.5, 0, 0, 0, 0, 0, 0], "nextisrest": [false, false, false, false, false, false, false, true, false, false, false, false, false, false, false, false, null], "restduration_frac": [null, null, null, null, null, null, null, "1/2", null, null, null, null, null, null, null, null, null], "duration": [0.5, 0.5, 0.5, 1.0, 1.0, 0.5, 0.5, 1.0, 0.5, 0.5, 0.5, 1.0, 1.0, 0.5, 0.25, 0.25, 1.0], "duration_frac": ["1/2", "1/2", "1/2", "1", "1", "1/2", "1/2", "1", "1/2", "1/2", "1/2", "1", "1", "1/2", "1/4", "1/4", "1"], "duration_fullname": ["Eighth", "Eighth", "Eighth", "Quarter", "Quarter", "Eighth", "Eighth", "Quarter", "Eighth", "Eighth", "Eighth", "Quarter", "Quarter", "Eighth", "16th", "16th", "Quarter"], "durationcontour": [null, "=", "=", "+", "=", "-", "=", "+", "-", "=", "=", "+", "=", "-", "-", "=", "+"], "onsettick": [0, 2, 4, 6, 10, 14, 16, 18, 24, 26, 28, 30, 34, 38, 40, 41, 42], "beatfraction": ["1/2", "1/2", "1/2", "1", "1", "1/2", "1/2", "1", "1/2", "1/2", "1/2", "1", "1", "1/2", "1/4", "1/4", "1"], "phrasepos": [0.0, 0.1111111111111111, 0.2222222222222222, 0.3333333333333333, 0.5555555555555556, 0.7777777777777778, 0.8888888888888888, 1.0, 0.0, 0.1111111111111111, 0.2222222222222222, 0.3333333333333333, 0.5555555555555556, 0.7777777777777778, 0.8888888888888888, 0.9444444444444444, 1.0], "phrase_ix": [0, 0, 0, 0, 0, 0, 0, 0, 1, 1, 1, 1, 1, 1, 1, 1, 1], "phrase_end": [false, false, false, false, false, false, false, true, false, false, false, false, false, false, false, false, true], "songpos": [0.0, 0.047619047619047616, 0.09523809523809523, 0.14285714285714285, 0.23809523809523808, 0.3333333333333333, 0.38095238095238093, 0.42857142857142855, 0.5714285714285714, 0.6190476190476191, 0.6666666666666666, 0.7142857142857143, 0.8095238095238095, 0.9047619047619048, 0.9523809523809523, 0.9761904761904762, 1.0], "beatinsong": ["-3/2", "-1", "-1/2", "0", "1", "2", "5/2", "3", "9/2", "5", "11/2", "6", "7", "8", "17/2", "35/4", "9"], "beatinphrase": ["-3/2", "-1", "-1/2", "0", "1", "2", "5/2", "3", "-3/2", "-1", "-1/2", "0", "1", "2", "5/2", "11/4", "3"], "beatinphrase_end": ["-9/2", "-4", "-7/2", "-3", "-2", "-1", "-1/2", "0", "-9/2", "-4", "-7/2", "-3", "-2", "-1", "-1/2", "-1/4", "0"], "IOI_frac": ["1/2", "1/2", "1/2", "1", "1", "1/2", "1/2", "3/2", "1/2", "1/2", "1/2", "1", "1", "1/2", "1/4", "1/4", null], "IOI": [0.5, 0.5, 0.5, 1.0, 1.0, 0.5, 0.5, 1.5, 0.5, 0.5, 0.5, 1.0, 1.0, 0.5, 0.25, 0.25, null], "IOR_frac": [null, "1", "1", "2", "1", "1/2", "1", "3", "1/3", "1", "1", "2", "1", "1/2", "1/2", "1", null], "IOR": [null, 1.0, 1.0, 2.0, 1.0, 0.5, 1.0, 3.0, 0.3333333333333333, 1.0, 1.0, 2.0, 1.0, 0.5, 0.5, 1.0, null], "imacontour": [null, "+", "-", "+", "+", "-", "-", "+", "-", "+", "-", "+", "+", "-", "-", "-", "+"], "pitch": ["G4", "G4", "C5", "C5", "C5", "C5", "B4", "A4", "G4", "A4", "G4", "C5", "C5", "C5", "B4", "B4", "A4"], "contour3": [null, "=", "+", "=", "=", "=", "-", "-", "-", "+", "-", "+", "=", "=", "-", "=", "-"], "contour5": [null, "=", "++", "=", "=", "=", "-", "-", "-", "+", "-", "++", "=", "=", "-", "=", "-"], "beatstrength": [0.25, 0.5, 0.25, 1.0, 0.5, 0.5, 0.25, 1.0, 0.25, 0.5, 0.25, 1.0, 0.5, 0.5, 0.25, 0.125, 1.0], "beat_str": ["2", "3", "3", "1", "2", "3", "3", "1", "2", "3", "3", "1", "2", "3", "3", "3", "1"], "beat_fraction_str": ["1/2", "0", "1/2", "0", "0", "0", "1/2", "0", "1/2", "0", "1/2", "0", "0", "0", "1/2", "3/4", "0"], "beat": [2.5, 3.0, 3.5, 1.0, 2.0, 3.0, 3.5, 1.0, 2.5, 3.0, 3.5, 1.0, 2.0, 3.0, 3.5, 3.75, 1.0], "timesignature": ["3/4", "3/4", "3/4", "3/4", "3/4", "3/4", "3/4", "3/4", "3/4", "3/4", "3/4", "3/4", "3/4", "3/4", "3/4", "3/4", "3/4"], "gpr2a_Frankland": [null, null, null, null, null, null, null, 0.125, null, null, null, null, null, null, null, null, null], "gpr2b_Frankland": [null, null, null, null, null, null, null, null, null, null, null, null, null, null, null, null, null], "gpr3a_Frankland": [null, 1.0, null, null, null, null, null, null, null, null, 0.8, null, null, 1.0, null, null, null], "gpr3d_Frankland": [null, null, 0.5, null, 0.5, null, null, null, null, null, 0.5, null, null, null, null, null, null], "gpr_Frankland_sum": [0, 1.0, 0.5, 0, 0.5, 0, 0, 0.125, 0, 0, 1.3, 0, 0, 1.0, 0, 0, 0], "lbdm_spitch": [null, 1.0, 0.0, 0.0, 0.0, 0.07466666666666666, 0.056, 0.0, 0.0, 0.09333333333333332, 0.7333333333333333, 0.0, 0.0, 0.09333333333333332, 0.0, null, null], "lbdm_sioi": [null, 0.0, 0.1111111111111111, 0.2222222222222222, 0.2222222222222222, 0.1111111111111111, 0.16666666666666666, 1.0, 0.16666666666666666, 0.0, 0.1111111111111111, 0.2222222222222222, 0.2222222222222222, 0.2222222222222222, 0.05555555555555555, null, null], "lbdm_srest": [null, 0.0, 0.0, 0.0, 0.0, 0.0, 0.0, 1.0, 0.0, 0.0, 0.0, 0.0, 0.0, 0.0, 0.0, null, null], "lbdm_rpitch": [null, 0.7142857142857143, 0.7142857142857143, 0.0, 0.0, 0.3333333333333333, 0.2, 0.0, 0.0, 0.0, 0.3333333333333333, 0.7142857142857143, 0.0, 0.3333333333333333, 0.3333333333333333, 0.5, null], "lbdm_rioi": [null, 0.0, 0.0, 0.3333333333333333, 0.0, 0.3333333333333333, 0.0, 0.5, 0.5, 0.0, 0.0, 0.3333333333333333, 0.0, 0.3333333333333333, 0.3333333333333333, 0.0, null], "lbdm_rrest": [null, 0.0, 0.0, 0.0, 0.0, 0.0, 0.0, 1.0, 1.0, 0.0, 0.0, 0.0, 0.0, 0.0, 0.0, 0.0, null], "lbdm_boundarystrength": [null, 0.25, 0.05555555555555555, 0.1111111111111111, 0.1111111111111111, 0.07422222222222222, 0.09733333333333333, 0.75, 0.08333333333333333, 0.02333333333333333, 0.23888888888888887, 0.1111111111111111, 0.1111111111111111, 0.13444444444444442, 0.027777777777777776, null, null]}, "ann_bgcorpus": true}
