{"id": "NLB146146_01", "tunefamily": "", "year": 1967, "tunefamily_full": "", "type": "vocal", "freemeter": false, "origin": "", "features": {"scaledegree": [3, 5, 5, 5, 6, 6, 6, 5, 5, 5, 5, 3, 3, 5, 5, 6, 6, 5, 3], "scaledegreespecifier": ["M", "P", "P", "P", "M", "M", "M", "P", "P", "P", "P", "M", "M", "P", "P", "M", "M", "P", "M"], "tonic": ["C", "C", "C", "C", "C", "C", "C", "C", "C", "C", "C", "C", "C", "C", "C", "C", "C", "C", "C"], "mode": ["major", "major", "major", "major", "major", "major", "major", "major", "major", "major", "major", "major", "major", "major", "major", "major", "major", "major", "major"], "metriccontour": [null, "+", "-", "-", "+", "-", "-", "+", "-", "+", "-", "+", "-", "+", "-", "+", "-", "+", "="], "imaweight": [0.79927, 0.912409, 0.675182, 0.10219, 0.945255, 0.821168, 0.20438, 0.989051, 0.248175, 0.854015, 0.233577, 1.0, 0.675182, 0.930657, 0.678832, 0.824818, 0.722628, 0.810219, 0.317518], "imaweight_spectral": [0.853896, 0.941558, 0.730519, 0.207792, 0.957792, 0.743506, 0.194805, 0.892857, 0.233766, 0.772727, 0.220779, 0.902597, 0.730519, 0.970779, 0.798701, 0.876623, 0.798701, 0.915584, 1.0], "pitch40_hewlett": [135, 146, 146, 146, 152, 152, 152, 146, 146, 146, 146, 135, 135, 146, 146, 152, 152, 146, 135], "pitch40_sapp": [174, 185, 185, 185, 191, 191, 191, 185, 185, 185, 185, 174, 174, 185, 185, 191, 191, 185, 174], "octave": [4, 4, 4, 4, 4, 4, 4, 4, 4, 4, 4, 4, 4, 4, 4, 4, 4, 4, 4], "midipitch": [64, 67, 67, 67, 69, 69, 69, 67, 67, 67, 67, 64, 64, 67, 67, 69, 69, 67, 64], "diatonicpitch": [30, 32, 32, 32, 33, 33, 33, 32, 32, 32, 32, 30, 30, 32, 32, 33, 33, 32, 30], "diatonicinterval": [null, 2, 0, 0, 1, 0, 0, -1, 0, 0, 0, -2, 0, 2, 0, 1, 0, -1, -2], "chromaticinterval": [null, 3, 0, 0, 2, 0, 0, -2, 0, 0, 0, -3, 0, 3, 0, 2, 0, -2, -3], "pitchproximity": [null, null, 0, 0, 2, 0, 0, 2, 0, 0, 0, 3, 0, 3, 0, 2, 0, 2, 3], "pitchreversal": [null, null, 0, 0, 0, 0, 0, 0, 0, 0, 0, 0, 0, 0, 0, 0, 0, 0, 0], "nextisrest": [false, false, false, false, false, false, false, false, false, false, false, false, false, false, false, false, false, false, null], "restduration_frac": [null, null, null, null, null, null, null, null, null, null, null, null, null, null, null, null, null, null, null], "duration": [1.0, 1.0, 0.5, 0.5, 1.0, 0.5, 0.5, 0.5, 0.5, 0.5, 0.5, 1.0, 1.0, 1.0, 1.0, 1.0, 1.0, 2.0, 1.0], "duration_frac": ["1", "1", "1/2", "1/2", "1", "1/2", "1/2", "1/2", "1/2", "1/2", "1/2", "1", "1", "1", "1", "1", "1", "2", "1"], "duration_fullname": ["Quarter", "Quarter", "Eighth", "Eighth", "Quarter", "Eighth", "Eighth", "Eighth", "Eighth", "Eighth", "Eighth", "Quarter", "Quarter", "Quarter", "Quarter", "Quarter", "Quarter", "Half", "Quarter"], "durationcontour": [null, "=", "-", "=", "+", "-", "=", "=", "=", "=", "=", "+", "=", "=", "=", "=", "=", "+", "-"], "onsettick": [0, 2, 4, 5, 6, 8, 9, 10, 11, 12, 13, 14, 16, 18, 20, 22, 24, 26, 30], "beatfraction": ["1", "1", "1/2", "1/2", "1", "1/2", "1/2", "1/2", "1/2", "1/2", "1/2", "1", "1", "1", "1", "1", "1", "2", "1"], "phrasepos": [0.0, 0.14285714285714285, 0.2857142857142857, 0.35714285714285715, 0.42857142857142855, 0.5714285714285714, 0.6428571428571429, 0.7142857142857143, 0.7857142857142857, 0.8571428571428571, 0.9285714285714286, 1.0, 0.0, 0.14285714285714285, 0.2857142857142857, 0.42857142857142855, 0.5714285714285714, 0.7142857142857143, 1.0], "phrase_ix": [0, 0, 0, 0, 0, 0, 0, 0, 0, 0, 0, 0, 1, 1, 1, 1, 1, 1, 1], "phrase_end": [false, false, false, false, false, false, false, false, false, false, false, true, false, false, false, false, false, false, true], "songpos": [0.0, 0.06666666666666667, 0.13333333333333333, 0.16666666666666666, 0.2, 0.26666666666666666, 0.3, 0.3333333333333333, 0.36666666666666664, 0.4, 0.43333333333333335, 0.4666666666666667, 0.5333333333333333, 0.6, 0.6666666666666666, 0.7333333333333333, 0.8, 0.8666666666666667, 1.0], "beatinsong": ["-1", "0", "1", "3/2", "2", "3", "7/2", "4", "9/2", "5", "11/2", "6", "7", "8", "9", "10", "11", "12", "14"], "beatinphrase": ["-1", "0", "1", "3/2", "2", "3", "7/2", "4", "9/2", "5", "11/2", "6", "-1", "0", "1", "2", "3", "4", "6"], "beatinphrase_end": ["-7", "-6", "-5", "-9/2", "-4", "-3", "-5/2", "-2", "-3/2", "-1", "-1/2", "0", "-7", "-6", "-5", "-4", "-3", "-2", "0"], "IOI_frac": ["1", "1", "1/2", "1/2", "1", "1/2", "1/2", "1/2", "1/2", "1/2", "1/2", "1", "1", "1", "1", "1", "1", "2", null], "IOI": [1.0, 1.0, 0.5, 0.5, 1.0, 0.5, 0.5, 0.5, 0.5, 0.5, 0.5, 1.0, 1.0, 1.0, 1.0, 1.0, 1.0, 2.0, null], "IOR_frac": [null, "1", "1/2", "1", "2", "1/2", "1", "1", "1", "1", "1", "2", "1", "1", "1", "1", "1", "2", null], "IOR": [null, 1.0, 0.5, 1.0, 2.0, 0.5, 1.0, 1.0, 1.0, 1.0, 1.0, 2.0, 1.0, 1.0, 1.0, 1.0, 1.0, 2.0, null], "imacontour": [null, "+", "-", "-", "+", "-", "-", "+", "-", "+", "-", "+", "-", "+", "-", "+", "-", "+", "-"], "pitch": ["E4", "G4", "G4", "G4", "A4", "A4", "A4", "G4", "G4", "G4", "G4", "E4", "E4", "G4", "G4", "A4", "A4", "G4", "E4"], "contour3": [null, "+", "=", "=", "+", "=", "=", "-", "=", "=", "=", "-", "=", "+", "=", "+", "=", "-", "-"], "contour5": [null, "++", "=", "=", "+", "=", "=", "-", "=", "=", "=", "--", "=", "++", "=", "+", "=", "-", "--"], "beatstrength": [0.5, 1.0, 0.5, 0.25, 1.0, 0.5, 0.25, 1.0, 0.25, 0.5, 0.25, 1.0, 0.5, 1.0, 0.5, 1.0, 0.5, 1.0, 1.0], "beat_str": ["2", "1", "2", "2", "1", "2", "2", "1", "1", "2", "2", "1", "2", "1", "2", "1", "2", "1", "1"], "beat_fraction_str": ["0", "0", "0", "1/2", "0", "0", "1/2", "0", "1/2", "0", "1/2", "0", "0", "0", "0", "0", "0", "0", "0"], "beat": [2.0, 1.0, 2.0, 2.5, 1.0, 2.0, 2.5, 1.0, 1.5, 2.0, 2.5, 1.0, 2.0, 1.0, 2.0, 1.0, 2.0, 1.0, 1.0], "timesignature": ["2/4", "2/4", "2/4", "2/4", "2/4", "2/4", "2/4", "2/4", "2/4", "2/4", "2/4", "2/4", "2/4", "2/4", "2/4", "2/4", "2/4", "2/4", "2/4"], "gpr2a_Frankland": [null, null, null, null, null, null, null, null, null, null, null, null, null, null, null, null, null, null, null], "gpr2b_Frankland": [null, null, null, null, 0.5, null, null, null, null, null, null, null, null, null, null, null, null, null, null], "gpr3a_Frankland": [null, null, null, 1.0, null, null, 1.0, null, null, null, 1.0, null, 1.0, null, 1.0, null, null, null, null], "gpr3d_Frankland": [null, 0.5, null, null, null, null, 0.0, 0.0, 0.0, null, 0.5, null, 0.0, 0.0, 0.0, null, null, null, null], "gpr_Frankland_sum": [0, 0.5, 0, 1.0, 0.5, 0, 1.0, 0, 0, 0, 1.5, 0, 1.0, 0, 1.0, 0, 0, 0, 0], "lbdm_spitch": [null, 0.0, 0.0, 0.5555555555555556, 0.0, 0.0, 0.5555555555555556, 0.0, 0.0, 0.0, 1.0, 0.0, 1.0, 0.0, 0.5555555555555556, 0.0, 0.35714285714285715, null, null], "lbdm_sioi": [null, 0.5, 0.25, 0.25, 1.0, 0.25, 0.0, 0.0, 0.0, 0.0, 0.25, 0.5, 0.0, 0.0, 0.0, 0.0, 0.5, null, null], "lbdm_srest": [null, 0.0, 0.0, 0.0, 0.0, 0.0, 0.0, 0.0, 0.0, 0.0, 0.0, 0.0, 0.0, 0.0, 0.0, 0.0, 0.0, null, null], "lbdm_rpitch": [null, 0.6, 0.0, 0.5, 0.5, 0.0, 0.5, 0.5, 0.0, 0.0, 0.6, 0.6, 0.6, 0.6, 0.5, 0.5, 0.5, 0.14285714285714285, null], "lbdm_rioi": [null, 0.0, 0.3333333333333333, 0.0, 0.3333333333333333, 0.3333333333333333, 0.0, 0.0, 0.0, 0.0, 0.0, 0.3333333333333333, 0.0, 0.0, 0.0, 0.0, 0.0, 0.3333333333333333, null], "lbdm_rrest": [null, 0.0, 0.0, 0.0, 0.0, 0.0, 0.0, 0.0, 0.0, 0.0, 0.0, 0.0, 0.0, 0.0, 0.0, 0.0, 0.0, 0.0, null], "lbdm_boundarystrength": [null, 0.25, 0.125, 0.2638888888888889, 0.5, 0.125, 0.1388888888888889, 0.0, 0.0, 0.0, 0.375, 0.25, 0.25, 0.0, 0.1388888888888889, 0.0, 0.3392857142857143, null, null]}, "ann_bgcorpus": false}
