{"id": "NLB101775_01", "tunefamily": "13211_0", "year": 1900, "tunefamily_full": "Hemd uit de broek zal tafel dekken", "type": "vocal", "freemeter": false, "origin": "", "features": {"scaledegree": [4, 4, 4, 4, 6, 5, 5, 4, 1, 4, 4, 4, 6, 5, 5, 5, 4, 1], "scaledegreespecifier": ["P", "P", "P", "P", "M", "P", "P", "P", "P", "P", "P", "P", "M", "P", "P", "P", "P", "P"], "tonic": ["C", "C", "C", "C", "C", "C", "C", "C", "C", "C", "C", "C", "C", "C", "C", "C", "C", "C"], "mode": ["major", "major", "major", "major", "major", "major", "major", "major", "major", "major", "major", "major", "major", "major", "major", "major", "major", "major"], "metriccontour": [null, "-", "-", "+", "-", "+", "-", "+", "-", "+", "-", "+", "-", "+", "-", "+", "+", "-"], "imaweight": [1.0, 1.0, 0.0524017, 1.0, 1.0, 0.982533, 0.982533, 0.982533, 1.0, 0.982533, 0.982533, 1.0, 1.0, 1.0, 0.069869, 1.0, 1.0, 1.0], "imaweight_spectral": [1.0, 0.966805, 0.06639, 0.983402, 0.983402, 0.966805, 1.0, 0.983402, 0.983402, 0.983402, 0.983402, 0.983402, 0.983402, 0.983402, 0.0829876, 0.966805, 0.983402, 1.0], "pitch40_hewlett": [140, 140, 140, 140, 152, 146, 146, 140, 123, 140, 140, 140, 152, 146, 146, 146, 140, 123], "pitch40_sapp": [179, 179, 179, 179, 191, 185, 185, 179, 162, 179, 179, 179, 191, 185, 185, 185, 179, 162], "octave": [4, 4, 4, 4, 4, 4, 4, 4, 4, 4, 4, 4, 4, 4, 4, 4, 4, 4], "midipitch": [65, 65, 65, 65, 69, 67, 67, 65, 60, 65, 65, 65, 69, 67, 67, 67, 65, 60], "diatonicpitch": [31, 31, 31, 31, 33, 32, 32, 31, 28, 31, 31, 31, 33, 32, 32, 32, 31, 28], "diatonicinterval": [null, 0, 0, 0, 2, -1, 0, -1, -3, 3, 0, 0, 2, -1, 0, 0, -1, -3], "chromaticinterval": [null, 0, 0, 0, 4, -2, 0, -2, -5, 5, 0, 0, 4, -2, 0, 0, -2, -5], "pitchproximity": [null, null, 0, 0, 4, 2, 0, 2, 5, 5, 0, 0, 4, 2, 0, 0, 2, 5], "pitchreversal": [null, null, 0, 0, 0, 1.5, 0, 0, 0, 1.5, 0, 0, 0, 1.5, 0, 0, 0, 0], "nextisrest": [false, false, false, false, false, false, false, false, false, false, false, false, false, false, false, false, false, null], "restduration_frac": [null, null, null, null, null, null, null, null, null, null, null, null, null, null, null, null, null, null], "duration": [0.5, 0.25, 0.25, 0.5, 0.5, 0.5, 0.5, 0.5, 0.5, 0.5, 0.5, 0.5, 0.5, 0.25, 0.25, 0.5, 0.5, 0.5], "duration_frac": ["1/2", "1/4", "1/4", "1/2", "1/2", "1/2", "1/2", "1/2", "1/2", "1/2", "1/2", "1/2", "1/2", "1/4", "1/4", "1/2", "1/2", "1/2"], "duration_fullname": ["Eighth", "16th", "16th", "Eighth", "Eighth", "Eighth", "Eighth", "Eighth", "Eighth", "Eighth", "Eighth", "Eighth", "Eighth", "16th", "16th", "Eighth", "Eighth", "Eighth"], "durationcontour": [null, "-", "=", "+", "=", "=", "=", "=", "=", "=", "=", "=", "=", "-", "=", "+", "=", "="], "onsettick": [0, 2, 3, 4, 6, 8, 10, 12, 14, 16, 18, 20, 22, 24, 25, 26, 28, 30], "beatfraction": ["1/2", "1/4", "1/4", "1/2", "1/2", "1/2", "1/2", "1/2", "1/2", "1/2", "1/2", "1/2", "1/2", "1/4", "1/4", "1/2", "1/2", "1/2"], "phrasepos": [0.0, 0.14285714285714285, 0.21428571428571427, 0.2857142857142857, 0.42857142857142855, 0.5714285714285714, 0.7142857142857143, 0.8571428571428571, 1.0, 0.0, 0.14285714285714285, 0.2857142857142857, 0.42857142857142855, 0.5714285714285714, 0.6428571428571429, 0.7142857142857143, 0.8571428571428571, 1.0], "phrase_ix": [0, 0, 0, 0, 0, 0, 0, 0, 0, 1, 1, 1, 1, 1, 1, 1, 1, 1], "phrase_end": [false, false, false, false, false, false, false, false, true, false, false, false, false, false, false, false, false, true], "songpos": [0.0, 0.06666666666666667, 0.1, 0.13333333333333333, 0.2, 0.26666666666666666, 0.3333333333333333, 0.4, 0.4666666666666667, 0.5333333333333333, 0.6, 0.6666666666666666, 0.7333333333333333, 0.8, 0.8333333333333334, 0.8666666666666667, 0.9333333333333333, 1.0], "beatinsong": ["0", "1/2", "3/4", "1", "3/2", "2", "5/2", "3", "7/2", "4", "9/2", "5", "11/2", "6", "25/4", "13/2", "7", "15/2"], "beatinphrase": ["0", "1/2", "3/4", "1", "3/2", "2", "5/2", "3", "7/2", "0", "1/2", "1", "3/2", "2", "9/4", "5/2", "3", "7/2"], "beatinphrase_end": ["0", "1/2", "3/4", "1", "3/2", "2", "5/2", "3", "7/2", "0", "1/2", "1", "3/2", "2", "9/4", "5/2", "3", "7/2"], "IOI_frac": ["1/2", "1/4", "1/4", "1/2", "1/2", "1/2", "1/2", "1/2", "1/2", "1/2", "1/2", "1/2", "1/2", "1/4", "1/4", "1/2", "1/2", null], "IOI": [0.5, 0.25, 0.25, 0.5, 0.5, 0.5, 0.5, 0.5, 0.5, 0.5, 0.5, 0.5, 0.5, 0.25, 0.25, 0.5, 0.5, null], "IOR_frac": [null, "1/2", "1", "2", "1", "1", "1", "1", "1", "1", "1", "1", "1", "1/2", "1", "2", "1", null], "IOR": [null, 0.5, 1.0, 2.0, 1.0, 1.0, 1.0, 1.0, 1.0, 1.0, 1.0, 1.0, 1.0, 0.5, 1.0, 2.0, 1.0, null], "imacontour": [null, "=", "-", "+", "=", "-", "=", "=", "+", "-", "=", "+", "=", "=", "-", "+", "=", "="], "pitch": ["F4", "F4", "F4", "F4", "A4", "G4", "G4", "F4", "C4", "F4", "F4", "F4", "A4", "G4", "G4", "G4", "F4", "C4"], "contour3": [null, "=", "=", "=", "+", "-", "=", "-", "-", "+", "=", "=", "+", "-", "=", "=", "-", "-"], "contour5": [null, "=", "=", "=", "++", "-", "=", "-", "--", "++", "=", "=", "++", "-", "=", "=", "-", "--"], "beatstrength": [1.0, 0.125, 0.0625, 0.25, 0.125, 0.5, 0.125, 0.25, 0.125, 1.0, 0.125, 0.25, 0.125, 0.5, 0.0625, 0.125, 0.25, 0.125], "beat_str": ["1", "1", "1", "2", "2", "3", "3", "4", "4", "1", "1", "2", "2", "3", "3", "3", "4", "4"], "beat_fraction_str": ["0", "1/2", "3/4", "0", "1/2", "0", "1/2", "0", "1/2", "0", "1/2", "0", "1/2", "0", "1/4", "1/2", "0", "1/2"], "beat": [1.0, 1.5, 1.75, 2.0, 2.5, 3.0, 3.5, 4.0, 4.5, 1.0, 1.5, 2.0, 2.5, 3.0, 3.25, 3.5, 4.0, 4.5], "timesignature": ["4/4", "4/4", "4/4", "4/4", "4/4", "4/4", "4/4", "4/4", "4/4", "4/4", "4/4", "4/4", "4/4", "4/4", "4/4", "4/4", "4/4", "4/4"], "gpr2a_Frankland": [null, null, null, null, null, null, null, null, null, null, null, null, null, null, null, null, null, null], "gpr2b_Frankland": [null, null, null, null, null, null, null, null, null, null, null, null, null, null, null, null, null, null], "gpr3a_Frankland": [null, null, null, 0.75, null, null, null, null, null, null, null, 0.75, null, null, null, null, null, null], "gpr3d_Frankland": [null, null, 0.5, null, 0.0, 0.0, 0.0, 0.0, 0.0, 0.0, 0.0, null, 0.5, null, 0.5, null, null, null], "gpr_Frankland_sum": [0, 0, 0.5, 0.75, 0, 0, 0, 0, 0, 0, 0, 0.75, 0.5, 0, 0.5, 0, 0, 0], "lbdm_spitch": [null, 0.0, 0.0, 1.0, 0.4090909090909091, 0.0, 0.45454545454545453, 0.45454545454545453, 0.9740259740259741, 0.0, 0.0, 1.0, 0.4090909090909091, 0.0, 0.0, 0.45454545454545453, null, null], "lbdm_sioi": [null, 0.5, 0.5, 1.0, 0.0, 0.0, 0.0, 0.0, 0.0, 0.0, 0.0, 0.0, 1.0, 0.5, 0.5, 1.0, null, null], "lbdm_srest": [null, 0.0, 0.0, 0.0, 0.0, 0.0, 0.0, 0.0, 0.0, 0.0, 0.0, 0.0, 0.0, 0.0, 0.0, 0.0, null, null], "lbdm_rpitch": [null, 0.0, 0.0, 0.6666666666666666, 0.25, 0.5, 0.5, 0.3333333333333333, 0.0, 0.7142857142857143, 0.0, 0.6666666666666666, 0.25, 0.5, 0.0, 0.5, 0.3333333333333333, null], "lbdm_rioi": [null, 0.3333333333333333, 0.0, 0.3333333333333333, 0.0, 0.0, 0.0, 0.0, 0.0, 0.0, 0.0, 0.0, 0.0, 0.3333333333333333, 0.0, 0.3333333333333333, 0.0, null], "lbdm_rrest": [null, 0.0, 0.0, 0.0, 0.0, 0.0, 0.0, 0.0, 0.0, 0.0, 0.0, 0.0, 0.0, 0.0, 0.0, 0.0, 0.0, null], "lbdm_boundarystrength": [null, 0.25, 0.25, 0.75, 0.10227272727272728, 0.0, 0.11363636363636363, 0.11363636363636363, 0.24350649350649353, 0.0, 0.0, 0.25, 0.6022727272727273, 0.25, 0.25, 0.6136363636363636, null, null]}, "ann_bgcorpus": true}
