{"id": "NLB140110_01", "tunefamily": "", "year": 1941, "tunefamily_full": "", "type": "vocal", "freemeter": false, "origin": "", "features": {"scaledegree": [1, 1, 1, 1, 1, 5, 5, 1, 2, 3, 4, 4, 4, 3, 3, 3, 3, 2, 2, 1], "scaledegreespecifier": ["P", "P", "P", "P", "P", "P", "P", "P", "M", "M", "P", "P", "P", "M", "M", "M", "M", "M", "M", "P"], "tonic": ["F", "F", "F", "F", "F", "F", "F", "F", "F", "F", "F", "F", "F", "F", "F", "F", "F", "F", "F", "F"], "mode": ["major", "major", "major", "major", "major", "major", "major", "major", "major", "major", "major", "major", "major", "major", "major", "major", "major", "major", "major", "major"], "metriccontour": [null, "-", "+", "-", "+", "-", "-", "+", "-", "+", "=", "-", "-", "+", "-", "+", "-", "+", "-", "+"], "imaweight": [0.912409, 0.277372, 0.50365, 0.175182, 0.919708, 0.467153, 0.124088, 0.678832, 0.605839, 0.883212, 0.824818, 0.766423, 0.386861, 0.941606, 0.321168, 0.70073, 0.350365, 1.0, 0.445255, 0.861314], "imaweight_spectral": [0.901345, 0.38565, 0.668161, 0.304933, 0.923767, 0.699552, 0.327354, 0.847534, 0.802691, 0.973094, 0.959641, 0.73991, 0.367713, 0.829596, 0.304933, 0.73991, 0.304933, 0.883408, 0.686099, 1.0], "pitch40_hewlett": [140, 140, 140, 140, 140, 123, 123, 140, 146, 152, 157, 157, 157, 152, 152, 152, 152, 146, 146, 140], "pitch40_sapp": [179, 179, 179, 179, 179, 162, 162, 179, 185, 191, 196, 196, 196, 191, 191, 191, 191, 185, 185, 179], "octave": [4, 4, 4, 4, 4, 4, 4, 4, 4, 4, 4, 4, 4, 4, 4, 4, 4, 4, 4, 4], "midipitch": [65, 65, 65, 65, 65, 60, 60, 65, 67, 69, 70, 70, 70, 69, 69, 69, 69, 67, 67, 65], "diatonicpitch": [28, 28, 28, 28, 28, 25, 25, 28, 29, 30, 31, 31, 31, 30, 30, 30, 30, 29, 29, 28], "diatonicinterval": [null, 0, 0, 0, 0, -3, 0, 3, 1, 1, 1, 0, 0, -1, 0, 0, 0, -1, 0, -1], "chromaticinterval": [null, 0, 0, 0, 0, -5, 0, 5, 2, 2, 1, 0, 0, -1, 0, 0, 0, -2, 0, -2], "pitchproximity": [null, null, 0, 0, 0, 5, 0, 5, 2, 2, 1, 0, 0, 1, 0, 0, 0, 2, 0, 2], "pitchreversal": [null, null, 0, 0, 0, 0, 0, 0, 0, 0, 0, 0, 0, 0, 0, 0, 0, 0, 0, 0], "nextisrest": [false, false, false, false, false, false, false, false, false, false, false, false, false, false, false, false, false, false, false, null], "restduration_frac": [null, null, null, null, null, null, null, null, null, null, null, null, null, null, null, null, null, null, null, null], "duration": [0.5, 0.5, 0.5, 0.5, 1.0, 0.5, 0.5, 1.0, 1.0, 2.0, 1.0, 0.5, 0.5, 0.5, 0.5, 0.5, 0.5, 1.0, 1.0, 2.0], "duration_frac": ["1/2", "1/2", "1/2", "1/2", "1", "1/2", "1/2", "1", "1", "2", "1", "1/2", "1/2", "1/2", "1/2", "1/2", "1/2", "1", "1", "2"], "duration_fullname": ["Eighth", "Eighth", "Eighth", "Eighth", "Quarter", "Eighth", "Eighth", "Quarter", "Quarter", "Half", "Quarter", "Eighth", "Eighth", "Eighth", "Eighth", "Eighth", "Eighth", "Quarter", "Quarter", "Half"], "durationcontour": [null, "=", "=", "=", "+", "-", "=", "+", "=", "+", "-", "-", "=", "=", "=", "=", "=", "+", "=", "+"], "onsettick": [0, 1, 2, 3, 4, 6, 7, 8, 10, 12, 16, 18, 19, 20, 21, 22, 23, 24, 26, 28], "beatfraction": ["1/2", "1/2", "1/2", "1/2", "1", "1/2", "1/2", "1", "1", "2", "1", "1/2", "1/2", "1/2", "1/2", "1/2", "1/2", "1", "1", "2"], "phrasepos": [0.0, 0.08333333333333333, 0.16666666666666666, 0.25, 0.3333333333333333, 0.5, 0.5833333333333334, 0.6666666666666666, 0.8333333333333334, 1.0, 0.0, 0.16666666666666666, 0.25, 0.3333333333333333, 0.4166666666666667, 0.5, 0.5833333333333334, 0.6666666666666666, 0.8333333333333334, 1.0], "phrase_ix": [0, 0, 0, 0, 0, 0, 0, 0, 0, 0, 1, 1, 1, 1, 1, 1, 1, 1, 1, 1], "phrase_end": [false, false, false, false, false, false, false, false, false, true, false, false, false, false, false, false, false, false, false, true], "songpos": [0.0, 0.03571428571428571, 0.07142857142857142, 0.10714285714285714, 0.14285714285714285, 0.21428571428571427, 0.25, 0.2857142857142857, 0.35714285714285715, 0.42857142857142855, 0.5714285714285714, 0.6428571428571429, 0.6785714285714286, 0.7142857142857143, 0.75, 0.7857142857142857, 0.8214285714285714, 0.8571428571428571, 0.9285714285714286, 1.0], "beatinsong": ["0", "1/2", "1", "3/2", "2", "3", "7/2", "4", "5", "6", "8", "9", "19/2", "10", "21/2", "11", "23/2", "12", "13", "14"], "beatinphrase": ["0", "1/2", "1", "3/2", "2", "3", "7/2", "4", "5", "6", "0", "1", "3/2", "2", "5/2", "3", "7/2", "4", "5", "6"], "beatinphrase_end": ["-6", "-11/2", "-5", "-9/2", "-4", "-3", "-5/2", "-2", "-1", "0", "-6", "-5", "-9/2", "-4", "-7/2", "-3", "-5/2", "-2", "-1", "0"], "IOI_frac": ["1/2", "1/2", "1/2", "1/2", "1", "1/2", "1/2", "1", "1", "2", "1", "1/2", "1/2", "1/2", "1/2", "1/2", "1/2", "1", "1", null], "IOI": [0.5, 0.5, 0.5, 0.5, 1.0, 0.5, 0.5, 1.0, 1.0, 2.0, 1.0, 0.5, 0.5, 0.5, 0.5, 0.5, 0.5, 1.0, 1.0, null], "IOR_frac": [null, "1", "1", "1", "2", "1/2", "1", "2", "1", "2", "1/2", "1/2", "1", "1", "1", "1", "1", "2", "1", null], "IOR": [null, 1.0, 1.0, 1.0, 2.0, 0.5, 1.0, 2.0, 1.0, 2.0, 0.5, 0.5, 1.0, 1.0, 1.0, 1.0, 1.0, 2.0, 1.0, null], "imacontour": [null, "-", "+", "-", "+", "-", "-", "+", "-", "+", "-", "-", "-", "+", "-", "+", "-", "+", "-", "+"], "pitch": ["F4", "F4", "F4", "F4", "F4", "C4", "C4", "F4", "G4", "A4", "B-4", "B-4", "B-4", "A4", "A4", "A4", "A4", "G4", "G4", "F4"], "contour3": [null, "=", "=", "=", "=", "-", "=", "+", "+", "+", "+", "=", "=", "-", "=", "=", "=", "-", "=", "-"], "contour5": [null, "=", "=", "=", "=", "--", "=", "++", "+", "+", "+", "=", "=", "-", "=", "=", "=", "-", "=", "-"], "beatstrength": [1.0, 0.25, 0.5, 0.25, 1.0, 0.5, 0.25, 1.0, 0.5, 1.0, 1.0, 0.5, 0.25, 1.0, 0.25, 0.5, 0.25, 1.0, 0.5, 1.0], "beat_str": ["1", "1", "2", "2", "1", "2", "2", "1", "2", "1", "1", "2", "2", "1", "1", "2", "2", "1", "2", "1"], "beat_fraction_str": ["0", "1/2", "0", "1/2", "0", "0", "1/2", "0", "0", "0", "0", "0", "1/2", "0", "1/2", "0", "1/2", "0", "0", "0"], "beat": [1.0, 1.5, 2.0, 2.5, 1.0, 2.0, 2.5, 1.0, 2.0, 1.0, 1.0, 2.0, 2.5, 1.0, 1.5, 2.0, 2.5, 1.0, 2.0, 1.0], "timesignature": ["2/4", "2/4", "2/4", "2/4", "2/4", "2/4", "2/4", "2/4", "2/4", "2/4", "2/4", "2/4", "2/4", "2/4", "2/4", "2/4", "2/4", "2/4", "2/4", "2/4"], "gpr2a_Frankland": [null, null, null, null, null, null, null, null, null, null, null, null, null, null, null, null, null, null, null, null], "gpr2b_Frankland": [null, null, null, null, 0.5, null, null, null, null, 0.5, null, null, null, null, null, null, null, null, null, null], "gpr3a_Frankland": [null, null, null, null, 1.0, null, 0.8, null, null, null, null, null, 1.0, null, null, null, 1.0, null, null, null], "gpr3d_Frankland": [null, 0.0, null, null, null, null, 0.5, null, null, null, null, null, 0.0, 0.0, 0.0, null, 0.5, null, null, null], "gpr_Frankland_sum": [0, 0, 0, 0, 1.5, 0, 1.3, 0, 0, 0.5, 0, 0, 1.0, 0, 0, 0, 1.5, 0, 0, 0], "lbdm_spitch": [null, 0.0, 0.0, 0.0, 1.0, 0.0, 0.7333333333333333, 0.09333333333333332, 0.056, 0.07466666666666666, 0.0, 0.0, 0.09333333333333332, 0.0, 0.0, 0.0, 0.27999999999999997, 0.0, null, null], "lbdm_sioi": [null, 0.0, 0.0, 0.125, 0.5, 0.125, 0.125, 0.25, 0.25, 1.0, 0.5, 0.125, 0.0, 0.0, 0.0, 0.0, 0.125, 0.25, null, null], "lbdm_srest": [null, 0.0, 0.0, 0.0, 0.0, 0.0, 0.0, 0.0, 0.0, 0.0, 0.0, 0.0, 0.0, 0.0, 0.0, 0.0, 0.0, 0.0, null, null], "lbdm_rpitch": [null, 0.0, 0.0, 0.0, 0.7142857142857143, 0.7142857142857143, 0.7142857142857143, 0.3333333333333333, 0.0, 0.2, 0.3333333333333333, 0.0, 0.3333333333333333, 0.3333333333333333, 0.0, 0.0, 0.5, 0.5, 0.5, null], "lbdm_rioi": [null, 0.0, 0.0, 0.0, 0.3333333333333333, 0.3333333333333333, 0.0, 0.3333333333333333, 0.0, 0.3333333333333333, 0.3333333333333333, 0.3333333333333333, 0.0, 0.0, 0.0, 0.0, 0.0, 0.3333333333333333, 0.0, null], "lbdm_rrest": [null, 0.0, 0.0, 0.0, 0.0, 0.0, 0.0, 0.0, 0.0, 0.0, 0.0, 0.0, 0.0, 0.0, 0.0, 0.0, 0.0, 0.0, 0.0, null], "lbdm_boundarystrength": [null, 0.0, 0.0, 0.0625, 0.5, 0.0625, 0.24583333333333332, 0.14833333333333332, 0.139, 0.5186666666666666, 0.25, 0.0625, 0.02333333333333333, 0.0, 0.0, 0.0, 0.1325, 0.125, null, null]}, "ann_bgcorpus": false}
