{"id": "NLB148429_01", "tunefamily": "", "year": 1962, "tunefamily_full": "", "type": "vocal", "freemeter": false, "origin": "", "features": {"scaledegree": [5, 1, 2, 1, 7, 6, 5, 6, 7, 1, 1], "scaledegreespecifier": ["P", "P", "M", "P", "M", "M", "P", "M", "M", "P", "P"], "tonic": ["G", "G", "G", "G", "G", "G", "G", "G", "G", "G", "G"], "mode": ["major", "major", "major", "major", "major", "major", "major", "major", "major", "major", "major"], "metriccontour": [null, "-", "-", "+", "-", "+", "-", "+", "-", "+", "-"], "imaweight": [0.411765, 0.235294, 0.0784314, 0.411765, 0.803922, 1.0, 0.568627, 0.745098, 0.568627, 0.921569, 0.490196], "imaweight_spectral": [0.948276, 0.862069, 0.0689655, 0.948276, 0.706897, 0.948276, 0.5, 0.724138, 0.5, 0.87931, 1.0], "pitch40_hewlett": [129, 146, 152, 146, 141, 135, 129, 135, 141, 146, 146], "pitch40_sapp": [168, 185, 191, 185, 180, 174, 168, 174, 180, 185, 185], "octave": [4, 4, 4, 4, 4, 4, 4, 4, 4, 4, 4], "midipitch": [62, 67, 69, 67, 66, 64, 62, 64, 66, 67, 67], "diatonicpitch": [25, 28, 29, 28, 27, 26, 25, 26, 27, 28, 28], "diatonicinterval": [null, 3, 1, -1, -1, -1, -1, 1, 1, 1, 0], "chromaticinterval": [null, 5, 2, -2, -1, -2, -2, 2, 2, 1, 0], "pitchproximity": [null, null, 2, 2, 1, 2, 2, 2, 2, 1, 0], "pitchreversal": [null, null, 0, 1.5, 0, 0, 0, 1.5, 0, 0, 0], "nextisrest": [false, false, false, false, false, false, false, false, false, false, null], "restduration_frac": [null, null, null, null, null, null, null, null, null, null, null], "duration": [1.0, 0.75, 0.25, 1.5, 0.5, 0.5, 0.5, 0.5, 0.5, 1.0, 1.0], "duration_frac": ["1", "3/4", "1/4", "3/2", "1/2", "1/2", "1/2", "1/2", "1/2", "1", "1"], "duration_fullname": ["Quarter", "Dotted Eighth", "16th", "Dotted Quarter", "Eighth", "Eighth", "Eighth", "Eighth", "Eighth", "Quarter", "Quarter"], "durationcontour": [null, "-", "-", "+", "-", "=", "=", "=", "=", "+", "="], "onsettick": [0, 4, 7, 8, 14, 16, 18, 20, 22, 24, 28], "beatfraction": ["1", "3/4", "1/4", "3/2", "1/2", "1/2", "1/2", "1/2", "1/2", "1", "1"], "phrasepos": [0.0, 0.14285714285714285, 0.25, 0.2857142857142857, 0.5, 0.5714285714285714, 0.6428571428571429, 0.7142857142857143, 0.7857142857142857, 0.8571428571428571, 1.0], "phrase_ix": [0, 0, 0, 0, 0, 0, 0, 0, 0, 0, 0], "phrase_end": [false, false, false, false, false, false, false, false, false, false, true], "songpos": [0.0, 0.14285714285714285, 0.25, 0.2857142857142857, 0.5, 0.5714285714285714, 0.6428571428571429, 0.7142857142857143, 0.7857142857142857, 0.8571428571428571, 1.0], "beatinsong": ["0", "1", "7/4", "2", "7/2", "4", "9/2", "5", "11/2", "6", "7"], "beatinphrase": ["0", "1", "7/4", "2", "7/2", "4", "9/2", "5", "11/2", "6", "7"], "beatinphrase_end": ["-6", "-5", "-17/4", "-4", "-5/2", "-2", "-3/2", "-1", "-1/2", "0", "1"], "IOI_frac": ["1", "3/4", "1/4", "3/2", "1/2", "1/2", "1/2", "1/2", "1/2", "1", null], "IOI": [1.0, 0.75, 0.25, 1.5, 0.5, 0.5, 0.5, 0.5, 0.5, 1.0, null], "IOR_frac": [null, "3/4", "1/3", "6", "1/3", "1", "1", "1", "1", "2", null], "IOR": [null, 0.75, 0.3333333333333333, 6.0, 0.3333333333333333, 1.0, 1.0, 1.0, 1.0, 2.0, null], "imacontour": [null, "-", "-", "+", "+", "+", "-", "+", "-", "+", "-"], "pitch": ["D4", "G4", "A4", "G4", "F#4", "E4", "D4", "E4", "F#4", "G4", "G4"], "contour3": [null, "+", "+", "-", "-", "-", "-", "+", "+", "+", "="], "contour5": [null, "++", "+", "-", "-", "-", "-", "+", "+", "+", "="], "beatstrength": [1.0, 0.5, 0.125, 1.0, 0.25, 1.0, 0.25, 0.5, 0.25, 1.0, 0.5], "beat_str": ["1", "2", "2", "1", "2", "1", "1", "2", "2", "1", "2"], "beat_fraction_str": ["0", "0", "3/4", "0", "1/2", "0", "1/2", "0", "1/2", "0", "0"], "beat": [1.0, 2.0, 2.75, 1.0, 2.5, 1.0, 1.5, 2.0, 2.5, 1.0, 2.0], "timesignature": ["2/4", "2/4", "2/4", "2/4", "2/4", "2/4", "2/4", "2/4", "2/4", "2/4", "2/4"], "gpr2a_Frankland": [null, null, null, null, null, null, null, null, null, null, null], "gpr2b_Frankland": [null, null, null, 0.75, null, null, null, null, null, null, null], "gpr3a_Frankland": [null, null, null, null, null, null, null, null, null, null, null], "gpr3d_Frankland": [null, null, null, null, null, 0.0, 0.0, null, null, null, null], "gpr_Frankland_sum": [0, 0, 0, 0.75, 0, 0, 0, 0, 0, 0, 0], "lbdm_spitch": [null, 1.0, 0.6000000000000001, 0.6000000000000001, 0.6000000000000001, 0.0, 0.0, 0.6000000000000001, 0.8, null, null], "lbdm_sioi": [null, 0.2647058823529411, 0.16666666666666666, 1.0, 0.1372549019607843, 0.0, 0.0, 0.0, 0.09150326797385619, null, null], "lbdm_srest": [null, 0.0, 0.0, 0.0, 0.0, 0.0, 0.0, 0.0, 0.0, null, null], "lbdm_rpitch": [null, 0.3333333333333333, 0.0, 0.2, 0.2, 0.0, 0.0, 0.0, 0.2, 0.3333333333333333, null], "lbdm_rioi": [null, 0.14285714285714285, 0.5, 0.7142857142857143, 0.5, 0.0, 0.0, 0.0, 0.0, 0.3333333333333333, null], "lbdm_rrest": [null, 0.0, 0.0, 0.0, 0.0, 0.0, 0.0, 0.0, 0.0, 0.0, null], "lbdm_boundarystrength": [null, 0.38235294117647056, 0.23333333333333334, 0.65, 0.21862745098039216, 0.0, 0.0, 0.15000000000000002, 0.24575163398692812, null, null]}, "ann_bgcorpus": false}
