{"id": "NLB176055_02", "tunefamily": "", "year": 1815, "tunefamily_full": "", "type": "instrumental", "freemeter": false, "origin": "", "features": {"scaledegree": [3, 3, 3, 5, 5, 5, 1, 5, 5, 3, 1, 3, 4, 3, 2, 5, 1, 3, 1, 1, 5], "scaledegreespecifier": ["M", "M", "M", "P", "P", "P", "P", "P", "P", "M", "P", "M", "P", "M", "M", "P", "P", "M", "P", "P", "P"], "tonic": ["D", "D", "D", "D", "D", "D", "D", "D", "D", "D", "D", "D", "D", "D", "D", "D", "D", "D", "D", "D", "D"], "mode": ["major", "major", "major", "major", "major", "major", "major", "major", "major", "major", "major", "major", "major", "major", "major", "major", "major", "major", "major", "major", "major"], "metriccontour": [null, "-", "-", "+", "-", "-", "+", "-", "-", "+", "-", "+", "-", "-", "+", "-", "+", "-", "-", "+", "-"], "imaweight": [1.0, 1.0, 0.0886076, 1.0, 1.0, 0.0843882, 1.0, 1.0, 0.156118, 1.0, 1.0, 0.983122, 0.983122, 0.139241, 0.983122, 0.983122, 0.983122, 0.983122, 0.07173, 0.983122, 0.983122], "imaweight_spectral": [1.0, 0.984674, 0.157088, 1.0, 0.984674, 0.153257, 0.969349, 0.984674, 0.203065, 1.0, 0.984674, 0.984674, 0.984674, 0.218391, 0.969349, 1.0, 0.984674, 0.984674, 0.172414, 1.0, 0.984674], "pitch40_hewlett": [141, 141, 141, 152, 152, 152, 169, 152, 152, 141, 129, 181, 186, 181, 175, 152, 169, 181, 169, 169, 152], "pitch40_sapp": [180, 180, 180, 191, 191, 191, 208, 191, 191, 180, 168, 220, 225, 220, 214, 191, 208, 220, 208, 208, 191], "octave": [4, 4, 4, 4, 4, 4, 5, 4, 4, 4, 4, 5, 5, 5, 5, 4, 5, 5, 5, 5, 4], "midipitch": [66, 66, 66, 69, 69, 69, 74, 69, 69, 66, 62, 78, 79, 78, 76, 69, 74, 78, 74, 74, 69], "diatonicpitch": [30, 30, 30, 32, 32, 32, 35, 32, 32, 30, 28, 37, 38, 37, 36, 32, 35, 37, 35, 35, 32], "diatonicinterval": [null, 0, 0, 2, 0, 0, 3, -3, 0, -2, -2, 9, 1, -1, -1, -4, 3, 2, -2, 0, -3], "chromaticinterval": [null, 0, 0, 3, 0, 0, 5, -5, 0, -3, -4, 16, 1, -1, -2, -7, 5, 4, -4, 0, -5], "pitchproximity": [null, null, 0, 3, 0, 0, 5, 5, 0, 3, 4, null, 1, 1, 2, 7, 5, 4, 4, 0, 5], "pitchreversal": [null, null, 0, 0, 0, 0, 0, 1.5, 0, 0, 0, null, null, 1.5, 0, 0, 2.5, 0, 1.5, 0, 0], "nextisrest": [false, false, false, false, false, false, false, false, false, false, false, false, false, false, false, false, false, false, false, false, null], "restduration_frac": [null, null, null, null, null, null, null, null, null, null, null, null, null, null, null, null, null, null, null, null, null], "duration": [2.0, 1.0, 1.0, 2.0, 1.0, 1.0, 2.0, 1.0, 1.0, 2.0, 2.0, 2.0, 1.0, 1.0, 2.0, 2.0, 2.0, 1.0, 1.0, 2.0, 2.0], "duration_frac": ["2", "1", "1", "2", "1", "1", "2", "1", "1", "2", "2", "2", "1", "1", "2", "2", "2", "1", "1", "2", "2"], "duration_fullname": ["Half", "Quarter", "Quarter", "Half", "Quarter", "Quarter", "Half", "Quarter", "Quarter", "Half", "Half", "Half", "Quarter", "Quarter", "Half", "Half", "Half", "Quarter", "Quarter", "Half", "Half"], "durationcontour": [null, "-", "=", "+", "-", "=", "+", "-", "=", "+", "=", "=", "-", "=", "+", "=", "=", "-", "=", "+", "="], "onsettick": [0, 2, 3, 4, 6, 7, 8, 10, 11, 12, 14, 16, 18, 19, 20, 22, 24, 26, 27, 28, 30], "beatfraction": ["2", "1", "1", "2", "1", "1", "2", "1", "1", "2", "2", "2", "1", "1", "2", "2", "2", "1", "1", "2", "2"], "phrasepos": [0.0, 0.14285714285714285, 0.21428571428571427, 0.2857142857142857, 0.42857142857142855, 0.5, 0.5714285714285714, 0.7142857142857143, 0.7857142857142857, 0.8571428571428571, 1.0, 0.0, 0.14285714285714285, 0.21428571428571427, 0.2857142857142857, 0.42857142857142855, 0.5714285714285714, 0.7142857142857143, 0.7857142857142857, 0.8571428571428571, 1.0], "phrase_ix": [0, 0, 0, 0, 0, 0, 0, 0, 0, 0, 0, 1, 1, 1, 1, 1, 1, 1, 1, 1, 1], "phrase_end": [false, false, false, false, false, false, false, false, false, false, true, false, false, false, false, false, false, false, false, false, true], "songpos": [0.0, 0.06666666666666667, 0.1, 0.13333333333333333, 0.2, 0.23333333333333334, 0.26666666666666666, 0.3333333333333333, 0.36666666666666664, 0.4, 0.4666666666666667, 0.5333333333333333, 0.6, 0.6333333333333333, 0.6666666666666666, 0.7333333333333333, 0.8, 0.8666666666666667, 0.9, 0.9333333333333333, 1.0], "beatinsong": ["0", "2", "3", "4", "6", "7", "8", "10", "11", "12", "14", "16", "18", "19", "20", "22", "24", "26", "27", "28", "30"], "beatinphrase": ["0", "2", "3", "4", "6", "7", "8", "10", "11", "12", "14", "0", "2", "3", "4", "6", "8", "10", "11", "12", "14"], "beatinphrase_end": ["-12", "-10", "-9", "-8", "-6", "-5", "-4", "-2", "-1", "0", "2", "-12", "-10", "-9", "-8", "-6", "-4", "-2", "-1", "0", "2"], "IOI_frac": ["2", "1", "1", "2", "1", "1", "2", "1", "1", "2", "2", "2", "1", "1", "2", "2", "2", "1", "1", "2", null], "IOI": [2.0, 1.0, 1.0, 2.0, 1.0, 1.0, 2.0, 1.0, 1.0, 2.0, 2.0, 2.0, 1.0, 1.0, 2.0, 2.0, 2.0, 1.0, 1.0, 2.0, null], "IOR_frac": [null, "1/2", "1", "2", "1/2", "1", "2", "1/2", "1", "2", "1", "1", "1/2", "1", "2", "1", "1", "1/2", "1", "2", null], "IOR": [null, 0.5, 1.0, 2.0, 0.5, 1.0, 2.0, 0.5, 1.0, 2.0, 1.0, 1.0, 0.5, 1.0, 2.0, 1.0, 1.0, 0.5, 1.0, 2.0, null], "imacontour": [null, "=", "-", "+", "=", "-", "+", "=", "-", "+", "=", "-", "=", "-", "+", "=", "=", "=", "-", "+", "="], "pitch": ["F#4", "F#4", "F#4", "A4", "A4", "A4", "D5", "A4", "A4", "F#4", "D4", "F#5", "G5", "F#5", "E5", "A4", "D5", "F#5", "D5", "D5", "A4"], "contour3": [null, "=", "=", "+", "=", "=", "+", "-", "=", "-", "-", "+", "+", "-", "-", "-", "+", "+", "-", "=", "-"], "contour5": [null, "=", "=", "++", "=", "=", "++", "--", "=", "--", "--", "++", "+", "-", "-", "--", "++", "++", "--", "=", "--"], "beatstrength": [1.0, 0.5, 0.25, 1.0, 0.5, 0.25, 1.0, 0.5, 0.25, 1.0, 0.5, 1.0, 0.5, 0.25, 1.0, 0.5, 1.0, 0.5, 0.25, 1.0, 0.5], "beat_str": ["1", "3", "4", "1", "3", "4", "1", "3", "4", "1", "3", "1", "3", "4", "1", "3", "1", "3", "4", "1", "3"], "beat_fraction_str": ["0", "0", "0", "0", "0", "0", "0", "0", "0", "0", "0", "0", "0", "0", "0", "0", "0", "0", "0", "0", "0"], "beat": [1.0, 3.0, 4.0, 1.0, 3.0, 4.0, 1.0, 3.0, 4.0, 1.0, 3.0, 1.0, 3.0, 4.0, 1.0, 3.0, 1.0, 3.0, 4.0, 1.0, 3.0], "timesignature": ["4/4", "4/4", "4/4", "4/4", "4/4", "4/4", "4/4", "4/4", "4/4", "4/4", "4/4", "4/4", "4/4", "4/4", "4/4", "4/4", "4/4", "4/4", "4/4", "4/4", "4/4"], "gpr2a_Frankland": [null, null, null, null, null, null, null, null, null, null, null, null, null, null, null, null, null, null, null, null, null], "gpr2b_Frankland": [null, null, null, 0.5, null, null, 0.5, null, null, null, null, null, null, null, null, null, null, null, null, null, null], "gpr3a_Frankland": [null, null, 1.0, null, null, null, null, null, null, null, 0.84375, null, null, null, 0.5, null, null, null, null, null, null], "gpr3d_Frankland": [null, null, null, null, null, null, null, null, 0.5, null, null, 0.5, null, 0.5, null, null, 0.5, null, null, null, null], "gpr_Frankland_sum": [0, 0, 1.0, 0.5, 0, 0, 0.5, 0, 0.5, 0, 0.84375, 0.5, 0, 0.5, 0.5, 0, 0.5, 0, 0, 0, 0], "lbdm_spitch": [null, 0.0, 0.25471698113207547, 0.0, 0.0, 0.25269541778975746, 0.25269541778975746, 0.0, 0.1509433962264151, 0.15723270440251574, 1.0, 0.05188679245283019, 0.014150943396226419, 0.09262435677530019, 0.2958833619210978, 0.08270031854937517, 0.02572898799313894, 0.18867924528301888, 0.0, null, null], "lbdm_sioi": [null, 0.25, 0.25, 1.0, 0.25, 0.25, 1.0, 0.25, 0.25, 0.5, 0.0, 0.5, 0.25, 0.25, 0.5, 0.0, 0.5, 0.25, 0.25, null, null], "lbdm_srest": [null, 0.0, 0.0, 0.0, 0.0, 0.0, 0.0, 0.0, 0.0, 0.0, 0.0, 0.0, 0.0, 0.0, 0.0, 0.0, 0.0, 0.0, 0.0, null, null], "lbdm_rpitch": [null, 0.0, 0.6, 0.6, 0.0, 0.7142857142857143, 0.0, 0.7142857142857143, 0.6, 0.1111111111111111, 0.4444444444444444, 0.7333333333333333, 0.0, 0.2, 0.45454545454545453, 0.14285714285714285, 0.09090909090909091, 0.0, 0.6666666666666666, 0.7142857142857143, null],