{"id": "danmark7", "tunefamily": "", "year": -1, "tunefamily_full": "", "type": "vocal", "freemeter": false, "origin": "", "features": {"scaledegree": [3, 3, 3, 3, 7, 7, 2, 3, 4, 3, 5, 7, 7, 7, 5, 5, 3, 3, 3, 1], "scaledegreespecifier": ["m", "m", "m", "m", "m", "m", "M", "m", "P", "m", "P", "m", "m", "m", "P", "P", "m", "m", "m", "P"], "tonic": ["D", "D", "D", "D", "D", "D", "D", "D", "D", "D", "D", "D", "D", "D", "D", "D", "D", "D", "D", "D"], "mode": ["minor", "minor", "minor", "minor", "minor", "minor", "minor", "minor", "minor", "minor", "minor", "minor", "minor", "minor", "minor", "minor", "minor", "minor", "minor", "minor"], "metriccontour": [null, "+", "-", "+", "+", "-", "+", "+", "-", "+", "-", "+", "-", "+", "+", "-", "+", "+", "-", "+"], "imaweight": [1.0, 1.0, 0.0343348, 1.0, 1.0, 0.0686695, 1.0, 1.0, 1.0, 1.0, 1.0, 1.0, 0.103004, 1.0, 1.0, 0.0686695, 1.0, 1.0, 1.0, 1.0], "imaweight_spectral": [0.954023, 0.969349, 0.091954, 0.969349, 0.938697, 0.122605, 0.969349, 0.969349, 0.969349, 0.969349, 0.969349, 0.954023, 0.153257, 0.938697, 0.969349, 0.10728, 0.954023, 0.954023, 1.0, 0.969349], "pitch40_hewlett": [140, 140, 140, 140, 123, 123, 135, 140, 146, 140, 152, 163, 163, 163, 152, 152, 140, 140, 140, 129], "pitch40_sapp": [179, 179, 179, 179, 162, 162, 174, 179, 185, 179, 191, 202, 202, 202, 191, 191, 179, 179, 179, 168], "octave": [4, 4, 4, 4, 4, 4, 4, 4, 4, 4, 4, 5, 5, 5, 4, 4, 4, 4, 4, 4], "midipitch": [65, 65, 65, 65, 60, 60, 64, 65, 67, 65, 69, 72, 72, 72, 69, 69, 65, 65, 65, 62], "diatonicpitch": [30, 30, 30, 30, 27, 27, 29, 30, 31, 30, 32, 34, 34, 34, 32, 32, 30, 30, 30, 28], "diatonicinterval": [null, 0, 0, 0, -3, 0, 2, 1, 1, -1, 2, 2, 0, 0, -2, 0, -2, 0, 0, -2], "chromaticinterval": [null, 0, 0, 0, -5, 0, 4, 1, 2, -2, 4, 3, 0, 0, -3, 0, -4, 0, 0, -3], "pitchproximity": [null, null, 0, 0, 5, 0, 4, 1, 2, 2, 4, 3, 0, 0, 3, 0, 4, 0, 0, 3], "pitchreversal": [null, null, 0, 0, 0, 0, 0, 0, 0, 1.5, 1.5, 0, 0, 0, 0, 0, 0, 0, 0, 0], "nextisrest": [false, false, false, false, false, false, false, false, false, false, false, false, false, false, false, false, false, false, false, null], "restduration_frac": [null, null, null, null, null, null, null, null, null, null, null, null, null, null, null, null, null, null, null, null], "duration": [1.0, 0.5, 0.5, 1.0, 0.5, 0.5, 1.0, 1.0, 1.0, 1.0, 1.0, 0.5, 0.5, 1.0, 0.5, 0.5, 1.0, 1.0, 1.0, 1.0], "duration_frac": ["1", "1/2", "1/2", "1", "1/2", "1/2", "1", "1", "1", "1", "1", "1/2", "1/2", "1", "1/2", "1/2", "1", "1", "1", "1"], "duration_fullname": ["Quarter", "Eighth", "Eighth", "Quarter", "Eighth", "Eighth", "Quarter", "Quarter", "Quarter", "Quarter", "Quarter", "Eighth", "Eighth", "Quarter", "Eighth", "Eighth", "Quarter", "Quarter", "Quarter", "Quarter"], "durationcontour": [null, "-", "=", "+", "-", "=", "+", "=", "=", "=", "=", "-", "=", "+", "-", "=", "+", "=", "=", "="], "onsettick": [0, 2, 3, 4, 6, 7, 8, 10, 12, 14, 16, 18, 19, 20, 22, 23, 24, 26, 28, 30], "beatfraction": ["1", "1/2", "1/2", "1", "1/2", "1/2", "1", "1", "1", "1", "1", "1/2", "1/2", "1", "1/2", "1/2", "1", "1", "1", "1"], "phrasepos": [0.0, 0.14285714285714285, 0.21428571428571427, 0.2857142857142857, 0.42857142857142855, 0.5, 0.5714285714285714, 0.7142857142857143, 0.8571428571428571, 1.0, -0.0, 0.14285714285714285, 0.21428571428571427, 0.2857142857142857, 0.42857142857142855, 0.5, 0.5714285714285714, 0.7142857142857143, 0.8571428571428571, 1.0], "phrase_ix": [0, 0, 0, 0, 0, 0, 0, 0, 0, 0, 1, 2, 2, 2, 2, 2, 2, 2, 2, 2], "phrase_end": [false, false, false, false, false, false, false, false, false, true, false, false, false, false, false, false, false, false, false, true], "songpos": [0.0, 0.06666666666666667, 0.1, 0.13333333333333333, 0.2, 0.23333333333333334, 0.26666666666666666, 0.3333333333333333, 0.4, 0.4666666666666667, 0.5333333333333333, 0.6, 0.6333333333333333, 0.6666666666666666, 0.7333333333333333, 0.7666666666666667, 0.8, 0.8666666666666667, 0.9333333333333333, 1.0], "beatinsong": ["-1", "0", "1/2", "1", "2", "5/2", "3", "4", "5", "6", "7", "8", "17/2", "9", "10", "21/2", "11", "12", "13", "14"], "beatinphrase": ["-1", "0", "1/2", "1", "2", "5/2", "3", "4", "5", "6", "-1", "0", "1/2", "1", "2", "5/2", "3", "4", "5", "6"], "beatinphrase_end": ["-5", "-4", "-7/2", "-3", "-2", "-3/2", "-1", "0", "1", "2", "-1", "-4", "-7/2", "-3", "-2", "-3/2", "-1", "0", "1", "2"], "IOI_frac": ["1", "1/2", "1/2", "1", "1/2", "1/2", "1", "1", "1", "1", "1", "1/2", "1/2", "1", "1/2", "1/2", "1", "1", "1", null], "IOI": [1.0, 0.5, 0.5, 1.0, 0.5, 0.5, 1.0, 1.0, 1.0, 1.0, 1.0, 0.5, 0.5, 1.0, 0.5, 0.5, 1.0, 1.0, 1.0, null], "IOR_frac": [null, "1/2", "1", "2", "1/2", "1", "2", "1", "1", "1", "1", "1/2", "1", "2", "1/2", "1", "2", "1", "1", null], "IOR": [null, 0.5, 1.0, 2.0, 0.5, 1.0, 2.0, 1.0, 1.0, 1.0, 1.0, 0.5, 1.0, 2.0, 0.5, 1.0, 2.0, 1.0, 1.0, null], "imacontour": [null, "=", "-", "+", "=", "-", "+", "=", "=", "=", "=", "=", "-", "+", "=", "-", "+", "=", "=", "="], "pitch": ["F4", "F4", "F4", "F4", "C4", "C4", "E4", "F4", "G4", "F4", "A4", "C5", "C5", "C5", "A4", "A4", "F4", "F4", "F4", "D4"], "contour3": [null, "=", "=", "=", "-", "=", "+", "+", "+", "-", "+", "+", "=", "=", "-", "=", "-", "=", "=", "-"], "contour5": [null, "=", "=", "=", "--", "=", "++", "+", "+", "-", "++", "++", "=", "=", "--", "=", "--", "=", "=", "--"], "beatstrength": [0.25, 1.0, 0.125, 0.25, 0.5, 0.125, 0.25, 1.0, 0.25, 0.5, 0.25, 1.0, 0.125, 0.25, 0.5, 0.125, 0.25, 1.0, 0.25, 0.5], "beat_str": ["4", "1", "1", "2", "3", "3", "4", "1", "2", "3", "4", "1", "1", "2", "3", "3", "4", "1", "2", "3"], "beat_fraction_str": ["0", "0", "1/2", "0", "0", "1/2", "0", "0", "0", "0", "0", "0", "1/2", "0", "0", "1/2", "0", "0", "0", "0"], "beat": [4.0, 1.0, 1.5, 2.0, 3.0, 3.5, 4.0, 1.0, 2.0, 3.0, 4.0, 1.0, 1.5, 2.0, 3.0, 3.5, 4.0, 1.0, 2.0, 3.0], "timesignature": ["4/4", "4/4", "4/4", "4/4", "4/4", "4/4", "4/4", "4/4", "4/4", "4/4", "4/4", "4/4", "4/4", "4/4", "4/4", "4/4", "4/4", "4/4", "4/4", "4/4"], "gpr2a_Frankland": [null, null, null, null, null, null, null, null, null, null, null, null, null, null, null, null, null, null, null, null], "gpr2b_Frankland": [null, null, null, 0.5, null, null, null, null, null, null, null, null, null, 0.5, null, null, null, null, null, null], "gpr3a_Frankland": [null, null, null, 1.0, null, 0.875, null, null, null, 0.375, null, null, null, 1.0, null, 1.0, null, null, null, null], "gpr3d_Frankland": [null, null, null, null, null, 0.5, null, 0.0, 0.0, null, 0.5, null, null, null, null, 0.5, null, null, null, null], "gpr_Frankland_sum": [0, 0, 0, 1.5, 0, 1.375, 0, 0, 0, 0.375, 0.5, 0, 0, 1.5, 0, 1.5, 0, 0, 0, 0], "lbdm_spitch": [null, 0.0, 0.0, 1.0, 0.0, 0.6133333333333333, 0.088, 0.056, 0.06999999999999999, 0.20222222222222222, 0.2986666666666666, 0.0, 0.0, 0.5039999999999999, 0.0, 0.7466666666666666, 0.0, 0.0, null, null], "lbdm_sioi": [null, 0.25, 0.25, 1.0, 0.25, 0.25, 0.5, 0.0, 0.0, 0.0, 0.5, 0.25, 0.25, 1.0, 0.25, 0.25, 0.5, 0.0, null, null], "lbdm_srest": [null, 0.0, 0.0, 0.0, 0.0, 0.0, 0.0, 0.0, 0.0, 0.0, 0.0, 0.0, 0.0, 0.0, 0.0, 0.0, 0.0, 0.0, null, null], "lbdm_rpitch": [null, 0.0, 0.0, 0.7142857142857143, 0.7142857142857143, 0.6666666666666666, 0.42857142857142855, 0.2, 0.0, 0.25, 0.1111111111111111, 0.6, 0.0, 0.6, 0.6, 0.6666666666666666, 0.6666666666666666, 0.0, 0.6, null], "lbdm_rioi": [null, 0.3333333333333333, 0.0, 0.3333333333333333, 0.3333333333333333, 0.0, 0.3333333333333333, 0.0, 0.0, 0.0, 0.0, 0.3333333333333333, 0.0, 0.3333333333333333, 0.3333333333333333, 0.0, 0.3333333333333333, 0.0, 0.0, null], "lbdm_rrest": [null, 0.0, 0.0, 0.0, 0.0, 0.0, 0.0, 0.0, 0.0, 0.0, 0.0, 0.0, 0.0, 0.0, 0.0, 0.0, 0.0, 0.0, 0.0, null], "lbdm_boundarystrength": [null, 0.125, 0.125, 0.75, 0.125, 0.2783333333333333, 0.272, 0.014, 0.017499999999999998, 0.050555555555555555, 0.32466666666666666, 0.125, 0.125, 0.626, 0.125, 0.31166666666666665, 0.25, 0.0, null, null]}}
