song_id,pattern,frequency,salience
NLB146741_01,7_12,9,0.25121942658476576
NLB146741_01,7_12_4,5,0.15854570298623163
NLB146741_01,9_7,6,0.15802704493660702
NLB146741_01,12_4,5,0.14455857143755987
NLB146741_01,7_7,5,0.13534548341468364
NLB146741_01,9_9,5,0.13534548341468364
NLB146741_01,4_2,5,0.13168920411383916
NLB146741_01,2_12,5,0.13168920411383916
