song_id,pattern,frequency,salience
NLB074286_01,3_3_3,6,0.16491080552672224
NLB074286_01,3_3,9,0.14129320703416212
NLB074286_01,8_8,11,0.1312574209775816
NLB074286_01,3_7,2,0.1261774063017737
NLB074286_01,3_3_3_5_5_5,2,0.11792002109218812
NLB074286_01,5_5_5,5,0.11627051505344936
NLB074286_01,8_8_8,6,0.11434650975778517
NLB074286_01,5_5,7,0.11161234817867959
NLB074286_01,3_5,5,0.05999852499942499
