song_id,pattern,frequency,salience
NLB146731_01,4_2,6,0.2267237480118341
NLB146731_01,5_4,5,0.19418217488380163
NLB146731_01,4_7,4,0.16592026326484946
NLB146731_01,7_4,4,0.16592026326484946
NLB146731_01,7_5,4,0.16019032970388214
NLB146731_01,7_7,4,0.15534573990704129
NLB146731_01,2_4,4,0.15534573990704129
NLB146731_01,9_7,4,0.15114916534122272
