song_id,pattern,frequency,salience
NLB111478_01,7_7,6,0.2352787181131253
NLB111478_01,4_4,5,0.20941195894882633
NLB111478_01,5_4,5,0.19606559842760446
NLB111478_01,4_2,5,0.19076900063170962
NLB111478_01,7_5,4,0.161744057478506
NLB111478_01,7_5_4,4,0.161744057478506
NLB111478_01,2_4,4,0.15685247874208355
NLB111478_01,2_12,4,0.15261520050536773
